Starting KVS server on :8080
get/s 0.00
put/s 0.00
aborts/s 0.00
ops/s 0.00

get/s 0.00
put/s 0.00
aborts/s 0.00
ops/s 0.00

get/s 0.00
put/s 0.00
aborts/s 0.00
ops/s 0.00

get/s 37209.10
put/s 302.98
aborts/s 1834.91
ops/s 37512.09

get/s 87846.20
put/s 511.96
aborts/s 3988.69
ops/s 88358.16

get/s 88617.65
put/s 441.94
aborts/s 4504.37
ops/s 89059.59

get/s 96279.99
put/s 423.92
aborts/s 4619.14
ops/s 96703.91

get/s 91877.55
put/s 395.95
aborts/s 4630.42
ops/s 92273.50

get/s 97664.38
put/s 393.97
aborts/s 4688.68
ops/s 98058.35

get/s 89973.09
put/s 390.97
aborts/s 4503.70
ops/s 90364.06

get/s 92569.96
put/s 397.96
aborts/s 4905.52
ops/s 92967.92

get/s 100430.72
put/s 359.93
aborts/s 5145.06
ops/s 100790.66

get/s 88050.35
put/s 304.95
aborts/s 4141.36
ops/s 88355.30

get/s 48733.42
put/s 177.88
aborts/s 2471.35
ops/s 48911.30


Shutting down server...
key: 39194, value: 
key: 25755, value: 
key: 572022, value: 
key: 14864, value: 
key: 280446, value: 
key: 536240, value: 
key: 761006, value: 
key: 111997, value: 
key: 27873, value: 
key: 46694, value: 
key: 342431, value: 
key: 198738, value: 
key: 2262, value: 
key: 9707, value: 
key: 112646, value: 
key: 140112, value: 
key: 188353, value: 
key: 477403, value: 
key: 16519, value: 
key: 2540, value: 
key: 75237, value: 
key: 306313, value: 
key: 21036, value: 
key: 144, value: 
key: 4042, value: 
key: 354726, value: 
key: 124217, value: 
key: 439, value: 
key: 4036, value: 
key: 14552, value: 
key: 29270, value: 
key: 472126, value: 
key: 73, value: 
key: 449909, value: 
key: 16656, value: 
key: 389416, value: 
key: 128799, value: 
key: 277310, value: 
key: 110037, value: 
key: 89621, value: 
key: 27432, value: 
key: 226361, value: 
key: 3106, value: 
key: 143854, value: 
key: 490652, value: 
key: 3421, value: 
key: 40948, value: 
key: 907, value: 
key: 49253, value: 
key: 127092, value: 
key: 968124, value: 
key: 877, value: 
key: 49958, value: 
key: 36433, value: 
key: 171241, value: 
key: 259309, value: 
key: 257397, value: 
key: 20670, value: 
key: 794, value: 
key: 6124, value: 
key: 47016, value: 
key: 161382, value: 
key: 501950, value: 
key: 69057, value: 
key: 21351, value: 
key: 27635, value: 
key: 148779, value: 
key: 170573, value: 
key: 247521, value: 
key: 12566, value: 
key: 23906, value: 
key: 142659, value: 
key: 4689, value: 
key: 22245, value: 
key: 783175, value: 
key: 76080, value: 
key: 221612, value: 
key: 33797, value: 
key: 640030, value: 
key: 755249, value: 
key: 31466, value: 
key: 5707, value: 
key: 39517, value: 
key: 434125, value: 
key: 10857, value: 
key: 83465, value: 
key: 1620, value: 
key: 34278, value: 
key: 701015, value: 
key: 1069, value: 
key: 2636, value: 
key: 2195, value: 
key: 6089, value: 
key: 787759, value: 
key: 712821, value: 
key: 29319, value: 
key: 186007, value: 
key: 6340, value: 
key: 8682, value: 
key: 637772, value: 
key: 1122, value: 
key: 6379, value: 
key: 742581, value: 
key: 351657, value: 
key: 185753, value: 
key: 28134, value: 
key: 256, value: 
key: 1696, value: 
key: 831326, value: 
key: 4632, value: 
key: 149034, value: 
key: 348407, value: 
key: 69514, value: 
key: 101997, value: 
key: 1879, value: 
key: 738244, value: 
key: 118179, value: 
key: 209989, value: 
key: 847955, value: 
key: 348949, value: 
key: 631130, value: 
key: 1677, value: 
key: 8520, value: 
key: 7522, value: 
key: 911, value: 
key: 742388, value: 
key: 699410, value: 
key: 2258, value: 
key: 31983, value: 
key: 22833, value: 
key: 4221, value: 
key: 825728, value: 
key: 125756, value: 
key: 11332, value: 
key: 588442, value: 
key: 660533, value: 
key: 84037, value: 
key: 274704, value: 
key: 135944, value: 
key: 195780, value: 
key: 436775, value: 
key: 534674, value: 
key: 590343, value: 
key: 950075, value: 
key: 233202, value: 
key: 269792, value: 
key: 26001, value: 
key: 389748, value: 
key: 1319, value: 
key: 6007, value: 
key: 64204, value: 
key: 151940, value: 
key: 195776, value: 
key: 5158, value: 
key: 72045, value: 
key: 489518, value: 
key: 19439, value: 
key: 251131, value: 
key: 966584, value: 
key: 963, value: 
key: 12045, value: 
key: 4350, value: 
key: 3767, value: 
key: 632762, value: 
key: 10189, value: 
key: 389754, value: 
key: 21634, value: 
key: 35498, value: 
key: 532003, value: 
key: 628329, value: 
key: 38738, value: 
key: 97894, value: 
key: 489597, value: 
key: 762909, value: 
key: 123120, value: 
key: 47380, value: 
key: 49700, value: 
key: 5076, value: 
key: 34, value: 
key: 200462, value: 
key: 79262, value: 
key: 607127, value: 
key: 116329, value: 
key: 161621, value: 
key: 8308, value: 
key: 208174, value: 
key: 2616, value: 
key: 655, value: 
key: 41281, value: 
key: 128432, value: 
key: 502614, value: 
key: 3319, value: 
key: 26668, value: 
key: 270455, value: 
key: 348769, value: 
key: 578933, value: 
key: 31799, value: 
key: 4924, value: 
key: 15838, value: 
key: 533969, value: 
key: 44732, value: 
key: 16194, value: 
key: 44268, value: 
key: 21105, value: 
key: 139618, value: 
key: 57153, value: 
key: 109316, value: 
key: 25531, value: 
key: 4083, value: 
key: 838, value: 
key: 614543, value: 
key: 920458, value: 
key: 25452, value: 
key: 36447, value: 
key: 12441, value: 
key: 5177, value: 
key: 19396, value: 
key: 300684, value: 
key: 24387, value: 
key: 10473, value: 
key: 5275, value: 
key: 32540, value: 
key: 13936, value: 
key: 688, value: 
key: 6739, value: 
key: 9804, value: 
key: 151310, value: 
key: 308, value: 
key: 931445, value: 
key: 24874, value: 
key: 46423, value: 
key: 6603, value: 
key: 33976, value: 
key: 372, value: 
key: 20589, value: 
key: 184641, value: 
key: 368143, value: 
key: 48897, value: 
key: 4241, value: 
key: 234395, value: 
key: 223139, value: 
key: 354215, value: 
key: 540282, value: 
key: 9890, value: 
key: 356103, value: 
key: 41293, value: 
key: 938936, value: 
key: 80600, value: 
key: 15421, value: 
key: 15385, value: 
key: 2081, value: 
key: 295839, value: 
key: 531639, value: 
key: 16800, value: 
key: 5116, value: 
key: 2750, value: 
key: 3365, value: 
key: 576766, value: 
key: 70102, value: 
key: 691924, value: 
key: 3526, value: 
key: 8757, value: 
key: 2822, value: 
key: 2397, value: 
key: 162921, value: 
key: 229511, value: 
key: 48653, value: 
key: 296582, value: 
key: 19492, value: 
key: 285885, value: 
key: 843609, value: 
key: 520105, value: 
key: 82748, value: 
key: 61153, value: 
key: 4717, value: 
key: 2780, value: 
key: 5625, value: 
key: 708435, value: 
key: 4347, value: 
key: 439635, value: 
key: 10142, value: 
key: 5095, value: 
key: 531359, value: 
key: 6128, value: 
key: 478, value: 
key: 3388, value: 
key: 1519, value: 
key: 18577, value: 
key: 146864, value: 
key: 6696, value: 
key: 930406, value: 
key: 340462, value: 
key: 85788, value: 
key: 20457, value: 
key: 156828, value: 
key: 500486, value: 
key: 48280, value: 
key: 190372, value: 
key: 7528, value: 
key: 334, value: 
key: 14098, value: 
key: 37309, value: 
key: 3009, value: 
key: 91115, value: 
key: 27191, value: 
key: 665374, value: 
key: 876264, value: 
key: 47720, value: 
key: 337, value: 
key: 125460, value: 
key: 24860, value: 
key: 198391, value: 
key: 366379, value: 
key: 3531, value: 
key: 254811, value: 
key: 387738, value: 
key: 108803, value: 
key: 20553, value: 
key: 44590, value: 
key: 110412, value: 
key: 13449, value: 
key: 2141, value: 
key: 48518, value: 
key: 171671, value: 
key: 12310, value: 
key: 168479, value: 
key: 17842, value: 
key: 396331, value: 
key: 991936, value: 
key: 118823, value: 
key: 368053, value: 
key: 104164, value: 
key: 219134, value: 
key: 483478, value: 
key: 33705, value: 
key: 694, value: 
key: 230769, value: 
key: 15657, value: 
key: 201129, value: 
key: 791686, value: 
key: 74050, value: 
key: 23864, value: 
key: 3653, value: 
key: 355661, value: 
key: 21087, value: 
key: 99353, value: 
key: 376580, value: 
key: 8123, value: 
key: 726877, value: 
key: 24002, value: 
key: 76496, value: 
key: 1022, value: 
key: 145466, value: 
key: 16188, value: 
key: 575262, value: 
key: 2955, value: 
key: 17773, value: 
key: 706, value: 
key: 221497, value: 
key: 299462, value: 
key: 17833, value: 
key: 13516, value: 
key: 589, value: 
key: 11425, value: 
key: 404, value: 
key: 227253, value: 
key: 2702, value: 
key: 575744, value: 
key: 27870, value: 
key: 164904, value: 
key: 599369, value: 
key: 83828, value: 
key: 252603, value: 
key: 22523, value: 
key: 431639, value: 
key: 7520, value: 
key: 17194, value: 
key: 131427, value: 
key: 32548, value: 
key: 3602, value: 
key: 49594, value: 
key: 30642, value: 
key: 73309, value: 
key: 393132, value: 
key: 43256, value: 
key: 5772, value: 
key: 38975, value: 
key: 796807, value: 
key: 82641, value: 
key: 6701, value: 
key: 49467, value: 
key: 28452, value: 
key: 65727, value: 
key: 23200, value: 
key: 959487, value: 
key: 5167, value: 
key: 493753, value: 
key: 42137, value: 
key: 38294, value: 
key: 7204, value: 
key: 94999, value: 
key: 3072, value: 
key: 197993, value: 
key: 608376, value: 
key: 317, value: 
key: 2349, value: 
key: 3861, value: 
key: 38279, value: 
key: 11520, value: 
key: 6017, value: 
key: 12063, value: 
key: 150632, value: 
key: 81067, value: 
key: 9426, value: 
key: 185, value: 
key: 6916, value: 
key: 4281, value: 
key: 15101, value: 
key: 5667, value: 
key: 997597, value: 
key: 122164, value: 
key: 41364, value: 
key: 40326, value: 
key: 987, value: 
key: 52751, value: 
key: 172519, value: 
key: 179331, value: 
key: 79695, value: 
key: 1026, value: 
key: 712681, value: 
key: 830, value: 
key: 129811, value: 
key: 531858, value: 
key: 601257, value: 
key: 931129, value: 
key: 281058, value: 
key: 249192, value: 
key: 168905, value: 
key: 205786, value: 
key: 506888, value: 
key: 26976, value: 
key: 124095, value: 
key: 4746, value: 
key: 112420, value: 
key: 588223, value: 
key: 37569, value: 
key: 9359, value: 
key: 11949, value: 
key: 2323, value: 
key: 21561, value: 
key: 17328, value: 
key: 932, value: 
key: 18421, value: 
key: 41974, value: 
key: 80498, value: 
key: 204418, value: 
key: 8765, value: 
key: 5804, value: 
key: 20077, value: 
key: 976116, value: 
key: 35816, value: 
key: 51671, value: 
key: 171634, value: 
key: 663541, value: 
key: 43252, value: 
key: 1548, value: 
key: 1714, value: 
key: 9258, value: 
key: 886280, value: 
key: 968, value: 
key: 45244, value: 
key: 230343, value: 
key: 333443, value: 
key: 4086, value: 
key: 3864, value: 
key: 14482, value: 
key: 9823, value: 
key: 2516, value: 
key: 28408, value: 
key: 692, value: 
key: 40157, value: 
key: 4960, value: 
key: 714136, value: 
key: 560090, value: 
key: 4970, value: 
key: 10967, value: 
key: 218959, value: 
key: 248802, value: 
key: 72360, value: 
key: 398292, value: 
key: 10180, value: 
key: 48400, value: 
key: 28843, value: 
key: 83742, value: 
key: 8681, value: 
key: 1179, value: 
key: 12034, value: 
key: 17134, value: 
key: 4462, value: 
key: 173527, value: 
key: 1103, value: 
key: 216578, value: 
key: 508759, value: 
key: 17741, value: 
key: 202368, value: 
key: 46007, value: 
key: 727503, value: 
key: 546876, value: 
key: 131785, value: 
key: 187822, value: 
key: 10594, value: 
key: 3348, value: 
key: 32483, value: 
key: 4892, value: 
key: 103141, value: 
key: 5140, value: 
key: 700135, value: 
key: 161938, value: 
key: 26225, value: 
key: 25401, value: 
key: 121587, value: 
key: 7812, value: 
key: 9449, value: 
key: 4170, value: 
key: 1843, value: 
key: 10934, value: 
key: 883490, value: 
key: 504860, value: 
key: 52991, value: 
key: 243686, value: 
key: 143217, value: 
key: 13490, value: 
key: 3311, value: 
key: 40373, value: 
key: 14871, value: 
key: 14999, value: 
key: 30396, value: 
key: 8591, value: 
key: 201094, value: 
key: 119107, value: 
key: 27661, value: 
key: 214533, value: 
key: 17751, value: 
key: 35860, value: 
key: 617014, value: 
key: 21155, value: 
key: 998, value: 
key: 1096, value: 
key: 26618, value: 
key: 399086, value: 
key: 224953, value: 
key: 2491, value: 
key: 50052, value: 
key: 90154, value: 
key: 4306, value: 
key: 230, value: 
key: 68218, value: 
key: 68759, value: 
key: 9198, value: 
key: 238113, value: 
key: 395119, value: 
key: 497714, value: 
key: 9323, value: 
key: 138343, value: 
key: 57135, value: 
key: 32555, value: 
key: 2819, value: 
key: 2915, value: 
key: 160424, value: 
key: 3205, value: 
key: 2255, value: 
key: 421, value: 
key: 175207, value: 
key: 64147, value: 
key: 114989, value: 
key: 7348, value: 
key: 2514, value: 
key: 938, value: 
key: 20998, value: 
key: 274736, value: 
key: 54372, value: 
key: 1422, value: 
key: 3422, value: 
key: 35718, value: 
key: 3885, value: 
key: 3493, value: 
key: 114370, value: 
key: 7150, value: 
key: 36917, value: 
key: 312602, value: 
key: 68945, value: 
key: 6073, value: 
key: 3145, value: 
key: 83821, value: 
key: 76958, value: 
key: 3067, value: 
key: 155008, value: 
key: 11956, value: 
key: 1273, value: 
key: 485, value: 
key: 16859, value: 
key: 528, value: 
key: 276764, value: 
key: 22728, value: 
key: 1931, value: 
key: 191860, value: 
key: 8741, value: 
key: 981, value: 
key: 118292, value: 
key: 77110, value: 
key: 5594, value: 
key: 14334, value: 
key: 394752, value: 
key: 121, value: 
key: 56181, value: 
key: 446, value: 
key: 328860, value: 
key: 28687, value: 
key: 12372, value: 
key: 307245, value: 
key: 202274, value: 
key: 477074, value: 
key: 18479, value: 
key: 121104, value: 
key: 7503, value: 
key: 1338, value: 
key: 332130, value: 
key: 6339, value: 
key: 29892, value: 
key: 6746, value: 
key: 139503, value: 
key: 466, value: 
key: 48702, value: 
key: 189082, value: 
key: 7756, value: 
key: 61694, value: 
key: 504, value: 
key: 1834, value: 
key: 435779, value: 
key: 35927, value: 
key: 185491, value: 
key: 187697, value: 
key: 124274, value: 
key: 187381, value: 
key: 322356, value: 
key: 590706, value: 
key: 17601, value: 
key: 174031, value: 
key: 264441, value: 
key: 2497, value: 
key: 16189, value: 
key: 19692, value: 
key: 321591, value: 
key: 11003, value: 
key: 12878, value: 
key: 695381, value: 
key: 24501, value: 
key: 1031, value: 
key: 150, value: 
key: 912739, value: 
key: 8810, value: 
key: 150522, value: 
key: 60872, value: 
key: 23021, value: 
key: 360388, value: 
key: 766973, value: 
key: 90274, value: 
key: 136525, value: 
key: 98099, value: 
key: 841879, value: 
key: 8969, value: 
key: 2044, value: 
key: 330958, value: 
key: 4062, value: 
key: 631, value: 
key: 715692, value: 
key: 727312, value: 
key: 59148, value: 
key: 3222, value: 
key: 77403, value: 
key: 495431, value: 
key: 993114, value: 
key: 9051, value: 
key: 100850, value: 
key: 25066, value: 
key: 45267, value: 
key: 849012, value: 
key: 55123, value: 
key: 5570, value: 
key: 346121, value: 
key: 571213, value: 
key: 89954, value: 
key: 1295, value: 
key: 13318, value: 
key: 223955, value: 
key: 18216, value: 
key: 143389, value: 
key: 13747, value: 
key: 4244, value: 
key: 581, value: 
key: 62641, value: 
key: 83796, value: 
key: 932814, value: 
key: 140445, value: 
key: 148938, value: 
key: 36306, value: 
key: 183298, value: 
key: 972786, value: 
key: 643658, value: 
key: 9114, value: 
key: 19632, value: 
key: 396469, value: 
key: 464663, value: 
key: 3616, value: 
key: 374573, value: 
key: 2909, value: 
key: 161084, value: 
key: 2657, value: 
key: 8254, value: 
key: 3116, value: 
key: 7597, value: 
key: 104277, value: 
key: 375695, value: 
key: 271252, value: 
key: 167533, value: 
key: 12751, value: 
key: 19868, value: 
key: 765723, value: 
key: 49605, value: 
key: 539, value: 
key: 347815, value: 
key: 32932, value: 
key: 20895, value: 
key: 2032, value: 
key: 859445, value: 
key: 2731, value: 
key: 41049, value: 
key: 446446, value: 
key: 2352, value: 
key: 89526, value: 
key: 272453, value: 
key: 21300, value: 
key: 632070, value: 
key: 40585, value: 
key: 5993, value: 
key: 453901, value: 
key: 10960, value: 
key: 14929, value: 
key: 597717, value: 
key: 401401, value: 
key: 9562, value: 
key: 72754, value: 
key: 467601, value: 
key: 825442, value: 
key: 8724, value: 
key: 7179, value: 
key: 413395, value: 
key: 169718, value: 
key: 25236, value: 
key: 779889, value: 
key: 58208, value: 
key: 18055, value: 
key: 24156, value: 
key: 36021, value: 
key: 474764, value: 
key: 89190, value: 
key: 17831, value: 
key: 41092, value: 
key: 3410, value: 
key: 8260, value: 
key: 1533, value: 
key: 770, value: 
key: 5163, value: 
key: 246703, value: 
key: 622760, value: 
key: 42795, value: 
key: 3985, value: 
key: 225043, value: 
key: 574588, value: 
key: 43807, value: 
key: 6167, value: 
key: 11984, value: 
key: 7197, value: 
key: 106088, value: 
key: 328351, value: 
key: 21969, value: 
key: 6134, value: 
key: 13775, value: 
key: 5791, value: 
key: 607940, value: 
key: 601739, value: 
key: 727924, value: 
key: 13311, value: 
key: 996295, value: 
key: 800360, value: 
key: 36253, value: 
key: 265012, value: 
key: 2484, value: 
key: 110361, value: 
key: 1058, value: 
key: 319303, value: 
key: 60828, value: 
key: 853, value: 
key: 2340, value: 
key: 198663, value: 
key: 22919, value: 
key: 315836, value: 
key: 116435, value: 
key: 2354, value: 
key: 2027, value: 
key: 236854, value: 
key: 374939, value: 
key: 44917, value: 
key: 907270, value: 
key: 32559, value: 
key: 1652, value: 
key: 38901, value: 
key: 76621, value: 
key: 10091, value: 
key: 27005, value: 
key: 4032, value: 
key: 178, value: 
key: 350359, value: 
key: 3851, value: 
key: 225361, value: 
key: 4385, value: 
key: 124172, value: 
key: 157176, value: 
key: 14856, value: 
key: 22034, value: 
key: 235828, value: 
key: 6644, value: 
key: 1710, value: 
key: 1216, value: 
key: 2307, value: 
key: 266, value: 
key: 6552, value: 
key: 504306, value: 
key: 63876, value: 
key: 1552, value: 
key: 12616, value: 
key: 378689, value: 
key: 7388, value: 
key: 7850, value: 
key: 57532, value: 
key: 328907, value: 
key: 523220, value: 
key: 46733, value: 
key: 14633, value: 
key: 525939, value: 
key: 442373, value: 
key: 5654, value: 
key: 501783, value: 
key: 381, value: 
key: 80506, value: 
key: 15012, value: 
key: 10529, value: 
key: 969645, value: 
key: 42295, value: 
key: 333351, value: 
key: 557378, value: 
key: 134486, value: 
key: 997, value: 
key: 10770, value: 
key: 75496, value: 
key: 1507, value: 
key: 84254, value: 
key: 37903, value: 
key: 150311, value: 
key: 53759, value: 
key: 154524, value: 
key: 502021, value: 
key: 85253, value: 
key: 4257, value: 
key: 914, value: 
key: 19627, value: 
key: 17065, value: 
key: 540467, value: 
key: 838303, value: 
key: 3236, value: 
key: 146999, value: 
key: 6598, value: 
key: 2107, value: 
key: 22900, value: 
key: 310131, value: 
key: 39028, value: 
key: 72863, value: 
key: 68292, value: 
key: 148957, value: 
key: 33, value: 
key: 2495, value: 
key: 64856, value: 
key: 160642, value: 
key: 31024, value: 
key: 185447, value: 
key: 732847, value: 
key: 8055, value: 
key: 667780, value: 
key: 37011, value: 
key: 6920, value: 
key: 29313, value: 
key: 725319, value: 
key: 699003, value: 
key: 350941, value: 
key: 344855, value: 
key: 5771, value: 
key: 91258, value: 
key: 14339, value: 
key: 16521, value: 
key: 305195, value: 
key: 8251, value: 
key: 3794, value: 
key: 574312, value: 
key: 13721, value: 
key: 6413, value: 
key: 2096, value: 
key: 139170, value: 
key: 47346, value: 
key: 4836, value: 
key: 4343, value: 
key: 13412, value: 
key: 96957, value: 
key: 27332, value: 
key: 3290, value: 
key: 916043, value: 
key: 4373, value: 
key: 5689, value: 
key: 47735, value: 
key: 9029, value: 
key: 549692, value: 
key: 401475, value: 
key: 23877, value: 
key: 2886, value: 
key: 74399, value: 
key: 605950, value: 
key: 16024, value: 
key: 44884, value: 
key: 3023, value: 
key: 15111, value: 
key: 15, value: 
key: 48193, value: 
key: 18849, value: 
key: 127, value: 
key: 22223, value: 
key: 2373, value: 
key: 3213, value: 
key: 93648, value: 
key: 48725, value: 
key: 12289, value: 
key: 2048, value: 
key: 1278, value: 
key: 198, value: 
key: 440676, value: 
key: 5070, value: 
key: 244, value: 
key: 5038, value: 
key: 61313, value: 
key: 342309, value: 
key: 23125, value: 
key: 30617, value: 
key: 57139, value: 
key: 4580, value: 
key: 6855, value: 
key: 61814, value: 
key: 31239, value: 
key: 403066, value: 
key: 5533, value: 
key: 593589, value: 
key: 9513, value: 
key: 12942, value: 
key: 17518, value: 
key: 105860, value: 
key: 60675, value: 
key: 644355, value: 
key: 38589, value: 
key: 495840, value: 
key: 77974, value: 
key: 23275, value: 
key: 179265, value: 
key: 52847, value: 
key: 22414, value: 
key: 9897, value: 
key: 230878, value: 
key: 53596, value: 
key: 755921, value: 
key: 1360, value: 
key: 2472, value: 
key: 335726, value: 
key: 8709, value: 
key: 261335, value: 
key: 65627, value: 
key: 2529, value: 
key: 4401, value: 
key: 1029, value: 
key: 117273, value: 
key: 185649, value: 
key: 436110, value: 
key: 192622, value: 
key: 19030, value: 
key: 8405, value: 
key: 10835, value: 
key: 60070, value: 
key: 7618, value: 
key: 936777, value: 
key: 154910, value: 
key: 323, value: 
key: 61602, value: 
key: 192390, value: 
key: 3246, value: 
key: 13041, value: 
key: 11444, value: 
key: 57935, value: 
key: 1441, value: 
key: 136642, value: 
key: 103936, value: 
key: 208674, value: 
key: 228427, value: 
key: 947983, value: 
key: 448463, value: 
key: 1181, value: 
key: 12422, value: 
key: 3380, value: 
key: 845636, value: 
key: 6478, value: 
key: 82432, value: 
key: 90596, value: 
key: 36074, value: 
key: 35389, value: 
key: 9083, value: 
key: 401, value: 
key: 137446, value: 
key: 8930, value: 
key: 832, value: 
key: 974880, value: 
key: 126536, value: 
key: 152914, value: 
key: 8441, value: 
key: 807850, value: 
key: 63191, value: 
key: 650402, value: 
key: 1242, value: 
key: 579, value: 
key: 22076, value: 
key: 31027, value: 
key: 10228, value: 
key: 227301, value: 
key: 48727, value: 
key: 653816, value: 
key: 1755, value: 
key: 142314, value: 
key: 124143, value: 
key: 495113, value: 
key: 7516, value: 
key: 99673, value: 
key: 7375, value: 
key: 681221, value: 
key: 33408, value: 
key: 689801, value: 
key: 728152, value: 
key: 485073, value: 
key: 1735, value: 
key: 1044, value: 
key: 7084, value: 
key: 130737, value: 
key: 6561, value: 
key: 715, value: 
key: 193579, value: 
key: 359923, value: 
key: 81909, value: 
key: 7061, value: 
key: 56551, value: 
key: 53, value: 
key: 7950, value: 
key: 105940, value: 
key: 582, value: 
key: 246746, value: 
key: 96541, value: 
key: 80382, value: 
key: 59735, value: 
key: 26672, value: 
key: 56480, value: 
key: 4786, value: 
key: 39621, value: 
key: 7780, value: 
key: 2711, value: 
key: 191071, value: 
key: 3564, value: 
key: 454116, value: 
key: 95692, value: 
key: 29923, value: 
key: 962616, value: 
key: 13076, value: 
key: 213368, value: 
key: 373389, value: 
key: 352824, value: 
key: 839971, value: 
key: 288424, value: 
key: 934642, value: 
key: 140983, value: 
key: 9945, value: 
key: 3755, value: 
key: 5573, value: 
key: 4752, value: 
key: 503171, value: 
key: 726653, value: 
key: 85469, value: 
key: 14076, value: 
key: 30156, value: 
key: 24216, value: 
key: 102579, value: 
key: 398887, value: 
key: 89286, value: 
key: 1339, value: 
key: 198964, value: 
key: 168087, value: 
key: 4848, value: 
key: 50659, value: 
key: 38695, value: 
key: 19786, value: 
key: 51197, value: 
key: 148017, value: 
key: 219339, value: 
key: 446077, value: 
key: 85323, value: 
key: 714741, value: 
key: 5812, value: 
key: 399590, value: 
key: 32886, value: 
key: 638412, value: 
key: 56465, value: 
key: 888864, value: 
key: 206473, value: 
key: 122844, value: 
key: 364104, value: 
key: 1453, value: 
key: 148051, value: 
key: 2897, value: 
key: 621, value: 
key: 147989, value: 
key: 690315, value: 
key: 162975, value: 
key: 3996, value: 
key: 42082, value: 
key: 6683, value: 
key: 503, value: 
key: 215820, value: 
key: 15092, value: 
key: 806170, value: 
key: 102177, value: 
key: 113503, value: 
key: 679722, value: 
key: 395895, value: 
key: 174871, value: 
key: 129484, value: 
key: 149927, value: 
key: 34421, value: 
key: 7936, value: 
key: 518504, value: 
key: 7054, value: 
key: 12418, value: 
key: 575968, value: 
key: 1566, value: 
key: 252020, value: 
key: 99729, value: 
key: 1990, value: 
key: 329831, value: 
key: 108649, value: 
key: 3768, value: 
key: 28946, value: 
key: 293, value: 
key: 150164, value: 
key: 72252, value: 
key: 8235, value: 
key: 647993, value: 
key: 34854, value: 
key: 13219, value: 
key: 599429, value: 
key: 6295, value: 
key: 443143, value: 
key: 5849, value: 
key: 196106, value: 
key: 232, value: 
key: 2015, value: 
key: 456786, value: 
key: 1125, value: 
key: 441076, value: 
key: 3093, value: 
key: 53526, value: 
key: 32277, value: 
key: 859337, value: 
key: 48332, value: 
key: 399, value: 
key: 928502, value: 
key: 174427, value: 
key: 455929, value: 
key: 143503, value: 
key: 177257, value: 
key: 60420, value: 
key: 792231, value: 
key: 8428, value: 
key: 234006, value: 
key: 6846, value: 
key: 366294, value: 
key: 271720, value: 
key: 6740, value: 
key: 41847, value: 
key: 2580, value: 
key: 64816, value: 
key: 8516, value: 
key: 76150, value: 
key: 450137, value: 
key: 1290, value: 
key: 12207, value: 
key: 1739, value: 
key: 9282, value: 
key: 2415, value: 
key: 13162, value: 
key: 121179, value: 
key: 597595, value: 
key: 36575, value: 
key: 201756, value: 
key: 50038, value: 
key: 28156, value: 
key: 69147, value: 
key: 30198, value: 
key: 68156, value: 
key: 1870, value: 
key: 204745, value: 
key: 19251, value: 
key: 19399, value: 
key: 338387, value: 
key: 142063, value: 
key: 73670, value: 
key: 36483, value: 
key: 381235, value: 
key: 537576, value: 
key: 281812, value: 
key: 5160, value: 
key: 50995, value: 
key: 80829, value: 
key: 14948, value: 
key: 511193, value: 
key: 122819, value: 
key: 697852, value: 
key: 377117, value: 
key: 27428, value: 
key: 327346, value: 
key: 6050, value: 
key: 2098, value: 
key: 43116, value: 
key: 152924, value: 
key: 295471, value: 
key: 796059, value: 
key: 78143, value: 
key: 120304, value: 
key: 217361, value: 
key: 1011, value: 
key: 4017, value: 
key: 26358, value: 
key: 112384, value: 
key: 140, value: 
key: 22100, value: 
key: 1509, value: 
key: 7237, value: 
key: 11385, value: 
key: 3200, value: 
key: 225565, value: 
key: 138147, value: 
key: 4947, value: 
key: 29690, value: 
key: 177910, value: 
key: 102187, value: 
key: 348929, value: 
key: 5083, value: 
key: 282414, value: 
key: 314780, value: 
key: 36415, value: 
key: 239053, value: 
key: 27313, value: 
key: 10915, value: 
key: 357165, value: 
key: 50639, value: 
key: 241026, value: 
key: 102156, value: 
key: 2843, value: 
key: 58554, value: 
key: 2610, value: 
key: 420023, value: 
key: 18468, value: 
key: 166230, value: 
key: 135910, value: 
key: 277421, value: 
key: 69186, value: 
key: 275682, value: 
key: 35276, value: 
key: 370481, value: 
key: 3604, value: 
key: 37710, value: 
key: 631661, value: 
key: 98406, value: 
key: 1247, value: 
key: 9546, value: 
key: 967, value: 
key: 26142, value: 
key: 59283, value: 
key: 159296, value: 
key: 55805, value: 
key: 596693, value: 
key: 338746, value: 
key: 110651, value: 
key: 15431, value: 
key: 44444, value: 
key: 125661, value: 
key: 7107, value: 
key: 313769, value: 
key: 365938, value: 
key: 5729, value: 
key: 17971, value: 
key: 135, value: 
key: 2532, value: 
key: 7661, value: 
key: 70728, value: 
key: 517159, value: 
key: 235554, value: 
key: 4648, value: 
key: 20640, value: 
key: 4423, value: 
key: 1489, value: 
key: 26255, value: 
key: 35302, value: 
key: 71237, value: 
key: 4362, value: 
key: 17106, value: 
key: 1288, value: 
key: 3443, value: 
key: 17222, value: 
key: 19214, value: 
key: 22429, value: 
key: 89829, value: 
key: 1763, value: 
key: 12438, value: 
key: 169804, value: 
key: 3988, value: 
key: 11781, value: 
key: 1577, value: 
key: 50304, value: 
key: 694109, value: 
key: 2752, value: 
key: 114224, value: 
key: 58033, value: 
key: 7055, value: 
key: 12173, value: 
key: 256132, value: 
key: 275058, value: 
key: 6272, value: 
key: 191317, value: 
key: 224909, value: 
key: 621194, value: 
key: 10313, value: 
key: 9115, value: 
key: 67680, value: 
key: 606929, value: 
key: 67758, value: 
key: 516974, value: 
key: 45533, value: 
key: 19499, value: 
key: 2608, value: 
key: 11621, value: 
key: 2964, value: 
key: 83541, value: 
key: 13858, value: 
key: 6238, value: 
key: 79874, value: 
key: 15194, value: 
key: 428919, value: 
key: 2709, value: 
key: 357120, value: 
key: 302837, value: 
key: 63599, value: 
key: 29398, value: 
key: 20350, value: 
key: 627513, value: 
key: 1239, value: 
key: 468, value: 
key: 706491, value: 
key: 110505, value: 
key: 72491, value: 
key: 6597, value: 
key: 133, value: 
key: 64546, value: 
key: 183058, value: 
key: 46489, value: 
key: 701, value: 
key: 213666, value: 
key: 259497, value: 
key: 4302, value: 
key: 1501, value: 
key: 46609, value: 
key: 15987, value: 
key: 361570, value: 
key: 6199, value: 
key: 6021, value: 
key: 2084, value: 
key: 5737, value: 
key: 215779, value: 
key: 371587, value: 
key: 13113, value: 
key: 17179, value: 
key: 94695, value: 
key: 2272, value: 
key: 529504, value: 
key: 4690, value: 
key: 544253, value: 
key: 4092, value: 
key: 219974, value: 
key: 6246, value: 
key: 403056, value: 
key: 72703, value: 
key: 125353, value: 
key: 303834, value: 
key: 162953, value: 
key: 26242, value: 
key: 12166, value: 
key: 2034, value: 
key: 13464, value: 
key: 10293, value: 
key: 22020, value: 
key: 19743, value: 
key: 406769, value: 
key: 26494, value: 
key: 343579, value: 
key: 47156, value: 
key: 772872, value: 
key: 179165, value: 
key: 58357, value: 
key: 191685, value: 
key: 626020, value: 
key: 61034, value: 
key: 35328, value: 
key: 59998, value: 
key: 77825, value: 
key: 1221, value: 
key: 35381, value: 
key: 710436, value: 
key: 1639, value: 
key: 4149, value: 
key: 482454, value: 
key: 240066, value: 
key: 2007, value: 
key: 516339, value: 
key: 446458, value: 
key: 585529, value: 
key: 13832, value: 
key: 67965, value: 
key: 626117, value: 
key: 16620, value: 
key: 37485, value: 
key: 115336, value: 
key: 68089, value: 
key: 1101, value: 
key: 10390, value: 
key: 1053, value: 
key: 128424, value: 
key: 459659, value: 
key: 118581, value: 
key: 13010, value: 
key: 135882, value: 
key: 797544, value: 
key: 42948, value: 
key: 11079, value: 
key: 15477, value: 
key: 16183, value: 
key: 22697, value: 
key: 69216, value: 
key: 393913, value: 
key: 7153, value: 
key: 507903, value: 
key: 1878, value: 
key: 263826, value: 
key: 5553, value: 
key: 262111, value: 
key: 985106, value: 
key: 7774, value: 
key: 830814, value: 
key: 15915, value: 
key: 335212, value: 
key: 275089, value: 
key: 466678, value: 
key: 2122, value: 
key: 93516, value: 
key: 329895, value: 
key: 9813, value: 
key: 186788, value: 
key: 4759, value: 
key: 29352, value: 
key: 156831, value: 
key: 20788, value: 
key: 9657, value: 
key: 24234, value: 
key: 2565, value: 
key: 4278, value: 
key: 1010, value: 
key: 2718, value: 
key: 243111, value: 
key: 16164, value: 
key: 210200, value: 
key: 320907, value: 
key: 389258, value: 
key: 363, value: 
key: 127878, value: 
key: 196522, value: 
key: 13136, value: 
key: 3570, value: 
key: 145454, value: 
key: 98, value: 
key: 396005, value: 
key: 136721, value: 
key: 294772, value: 
key: 12397, value: 
key: 33313, value: 
key: 430, value: 
key: 18569, value: 
key: 1440, value: 
key: 91620, value: 
key: 54444, value: 
key: 257, value: 
key: 3894, value: 
key: 3361, value: 
key: 26110, value: 
key: 959265, value: 
key: 342, value: 
key: 7282, value: 
key: 21545, value: 
key: 541199, value: 
key: 65041, value: 
key: 5481, value: 
key: 92571, value: 
key: 197974, value: 
key: 478954, value: 
key: 37842, value: 
key: 35956, value: 
key: 495737, value: 
key: 188387, value: 
key: 50280, value: 
key: 95405, value: 
key: 35611, value: 
key: 71072, value: 
key: 71517, value: 
key: 6891, value: 
key: 30343, value: 
key: 1251, value: 
key: 90613, value: 
key: 78540, value: 
key: 572, value: 
key: 26291, value: 
key: 9097, value: 
key: 3730, value: 
key: 262382, value: 
key: 24130, value: 
key: 23482, value: 
key: 38330, value: 
key: 477146, value: 
key: 958066, value: 
key: 288965, value: 
key: 2078, value: 
key: 16239, value: 
key: 323474, value: 
key: 1712, value: 
key: 531835, value: 
key: 3094, value: 
key: 153555, value: 
key: 548, value: 
key: 219811, value: 
key: 455561, value: 
key: 206, value: 
key: 42928, value: 
key: 791634, value: 
key: 1646, value: 
key: 55704, value: 
key: 51660, value: 
key: 522760, value: 
key: 752209, value: 
key: 16523, value: 
key: 6928, value: 
key: 132524, value: 
key: 7269, value: 
key: 183254, value: 
key: 1565, value: 
key: 3138, value: 
key: 36739, value: 
key: 40825, value: 
key: 132890, value: 
key: 171076, value: 
key: 31981, value: 
key: 618070, value: 
key: 104154, value: 
key: 472163, value: 
key: 277, value: 
key: 375106, value: 
key: 3614, value: 
key: 84957, value: 
key: 84397, value: 
key: 299483, value: 
key: 36110, value: 
key: 766085, value: 
key: 379927, value: 
key: 1706, value: 
key: 273515, value: 
key: 194270, value: 
key: 4719, value: 
key: 51318, value: 
key: 104578, value: 
key: 372644, value: 
key: 94909, value: 
key: 182264, value: 
key: 677896, value: 
key: 355841, value: 
key: 24609, value: 
key: 1767, value: 
key: 1370, value: 
key: 750086, value: 
key: 2531, value: 
key: 23407, value: 
key: 38238, value: 
key: 75748, value: 
key: 46538, value: 
key: 3449, value: 
key: 53540, value: 
key: 2983, value: 
key: 25061, value: 
key: 29744, value: 
key: 22715, value: 
key: 1909, value: 
key: 25, value: 
key: 37886, value: 
key: 7873, value: 
key: 112709, value: 
key: 704, value: 
key: 558850, value: 
key: 527499, value: 
key: 25194, value: 
key: 34845, value: 
key: 3101, value: 
key: 122229, value: 
key: 5472, value: 
key: 1595, value: 
key: 441718, value: 
key: 443793, value: 
key: 479121, value: 
key: 264896, value: 
key: 27476, value: 
key: 517524, value: 
key: 55717, value: 
key: 19969, value: 
key: 724918, value: 
key: 12690, value: 
key: 5273, value: 
key: 10135, value: 
key: 40488, value: 
key: 258874, value: 
key: 141739, value: 
key: 74667, value: 
key: 286627, value: 
key: 69544, value: 
key: 869026, value: 
key: 139117, value: 
key: 113693, value: 
key: 869328, value: 
key: 131458, value: 
key: 188211, value: 
key: 688553, value: 
key: 115615, value: 
key: 5217, value: 
key: 122761, value: 
key: 162930, value: 
key: 6977, value: 
key: 137150, value: 
key: 2042, value: 
key: 395643, value: 
key: 637784, value: 
key: 744809, value: 
key: 6296, value: 
key: 125576, value: 
key: 100527, value: 
key: 20212, value: 
key: 209338, value: 
key: 126917, value: 
key: 71656, value: 
key: 76540, value: 
key: 971210, value: 
key: 831618, value: 
key: 777, value: 
key: 360, value: 
key: 2737, value: 
key: 32402, value: 
key: 15767, value: 
key: 151255, value: 
key: 1144, value: 
key: 211081, value: 
key: 98382, value: 
key: 996863, value: 
key: 331086, value: 
key: 2040, value: 
key: 2380, value: 
key: 2217, value: 
key: 213745, value: 
key: 8257, value: 
key: 17548, value: 
key: 85, value: 
key: 54624, value: 
key: 9173, value: 
key: 16679, value: 
key: 72695, value: 
key: 52473, value: 
key: 1495, value: 
key: 5828, value: 
key: 57363, value: 
key: 7404, value: 
key: 4447, value: 
key: 315996, value: 
key: 493984, value: 
key: 58897, value: 
key: 110784, value: 
key: 13430, value: 
key: 183259, value: 
key: 4586, value: 
key: 230446, value: 
key: 4348, value: 
key: 34700, value: 
key: 5936, value: 
key: 67360, value: 
key: 3372, value: 
key: 18080, value: 
key: 24441, value: 
key: 49737, value: 
key: 27789, value: 
key: 458210, value: 
key: 187901, value: 
key: 42698, value: 
key: 22947, value: 
key: 140563, value: 
key: 2403, value: 
key: 214155, value: 
key: 295817, value: 
key: 576767, value: 
key: 64853, value: 
key: 41068, value: 
key: 8071, value: 
key: 1408, value: 
key: 419929, value: 
key: 347928, value: 
key: 45295, value: 
key: 189468, value: 
key: 17710, value: 
key: 381499, value: 
key: 7656, value: 
key: 7892, value: 
key: 3294, value: 
key: 730282, value: 
key: 46080, value: 
key: 4157, value: 
key: 19501, value: 
key: 159079, value: 
key: 5716, value: 
key: 43276, value: 
key: 45529, value: 
key: 10561, value: 
key: 7362, value: 
key: 399301, value: 
key: 131347, value: 
key: 35083, value: 
key: 5983, value: 
key: 45291, value: 
key: 4372, value: 
key: 96362, value: 
key: 43094, value: 
key: 6386, value: 
key: 76816, value: 
key: 2766, value: 
key: 15721, value: 
key: 441885, value: 
key: 31156, value: 
key: 789313, value: 
key: 508179, value: 
key: 44973, value: 
key: 432, value: 
key: 39741, value: 
key: 282413, value: 
key: 674402, value: 
key: 93842, value: 
key: 4301, value: 
key: 136, value: 
key: 3550, value: 
key: 6019, value: 
key: 663502, value: 
key: 25775, value: 
key: 414703, value: 
key: 139716, value: 
key: 695408, value: 
key: 20246, value: 
key: 71867, value: 
key: 3677, value: 
key: 6274, value: 
key: 994497, value: 
key: 70, value: 
key: 164789, value: 
key: 421357, value: 
key: 294549, value: 
key: 90335, value: 
key: 20688, value: 
key: 3842, value: 
key: 279220, value: 
key: 1708, value: 
key: 17689, value: 
key: 516384, value: 
key: 71747, value: 
key: 112796, value: 
key: 10794, value: 
key: 122224, value: 
key: 144057, value: 
key: 3900, value: 
key: 90365, value: 
key: 146158, value: 
key: 2439, value: 
key: 794400, value: 
key: 5276, value: 
key: 884711, value: 
key: 27835, value: 
key: 525589, value: 
key: 507631, value: 
key: 51926, value: 
key: 170096, value: 
key: 14226, value: 
key: 119269, value: 
key: 442299, value: 
key: 10410, value: 
key: 856524, value: 
key: 149913, value: 
key: 91021, value: 
key: 7206, value: 
key: 10017, value: 
key: 266943, value: 
key: 86358, value: 
key: 4821, value: 
key: 209549, value: 
key: 975118, value: 
key: 18517, value: 
key: 42453, value: 
key: 67941, value: 
key: 67841, value: 
key: 155248, value: 
key: 287730, value: 
key: 2066, value: 
key: 9611, value: 
key: 8897, value: 
key: 9849, value: 
key: 1303, value: 
key: 69844, value: 
key: 170699, value: 
key: 52663, value: 
key: 158636, value: 
key: 259386, value: 
key: 21403, value: 
key: 5175, value: 
key: 1298, value: 
key: 6132, value: 
key: 335926, value: 
key: 690262, value: 
key: 520071, value: 
key: 916677, value: 
key: 1778, value: 
key: 197683, value: 
key: 182660, value: 
key: 31788, value: 
key: 988945, value: 
key: 797988, value: 
key: 248115, value: 
key: 1149, value: 
key: 28753, value: 
key: 22113, value: 
key: 104249, value: 
key: 8458, value: 
key: 333177, value: 
key: 521897, value: 
key: 9548, value: 
key: 72840, value: 
key: 32336, value: 
key: 7288, value: 
key: 9073, value: 
key: 44460, value: 
key: 7563, value: 
key: 357579, value: 
key: 17823, value: 
key: 13050, value: 
key: 46048, value: 
key: 943025, value: 
key: 24981, value: 
key: 497494, value: 
key: 17349, value: 
key: 944678, value: 
key: 459772, value: 
key: 21574, value: 
key: 944, value: 
key: 39633, value: 
key: 3808, value: 
key: 99361, value: 
key: 9283, value: 
key: 7511, value: 
key: 389158, value: 
key: 153918, value: 
key: 71452, value: 
key: 962050, value: 
key: 25006, value: 
key: 216287, value: 
key: 570474, value: 
key: 211013, value: 
key: 386810, value: 
key: 36222, value: 
key: 92238, value: 
key: 868568, value: 
key: 289062, value: 
key: 224395, value: 
key: 43944, value: 
key: 16010, value: 
key: 978800, value: 
key: 3056, value: 
key: 2586, value: 
key: 427870, value: 
key: 304, value: 
key: 6141, value: 
key: 122596, value: 
key: 26239, value: 
key: 160844, value: 
key: 392391, value: 
key: 16536, value: 
key: 818, value: 
key: 755902, value: 
key: 1628, value: 
key: 23080, value: 
key: 9486, value: 
key: 1717, value: 
key: 178904, value: 
key: 515668, value: 
key: 1137, value: 
key: 18450, value: 
key: 397540, value: 
key: 57362, value: 
key: 22962, value: 
key: 51115, value: 
key: 21801, value: 
key: 714776, value: 
key: 3004, value: 
key: 16031, value: 
key: 344697, value: 
key: 20841, value: 
key: 328422, value: 
key: 2074, value: 
key: 333829, value: 
key: 970684, value: 
key: 53593, value: 
key: 5054, value: 
key: 2019, value: 
key: 4247, value: 
key: 156697, value: 
key: 713521, value: 
key: 23430, value: 
key: 132167, value: 
key: 10597, value: 
key: 19356, value: 
key: 3341, value: 
key: 2035, value: 
key: 53157, value: 
key: 2300, value: 
key: 177, value: 
key: 16011, value: 
key: 40817, value: 
key: 933650, value: 
key: 93564, value: 
key: 36762, value: 
key: 67661, value: 
key: 646187, value: 
key: 425149, value: 
key: 40201, value: 
key: 2534, value: 
key: 157732, value: 
key: 14773, value: 
key: 382530, value: 
key: 612176, value: 
key: 84771, value: 
key: 9367, value: 
key: 6397, value: 
key: 112270, value: 
key: 19354, value: 
key: 289513, value: 
key: 62283, value: 
key: 1916, value: 
key: 44329, value: 
key: 3349, value: 
key: 21234, value: 
key: 397133, value: 
key: 41969, value: 
key: 879702, value: 
key: 78793, value: 
key: 711258, value: 
key: 817434, value: 
key: 865753, value: 
key: 10777, value: 
key: 97670, value: 
key: 281194, value: 
key: 595, value: 
key: 433055, value: 
key: 186421, value: 
key: 343418, value: 
key: 76602, value: 
key: 726538, value: 
key: 3054, value: 
key: 22110, value: 
key: 332927, value: 
key: 15313, value: 
key: 568891, value: 
key: 595684, value: 
key: 3001, value: 
key: 208172, value: 
key: 751942, value: 
key: 564209, value: 
key: 311494, value: 
key: 2362, value: 
key: 134, value: 
key: 446656, value: 
key: 3931, value: 
key: 20067, value: 
key: 337741, value: 
key: 150533, value: 
key: 10596, value: 
key: 56351, value: 
key: 2661, value: 
key: 2030, value: 
key: 733060, value: 
key: 12324, value: 
key: 9180, value: 
key: 24299, value: 
key: 12274, value: 
key: 20363, value: 
key: 104376, value: 
key: 11858, value: 
key: 87941, value: 
key: 17501, value: 
key: 20604, value: 
key: 82357, value: 
key: 1110, value: 
key: 172600, value: 
key: 31452, value: 
key: 110876, value: 
key: 89434, value: 
key: 306958, value: 
key: 692952, value: 
key: 774, value: 
key: 805984, value: 
key: 812994, value: 
key: 106, value: 
key: 1630, value: 
key: 152955, value: 
key: 7589, value: 
key: 72568, value: 
key: 3055, value: 
key: 374399, value: 
key: 96394, value: 
key: 4554, value: 
key: 1760, value: 
key: 183428, value: 
key: 1394, value: 
key: 1854, value: 
key: 370386, value: 
key: 2812, value: 
key: 13696, value: 
key: 12487, value: 
key: 124166, value: 
key: 456252, value: 
key: 77352, value: 
key: 5681, value: 
key: 315513, value: 
key: 13386, value: 
key: 8984, value: 
key: 14907, value: 
key: 533362, value: 
key: 7497, value: 
key: 18723, value: 
key: 306939, value: 
key: 813904, value: 
key: 24231, value: 
key: 598620, value: 
key: 13306, value: 
key: 304140, value: 
key: 3588, value: 
key: 586549, value: 
key: 3045, value: 
key: 218487, value: 
key: 3322, value: 
key: 12120, value: 
key: 137478, value: 
key: 486082, value: 
key: 1051, value: 
key: 985, value: 
key: 227994, value: 
key: 30822, value: 
key: 90144, value: 
key: 317120, value: 
key: 9873, value: 
key: 167045, value: 
key: 151826, value: 
key: 2536, value: 
key: 147633, value: 
key: 99703, value: 
key: 64291, value: 
key: 1757, value: 
key: 439588, value: 
key: 130794, value: 
key: 4328, value: 
key: 23981, value: 
key: 97732, value: 
key: 5026, value: 
key: 27763, value: 
key: 306570, value: 
key: 564160, value: 
key: 432226, value: 
key: 582459, value: 
key: 5363, value: 
key: 7711, value: 
key: 1175, value: 
key: 688720, value: 
key: 6322, value: 
key: 26302, value: 
key: 3400, value: 
key: 151618, value: 
key: 16584, value: 
key: 44644, value: 
key: 48101, value: 
key: 56866, value: 
key: 11048, value: 
key: 54941, value: 
key: 10076, value: 
key: 140861, value: 
key: 5322, value: 
key: 1530, value: 
key: 30139, value: 
key: 350087, value: 
key: 258, value: 
key: 506266, value: 
key: 429746, value: 
key: 5342, value: 
key: 83249, value: 
key: 10475, value: 
key: 678441, value: 
key: 208057, value: 
key: 572059, value: 
key: 13503, value: 
key: 11510, value: 
key: 43683, value: 
key: 37284, value: 
key: 91349, value: 
key: 174864, value: 
key: 13862, value: 
key: 953970, value: 
key: 461713, value: 
key: 630458, value: 
key: 1686, value: 
key: 513738, value: 
key: 5588, value: 
key: 16902, value: 
key: 577087, value: 
key: 12820, value: 
key: 94643, value: 
key: 35339, value: 
key: 322, value: 
key: 596039, value: 
key: 454, value: 
key: 15836, value: 
key: 24893, value: 
key: 660710, value: 
key: 62540, value: 
key: 161590, value: 
key: 7644, value: 
key: 543, value: 
key: 4039, value: 
key: 414976, value: 
key: 920706, value: 
key: 151576, value: 
key: 6873, value: 
key: 37752, value: 
key: 5455, value: 
key: 164846, value: 
key: 136395, value: 
key: 8214, value: 
key: 18270, value: 
key: 472132, value: 
key: 12872, value: 
key: 472100, value: 
key: 44006, value: 
key: 57443, value: 
key: 91201, value: 
key: 68076, value: 
key: 100657, value: 
key: 7398, value: 
key: 56198, value: 
key: 213890, value: 
key: 173640, value: 
key: 13592, value: 
key: 27839, value: 
key: 29688, value: 
key: 481497, value: 
key: 81860, value: 
key: 17221, value: 
key: 10166, value: 
key: 1903, value: 
key: 5575, value: 
key: 3533, value: 
key: 8156, value: 
key: 996411, value: 
key: 93978, value: 
key: 690660, value: 
key: 4464, value: 
key: 438153, value: 
key: 14108, value: 
key: 4603, value: 
key: 148378, value: 
key: 1387, value: 
key: 14057, value: 
key: 7585, value: 
key: 173364, value: 
key: 94026, value: 
key: 149695, value: 
key: 47159, value: 
key: 641325, value: 
key: 8931, value: 
key: 18672, value: 
key: 175844, value: 
key: 385870, value: 
key: 15077, value: 
key: 286902, value: 
key: 35464, value: 
key: 5371, value: 
key: 91934, value: 
key: 16033, value: 
key: 11395, value: 
key: 10026, value: 
key: 63690, value: 
key: 57558, value: 
key: 679990, value: 
key: 749, value: 
key: 143078, value: 
key: 4138, value: 
key: 695052, value: 
key: 2069, value: 
key: 60343, value: 
key: 881, value: 
key: 12443, value: 
key: 127499, value: 
key: 6862, value: 
key: 18797, value: 
key: 96469, value: 
key: 736705, value: 
key: 14471, value: 
key: 10331, value: 
key: 11666, value: 
key: 2721, value: 
key: 189001, value: 
key: 123768, value: 
key: 1715, value: 
key: 14111, value: 
key: 1732, value: 
key: 6654, value: 
key: 170931, value: 
key: 32468, value: 
key: 25095, value: 
key: 860588, value: 
key: 4261, value: 
key: 40847, value: 
key: 13133, value: 
key: 137316, value: 
key: 13195, value: 
key: 14120, value: 
key: 63259, value: 
key: 1723, value: 
key: 27016, value: 
key: 27846, value: 
key: 1034, value: 
key: 9054, value: 
key: 523648, value: 
key: 52498, value: 
key: 9885, value: 
key: 16374, value: 
key: 176, value: 
key: 2128, value: 
key: 20, value: 
key: 15312, value: 
key: 3568, value: 
key: 104865, value: 
key: 14116, value: 
key: 466999, value: 
key: 992, value: 
key: 3532, value: 
key: 52719, value: 
key: 5663, value: 
key: 2357, value: 
key: 31694, value: 
key: 196685, value: 
key: 185516, value: 
key: 158229, value: 
key: 10468, value: 
key: 39030, value: 
key: 1937, value: 
key: 87661, value: 
key: 7454, value: 
key: 1933, value: 
key: 28809, value: 
key: 37395, value: 
key: 168084, value: 
key: 171174, value: 
key: 2132, value: 
key: 64556, value: 
key: 345362, value: 
key: 870, value: 
key: 34776, value: 
key: 40577, value: 
key: 150128, value: 
key: 50061, value: 
key: 65938, value: 
key: 27710, value: 
key: 5408, value: 
key: 734953, value: 
key: 140650, value: 
key: 82352, value: 
key: 127197, value: 
key: 4087, value: 
key: 10866, value: 
key: 382212, value: 
key: 977, value: 
key: 5735, value: 
key: 2444, value: 
key: 3087, value: 
key: 388750, value: 
key: 914976, value: 
key: 29564, value: 
key: 23542, value: 
key: 670, value: 
key: 64035, value: 
key: 606784, value: 
key: 80619, value: 
key: 423018, value: 
key: 30621, value: 
key: 37890, value: 
key: 621923, value: 
key: 3155, value: 
key: 90, value: 
key: 33734, value: 
key: 677324, value: 
key: 9016, value: 
key: 37147, value: 
key: 4639, value: 
key: 813, value: 
key: 3950, value: 
key: 19110, value: 
key: 756725, value: 
key: 123510, value: 
key: 587955, value: 
key: 104672, value: 
key: 420351, value: 
key: 10818, value: 
key: 3223, value: 
key: 258250, value: 
key: 19299, value: 
key: 72295, value: 
key: 633739, value: 
key: 413867, value: 
key: 58746, value: 
key: 320809, value: 
key: 3186, value: 
key: 11093, value: 
key: 2907, value: 
key: 7455, value: 
key: 19018, value: 
key: 265079, value: 
key: 264415, value: 
key: 405, value: 
key: 708352, value: 
key: 95033, value: 
key: 383030, value: 
key: 378490, value: 
key: 593857, value: 
key: 303966, value: 
key: 570058, value: 
key: 113932, value: 
key: 573, value: 
key: 151670, value: 
key: 9158, value: 
key: 16339, value: 
key: 3759, value: 
key: 30471, value: 
key: 7716, value: 
key: 7767, value: 
key: 36545, value: 
key: 356960, value: 
key: 988856, value: 
key: 384451, value: 
key: 625439, value: 
key: 38460, value: 
key: 78700, value: 
key: 28717, value: 
key: 316313, value: 
key: 27355, value: 
key: 173673, value: 
key: 4853, value: 
key: 1657, value: 
key: 65525, value: 
key: 99473, value: 
key: 81289, value: 
key: 45540, value: 
key: 9909, value: 
key: 6969, value: 
key: 8961, value: 
key: 669673, value: 
key: 881219, value: 
key: 306425, value: 
key: 23639, value: 
key: 10514, value: 
key: 5323, value: 
key: 751009, value: 
key: 11997, value: 
key: 268815, value: 
key: 1998, value: 
key: 3491, value: 
key: 109591, value: 
key: 8919, value: 
key: 2160, value: 
key: 93, value: 
key: 14615, value: 
key: 58792, value: 
key: 69191, value: 
key: 16463, value: 
key: 60443, value: 
key: 327, value: 
key: 63740, value: 
key: 56980, value: 
key: 5860, value: 
key: 19817, value: 
key: 520742, value: 
key: 274212, value: 
key: 10212, value: 
key: 11989, value: 
key: 1698, value: 
key: 1213, value: 
key: 24794, value: 
key: 338447, value: 
key: 859253, value: 
key: 782074, value: 
key: 120182, value: 
key: 1527, value: 
key: 187048, value: 
key: 4433, value: 
key: 10360, value: 
key: 116311, value: 
key: 30105, value: 
key: 747927, value: 
key: 316416, value: 
key: 210808, value: 
key: 4004, value: 
key: 764, value: 
key: 24178, value: 
key: 16942, value: 
key: 3250, value: 
key: 218160, value: 
key: 44883, value: 
key: 25100, value: 
key: 10399, value: 
key: 634918, value: 
key: 2597, value: 
key: 534869, value: 
key: 27053, value: 
key: 925, value: 
key: 95823, value: 
key: 8396, value: 
key: 287, value: 
key: 65881, value: 
key: 94803, value: 
key: 46493, value: 
key: 823740, value: 
key: 434, value: 
key: 508, value: 
key: 7080, value: 
key: 566, value: 
key: 939, value: 
key: 1716, value: 
key: 23810, value: 
key: 4297, value: 
key: 591163, value: 
key: 5919, value: 
key: 9265, value: 
key: 199794, value: 
key: 9229, value: 
key: 268251, value: 
key: 2671, value: 
key: 15857, value: 
key: 67934, value: 
key: 3398, value: 
key: 3736, value: 
key: 166573, value: 
key: 657756, value: 
key: 4560, value: 
key: 17353, value: 
key: 487334, value: 
key: 118136, value: 
key: 15656, value: 
key: 23033, value: 
key: 671855, value: 
key: 637816, value: 
key: 804270, value: 
key: 66816, value: 
key: 12728, value: 
key: 20137, value: 
key: 34190, value: 
key: 5144, value: 
key: 65477, value: 
key: 6355, value: 
key: 645612, value: 
key: 9400, value: 
key: 4513, value: 
key: 145594, value: 
key: 7869, value: 
key: 66848, value: 
key: 5061, value: 
key: 21610, value: 
key: 193098, value: 
key: 4351, value: 
key: 942739, value: 
key: 15712, value: 
key: 231446, value: 
key: 929, value: 
key: 97, value: 
key: 96039, value: 
key: 245956, value: 
key: 34496, value: 
key: 151677, value: 
key: 9179, value: 
key: 60994, value: 
key: 176261, value: 
key: 10128, value: 
key: 396288, value: 
key: 490, value: 
key: 545184, value: 
key: 82227, value: 
key: 2196, value: 
key: 173, value: 
key: 6694, value: 
key: 235626, value: 
key: 229207, value: 
key: 629078, value: 
key: 354492, value: 
key: 37410, value: 
key: 2887, value: 
key: 18584, value: 
key: 192594, value: 
key: 689375, value: 
key: 745387, value: 
key: 563106, value: 
key: 600073, value: 
key: 632, value: 
key: 50465, value: 
key: 16, value: 
key: 46537, value: 
key: 332676, value: 
key: 5951, value: 
key: 194930, value: 
key: 44542, value: 
key: 65303, value: 
key: 3175, value: 
key: 3729, value: 
key: 92749, value: 
key: 5482, value: 
key: 29306, value: 
key: 999506, value: 
key: 2984, value: 
key: 96738, value: 
key: 234955, value: 
key: 675336, value: 
key: 741899, value: 
key: 66599, value: 
key: 10731, value: 
key: 5168, value: 
key: 61914, value: 
key: 7693, value: 
key: 877995, value: 
key: 849744, value: 
key: 6704, value: 
key: 3815, value: 
key: 353934, value: 
key: 610317, value: 
key: 370403, value: 
key: 5890, value: 
key: 69847, value: 
key: 16924, value: 
key: 646, value: 
key: 780785, value: 
key: 5695, value: 
key: 8894, value: 
key: 29215, value: 
key: 12632, value: 
key: 2434, value: 
key: 2456, value: 
key: 46954, value: 
key: 2408, value: 
key: 175249, value: 
key: 8803, value: 
key: 55195, value: 
key: 51334, value: 
key: 303859, value: 
key: 689, value: 
key: 11504, value: 
key: 16774, value: 
key: 670173, value: 
key: 146255, value: 
key: 68572, value: 
key: 2237, value: 
key: 67075, value: 
key: 673634, value: 
key: 77590, value: 
key: 17364, value: 
key: 571123, value: 
key: 73381, value: 
key: 2470, value: 
key: 485650, value: 
key: 284708, value: 
key: 40190, value: 
key: 3644, value: 
key: 975830, value: 
key: 257175, value: 
key: 725046, value: 
key: 2135, value: 
key: 59352, value: 
key: 18750, value: 
key: 13422, value: 
key: 18807, value: 
key: 1645, value: 
key: 158304, value: 
key: 472978, value: 
key: 95939, value: 
key: 4967, value: 
key: 89679, value: 
key: 12874, value: 
key: 443544, value: 
key: 389907, value: 
key: 3198, value: 
key: 238423, value: 
key: 43869, value: 
key: 2522, value: 
key: 689746, value: 
key: 17293, value: 
key: 191031, value: 
key: 325978, value: 
key: 45003, value: 
key: 586869, value: 
key: 729, value: 
key: 8001, value: 
key: 318888, value: 
key: 2796, value: 
key: 226399, value: 
key: 676597, value: 
key: 856977, value: 
key: 2855, value: 
key: 26416, value: 
key: 406383, value: 
key: 24324, value: 
key: 32012, value: 
key: 7359, value: 
key: 26, value: 
key: 12744, value: 
key: 24045, value: 
key: 60914, value: 
key: 8165, value: 
key: 51171, value: 
key: 265781, value: 
key: 3947, value: 
key: 29968, value: 
key: 11484, value: 
key: 228712, value: 
key: 228628, value: 
key: 4049, value: 
key: 226047, value: 
key: 44516, value: 
key: 21258, value: 
key: 46448, value: 
key: 70025, value: 
key: 2951, value: 
key: 104347, value: 
key: 2182, value: 
key: 21951, value: 
key: 95957, value: 
key: 138152, value: 
key: 136340, value: 
key: 2605, value: 
key: 2835, value: 
key: 94035, value: 
key: 298243, value: 
key: 1328, value: 
key: 38591, value: 
key: 108259, value: 
key: 5385, value: 
key: 16174, value: 
key: 101685, value: 
key: 8774, value: 
key: 592284, value: 
key: 116095, value: 
key: 852543, value: 
key: 139459, value: 
key: 292176, value: 
key: 15575, value: 
key: 32528, value: 
key: 3070, value: 
key: 802334, value: 
key: 535354, value: 
key: 68403, value: 
key: 2490, value: 
key: 3376, value: 
key: 291856, value: 
key: 19679, value: 
key: 214075, value: 
key: 54321, value: 
key: 3565, value: 
key: 761, value: 
key: 769, value: 
key: 52096, value: 
key: 610978, value: 
key: 32315, value: 
key: 118118, value: 
key: 1986, value: 
key: 15376, value: 
key: 983007, value: 
key: 19524, value: 
key: 747042, value: 
key: 354784, value: 
key: 394, value: 
key: 17272, value: 
key: 470054, value: 
key: 52594, value: 
key: 598115, value: 
key: 23500, value: 
key: 4771, value: 
key: 588, value: 
key: 751129, value: 
key: 6850, value: 
key: 31299, value: 
key: 121106, value: 
key: 408759, value: 
key: 765732, value: 
key: 3050, value: 
key: 898974, value: 
key: 5231, value: 
key: 15204, value: 
key: 112782, value: 
key: 958, value: 
key: 85396, value: 
key: 51174, value: 
key: 1518, value: 
key: 121043, value: 
key: 596884, value: 
key: 258153, value: 
key: 1484, value: 
key: 481330, value: 
key: 2706, value: 
key: 187086, value: 
key: 50157, value: 
key: 342969, value: 
key: 56156, value: 
key: 271574, value: 
key: 35030, value: 
key: 5855, value: 
key: 57247, value: 
key: 256328, value: 
key: 110256, value: 
key: 86689, value: 
key: 289995, value: 
key: 9444, value: 
key: 1955, value: 
key: 23156, value: 
key: 2175, value: 
key: 486572, value: 
key: 37056, value: 
key: 640861, value: 
key: 17161, value: 
key: 11369, value: 
key: 262630, value: 
key: 213811, value: 
key: 963436, value: 
key: 82460, value: 
key: 30969, value: 
key: 80784, value: 
key: 7132, value: 
key: 5984, value: 
key: 159525, value: 
key: 3157, value: 
key: 47816, value: 
key: 14378, value: 
key: 696683, value: 
key: 6647, value: 
key: 36865, value: 
key: 465599, value: 
key: 12970, value: 
key: 149282, value: 
key: 10665, value: 
key: 1047, value: 
key: 3302, value: 
key: 9631, value: 
key: 7492, value: 
key: 42605, value: 
key: 675713, value: 
key: 23509, value: 
key: 205379, value: 
key: 524801, value: 
key: 107751, value: 
key: 651116, value: 
key: 16026, value: 
key: 718948, value: 
key: 51153, value: 
key: 2094, value: 
key: 27190, value: 
key: 821263, value: 
key: 47701, value: 
key: 17024, value: 
key: 402, value: 
key: 2884, value: 
key: 49848, value: 
key: 57661, value: 
key: 870010, value: 
key: 1461, value: 
key: 6841, value: 
key: 11120, value: 
key: 4071, value: 
key: 347, value: 
key: 150177, value: 
key: 45124, value: 
key: 77442, value: 
key: 29084, value: 
key: 16948, value: 
key: 103573, value: 
key: 479548, value: 
key: 130262, value: 
key: 209, value: 
key: 98686, value: 
key: 594861, value: 
key: 7467, value: 
key: 25149, value: 
key: 666623, value: 
key: 4885, value: 
key: 175021, value: 
key: 6373, value: 
key: 278515, value: 
key: 82855, value: 
key: 60969, value: 
key: 139907, value: 
key: 9193, value: 
key: 49321, value: 
key: 42560, value: 
key: 16890, value: 
key: 28963, value: 
key: 21367, value: 
key: 92991, value: 
key: 397120, value: 
key: 4284, value: 
key: 59276, value: 
key: 73996, value: 
key: 44642, value: 
key: 10018, value: 
key: 915751, value: 
key: 25303, value: 
key: 132971, value: 
key: 254287, value: 
key: 374099, value: 
key: 27293, value: 
key: 7414, value: 
key: 33160, value: 
key: 311575, value: 
key: 203319, value: 
key: 2277, value: 
key: 3439, value: 
key: 3940, value: 
key: 111535, value: 
key: 206608, value: 
key: 17580, value: 
key: 2216, value: 
key: 95976, value: 
key: 6898, value: 
key: 20116, value: 
key: 3061, value: 
key: 10055, value: 
key: 15962, value: 
key: 221300, value: 
key: 234156, value: 
key: 7496, value: 
key: 1015, value: 
key: 2013, value: 
key: 45351, value: 
key: 4034, value: 
key: 33105, value: 
key: 2838, value: 
key: 9910, value: 
key: 683433, value: 
key: 12115, value: 
key: 113036, value: 
key: 20389, value: 
key: 223257, value: 
key: 344554, value: 
key: 30015, value: 
key: 558278, value: 
key: 734, value: 
key: 400630, value: 
key: 2228, value: 
key: 82378, value: 
key: 141843, value: 
key: 89912, value: 
key: 114045, value: 
key: 32865, value: 
key: 5365, value: 
key: 8911, value: 
key: 4620, value: 
key: 724535, value: 
key: 316829, value: 
key: 36232, value: 
key: 361, value: 
key: 27240, value: 
key: 464919, value: 
key: 922846, value: 
key: 143113, value: 
key: 5915, value: 
key: 1176, value: 
key: 109227, value: 
key: 12090, value: 
key: 613785, value: 
key: 483918, value: 
key: 7325, value: 
key: 74264, value: 
key: 751106, value: 
key: 511342, value: 
key: 69101, value: 
key: 911166, value: 
key: 907108, value: 
key: 6321, value: 
key: 9673, value: 
key: 2429, value: 
key: 23979, value: 
key: 18324, value: 
key: 16609, value: 
key: 94869, value: 
key: 6152, value: 
key: 4216, value: 
key: 144188, value: 
key: 5303, value: 
key: 32379, value: 
key: 1118, value: 
key: 292931, value: 
key: 51337, value: 
key: 31319, value: 
key: 26871, value: 
key: 38215, value: 
key: 4058, value: 
key: 204032, value: 
key: 43799, value: 
key: 147208, value: 
key: 11564, value: 
key: 278701, value: 
key: 5648, value: 
key: 5248, value: 
key: 126367, value: 
key: 916241, value: 
key: 67960, value: 
key: 559338, value: 
key: 978238, value: 
key: 48835, value: 
key: 98877, value: 
key: 375177, value: 
key: 407018, value: 
key: 82986, value: 
key: 9647, value: 
key: 6255, value: 
key: 16854, value: 
key: 35571, value: 
key: 726866, value: 
key: 26201, value: 
key: 591, value: 
key: 350185, value: 
key: 90150, value: 
key: 44741, value: 
key: 477253, value: 
key: 35429, value: 
key: 10752, value: 
key: 49184, value: 
key: 173547, value: 
key: 121513, value: 
key: 21022, value: 
key: 318139, value: 
key: 127683, value: 
key: 4349, value: 
key: 5142, value: 
key: 1660, value: 
key: 16266, value: 
key: 10489, value: 
key: 9483, value: 
key: 121210, value: 
key: 4185, value: 
key: 199183, value: 
key: 707337, value: 
key: 58764, value: 
key: 5878, value: 
key: 20985, value: 
key: 1163, value: 
key: 1961, value: 
key: 39618, value: 
key: 279452, value: 
key: 24965, value: 
key: 63633, value: 
key: 80095, value: 
key: 448179, value: 
key: 67010, value: 
key: 15914, value: 
key: 16525, value: 
key: 126705, value: 
key: 246, value: 
key: 31194, value: 
key: 18209, value: 
key: 21972, value: 
key: 10431, value: 
key: 592, value: 
key: 13393, value: 
key: 87519, value: 
key: 28429, value: 
key: 5170, value: 
key: 367472, value: 
key: 74078, value: 
key: 1159, value: 
key: 393822, value: 
key: 245091, value: 
key: 142933, value: 
key: 49008, value: 
key: 11905, value: 
key: 32403, value: 
key: 1790, value: 
key: 25873, value: 
key: 982081, value: 
key: 148260, value: 
key: 1146, value: 
key: 251632, value: 
key: 888870, value: 
key: 950734, value: 
key: 95322, value: 
key: 30782, value: 
key: 63620, value: 
key: 755359, value: 
key: 50060, value: 
key: 21349, value: 
key: 113832, value: 
key: 14224, value: 
key: 737662, value: 
key: 144861, value: 
key: 612719, value: 
key: 129285, value: 
key: 23615, value: 
key: 2473, value: 
key: 2720, value: 
key: 2059, value: 
key: 711806, value: 
key: 10640, value: 
key: 544168, value: 
key: 25338, value: 
key: 241715, value: 
key: 101519, value: 
key: 409752, value: 
key: 482148, value: 
key: 416959, value: 
key: 18, value: 
key: 14351, value: 
key: 3434, value: 
key: 812, value: 
key: 2797, value: 
key: 118368, value: 
key: 9435, value: 
key: 3744, value: 
key: 763, value: 
key: 42639, value: 
key: 23331, value: 
key: 160340, value: 
key: 48740, value: 
key: 8392, value: 
key: 35887, value: 
key: 69510, value: 
key: 22550, value: 
key: 23, value: 
key: 41854, value: 
key: 930703, value: 
key: 351665, value: 
key: 819560, value: 
key: 313412, value: 
key: 173106, value: 
key: 98638, value: 
key: 530976, value: 
key: 253045, value: 
key: 396136, value: 
key: 492562, value: 
key: 727, value: 
key: 315, value: 
key: 22218, value: 
key: 21775, value: 
key: 168451, value: 
key: 100656, value: 
key: 51585, value: 
key: 53713, value: 
key: 3036, value: 
key: 362371, value: 
key: 9000, value: 
key: 9183, value: 
key: 12454, value: 
key: 157479, value: 
key: 574716, value: 
key: 278709, value: 
key: 312764, value: 
key: 230863, value: 
key: 11470, value: 
key: 1546, value: 
key: 127151, value: 
key: 347968, value: 
key: 41714, value: 
key: 841, value: 
key: 107060, value: 
key: 363250, value: 
key: 18726, value: 
key: 6030, value: 
key: 56460, value: 
key: 219232, value: 
key: 197171, value: 
key: 120448, value: 
key: 6276, value: 
key: 383571, value: 
key: 14859, value: 
key: 324255, value: 
key: 14194, value: 
key: 382071, value: 
key: 64370, value: 
key: 58268, value: 
key: 5468, value: 
key: 38035, value: 
key: 1458, value: 
key: 7286, value: 
key: 21154, value: 
key: 897, value: 
key: 3249, value: 
key: 588525, value: 
key: 782713, value: 
key: 208798, value: 
key: 390303, value: 
key: 52291, value: 
key: 839954, value: 
key: 425147, value: 
key: 5683, value: 
key: 15684, value: 
key: 633429, value: 
key: 148298, value: 
key: 44254, value: 
key: 14243, value: 
key: 88121, value: 
key: 542502, value: 
key: 399646, value: 
key: 201381, value: 
key: 58965, value: 
key: 199979, value: 
key: 6012, value: 
key: 182143, value: 
key: 118547, value: 
key: 31446, value: 
key: 93540, value: 
key: 142361, value: 
key: 113967, value: 
key: 214780, value: 
key: 1709, value: 
key: 34835, value: 
key: 49054, value: 
key: 1368, value: 
key: 5219, value: 
key: 12628, value: 
key: 28267, value: 
key: 262970, value: 
key: 3951, value: 
key: 169, value: 
key: 1871, value: 
key: 4658, value: 
key: 72997, value: 
key: 64633, value: 
key: 373, value: 
key: 628, value: 
key: 24820, value: 
key: 940, value: 
key: 1057, value: 
key: 5669, value: 
key: 51419, value: 
key: 2502, value: 
key: 72444, value: 
key: 148434, value: 
key: 89873, value: 
key: 1117, value: 
key: 20317, value: 
key: 35983, value: 
key: 420106, value: 
key: 415399, value: 
key: 999114, value: 
key: 472167, value: 
key: 23832, value: 
key: 40806, value: 
key: 251377, value: 
key: 787398, value: 
key: 551099, value: 
key: 2572, value: 
key: 1350, value: 
key: 260065, value: 
key: 63712, value: 
key: 2932, value: 
key: 145280, value: 
key: 482, value: 
key: 10715, value: 
key: 86360, value: 
key: 21796, value: 
key: 3125, value: 
key: 586009, value: 
key: 521718, value: 
key: 3515, value: 
key: 335, value: 
key: 1189, value: 
key: 261010, value: 
key: 138374, value: 
key: 17424, value: 
key: 4727, value: 
key: 194, value: 
key: 266481, value: 
key: 124816, value: 
key: 39220, value: 
key: 34216, value: 
key: 7625, value: 
key: 211953, value: 
key: 97695, value: 
key: 16182, value: 
key: 5120, value: 
key: 370940, value: 
key: 209942, value: 
key: 80461, value: 
key: 22258, value: 
key: 79033, value: 
key: 3737, value: 
key: 29504, value: 
key: 8248, value: 
key: 19388, value: 
key: 9167, value: 
key: 52933, value: 
key: 74398, value: 
key: 3181, value: 
key: 5556, value: 
key: 78479, value: 
key: 3317, value: 
key: 266696, value: 
key: 6837, value: 
key: 37196, value: 
key: 101486, value: 
key: 17047, value: 
key: 450550, value: 
key: 85272, value: 
key: 7194, value: 
key: 602, value: 
key: 1078, value: 
key: 200513, value: 
key: 69883, value: 
key: 15613, value: 
key: 1150, value: 
key: 809, value: 
key: 88157, value: 
key: 390549, value: 
key: 2133, value: 
key: 40321, value: 
key: 64393, value: 
key: 7146, value: 
key: 3540, value: 
key: 389088, value: 
key: 106579, value: 
key: 4396, value: 
key: 12817, value: 
key: 9787, value: 
key: 5824, value: 
key: 3934, value: 
key: 7921, value: 
key: 331329, value: 
key: 151604, value: 
key: 330220, value: 
key: 15273, value: 
key: 721, value: 
key: 477677, value: 
key: 31550, value: 
key: 899457, value: 
key: 5974, value: 
key: 1867, value: 
key: 67390, value: 
key: 206939, value: 
key: 159584, value: 
key: 312547, value: 
key: 862422, value: 
key: 92202, value: 
key: 300546, value: 
key: 321539, value: 
key: 804075, value: 
key: 80024, value: 
key: 135171, value: 
key: 763931, value: 
key: 1531, value: 
key: 58916, value: 
key: 11252, value: 
key: 7001, value: 
key: 19984, value: 
key: 37216, value: 
key: 4685, value: 
key: 8097, value: 
key: 44509, value: 
key: 1508, value: 
key: 30607, value: 
key: 874620, value: 
key: 27965, value: 
key: 452615, value: 
key: 487447, value: 
key: 220105, value: 
key: 218682, value: 
key: 129974, value: 
key: 7568, value: 
key: 447449, value: 
key: 2314, value: 
key: 85423, value: 
key: 38908, value: 
key: 16975, value: 
key: 107160, value: 
key: 346086, value: 
key: 8183, value: 
key: 135673, value: 
key: 50248, value: 
key: 1235, value: 
key: 29973, value: 
key: 289500, value: 
key: 298, value: 
key: 1155, value: 
key: 666129, value: 
key: 18827, value: 
key: 71555, value: 
key: 22692, value: 
key: 188652, value: 
key: 111781, value: 
key: 273983, value: 
key: 28163, value: 
key: 247, value: 
key: 531, value: 
key: 3097, value: 
key: 378392, value: 
key: 500921, value: 
key: 225861, value: 
key: 56445, value: 
key: 3958, value: 
key: 3312, value: 
key: 2842, value: 
key: 39562, value: 
key: 141850, value: 
key: 211468, value: 
key: 157304, value: 
key: 1945, value: 
key: 143302, value: 
key: 201147, value: 
key: 158235, value: 
key: 872, value: 
key: 6665, value: 
key: 76169, value: 
key: 1901, value: 
key: 91100, value: 
key: 657332, value: 
key: 260359, value: 
key: 13023, value: 
key: 933593, value: 
key: 25764, value: 
key: 762015, value: 
key: 45197, value: 
key: 41291, value: 
key: 21102, value: 
key: 6593, value: 
key: 1229, value: 
key: 6906, value: 
key: 143244, value: 
key: 1185, value: 
key: 21644, value: 
key: 420986, value: 
key: 38185, value: 
key: 743250, value: 
key: 6540, value: 
key: 5022, value: 
key: 334444, value: 
key: 1713, value: 
key: 207, value: 
key: 369020, value: 
key: 778, value: 
key: 152056, value: 
key: 10217, value: 
key: 9222, value: 
key: 2703, value: 
key: 25562, value: 
key: 3626, value: 
key: 2631, value: 
key: 209401, value: 
key: 773, value: 
key: 274464, value: 
key: 2018, value: 
key: 644997, value: 
key: 16531, value: 
key: 654, value: 
key: 2920, value: 
key: 959028, value: 
key: 238, value: 
key: 29918, value: 
key: 4510, value: 
key: 299404, value: 
key: 15680, value: 
key: 157930, value: 
key: 116227, value: 
key: 5002, value: 
key: 9565, value: 
key: 188529, value: 
key: 6117, value: 
key: 9764, value: 
key: 134071, value: 
key: 167761, value: 
key: 870923, value: 
key: 13100, value: 
key: 2645, value: 
key: 12248, value: 
key: 49150, value: 
key: 17420, value: 
key: 527809, value: 
key: 66620, value: 
key: 8801, value: 
key: 36286, value: 
key: 509874, value: 
key: 4441, value: 
key: 759, value: 
key: 613682, value: 
key: 29858, value: 
key: 517922, value: 
key: 706363, value: 
key: 29993, value: 
key: 65218, value: 
key: 24397, value: 
key: 15686, value: 
key: 688638, value: 
key: 114053, value: 
key: 1627, value: 
key: 313, value: 
key: 77472, value: 
key: 2578, value: 
key: 447, value: 
key: 1952, value: 
key: 76003, value: 
key: 59577, value: 
key: 263778, value: 
key: 50887, value: 
key: 7063, value: 
key: 37567, value: 
key: 297441, value: 
key: 191180, value: 
key: 17348, value: 
key: 49193, value: 
key: 45939, value: 
key: 2831, value: 
key: 27704, value: 
key: 2138, value: 
key: 29761, value: 
key: 4683, value: 
key: 24483, value: 
key: 176968, value: 
key: 202330, value: 
key: 88852, value: 
key: 19123, value: 
key: 219227, value: 
key: 34292, value: 
key: 490474, value: 
key: 146152, value: 
key: 1812, value: 
key: 6950, value: 
key: 764637, value: 
key: 5190, value: 
key: 9476, value: 
key: 3572, value: 
key: 64808, value: 
key: 17709, value: 
key: 131354, value: 
key: 642950, value: 
key: 88187, value: 
key: 901070, value: 
key: 889995, value: 
key: 937014, value: 
key: 27317, value: 
key: 104387, value: 
key: 36414, value: 
key: 51726, value: 
key: 34828, value: 
key: 11852, value: 
key: 1606, value: 
key: 1528, value: 
key: 46219, value: 
key: 12192, value: 
key: 53916, value: 
key: 283788, value: 
key: 18403, value: 
key: 703003, value: 
key: 16317, value: 
key: 973, value: 
key: 30245, value: 
key: 39177, value: 
key: 169682, value: 
key: 17655, value: 
key: 71313, value: 
key: 187177, value: 
key: 2229, value: 
key: 73934, value: 
key: 4380, value: 
key: 6775, value: 
key: 137619, value: 
key: 159998, value: 
key: 181, value: 
key: 409448, value: 
key: 10986, value: 
key: 250, value: 
key: 194332, value: 
key: 25638, value: 
key: 155599, value: 
key: 22905, value: 
key: 186465, value: 
key: 70174, value: 
key: 533761, value: 
key: 191, value: 
key: 25521, value: 
key: 57511, value: 
key: 177349, value: 
key: 200148, value: 
key: 43047, value: 
key: 300109, value: 
key: 612393, value: 
key: 66846, value: 
key: 433165, value: 
key: 4780, value: 
key: 7116, value: 
key: 2902, value: 
key: 114916, value: 
key: 687, value: 
key: 19302, value: 
key: 30860, value: 
key: 50712, value: 
key: 2003, value: 
key: 270945, value: 
key: 38451, value: 
key: 406303, value: 
key: 3031, value: 
key: 168526, value: 
key: 12687, value: 
key: 3702, value: 
key: 313935, value: 
key: 199618, value: 
key: 7342, value: 
key: 6686, value: 
key: 370033, value: 
key: 63770, value: 
key: 5094, value: 
key: 63852, value: 
key: 578325, value: 
key: 117222, value: 
key: 216566, value: 
key: 624727, value: 
key: 5352, value: 
key: 44446, value: 
key: 197428, value: 
key: 1282, value: 
key: 55951, value: 
key: 43007, value: 
key: 425813, value: 
key: 2639, value: 
key: 260256, value: 
key: 356123, value: 
key: 4774, value: 
key: 284160, value: 
key: 434891, value: 
key: 502787, value: 
key: 1416, value: 
key: 735218, value: 
key: 242797, value: 
key: 465270, value: 
key: 9061, value: 
key: 12839, value: 
key: 84886, value: 
key: 407617, value: 
key: 209824, value: 
key: 43862, value: 
key: 844284, value: 
key: 106425, value: 
key: 151022, value: 
key: 292201, value: 
key: 15650, value: 
key: 709759, value: 
key: 860, value: 
key: 377435, value: 
key: 10930, value: 
key: 93700, value: 
key: 202511, value: 
key: 306, value: 
key: 92, value: 
key: 187504, value: 
key: 12849, value: 
key: 17535, value: 
key: 697293, value: 
key: 11704, value: 
key: 4702, value: 
key: 121586, value: 
key: 17322, value: 
key: 87281, value: 
key: 28691, value: 
key: 122528, value: 
key: 534898, value: 
key: 3384, value: 
key: 66571, value: 
key: 29364, value: 
key: 392444, value: 
key: 197558, value: 
key: 890, value: 
key: 2394, value: 
key: 42517, value: 
key: 2392, value: 
key: 23958, value: 
key: 2837, value: 
key: 82960, value: 
key: 22773, value: 
key: 733047, value: 
key: 877684, value: 
key: 720733, value: 
key: 13066, value: 
key: 12205, value: 
key: 83365, value: 
key: 3389, value: 
key: 7058, value: 
key: 99684, value: 
key: 64383, value: 
key: 10716, value: 
key: 19539, value: 
key: 337234, value: 
key: 710804, value: 
key: 15014, value: 
key: 234377, value: 
key: 109303, value: 
key: 158934, value: 
key: 766996, value: 
key: 39447, value: 
key: 2361, value: 
key: 4262, value: 
key: 225195, value: 
key: 173090, value: 
key: 13155, value: 
key: 4922, value: 
key: 2441, value: 
key: 854, value: 
key: 54370, value: 
key: 154045, value: 
key: 53592, value: 
key: 53815, value: 
key: 110673, value: 
key: 466790, value: 
key: 258729, value: 
key: 2243, value: 
key: 5476, value: 
key: 51483, value: 
key: 1306, value: 
key: 110281, value: 
key: 71868, value: 
key: 154011, value: 
key: 28245, value: 
key: 47743, value: 
key: 179534, value: 
key: 150461, value: 
key: 1056, value: 
key: 71284, value: 
key: 788787, value: 
key: 122993, value: 
key: 3620, value: 
key: 353185, value: 
key: 260742, value: 
key: 650861, value: 
key: 296520, value: 
key: 12467, value: 
key: 17232, value: 
key: 703893, value: 
key: 156459, value: 
key: 10052, value: 
key: 23890, value: 
key: 3707, value: 
key: 97404, value: 
key: 455138, value: 
key: 5671, value: 
key: 252867, value: 
key: 840915, value: 
key: 350850, value: 
key: 11607, value: 
key: 7932, value: 
key: 2601, value: 
key: 690058, value: 
key: 270626, value: 
key: 24212, value: 
key: 2036, value: 
key: 5844, value: 
key: 286674, value: 
key: 10793, value: 
key: 154671, value: 
key: 3252, value: 
key: 43100, value: 
key: 4022, value: 
key: 499518, value: 
key: 17143, value: 
key: 54779, value: 
key: 200461, value: 
key: 92537, value: 
key: 258447, value: 
key: 8358, value: 
key: 5153, value: 
key: 31059, value: 
key: 4451, value: 
key: 4617, value: 
key: 18997, value: 
key: 7662, value: 
key: 326, value: 
key: 8824, value: 
key: 24476, value: 
key: 8799, value: 
key: 314, value: 
key: 3419, value: 
key: 25714, value: 
key: 633731, value: 
key: 378, value: 
key: 87351, value: 
key: 147113, value: 
key: 74643, value: 
key: 1435, value: 
key: 11130, value: 
key: 269827, value: 
key: 4613, value: 
key: 82967, value: 
key: 90633, value: 
key: 709, value: 
key: 1226, value: 
key: 11033, value: 
key: 67287, value: 
key: 21526, value: 
key: 1805, value: 
key: 7839, value: 
key: 5817, value: 
key: 12916, value: 
key: 12405, value: 
key: 22366, value: 
key: 22795, value: 
key: 19185, value: 
key: 14445, value: 
key: 244213, value: 
key: 17123, value: 
key: 11185, value: 
key: 1480, value: 
key: 51626, value: 
key: 466336, value: 
key: 109973, value: 
key: 113363, value: 
key: 1296, value: 
key: 14587, value: 
key: 519025, value: 
key: 9491, value: 
key: 76272, value: 
key: 23576, value: 
key: 5864, value: 
key: 81625, value: 
key: 11457, value: 
key: 16768, value: 
key: 565510, value: 
key: 622606, value: 
key: 486876, value: 
key: 49251, value: 
key: 372783, value: 
key: 3867, value: 
key: 61382, value: 
key: 908, value: 
key: 320662, value: 
key: 67575, value: 
key: 9329, value: 
key: 57281, value: 
key: 31803, value: 
key: 181497, value: 
key: 921804, value: 
key: 246591, value: 
key: 11855, value: 
key: 5841, value: 
key: 411555, value: 
key: 353656, value: 
key: 20499, value: 
key: 50948, value: 
key: 31872, value: 
key: 27436, value: 
key: 97936, value: 
key: 175449, value: 
key: 95273, value: 
key: 11460, value: 
key: 70459, value: 
key: 3000, value: 
key: 23675, value: 
key: 425940, value: 
key: 598408, value: 
key: 92500, value: 
key: 650953, value: 
key: 100941, value: 
key: 2733, value: 
key: 16386, value: 
key: 618951, value: 
key: 1963, value: 
key: 57, value: 
key: 62077, value: 
key: 133825, value: 
key: 4173, value: 
key: 47221, value: 
key: 722, value: 
key: 46530, value: 
key: 620, value: 
key: 22608, value: 
key: 90013, value: 
key: 15667, value: 
key: 71665, value: 
key: 4855, value: 
key: 207786, value: 
key: 71749, value: 
key: 311342, value: 
key: 178416, value: 
key: 62662, value: 
key: 652509, value: 
key: 71239, value: 
key: 453685, value: 
key: 32343, value: 
key: 14609, value: 
key: 3611, value: 
key: 7014, value: 
key: 7809, value: 
key: 300, value: 
key: 29572, value: 
key: 1651, value: 
key: 5189, value: 
key: 158, value: 
key: 19444, value: 
key: 136569, value: 
key: 383, value: 
key: 354283, value: 
key: 12755, value: 
key: 2704, value: 
key: 5193, value: 
key: 148543, value: 
key: 132956, value: 
key: 158391, value: 
key: 47882, value: 
key: 82370, value: 
key: 47813, value: 
key: 24235, value: 
key: 31698, value: 
key: 12554, value: 
key: 17166, value: 
key: 43890, value: 
key: 347643, value: 
key: 449337, value: 
key: 398235, value: 
key: 3752, value: 
key: 456761, value: 
key: 147427, value: 
key: 72317, value: 
key: 29301, value: 
key: 10305, value: 
key: 1838, value: 
key: 878760, value: 
key: 86546, value: 
key: 2571, value: 
key: 35858, value: 
key: 153375, value: 
key: 125589, value: 
key: 65752, value: 
key: 7637, value: 
key: 289686, value: 
key: 300343, value: 
key: 172439, value: 
key: 12468, value: 
key: 55204, value: 
key: 996368, value: 
key: 771732, value: 
key: 241690, value: 
key: 8576, value: 
key: 21844, value: 
key: 586588, value: 
key: 14229, value: 
key: 191482, value: 
key: 216747, value: 
key: 308667, value: 
key: 300313, value: 
key: 89900, value: 
key: 17589, value: 
key: 708259, value: 
key: 50, value: 
key: 25616, value: 
key: 3375, value: 
key: 38656, value: 
key: 34882, value: 
key: 3268, value: 
key: 3068, value: 
key: 42383, value: 
key: 107131, value: 
key: 348846, value: 
key: 235, value: 
key: 621140, value: 
key: 22391, value: 
key: 705, value: 
key: 245163, value: 
key: 36061, value: 
key: 215605, value: 
key: 182533, value: 
key: 31205, value: 
key: 19644, value: 
key: 301199, value: 
key: 54892, value: 
key: 18409, value: 
key: 1496, value: 
key: 260544, value: 
key: 37952, value: 
key: 166553, value: 
key: 10590, value: 
key: 281678, value: 
key: 7477, value: 
key: 105779, value: 
key: 703389, value: 
key: 6314, value: 
key: 44531, value: 
key: 4982, value: 
key: 75075, value: 
key: 38430, value: 
key: 408304, value: 
key: 387937, value: 
key: 1505, value: 
key: 21891, value: 
key: 1417, value: 
key: 13007, value: 
key: 94167, value: 
key: 8233, value: 
key: 257930, value: 
key: 3166, value: 
key: 5923, value: 
key: 182228, value: 
key: 12335, value: 
key: 19067, value: 
key: 29445, value: 
key: 22813, value: 
key: 1922, value: 
key: 208789, value: 
key: 543306, value: 
key: 561092, value: 
key: 251, value: 
key: 168374, value: 
key: 24144, value: 
key: 60769, value: 
key: 77860, value: 
key: 27866, value: 
key: 5868, value: 
key: 67168, value: 
key: 67180, value: 
key: 922465, value: 
key: 46140, value: 
key: 337286, value: 
key: 31494, value: 
key: 47513, value: 
key: 33142, value: 
key: 7331, value: 
key: 131205, value: 
key: 1186, value: 
key: 15459, value: 
key: 13710, value: 
key: 2584, value: 
key: 768293, value: 
key: 108925, value: 
key: 32994, value: 
key: 11045, value: 
key: 9743, value: 
key: 42738, value: 
key: 2293, value: 
key: 622591, value: 
key: 808432, value: 
key: 607, value: 
key: 15430, value: 
key: 2928, value: 
key: 804055, value: 
key: 22289, value: 
key: 216153, value: 
key: 324257, value: 
key: 765138, value: 
key: 132630, value: 
key: 434947, value: 
key: 725, value: 
key: 81631, value: 
key: 663668, value: 
key: 27126, value: 
key: 19547, value: 
key: 2867, value: 
key: 7235, value: 
key: 153427, value: 
key: 34346, value: 
key: 644, value: 
key: 10068, value: 
key: 841282, value: 
key: 218195, value: 
key: 32664, value: 
key: 364162, value: 
key: 7574, value: 
key: 387469, value: 
key: 331719, value: 
key: 19382, value: 
key: 6854, value: 
key: 79, value: 
key: 569441, value: 
key: 363972, value: 
key: 83377, value: 
key: 189037, value: 
key: 170111, value: 
key: 1904, value: 
key: 8925, value: 
key: 34068, value: 
key: 1193, value: 
key: 2883, value: 
key: 251536, value: 
key: 649552, value: 
key: 3738, value: 
key: 692293, value: 
key: 253174, value: 
key: 787923, value: 
key: 31697, value: 
key: 24674, value: 
key: 38807, value: 
key: 99615, value: 
key: 301580, value: 
key: 1167, value: 
key: 33687, value: 
key: 23357, value: 
key: 669220, value: 
key: 957639, value: 
key: 6099, value: 
key: 236, value: 
key: 35821, value: 
key: 54350, value: 
key: 970, value: 
key: 525, value: 
key: 20066, value: 
key: 63067, value: 
key: 248156, value: 
key: 158440, value: 
key: 395, value: 
key: 23268, value: 
key: 40595, value: 
key: 3807, value: 
key: 57578, value: 
key: 5510, value: 
key: 2104, value: 
key: 56021, value: 
key: 1070, value: 
key: 908791, value: 
key: 4118, value: 
key: 252547, value: 
key: 9989, value: 
key: 7386, value: 
key: 619411, value: 
key: 9419, value: 
key: 474286, value: 
key: 2512, value: 
key: 782695, value: 
key: 582367, value: 
key: 685730, value: 
key: 35697, value: 
key: 814502, value: 
key: 389665, value: 
key: 583978, value: 
key: 3860, value: 
key: 978371, value: 
key: 261586, value: 
key: 18441, value: 
key: 36951, value: 
key: 549452, value: 
key: 896355, value: 
key: 30486, value: 
key: 16196, value: 
key: 224613, value: 
key: 111289, value: 
key: 15452, value: 
key: 9626, value: 
key: 14145, value: 
key: 11787, value: 
key: 450429, value: 
key: 1285, value: 
key: 17227, value: 
key: 705685, value: 
key: 9352, value: 
key: 825604, value: 
key: 38353, value: 
key: 489019, value: 
key: 8238, value: 
key: 389135, value: 
key: 358313, value: 
key: 682406, value: 
key: 5291, value: 
key: 16572, value: 
key: 6751, value: 
key: 5549, value: 
key: 5585, value: 
key: 9313, value: 
key: 80656, value: 
key: 934012, value: 
key: 13887, value: 
key: 223793, value: 
key: 638104, value: 
key: 103541, value: 
key: 14162, value: 
key: 803394, value: 
key: 9024, value: 
key: 5684, value: 
key: 729719, value: 
key: 64311, value: 
key: 106831, value: 
key: 270392, value: 
key: 498843, value: 
key: 967928, value: 
key: 1421, value: 
key: 5354, value: 
key: 706499, value: 
key: 328915, value: 
key: 313286, value: 
key: 4720, value: 
key: 140754, value: 
key: 35625, value: 
key: 652324, value: 
key: 208599, value: 
key: 27853, value: 
key: 220, value: 
key: 57368, value: 
key: 17023, value: 
key: 9863, value: 
key: 36128, value: 
key: 241737, value: 
key: 134441, value: 
key: 370912, value: 
key: 591560, value: 
key: 8601, value: 
key: 351798, value: 
key: 12904, value: 
key: 693492, value: 
key: 6416, value: 
key: 558690, value: 
key: 848215, value: 
key: 18415, value: 
key: 1633, value: 
key: 8819, value: 
key: 193625, value: 
key: 28011, value: 
key: 305702, value: 
key: 23344, value: 
key: 25711, value: 
key: 1151, value: 
key: 266103, value: 
key: 238375, value: 
key: 2772, value: 
key: 54604, value: 
key: 3261, value: 
key: 882797, value: 
key: 73527, value: 
key: 16804, value: 
key: 9918, value: 
key: 121590, value: 
key: 553167, value: 
key: 4979, value: 
key: 66123, value: 
key: 570413, value: 
key: 265046, value: 
key: 1333, value: 
key: 21718, value: 
key: 4503, value: 
key: 233045, value: 
key: 18748, value: 
key: 33814, value: 
key: 6995, value: 
key: 171014, value: 
key: 4838, value: 
key: 1014, value: 
key: 2968, value: 
key: 276295, value: 
key: 649261, value: 
key: 660750, value: 
key: 101302, value: 
key: 257214, value: 
key: 15336, value: 
key: 424792, value: 
key: 315983, value: 
key: 219404, value: 
key: 300805, value: 
key: 408318, value: 
key: 4456, value: 
key: 972041, value: 
key: 3390, value: 
key: 360633, value: 
key: 5519, value: 
key: 27752, value: 
key: 380479, value: 
key: 375176, value: 
key: 35104, value: 
key: 1055, value: 
key: 6744, value: 
key: 1811, value: 
key: 855524, value: 
key: 5674, value: 
key: 134523, value: 
key: 323621, value: 
key: 11732, value: 
key: 48433, value: 
key: 69263, value: 
key: 10773, value: 
key: 28043, value: 
key: 883166, value: 
key: 28467, value: 
key: 3980, value: 
key: 51218, value: 
key: 1217, value: 
key: 387, value: 
key: 231539, value: 
key: 287721, value: 
key: 1692, value: 
key: 3917, value: 
key: 10692, value: 
key: 272233, value: 
key: 139867, value: 
key: 182, value: 
key: 644537, value: 
key: 2140, value: 
key: 562, value: 
key: 2585, value: 
key: 99098, value: 
key: 3544, value: 
key: 115820, value: 
key: 4622, value: 
key: 20448, value: 
key: 121255, value: 
key: 101072, value: 
key: 413067, value: 
key: 49300, value: 
key: 25529, value: 
key: 25103, value: 
key: 299542, value: 
key: 5261, value: 
key: 986808, value: 
key: 691576, value: 
key: 13557, value: 
key: 18280, value: 
key: 392356, value: 
key: 3528, value: 
key: 1969, value: 
key: 23723, value: 
key: 23547, value: 
key: 266691, value: 
key: 47022, value: 
key: 395079, value: 
key: 2679, value: 
key: 941515, value: 
key: 2666, value: 
key: 311093, value: 
key: 8951, value: 
key: 14380, value: 
key: 525218, value: 
key: 459331, value: 
key: 20956, value: 
key: 6201, value: 
key: 5995, value: 
key: 7453, value: 
key: 295099, value: 
key: 67404, value: 
key: 717467, value: 
key: 38433, value: 
key: 3983, value: 
key: 633210, value: 
key: 259735, value: 
key: 10789, value: 
key: 358925, value: 
key: 73081, value: 
key: 8856, value: 
key: 633275, value: 
key: 2297, value: 
key: 1378, value: 
key: 23823, value: 
key: 9674, value: 
key: 7510, value: 
key: 315545, value: 
key: 66188, value: 
key: 6359, value: 
key: 14, value: 
key: 26369, value: 
key: 9473, value: 
key: 674332, value: 
key: 2117, value: 
key: 38860, value: 
key: 25898, value: 
key: 910581, value: 
key: 10090, value: 
key: 110581, value: 
key: 211083, value: 
key: 18416, value: 
key: 175874, value: 
key: 58522, value: 
key: 1887, value: 
key: 23926, value: 
key: 20474, value: 
key: 991656, value: 
key: 11784, value: 
key: 5410, value: 
key: 845, value: 
key: 603123, value: 
key: 33216, value: 
key: 3199, value: 
key: 238880, value: 
key: 1917, value: 
key: 726, value: 
key: 183045, value: 
key: 731473, value: 
key: 97292, value: 
key: 229051, value: 
key: 781271, value: 
key: 53945, value: 
key: 93196, value: 
key: 2443, value: 
key: 4341, value: 
key: 226028, value: 
key: 13250, value: 
key: 4300, value: 
key: 66195, value: 
key: 13882, value: 
key: 14127, value: 
key: 71837, value: 
key: 716, value: 
key: 333121, value: 
key: 2851, value: 
key: 10517, value: 
key: 35011, value: 
key: 146079, value: 
key: 12464, value: 
key: 8213, value: 
key: 25894, value: 
key: 532501, value: 
key: 71951, value: 
key: 319004, value: 
key: 198768, value: 
key: 781770, value: 
key: 338631, value: 
key: 122794, value: 
key: 327279, value: 
key: 9619, value: 
key: 912516, value: 
key: 80610, value: 
key: 497497, value: 
key: 680857, value: 
key: 47051, value: 
key: 748232, value: 
key: 161688, value: 
key: 110761, value: 
key: 178396, value: 
key: 208800, value: 
key: 22434, value: 
key: 408412, value: 
key: 104415, value: 
key: 19922, value: 
key: 17543, value: 
key: 829, value: 
key: 3469, value: 
key: 15004, value: 
key: 52863, value: 
key: 548696, value: 
key: 11726, value: 
key: 8761, value: 
key: 58087, value: 
key: 19888, value: 
key: 101, value: 
key: 37951, value: 
key: 173650, value: 
key: 9833, value: 
key: 76700, value: 
key: 8075, value: 
key: 317383, value: 
key: 186173, value: 
key: 80428, value: 
key: 641858, value: 
key: 21802, value: 
key: 9327, value: 
key: 5395, value: 
key: 937586, value: 
key: 27241, value: 
key: 708, value: 
key: 201084, value: 
key: 59766, value: 
key: 129918, value: 
key: 17496, value: 
key: 554, value: 
key: 130732, value: 
key: 21032, value: 
key: 61364, value: 
key: 108944, value: 
key: 146071, value: 
key: 18151, value: 
key: 109505, value: 
key: 835979, value: 
key: 904009, value: 
key: 606, value: 
key: 2622, value: 
key: 13674, value: 
key: 27280, value: 
key: 43261, value: 
key: 167837, value: 
key: 23017, value: 
key: 182957, value: 
key: 245310, value: 
key: 7598, value: 
key: 2719, value: 
key: 16143, value: 
key: 232560, value: 
key: 128516, value: 
key: 21914, value: 
key: 641789, value: 
key: 271835, value: 
key: 531274, value: 
key: 2120, value: 
key: 27231, value: 
key: 637199, value: 
key: 300792, value: 
key: 70574, value: 
key: 516131, value: 
key: 823981, value: 
key: 1183, value: 
key: 6831, value: 
key: 6728, value: 
key: 8303, value: 
key: 6213, value: 
key: 295508, value: 
key: 26929, value: 
key: 46070, value: 
key: 303082, value: 
key: 567120, value: 
key: 2665, value: 
key: 479654, value: 
key: 1598, value: 
key: 60896, value: 
key: 11662, value: 
key: 7192, value: 
key: 34419, value: 
key: 516822, value: 
key: 90391, value: 
key: 5415, value: 
key: 498200, value: 
key: 231325, value: 
key: 14406, value: 
key: 152292, value: 
key: 107010, value: 
key: 25011, value: 
key: 13729, value: 
key: 129144, value: 
key: 639496, value: 
key: 24604, value: 
key: 399308, value: 
key: 269294, value: 
key: 320105, value: 
key: 18114, value: 
key: 708337, value: 
key: 58474, value: 
key: 178517, value: 
key: 63803, value: 
key: 142323, value: 
key: 24558, value: 
key: 134005, value: 
key: 20805, value: 
key: 3708, value: 
key: 697987, value: 
key: 35158, value: 
key: 508268, value: 
key: 14634, value: 
key: 22449, value: 
key: 307074, value: 
key: 135508, value: 
key: 2283, value: 
key: 3739, value: 
key: 84438, value: 
key: 25041, value: 
key: 1777, value: 
key: 13658, value: 
key: 17119, value: 
key: 167804, value: 
key: 59429, value: 
key: 6107, value: 
key: 69703, value: 
key: 56347, value: 
key: 13154, value: 
key: 36722, value: 
key: 41713, value: 
key: 50417, value: 
key: 128444, value: 
key: 246243, value: 
key: 3837, value: 
key: 70082, value: 
key: 206330, value: 
key: 4740, value: 
key: 63056, value: 
key: 9987, value: 
key: 67748, value: 
key: 340, value: 
key: 102748, value: 
key: 129202, value: 
key: 1656, value: 
key: 57438, value: 
key: 27385, value: 
key: 58506, value: 
key: 1532, value: 
key: 131603, value: 
key: 2790, value: 
key: 841116, value: 
key: 501332, value: 
key: 209155, value: 
key: 4989, value: 
key: 178326, value: 
key: 770964, value: 
key: 66410, value: 
key: 1953, value: 
key: 43060, value: 
key: 862134, value: 
key: 1270, value: 
key: 2868, value: 
key: 40171, value: 
key: 37459, value: 
key: 276904, value: 
key: 358014, value: 
key: 834233, value: 
key: 327065, value: 
key: 3379, value: 
key: 9436, value: 
key: 33608, value: 
key: 34865, value: 
key: 299312, value: 
key: 26442, value: 
key: 10612, value: 
key: 3676, value: 
key: 242546, value: 
key: 2697, value: 
key: 205092, value: 
key: 469, value: 
key: 29570, value: 
key: 941633, value: 
key: 79247, value: 
key: 89046, value: 
key: 17659, value: 
key: 92289, value: 
key: 1119, value: 
key: 104155, value: 
key: 9648, value: 
key: 50001, value: 
key: 50825, value: 
key: 557963, value: 
key: 3048, value: 
key: 460, value: 
key: 77104, value: 
key: 93726, value: 
key: 180602, value: 
key: 286755, value: 
key: 450669, value: 
key: 3129, value: 
key: 876, value: 
key: 144905, value: 
key: 18102, value: 
key: 797350, value: 
key: 297514, value: 
key: 67963, value: 
key: 576906, value: 
key: 356478, value: 
key: 2596, value: 
key: 17095, value: 
key: 3255, value: 
key: 5649, value: 
key: 13690, value: 
key: 8022, value: 
key: 56086, value: 
key: 12305, value: 
key: 51562, value: 
key: 3017, value: 
key: 49009, value: 
key: 10801, value: 
key: 78, value: 
key: 30235, value: 
key: 4084, value: 
key: 35666, value: 
key: 2501, value: 
key: 463107, value: 
key: 100829, value: 
key: 527381, value: 
key: 35655, value: 
key: 778784, value: 
key: 3607, value: 
key: 953660, value: 
key: 257180, value: 
key: 258436, value: 
key: 19223, value: 
key: 350812, value: 
key: 310, value: 
key: 146736, value: 
key: 501385, value: 
key: 12395, value: 
key: 61195, value: 
key: 825649, value: 
key: 71878, value: 
key: 19879, value: 
key: 523474, value: 
key: 6181, value: 
key: 424346, value: 
key: 380602, value: 
key: 3130, value: 
key: 38643, value: 
key: 5059, value: 
key: 991930, value: 
key: 30435, value: 
key: 21996, value: 
key: 198007, value: 
key: 364581, value: 
key: 187676, value: 
key: 1776, value: 
key: 1253, value: 
key: 1658, value: 
key: 49199, value: 
key: 41103, value: 
key: 894985, value: 
key: 820, value: 
key: 489, value: 
key: 34864, value: 
key: 6210, value: 
key: 13897, value: 
key: 11595, value: 
key: 453622, value: 
key: 255, value: 
key: 308565, value: 
key: 25031, value: 
key: 167335, value: 
key: 131844, value: 
key: 10855, value: 
key: 1016, value: 
key: 93212, value: 
key: 347293, value: 
key: 5580, value: 
key: 81302, value: 
key: 31434, value: 
key: 47482, value: 
key: 256616, value: 
key: 10453, value: 
key: 2539, value: 
key: 14913, value: 
key: 28382, value: 
key: 201186, value: 
key: 2416, value: 
key: 215842, value: 
key: 115551, value: 
key: 20125, value: 
key: 104831, value: 
key: 54660, value: 
key: 91891, value: 
key: 836202, value: 
key: 99447, value: 
key: 11652, value: 
key: 26910, value: 
key: 325991, value: 
key: 483288, value: 
key: 10556, value: 
key: 18509, value: 
key: 10281, value: 
key: 28446, value: 
key: 87101, value: 
key: 41, value: 
key: 354074, value: 
key: 302395, value: 
key: 2606, value: 
key: 39427, value: 
key: 527170, value: 
key: 77434, value: 
key: 13298, value: 
key: 5184, value: 
key: 5092, value: 
key: 24697, value: 
key: 10570, value: 
key: 354815, value: 
key: 130243, value: 
key: 677884, value: 
key: 336675, value: 
key: 859503, value: 
key: 523030, value: 
key: 129, value: 
key: 70024, value: 
key: 936919, value: 
key: 35529, value: 
key: 43151, value: 
key: 2635, value: 
key: 9536, value: 
key: 1889, value: 
key: 418182, value: 
key: 23786, value: 
key: 105, value: 
key: 6748, value: 
key: 3347, value: 
key: 887, value: 
key: 310864, value: 
key: 601054, value: 
key: 644891, value: 
key: 241644, value: 
key: 5055, value: 
key: 12576, value: 
key: 528546, value: 
key: 285833, value: 
key: 247171, value: 
key: 28675, value: 
key: 1089, value: 
key: 270123, value: 
key: 1208, value: 
key: 26946, value: 
key: 12683, value: 
key: 20524, value: 
key: 1004, value: 
key: 1676, value: 
key: 1373, value: 
key: 327101, value: 
key: 849, value: 
key: 5759, value: 
key: 77533, value: 
key: 379872, value: 
key: 20783, value: 
key: 19731, value: 
key: 36665, value: 
key: 132655, value: 
key: 42540, value: 
key: 110946, value: 
key: 922177, value: 
key: 689929, value: 
key: 6001, value: 
key: 2828, value: 
key: 299674, value: 
key: 13846, value: 
key: 1611, value: 
key: 6439, value: 
key: 4160, value: 
key: 7482, value: 
key: 11567, value: 
key: 232263, value: 
key: 234563, value: 
key: 4905, value: 
key: 375944, value: 
key: 256923, value: 
key: 110385, value: 
key: 3535, value: 
key: 3717, value: 
key: 606835, value: 
key: 39131, value: 
key: 58863, value: 
key: 3041, value: 
key: 705635, value: 
key: 241212, value: 
key: 663248, value: 
key: 849050, value: 
key: 40964, value: 
key: 188541, value: 
key: 359814, value: 
key: 162970, value: 
key: 186718, value: 
key: 227, value: 
key: 7868, value: 
key: 114195, value: 
key: 76585, value: 
key: 2626, value: 
key: 19332, value: 
key: 181684, value: 
key: 31458, value: 
key: 46327, value: 
key: 7665, value: 
key: 205724, value: 
key: 5088, value: 
key: 54816, value: 
key: 333126, value: 
key: 5627, value: 
key: 772043, value: 
key: 2288, value: 
key: 49059, value: 
key: 118113, value: 
key: 119250, value: 
key: 19637, value: 
key: 240, value: 
key: 349922, value: 
key: 11389, value: 
key: 287007, value: 
key: 41226, value: 
key: 1822, value: 
key: 794238, value: 
key: 7347, value: 
key: 59954, value: 
key: 1165, value: 
key: 40111, value: 
key: 976527, value: 
key: 4180, value: 
key: 226760, value: 
key: 12495, value: 
key: 8634, value: 
key: 120668, value: 
key: 84633, value: 
key: 12819, value: 
key: 84605, value: 
key: 340008, value: 
key: 339288, value: 
key: 600693, value: 
key: 260333, value: 
key: 163670, value: 
key: 37922, value: 
key: 3386, value: 
key: 716465, value: 
key: 5299, value: 
key: 4400, value: 
key: 14494, value: 
key: 206455, value: 
key: 358766, value: 
key: 28175, value: 
key: 586139, value: 
key: 32084, value: 
key: 5343, value: 
key: 117, value: 
key: 197977, value: 
key: 116987, value: 
key: 422, value: 
key: 101305, value: 
key: 368754, value: 
key: 17858, value: 
key: 468366, value: 
key: 7660, value: 
key: 290030, value: 
key: 9353, value: 
key: 115, value: 
key: 4971, value: 
key: 720518, value: 
key: 6832, value: 
key: 4237, value: 
key: 54783, value: 
key: 24899, value: 
key: 7995, value: 
key: 831, value: 
key: 279829, value: 
key: 7481, value: 
key: 2646, value: 
key: 892354, value: 
key: 633093, value: 
key: 12117, value: 
key: 22098, value: 
key: 817909, value: 
key: 35181, value: 
key: 346328, value: 
key: 782729, value: 
key: 75909, value: 
key: 603874, value: 
key: 9543, value: 
key: 288843, value: 
key: 847878, value: 
key: 20977, value: 
key: 33530, value: 
key: 48080, value: 
key: 8069, value: 
key: 23274, value: 
key: 58189, value: 
key: 617, value: 
key: 1023, value: 
key: 74976, value: 
key: 26321, value: 
key: 125832, value: 
key: 227375, value: 
key: 3235, value: 
key: 285, value: 
key: 2614, value: 
key: 861, value: 
key: 50766, value: 
key: 81185, value: 
key: 17568, value: 
key: 167449, value: 
key: 17982, value: 
key: 59590, value: 
key: 342560, value: 
key: 1851, value: 
key: 306240, value: 
key: 306558, value: 
key: 45234, value: 
key: 358433, value: 
key: 722427, value: 
key: 183236, value: 
key: 6343, value: 
key: 156925, value: 
key: 270558, value: 
key: 311061, value: 
key: 11943, value: 
key: 3231, value: 
key: 160349, value: 
key: 124004, value: 
key: 628034, value: 
key: 642238, value: 
key: 1738, value: 
key: 22541, value: 
key: 16724, value: 
key: 89963, value: 
key: 135411, value: 
key: 27712, value: 
key: 640, value: 
key: 296278, value: 
key: 303, value: 
key: 22776, value: 
key: 1476, value: 
key: 8926, value: 
key: 548419, value: 
key: 33617, value: 
key: 9469, value: 
key: 105977, value: 
key: 416450, value: 
key: 495461, value: 
key: 279801, value: 
key: 1536, value: 
key: 2794, value: 
key: 829926, value: 
key: 331769, value: 
key: 50486, value: 
key: 33097, value: 
key: 1644, value: 
key: 1853, value: 
key: 8114, value: 
key: 10842, value: 
key: 1449, value: 
key: 901814, value: 
key: 75969, value: 
key: 20871, value: 
key: 272603, value: 
key: 196880, value: 
key: 175912, value: 
key: 5946, value: 
key: 5355, value: 
key: 8562, value: 
key: 4108, value: 
key: 17808, value: 
key: 1013, value: 
key: 320, value: 
key: 576793, value: 
key: 8295, value: 
key: 22124, value: 
key: 69042, value: 
key: 1912, value: 
key: 17707, value: 
key: 93091, value: 
key: 897379, value: 
key: 502609, value: 
key: 69342, value: 
key: 62182, value: 
key: 11707, value: 
key: 405023, value: 
key: 585325, value: 
key: 766, value: 
key: 614884, value: 
key: 19654, value: 
key: 952, value: 
key: 531386, value: 
key: 60460, value: 
key: 877943, value: 
key: 391776, value: 
key: 709113, value: 
key: 183936, value: 
key: 1005, value: 
key: 4520, value: 
key: 326459, value: 
key: 567996, value: 
key: 4428, value: 
key: 179439, value: 
key: 136087, value: 
key: 15638, value: 
key: 577549, value: 
key: 682427, value: 
key: 686857, value: 
key: 9826, value: 
key: 2353, value: 
key: 8557, value: 
key: 130109, value: 
key: 194369, value: 
key: 6844, value: 
key: 379364, value: 
key: 839726, value: 
key: 904, value: 
key: 161339, value: 
key: 918, value: 
key: 22453, value: 
key: 69616, value: 
key: 307354, value: 
key: 376021, value: 
key: 55669, value: 
key: 40572, value: 
key: 10109, value: 
key: 1106, value: 
key: 16916, value: 
key: 316, value: 
key: 6143, value: 
key: 38978, value: 
key: 733777, value: 
key: 595979, value: 
key: 578934, value: 
key: 4392, value: 
key: 11924, value: 
key: 1095, value: 
key: 3049, value: 
key: 180253, value: 
key: 106654, value: 
key: 15907, value: 
key: 772, value: 
key: 73887, value: 
key: 15925, value: 
key: 1073, value: 
key: 193147, value: 
key: 662, value: 
key: 1200, value: 
key: 40257, value: 
key: 73794, value: 
key: 533345, value: 
key: 1762, value: 
key: 16222, value: 
key: 988, value: 
key: 2802, value: 
key: 22522, value: 
key: 8, value: 
key: 607609, value: 
key: 352544, value: 
key: 10100, value: 
key: 26312, value: 
key: 86380, value: 
key: 763762, value: 
key: 54703, value: 
key: 65405, value: 
key: 452321, value: 
key: 56518, value: 
key: 10728, value: 
key: 446887, value: 
key: 19360, value: 
key: 3085, value: 
key: 36662, value: 
key: 236738, value: 
key: 2660, value: 
key: 44103, value: 
key: 83253, value: 
key: 18957, value: 
key: 4038, value: 
key: 55379, value: 
key: 24810, value: 
key: 112113, value: 
key: 1196, value: 
key: 304461, value: 
key: 393119, value: 
key: 1612, value: 
key: 134973, value: 
key: 817, value: 
key: 1276, value: 
key: 30325, value: 
key: 357154, value: 
key: 867466, value: 
key: 937867, value: 
key: 7234, value: 
key: 360892, value: 
key: 4776, value: 
key: 494251, value: 
key: 251077, value: 
key: 15332, value: 
key: 3869, value: 
key: 62281, value: 
key: 328629, value: 
key: 137636, value: 
key: 8244, value: 
key: 354, value: 
key: 11774, value: 
key: 24439, value: 
key: 185160, value: 
key: 373095, value: 
key: 98667, value: 
key: 92249, value: 
key: 381570, value: 
key: 1795, value: 
key: 445725, value: 
key: 67916, value: 
key: 35856, value: 
key: 15088, value: 
key: 2221, value: 
key: 40950, value: 
key: 261886, value: 
key: 29525, value: 
key: 173052, value: 
key: 131896, value: 
key: 143, value: 
key: 3098, value: 
key: 195298, value: 
key: 20701, value: 
key: 668, value: 
key: 3141, value: 
key: 3605, value: 
key: 2936, value: 
key: 205337, value: 
key: 8995, value: 
key: 302064, value: 
key: 208411, value: 
key: 6237, value: 
key: 202930, value: 
key: 205374, value: 
key: 3133, value: 
key: 1401, value: 
key: 762871, value: 
key: 594, value: 
key: 149297, value: 
key: 197730, value: 
key: 726344, value: 
key: 33245, value: 
key: 324, value: 
key: 353, value: 
key: 12, value: 
key: 100215, value: 
key: 142186, value: 
key: 17476, value: 
key: 3621, value: 
key: 778368, value: 
key: 100133, value: 
key: 42005, value: 
key: 164943, value: 
key: 9679, value: 
key: 129541, value: 
key: 92321, value: 
key: 269369, value: 
key: 32160, value: 
key: 200249, value: 
key: 35006, value: 
key: 109877, value: 
key: 4578, value: 
key: 780864, value: 
key: 3554, value: 
key: 42915, value: 
key: 333, value: 
key: 569, value: 
key: 318082, value: 
key: 20426, value: 
key: 125, value: 
key: 3120, value: 
key: 4476, value: 
key: 268565, value: 
key: 23271, value: 
key: 479, value: 
key: 4008, value: 
key: 104536, value: 
key: 542030, value: 
key: 112663, value: 
key: 675748, value: 
key: 292578, value: 
key: 145999, value: 
key: 43483, value: 
key: 3734, value: 
key: 261, value: 
key: 3562, value: 
key: 48975, value: 
key: 307188, value: 
key: 94619, value: 
key: 5409, value: 
key: 191839, value: 
key: 584286, value: 
key: 120037, value: 
key: 23157, value: 
key: 2060, value: 
key: 27771, value: 
key: 720, value: 
key: 706338, value: 
key: 1438, value: 
key: 15531, value: 
key: 160604, value: 
key: 193365, value: 
key: 506, value: 
key: 6287, value: 
key: 435559, value: 
key: 73089, value: 
key: 12620, value: 
key: 905720, value: 
key: 41168, value: 
key: 702058, value: 
key: 41249, value: 
key: 18262, value: 
key: 108166, value: 
key: 111, value: 
key: 158515, value: 
key: 16432, value: 
key: 234025, value: 
key: 420761, value: 
key: 225724, value: 
key: 121602, value: 
key: 34768, value: 
key: 993584, value: 
key: 4254, value: 
key: 820858, value: 
key: 83056, value: 
key: 31223, value: 
key: 13233, value: 
key: 21364, value: 
key: 16492, value: 
key: 4630, value: 
key: 369848, value: 
key: 416408, value: 
key: 33515, value: 
key: 497217, value: 
key: 6064, value: 
key: 149937, value: 
key: 118147, value: 
key: 172805, value: 
key: 43531, value: 
key: 51709, value: 
key: 13301, value: 
key: 227336, value: 
key: 87183, value: 
key: 261625, value: 
key: 63446, value: 
key: 208446, value: 
key: 23463, value: 
key: 39663, value: 
key: 38242, value: 
key: 43216, value: 
key: 19159, value: 
key: 598246, value: 
key: 187947, value: 
key: 14010, value: 
key: 3342, value: 
key: 404002, value: 
key: 10110, value: 
key: 27708, value: 
key: 296106, value: 
key: 340676, value: 
key: 326016, value: 
key: 1957, value: 
key: 199830, value: 
key: 145031, value: 
key: 8906, value: 
key: 86716, value: 
key: 203995, value: 
key: 648, value: 
key: 130, value: 
key: 1105, value: 
key: 5762, value: 
key: 3090, value: 
key: 16030, value: 
key: 820577, value: 
key: 155113, value: 
key: 2082, value: 
key: 4219, value: 
key: 1823, value: 
key: 92142, value: 
key: 982648, value: 
key: 92860, value: 
key: 362731, value: 
key: 62303, value: 
key: 4998, value: 
key: 73752, value: 
key: 121633, value: 
key: 67918, value: 
key: 789292, value: 
key: 254345, value: 
key: 128074, value: 
key: 343453, value: 
key: 98685, value: 
key: 20286, value: 
key: 116383, value: 
key: 86551, value: 
key: 173867, value: 
key: 79292, value: 
key: 38830, value: 
key: 20253, value: 
key: 124315, value: 
key: 513, value: 
key: 143507, value: 
key: 178179, value: 
key: 127513, value: 
key: 815990, value: 
key: 2464, value: 
key: 3600, value: 
key: 29540, value: 
key: 228602, value: 
key: 9654, value: 
key: 239844, value: 
key: 379, value: 
key: 34464, value: 
key: 104336, value: 
key: 378541, value: 
key: 23132, value: 
key: 1605, value: 
key: 171493, value: 
key: 47855, value: 
key: 29942, value: 
key: 35615, value: 
key: 526319, value: 
key: 673412, value: 
key: 2520, value: 
key: 779403, value: 
key: 465239, value: 
key: 18791, value: 
key: 9137, value: 
key: 3214, value: 
key: 3787, value: 
key: 629071, value: 
key: 593509, value: 
key: 943262, value: 
key: 37184, value: 
key: 11426, value: 
key: 6260, value: 
key: 930911, value: 
key: 14831, value: 
key: 31282, value: 
key: 20741, value: 
key: 239793, value: 
key: 32634, value: 
key: 4972, value: 
key: 95670, value: 
key: 6407, value: 
key: 188634, value: 
key: 260729, value: 
key: 95883, value: 
key: 838683, value: 
key: 562515, value: 
key: 428078, value: 
key: 24824, value: 
key: 274137, value: 
key: 127324, value: 
key: 15750, value: 
key: 10863, value: 
key: 15002, value: 
key: 13375, value: 
key: 7755, value: 
key: 4880, value: 
key: 2312, value: 
key: 28405, value: 
key: 146492, value: 
key: 5296, value: 
key: 248870, value: 
key: 18896, value: 
key: 233657, value: 
key: 634631, value: 
key: 612, value: 
key: 874, value: 
key: 13661, value: 
key: 23505, value: 
key: 156937, value: 
key: 1541, value: 
key: 320359, value: 
key: 46293, value: 
key: 3263, value: 
key: 69, value: 
key: 25594, value: 
key: 192883, value: 
key: 642990, value: 
key: 2826, value: 
key: 3280, value: 
key: 6872, value: 
key: 30162, value: 
key: 3834, value: 
key: 85175, value: 
key: 1679, value: 
key: 89, value: 
key: 56063, value: 
key: 594009, value: 
key: 2092, value: 
key: 618095, value: 
key: 550040, value: 
key: 268584, value: 
key: 289690, value: 
key: 115552, value: 
key: 69356, value: 
key: 152001, value: 
key: 430178, value: 
key: 303264, value: 
key: 3015, value: 
key: 4128, value: 
key: 300836, value: 
key: 9391, value: 
key: 11763, value: 
key: 132857, value: 
key: 389479, value: 
key: 124940, value: 
key: 2469, value: 
key: 259285, value: 
key: 164250, value: 
key: 1114, value: 
key: 2574, value: 
key: 30636, value: 
key: 357904, value: 
key: 742189, value: 
key: 403173, value: 
key: 321789, value: 
key: 115611, value: 
key: 2568, value: 
key: 6519, value: 
key: 26342, value: 
key: 23960, value: 
key: 746744, value: 
key: 31366, value: 
key: 4369, value: 
key: 896736, value: 
key: 406456, value: 
key: 581432, value: 
key: 49299, value: 
key: 8286, value: 
key: 1209, value: 
key: 165, value: 
key: 250649, value: 
key: 22945, value: 
key: 18697, value: 
key: 334356, value: 
key: 84738, value: 
key: 300969, value: 
key: 8641, value: 
key: 1402, value: 
key: 144710, value: 
key: 160585, value: 
key: 19140, value: 
key: 242, value: 
key: 8390, value: 
key: 843398, value: 
key: 7378, value: 
key: 118592, value: 
key: 291527, value: 
key: 79069, value: 
key: 345830, value: 
key: 17368, value: 
key: 391, value: 
key: 20100, value: 
key: 242111, value: 
key: 11072, value: 
key: 9186, value: 
key: 1837, value: 
key: 464112, value: 
key: 4623, value: 
key: 150658, value: 
key: 1622, value: 
key: 33340, value: 
key: 63948, value: 
key: 6815, value: 
key: 6142, value: 
key: 818057, value: 
key: 24563, value: 
key: 489499, value: 
key: 2995, value: 
key: 631610, value: 
key: 2206, value: 
key: 3576, value: 
key: 241801, value: 
key: 10303, value: 
key: 71649, value: 
key: 741734, value: 
key: 215357, value: 
key: 466267, value: 
key: 54926, value: 
key: 68720, value: 
key: 22769, value: 
key: 108, value: 
key: 356701, value: 
key: 255763, value: 
key: 47924, value: 
key: 1609, value: 
key: 131189, value: 
key: 260625, value: 
key: 47771, value: 
key: 2898, value: 
key: 464821, value: 
key: 50848, value: 
key: 1218, value: 
key: 11682, value: 
key: 24745, value: 
key: 943, value: 
key: 611045, value: 
key: 154, value: 
key: 214273, value: 
key: 523419, value: 
key: 47640, value: 
key: 532, value: 
key: 3324, value: 
key: 45658, value: 
key: 12714, value: 
key: 81322, value: 
key: 45782, value: 
key: 586413, value: 
key: 4621, value: 
key: 2151, value: 
key: 23216, value: 
key: 53472, value: 
key: 38436, value: 
key: 41539, value: 
key: 171600, value: 
key: 177545, value: 
key: 72911, value: 
key: 208563, value: 
key: 82920, value: 
key: 4361, value: 
key: 60, value: 
key: 18960, value: 
key: 830653, value: 
key: 8285, value: 
key: 19516, value: 
key: 31842, value: 
key: 299057, value: 
key: 416794, value: 
key: 376532, value: 
key: 59684, value: 
key: 138057, value: 
key: 442626, value: 
key: 3788, value: 
key: 51548, value: 
key: 37738, value: 
key: 221802, value: 
key: 4873, value: 
key: 83082, value: 
key: 182912, value: 
key: 4732, value: 
key: 1808, value: 
key: 24484, value: 
key: 345221, value: 
key: 2118, value: 
key: 7173, value: 
key: 4588, value: 
key: 1100, value: 
key: 4085, value: 
key: 51285, value: 
key: 3619, value: 
key: 51, value: 
key: 1734, value: 
key: 112507, value: 
key: 490497, value: 
key: 151812, value: 
key: 137053, value: 
key: 64060, value: 
key: 392685, value: 
key: 525659, value: 
key: 149, value: 
key: 111485, value: 
key: 153101, value: 
key: 157410, value: 
key: 14100, value: 
key: 32413, value: 
key: 6633, value: 
key: 510647, value: 
key: 131504, value: 
key: 360524, value: 
key: 17722, value: 
key: 7227, value: 
key: 1223, value: 
key: 1426, value: 
key: 1556, value: 
key: 10136, value: 
key: 396481, value: 
key: 110370, value: 
key: 1467, value: 
key: 7143, value: 
key: 5058, value: 
key: 16516, value: 
key: 349, value: 
key: 69331, value: 
key: 6159, value: 
key: 26083, value: 
key: 9340, value: 
key: 18369, value: 
key: 325, value: 
key: 351501, value: 
key: 307832, value: 
key: 49062, value: 
key: 27735, value: 
key: 38740, value: 
key: 32788, value: 
key: 3845, value: 
key: 67029, value: 
key: 6881, value: 
key: 443592, value: 
key: 1898, value: 
key: 23699, value: 
key: 61, value: 
key: 1629, value: 
key: 1671, value: 
key: 202807, value: 
key: 201397, value: 
key: 20817, value: 
key: 21661, value: 
key: 171200, value: 
key: 8197, value: 
key: 37213, value: 
key: 14213, value: 
key: 100834, value: 
key: 83064, value: 
key: 33516, value: 
key: 11058, value: 
key: 62482, value: 
key: 72109, value: 
key: 1971, value: 
key: 13, value: 
key: 50511, value: 
key: 2268, value: 
key: 13972, value: 
key: 815721, value: 
key: 2000, value: 
key: 5237, value: 
key: 936842, value: 
key: 3159, value: 
key: 472401, value: 
key: 6330, value: 
key: 707660, value: 
key: 172644, value: 
key: 12202, value: 
key: 179792, value: 
key: 8452, value: 
key: 46404, value: 
key: 3336, value: 
key: 64440, value: 
key: 16548, value: 
key: 4287, value: 
key: 4268, value: 
key: 157390, value: 
key: 20813, value: 
key: 728866, value: 
key: 39200, value: 
key: 223976, value: 
key: 49, value: 
key: 586383, value: 
key: 16298, value: 
key: 8218, value: 
key: 473467, value: 
key: 243410, value: 
key: 2335, value: 
key: 134934, value: 
key: 96361, value: 
key: 415049, value: 
key: 11360, value: 
key: 49308, value: 
key: 24302, value: 
key: 124905, value: 
key: 12514, value: 
key: 3473, value: 
key: 1261, value: 
key: 52851, value: 
key: 29487, value: 
key: 83334, value: 
key: 600126, value: 
key: 279745, value: 
key: 20375, value: 
key: 382333, value: 
key: 746050, value: 
key: 558673, value: 
key: 100134, value: 
key: 27425, value: 
key: 11420, value: 
key: 3585, value: 
key: 4046, value: 
key: 9855, value: 
key: 5039, value: 
key: 1772, value: 
key: 1672, value: 
key: 1404, value: 
key: 974764, value: 
key: 139874, value: 
key: 75396, value: 
key: 463, value: 
key: 719671, value: 
key: 170469, value: 
key: 646272, value: 
key: 69841, value: 
key: 290157, value: 
key: 8124, value: 
key: 4928, value: 
key: 3610, value: 
key: 47710, value: 
key: 16665, value: 
key: 6827, value: 
key: 118261, value: 
key: 54069, value: 
key: 11376, value: 
key: 5997, value: 
key: 8524, value: 
key: 3909, value: 
key: 22051, value: 
key: 17654, value: 
key: 70444, value: 
key: 880, value: 
key: 147, value: 
key: 60658, value: 
key: 8328, value: 
key: 16362, value: 
key: 503862, value: 
key: 869910, value: 
key: 6164, value: 
key: 18544, value: 
key: 118995, value: 
key: 112520, value: 
key: 55719, value: 
key: 234974, value: 
key: 210204, value: 
key: 4779, value: 
key: 620205, value: 
key: 14360, value: 
key: 718, value: 
key: 65732, value: 
key: 964861, value: 
key: 2492, value: 
key: 1450, value: 
key: 44422, value: 
key: 38690, value: 
key: 686518, value: 
key: 5853, value: 
key: 126854, value: 
key: 261890, value: 
key: 5052, value: 
key: 30328, value: 
key: 538325, value: 
key: 596, value: 
key: 11365, value: 
key: 954066, value: 
key: 416060, value: 
key: 58254, value: 
key: 101782, value: 
key: 40354, value: 
key: 22347, value: 
key: 99415, value: 
key: 597311, value: 
key: 104325, value: 
key: 73786, value: 
key: 33003, value: 
key: 18198, value: 
key: 155381, value: 
key: 43166, value: 
key: 7114, value: 
key: 181668, value: 
key: 627, value: 
key: 4553, value: 
key: 12910, value: 
key: 1875, value: 
key: 241141, value: 
key: 88367, value: 
key: 2632, value: 
key: 1059, value: 
key: 68084, value: 
key: 382585, value: 
key: 166623, value: 
key: 3859, value: 
key: 1549, value: 
key: 2513, value: 
key: 599, value: 
key: 4102, value: 
key: 3440, value: 
key: 10308, value: 
key: 51236, value: 
key: 739, value: 
key: 322723, value: 
key: 32456, value: 
key: 53649, value: 
key: 268851, value: 
key: 130733, value: 
key: 258194, value: 
key: 180542, value: 
key: 107988, value: 
key: 3352, value: 
key: 96556, value: 
key: 72422, value: 
key: 210853, value: 
key: 3403, value: 
key: 190503, value: 
key: 100677, value: 
key: 344, value: 
key: 70696, value: 
key: 6327, value: 
key: 711, value: 
key: 1894, value: 
key: 6584, value: 
key: 16598, value: 
key: 80764, value: 
key: 104067, value: 
key: 178010, value: 
key: 132536, value: 
key: 73453, value: 
key: 299, value: 
key: 76244, value: 
key: 608514, value: 
key: 34784, value: 
key: 7872, value: 
key: 956, value: 
key: 57290, value: 
key: 16337, value: 
key: 56790, value: 
key: 11706, value: 
key: 1018, value: 
key: 6512, value: 
key: 23124, value: 
key: 33115, value: 
key: 875328, value: 
key: 15057, value: 
key: 1419, value: 
key: 9974, value: 
key: 102245, value: 
key: 133495, value: 
key: 5495, value: 
key: 1415, value: 
key: 589686, value: 
key: 8010, value: 
key: 1967, value: 
key: 26659, value: 
key: 25579, value: 
key: 1797, value: 
key: 8732, value: 
key: 399171, value: 
key: 533024, value: 
key: 1938, value: 
key: 13352, value: 
key: 998936, value: 
key: 4806, value: 
key: 2729, value: 
key: 351659, value: 
key: 252298, value: 
key: 16778, value: 
key: 23638, value: 
key: 498317, value: 
key: 5982, value: 
key: 24348, value: 
key: 363738, value: 
key: 1649, value: 
key: 66046, value: 
key: 10416, value: 
key: 604, value: 
key: 233025, value: 
key: 218156, value: 
key: 505613, value: 
key: 244850, value: 
key: 2378, value: 
key: 515472, value: 
key: 34431, value: 
key: 23093, value: 
key: 411245, value: 
key: 19571, value: 
key: 4220, value: 
key: 8922, value: 
key: 100563, value: 
key: 128159, value: 
key: 28299, value: 
key: 474137, value: 
key: 20423, value: 
key: 35268, value: 
key: 3477, value: 
key: 40378, value: 
key: 17539, value: 
key: 7158, value: 
key: 98535, value: 
key: 4354, value: 
key: 165174, value: 
key: 2481, value: 
key: 534114, value: 
key: 973799, value: 
key: 4729, value: 
key: 790, value: 
key: 3458, value: 
key: 7311, value: 
key: 6614, value: 
key: 5370, value: 
key: 20271, value: 
key: 16660, value: 
key: 2957, value: 
key: 24157, value: 
key: 68722, value: 
key: 10708, value: 
key: 39192, value: 
key: 193634, value: 
key: 16917, value: 
key: 11436, value: 
key: 529998, value: 
key: 3566, value: 
key: 36835, value: 
key: 130892, value: 
key: 594065, value: 
key: 393013, value: 
key: 710, value: 
key: 52031, value: 
key: 2350, value: 
key: 34192, value: 
key: 520219, value: 
key: 6058, value: 
key: 353822, value: 
key: 54019, value: 
key: 65714, value: 
key: 154384, value: 
key: 169369, value: 
key: 97869, value: 
key: 55330, value: 
key: 34175, value: 
key: 113089, value: 
key: 32113, value: 
key: 71983, value: 
key: 284891, value: 
key: 71642, value: 
key: 7274, value: 
key: 705482, value: 
key: 125061, value: 
key: 597, value: 
key: 1924, value: 
key: 2031, value: 
key: 10229, value: 
key: 796742, value: 
key: 155617, value: 
key: 399958, value: 
key: 49857, value: 
key: 706564, value: 
key: 39019, value: 
key: 84876, value: 
key: 89350, value: 
key: 49941, value: 
key: 496, value: 
key: 1693, value: 
key: 1736, value: 
key: 42613, value: 
key: 1241, value: 
key: 3475, value: 
key: 24309, value: 
key: 16385, value: 
key: 286271, value: 
key: 807923, value: 
key: 71330, value: 
key: 75576, value: 
key: 134879, value: 
key: 1610, value: 
key: 188244, value: 
key: 999, value: 
key: 3265, value: 
key: 105142, value: 
key: 6657, value: 
key: 958096, value: 
key: 812055, value: 
key: 62298, value: 
key: 1984, value: 
key: 797, value: 
key: 18380, value: 
key: 669348, value: 
key: 222801, value: 
key: 23192, value: 
key: 7757, value: 
key: 15519, value: 
key: 569486, value: 
key: 37879, value: 
key: 17302, value: 
key: 126108, value: 
key: 119983, value: 
key: 258865, value: 
key: 234325, value: 
key: 157352, value: 
key: 653343, value: 
key: 8379, value: 
key: 43669, value: 
key: 4026, value: 
key: 2509, value: 
key: 30603, value: 
key: 4358, value: 
key: 222615, value: 
key: 235759, value: 
key: 108234, value: 
key: 2700, value: 
key: 685688, value: 
key: 173581, value: 
key: 48, value: 
key: 16418, value: 
key: 2546, value: 
key: 4823, value: 
key: 183338, value: 
key: 28620, value: 
key: 2609, value: 
key: 159966, value: 
key: 18065, value: 
key: 9559, value: 
key: 2097, value: 
key: 9610, value: 
key: 122655, value: 
key: 257112, value: 
key: 15253, value: 
key: 12717, value: 
key: 2986, value: 
key: 2503, value: 
key: 70104, value: 
key: 840430, value: 
key: 152179, value: 
key: 738396, value: 
key: 888389, value: 
key: 294875, value: 
key: 50983, value: 
key: 59389, value: 
key: 29469, value: 
key: 17230, value: 
key: 13917, value: 
key: 11605, value: 
key: 41922, value: 
key: 2290, value: 
key: 463662, value: 
key: 105030, value: 
key: 479058, value: 
key: 25523, value: 
key: 129528, value: 
key: 663240, value: 
key: 180722, value: 
key: 4567, value: 
key: 614, value: 
key: 7616, value: 
key: 47349, value: 
key: 38416, value: 
key: 480, value: 
key: 18600, value: 
key: 55822, value: 
key: 1545, value: 
key: 453427, value: 
key: 12316, value: 
key: 500056, value: 
key: 33765, value: 
key: 3935, value: 
key: 799392, value: 
key: 19596, value: 
key: 147750, value: 
key: 343327, value: 
key: 35408, value: 
key: 409038, value: 
key: 222113, value: 
key: 124668, value: 
key: 28997, value: 
key: 943062, value: 
key: 1989, value: 
key: 1747, value: 
key: 29626, value: 
key: 4197, value: 
key: 150962, value: 
key: 875443, value: 
key: 19199, value: 
key: 6830, value: 
key: 37984, value: 
key: 997585, value: 
key: 7226, value: 
key: 23227, value: 
key: 202200, value: 
key: 663, value: 
key: 4519, value: 
key: 60373, value: 
key: 1430, value: 
key: 104159, value: 
key: 473056, value: 
key: 144977, value: 
key: 11413, value: 
key: 18718, value: 
key: 25685, value: 
key: 4330, value: 
key: 6645, value: 
key: 20584, value: 
key: 1115, value: 
key: 382130, value: 
key: 247728, value: 
key: 8136, value: 
key: 2494, value: 
key: 2579, value: 
key: 431357, value: 
key: 99676, value: 
key: 78251, value: 
key: 894902, value: 
key: 81797, value: 
key: 867939, value: 
key: 1068, value: 
key: 10481, value: 
key: 28548, value: 
key: 2834, value: 
key: 6066, value: 
key: 100040, value: 
key: 5563, value: 
key: 548796, value: 
key: 117840, value: 
key: 25557, value: 
key: 435232, value: 
key: 105166, value: 
key: 498385, value: 
key: 13878, value: 
key: 1237, value: 
key: 4977, value: 
key: 501, value: 
key: 17573, value: 
key: 8016, value: 
key: 53600, value: 
key: 880906, value: 
key: 1222, value: 
key: 29447, value: 
key: 7355, value: 
key: 5582, value: 
key: 5547, value: 
key: 2997, value: 
key: 70035, value: 
key: 132771, value: 
key: 31600, value: 
key: 17945, value: 
key: 1750, value: 
key: 4788, value: 
key: 14316, value: 
key: 236644, value: 
key: 1891, value: 
key: 11503, value: 
key: 35262, value: 
key: 29405, value: 
key: 12235, value: 
key: 719211, value: 
key: 3627, value: 
key: 98583, value: 
key: 31821, value: 
key: 3726, value: 
key: 215726, value: 
key: 248912, value: 
key: 791915, value: 
key: 5046, value: 
key: 3313, value: 
key: 2892, value: 
key: 33397, value: 
key: 341797, value: 
key: 141829, value: 
key: 17840, value: 
key: 153052, value: 
key: 5560, value: 
key: 89985, value: 
key: 517, value: 
key: 201229, value: 
key: 229942, value: 
key: 191315, value: 
key: 15490, value: 
key: 745659, value: 
key: 43, value: 
key: 397, value: 
key: 363899, value: 
key: 13763, value: 
key: 534505, value: 
key: 486746, value: 
key: 10245, value: 
key: 87971, value: 
key: 486996, value: 
key: 331303, value: 
key: 2963, value: 
key: 141885, value: 
key: 351, value: 
key: 68630, value: 
key: 146587, value: 
key: 118702, value: 
key: 80273, value: 
key: 7440, value: 
key: 17239, value: 
key: 8107, value: 
key: 6361, value: 
key: 56692, value: 
key: 6333, value: 
key: 13850, value: 
key: 502839, value: 
key: 1641, value: 
key: 6225, value: 
key: 6057, value: 
key: 1788, value: 
key: 740127, value: 
key: 1783, value: 
key: 780, value: 
key: 143565, value: 
key: 119122, value: 
key: 66224, value: 
key: 513615, value: 
key: 10797, value: 
key: 2475, value: 
key: 3368, value: 
key: 465, value: 
key: 177229, value: 
key: 51665, value: 
key: 1410, value: 
key: 16007, value: 
key: 21575, value: 
key: 42355, value: 
key: 52090, value: 
key: 42697, value: 
key: 11228, value: 
key: 273813, value: 
key: 68871, value: 
key: 37504, value: 
key: 42583, value: 
key: 20747, value: 
key: 1032, value: 
key: 5711, value: 
key: 5619, value: 
key: 2327, value: 
key: 454679, value: 
key: 19848, value: 
key: 59917, value: 
key: 5799, value: 
key: 202104, value: 
key: 3699, value: 
key: 313048, value: 
key: 153167, value: 
key: 3047, value: 
key: 435399, value: 
key: 19726, value: 
key: 231698, value: 
key: 1835, value: 
key: 598926, value: 
key: 146396, value: 
key: 13132, value: 
key: 26908, value: 
key: 3821, value: 
key: 761264, value: 
key: 1625, value: 
key: 18917, value: 
key: 28089, value: 
key: 255824, value: 
key: 453030, value: 
key: 3809, value: 
key: 12194, value: 
key: 1599, value: 
key: 7653, value: 
key: 4195, value: 
key: 219413, value: 
key: 118643, value: 
key: 68131, value: 
key: 18789, value: 
key: 9710, value: 
key: 2164, value: 
key: 6590, value: 
key: 52621, value: 
key: 762913, value: 
key: 358416, value: 
key: 11339, value: 
key: 153842, value: 
key: 3510, value: 
key: 21376, value: 
key: 10979, value: 
key: 94225, value: 
key: 11680, value: 
key: 58768, value: 
key: 447916, value: 
key: 403057, value: 
key: 73717, value: 
key: 43725, value: 
key: 7270, value: 
key: 224547, value: 
key: 7584, value: 
key: 976484, value: 
key: 1999, value: 
key: 17896, value: 
key: 389676, value: 
key: 10897, value: 
key: 3343, value: 
key: 26915, value: 
key: 8056, value: 
key: 910548, value: 
key: 2798, value: 
key: 611, value: 
key: 59358, value: 
key: 15828, value: 
key: 54731, value: 
key: 4117, value: 
key: 582011, value: 
key: 300488, value: 
key: 2517, value: 
key: 71899, value: 
key: 95453, value: 
key: 1584, value: 
key: 1802, value: 
key: 1260, value: 
key: 277800, value: 
key: 131658, value: 
key: 34341, value: 
key: 7076, value: 
key: 321235, value: 
key: 87069, value: 
key: 426561, value: 
key: 42590, value: 
key: 23941, value: 
key: 598132, value: 
key: 68926, value: 
key: 127512, value: 
key: 74202, value: 
key: 267547, value: 
key: 7531, value: 
key: 21948, value: 
key: 12894, value: 
key: 232770, value: 
key: 14081, value: 
key: 114, value: 
key: 900421, value: 
key: 549588, value: 
key: 794877, value: 
key: 1481, value: 
key: 119, value: 
key: 26990, value: 
key: 3745, value: 
key: 4334, value: 
key: 12247, value: 
key: 17960, value: 
key: 7, value: 
key: 3640, value: 
key: 266301, value: 
key: 358021, value: 
key: 151785, value: 
key: 117443, value: 
key: 145827, value: 
key: 8795, value: 
key: 474, value: 
key: 52679, value: 
key: 32271, value: 
key: 317296, value: 
key: 21600, value: 
key: 5089, value: 
key: 584267, value: 
key: 22301, value: 
key: 671579, value: 
key: 1902, value: 
key: 876823, value: 
key: 61822, value: 
key: 237416, value: 
key: 119080, value: 
key: 148778, value: 
key: 819, value: 
key: 416377, value: 
key: 198037, value: 
key: 334890, value: 
key: 24780, value: 
key: 44310, value: 
key: 20689, value: 
key: 783319, value: 
key: 24905, value: 
key: 155148, value: 
key: 83153, value: 
key: 31269, value: 
key: 500363, value: 
key: 156253, value: 
key: 84389, value: 
key: 1048, value: 
key: 175, value: 
key: 882211, value: 
key: 177580, value: 
key: 131965, value: 
key: 76394, value: 
key: 193419, value: 
key: 658957, value: 
key: 3923, value: 
key: 284, value: 
key: 2977, value: 
key: 2653, value: 
key: 25278, value: 
key: 813611, value: 
key: 491, value: 
key: 113797, value: 
key: 89022, value: 
key: 288736, value: 
key: 101094, value: 
key: 35809, value: 
key: 4446, value: 
key: 39245, value: 
key: 229, value: 
key: 608422, value: 
key: 75456, value: 
key: 612330, value: 
key: 8435, value: 
key: 510326, value: 
key: 7779, value: 
key: 47074, value: 
key: 883467, value: 
key: 28120, value: 
key: 10366, value: 
key: 25022, value: 
key: 1491, value: 
key: 4814, value: 
key: 1974, value: 
key: 42293, value: 
key: 264117, value: 
key: 25830, value: 
key: 187054, value: 
key: 23836, value: 
key: 12169, value: 
key: 1828, value: 
key: 2161, value: 
key: 743471, value: 
key: 20392, value: 
key: 167630, value: 
key: 107330, value: 
key: 12950, value: 
key: 2769, value: 
key: 1331, value: 
key: 345584, value: 
key: 277971, value: 
key: 6376, value: 
key: 23930, value: 
key: 518176, value: 
key: 44245, value: 
key: 368038, value: 
key: 16287, value: 
key: 26040, value: 
key: 1128, value: 
key: 2649, value: 
key: 167844, value: 
key: 5977, value: 
key: 65074, value: 
key: 343197, value: 
key: 27912, value: 
key: 508143, value: 
key: 60326, value: 
key: 14390, value: 
key: 11647, value: 
key: 11177, value: 
key: 12848, value: 
key: 774818, value: 
key: 78266, value: 
key: 398132, value: 
key: 67762, value: 
key: 48883, value: 
key: 33220, value: 
key: 316272, value: 
key: 643, value: 
key: 641, value: 
key: 18267, value: 
key: 1744, value: 
key: 295777, value: 
key: 56640, value: 
key: 838508, value: 
key: 144335, value: 
key: 11624, value: 
key: 3818, value: 
key: 19325, value: 
key: 79340, value: 
key: 119979, value: 
key: 22504, value: 
key: 357868, value: 
key: 2063, value: 
key: 510, value: 
key: 93138, value: 
key: 28774, value: 
key: 12400, value: 
key: 231, value: 
key: 1681, value: 
key: 122744, value: 
key: 76368, value: 
key: 112637, value: 
key: 173430, value: 
key: 734586, value: 
key: 39616, value: 
key: 25573, value: 
key: 446033, value: 
key: 2515, value: 
key: 23708, value: 
key: 313324, value: 
key: 88829, value: 
key: 407608, value: 
key: 102122, value: 
key: 748, value: 
key: 3006, value: 
key: 16741, value: 
key: 186440, value: 
key: 253570, value: 
key: 165785, value: 
key: 59402, value: 
key: 199736, value: 
key: 1227, value: 
key: 6620, value: 
key: 571620, value: 
key: 20962, value: 
key: 1035, value: 
key: 68130, value: 
key: 434002, value: 
key: 478952, value: 
key: 298352, value: 
key: 445344, value: 
key: 71147, value: 
key: 83178, value: 
key: 97771, value: 
key: 106043, value: 
key: 176414, value: 
key: 1248, value: 
key: 34440, value: 
key: 226207, value: 
key: 24854, value: 
key: 136102, value: 
key: 2239, value: 
key: 356479, value: 
key: 1061, value: 
key: 182740, value: 
key: 525440, value: 
key: 9709, value: 
key: 25395, value: 
key: 753, value: 
key: 1929, value: 
key: 11342, value: 
key: 939734, value: 
key: 10523, value: 
key: 362435, value: 
key: 10122, value: 
key: 521270, value: 
key: 103006, value: 
key: 58753, value: 
key: 14853, value: 
key: 107158, value: 
key: 112, value: 
key: 53435, value: 
key: 240443, value: 
key: 353395, value: 
key: 50801, value: 
key: 131030, value: 
key: 133947, value: 
key: 493329, value: 
key: 541965, value: 
key: 2825, value: 
key: 535196, value: 
key: 11078, value: 
key: 3413, value: 
key: 7060, value: 
key: 12624, value: 
key: 1347, value: 
key: 1254, value: 
key: 2396, value: 
key: 509451, value: 
key: 341222, value: 
key: 22591, value: 
key: 903945, value: 
key: 38752, value: 
key: 1000, value: 
key: 182966, value: 
key: 3907, value: 
key: 410707, value: 
key: 165697, value: 
key: 1173, value: 
key: 659, value: 
key: 47740, value: 
key: 9288, value: 
key: 293330, value: 
key: 3278, value: 
key: 11, value: 
key: 2467, value: 
key: 5290, value: 
key: 547414, value: 
key: 2937, value: 
key: 25373, value: 
key: 14965, value: 
key: 913775, value: 
key: 500663, value: 
key: 71835, value: 
key: 15083, value: 
key: 8863, value: 
key: 118801, value: 
key: 6372, value: 
key: 878695, value: 
key: 112612, value: 
key: 35023, value: 
key: 534072, value: 
key: 85255, value: 
key: 1420, value: 
key: 222254, value: 
key: 3234, value: 
key: 28486, value: 
key: 187016, value: 
key: 208030, value: 
key: 3762, value: 
key: 765680, value: 
key: 271584, value: 
key: 1618, value: 
key: 184013, value: 
key: 3100, value: 
key: 233799, value: 
key: 109360, value: 
key: 148224, value: 
key: 49876, value: 
key: 12634, value: 
key: 93116, value: 
key: 64364, value: 
key: 664975, value: 
key: 148, value: 
key: 247404, value: 
key: 476749, value: 
key: 24804, value: 
key: 7233, value: 
key: 28762, value: 
key: 6745, value: 
key: 116152, value: 
key: 12412, value: 
key: 12511, value: 
key: 84312, value: 
key: 686, value: 
key: 464977, value: 
key: 84501, value: 
key: 596955, value: 
key: 3320, value: 
key: 14809, value: 
key: 220030, value: 
key: 887534, value: 
key: 34023, value: 
key: 176837, value: 
key: 15455, value: 
key: 17803, value: 
key: 400, value: 
key: 249435, value: 
key: 182469, value: 
key: 17057, value: 
key: 1177, value: 
key: 2242, value: 
key: 53049, value: 
key: 27842, value: 
key: 55578, value: 
key: 43780, value: 
key: 1499, value: 
key: 56113, value: 
key: 17819, value: 
key: 3460, value: 
key: 33569, value: 
key: 1377, value: 
key: 505428, value: 
key: 561300, value: 
key: 207621, value: 
key: 801718, value: 
key: 11581, value: 
key: 64243, value: 
key: 690, value: 
key: 20039, value: 
key: 13685, value: 
key: 7733, value: 
key: 103073, value: 
key: 2437, value: 
key: 31040, value: 
key: 119135, value: 
key: 48553, value: 
key: 377781, value: 
key: 30191, value: 
key: 8587, value: 
key: 2273, value: 
key: 13398, value: 
key: 748035, value: 
key: 26131, value: 
key: 629597, value: 
key: 1729, value: 
key: 668554, value: 
key: 2333, value: 
key: 358432, value: 
key: 153119, value: 
key: 197433, value: 
key: 268502, value: 
key: 179899, value: 
key: 253994, value: 
key: 65030, value: 
key: 221409, value: 
key: 1132, value: 
key: 927663, value: 
key: 525011, value: 
key: 11808, value: 
key: 308504, value: 
key: 162835, value: 
key: 133473, value: 
key: 15248, value: 
key: 597687, value: 
key: 132863, value: 
key: 8836, value: 
key: 767074, value: 
key: 21612, value: 
key: 629384, value: 
key: 4317, value: 
key: 48331, value: 
key: 29196, value: 
key: 5338, value: 
key: 669638, value: 
key: 23707, value: 
key: 27836, value: 
key: 5161, value: 
key: 245, value: 
key: 5621, value: 
key: 146720, value: 
key: 541813, value: 
key: 23345, value: 
key: 5789, value: 
key: 675109, value: 
key: 1500, value: 
key: 44346, value: 
key: 49596, value: 
key: 798130, value: 
key: 7463, value: 
key: 52181, value: 
key: 96467, value: 
key: 250877, value: 
key: 624, value: 
key: 1158, value: 
key: 223893, value: 
key: 1024, value: 
key: 49531, value: 
key: 5003, value: 
key: 1038, value: 
key: 625941, value: 
key: 22426, value: 
key: 3259, value: 
key: 738508, value: 
key: 19630, value: 
key: 6161, value: 
key: 492080, value: 
key: 4269, value: 
key: 80973, value: 
key: 7582, value: 
key: 28872, value: 
key: 60158, value: 
key: 235676, value: 
key: 46709, value: 
key: 106598, value: 
key: 34261, value: 
key: 98142, value: 
key: 10586, value: 
key: 321658, value: 
key: 48316, value: 
key: 47762, value: 
key: 401990, value: 
key: 225, value: 
key: 79146, value: 
key: 11291, value: 
key: 79621, value: 
key: 11209, value: 
key: 389547, value: 
key: 34342, value: 
key: 796478, value: 
key: 9342, value: 
key: 64976, value: 
key: 4883, value: 
key: 157674, value: 
key: 767, value: 
key: 805187, value: 
key: 218926, value: 
key: 13411, value: 
key: 2476, value: 
key: 25052, value: 
key: 40884, value: 
key: 326621, value: 
key: 24565, value: 
key: 94327, value: 
key: 115020, value: 
key: 226376, value: 
key: 49849, value: 
key: 867578, value: 
key: 4550, value: 
key: 14631, value: 
key: 2591, value: 
key: 973269, value: 
key: 1997, value: 
key: 67828, value: 
key: 21145, value: 
key: 4055, value: 
key: 2358, value: 
key: 614237, value: 
key: 13940, value: 
key: 6334, value: 
key: 565825, value: 
key: 417128, value: 
key: 5473, value: 
key: 3802, value: 
key: 292598, value: 
key: 564, value: 
key: 787, value: 
key: 22294, value: 
key: 17400, value: 
key: 84337, value: 
key: 727161, value: 
key: 63995, value: 
key: 3908, value: 
key: 23933, value: 
key: 301109, value: 
key: 821097, value: 
key: 25606, value: 
key: 984296, value: 
key: 12256, value: 
key: 1604, value: 
key: 77927, value: 
key: 2656, value: 
key: 590167, value: 
key: 6875, value: 
key: 3919, value: 
key: 28422, value: 
key: 3969, value: 
key: 9995, value: 
key: 36, value: 
key: 361461, value: 
key: 15823, value: 
key: 83994, value: 
key: 116991, value: 
key: 721203, value: 
key: 150372, value: 
key: 7275, value: 
key: 4678, value: 
key: 224484, value: 
key: 6247, value: 
key: 8462, value: 
key: 405921, value: 
key: 355786, value: 
key: 14954, value: 
key: 949140, value: 
key: 7399, value: 
key: 183776, value: 
key: 122926, value: 
key: 937, value: 
key: 2662, value: 
key: 27150, value: 
key: 281153, value: 
key: 24988, value: 
key: 51834, value: 
key: 12025, value: 
key: 1918, value: 
key: 31467, value: 
key: 264955, value: 
key: 255734, value: 
key: 529862, value: 
key: 128066, value: 
key: 22381, value: 
key: 3713, value: 
key: 46677, value: 
key: 29153, value: 
key: 250676, value: 
key: 18933, value: 
key: 377252, value: 
key: 4307, value: 
key: 45055, value: 
key: 23322, value: 
key: 241894, value: 
key: 645, value: 
key: 24502, value: 
key: 44890, value: 
key: 110830, value: 
key: 10182, value: 
key: 105696, value: 
key: 114713, value: 
key: 1626, value: 
key: 826, value: 
key: 266014, value: 
key: 4546, value: 
key: 2530, value: 
key: 200460, value: 
key: 12855, value: 
key: 88584, value: 
key: 962, value: 
key: 128005, value: 
key: 250296, value: 
key: 19955, value: 
key: 651137, value: 
key: 53753, value: 
key: 104120, value: 
key: 40895, value: 
key: 225530, value: 
key: 237295, value: 
key: 135117, value: 
key: 93259, value: 
key: 109332, value: 
key: 264166, value: 
key: 60138, value: 
key: 130906, value: 
key: 18105, value: 
key: 788332, value: 
key: 10507, value: 
key: 2744, value: 
key: 69367, value: 
key: 14034, value: 
key: 22536, value: 
key: 9503, value: 
key: 37791, value: 
key: 47969, value: 
key: 158557, value: 
key: 139637, value: 
key: 75643, value: 
key: 14975, value: 
key: 3184, value: 
key: 53280, value: 
key: 64734, value: 
key: 43148, value: 
key: 35553, value: 
key: 28925, value: 
key: 57219, value: 
key: 7723, value: 
key: 315444, value: 
key: 183904, value: 
key: 84599, value: 
key: 1240, value: 
key: 675439, value: 
key: 2375, value: 
key: 59887, value: 
key: 2052, value: 
key: 9062, value: 
key: 8758, value: 
key: 26739, value: 
key: 43766, value: 
key: 12302, value: 
key: 12520, value: 
key: 245427, value: 
key: 165763, value: 
key: 2388, value: 
key: 440, value: 
key: 741158, value: 
key: 19242, value: 
key: 7874, value: 
key: 5655, value: 
key: 52268, value: 
key: 10061, value: 
key: 66886, value: 
key: 10862, value: 
key: 585417, value: 
key: 37640, value: 
key: 58530, value: 
key: 1512, value: 
key: 236313, value: 
key: 228019, value: 
key: 44535, value: 
key: 409023, value: 
key: 621425, value: 
key: 2500, value: 
key: 101181, value: 
key: 110399, value: 
key: 14005, value: 
key: 90004, value: 
key: 2112, value: 
key: 29134, value: 
key: 39511, value: 
key: 2436, value: 
key: 39766, value: 
key: 22798, value: 
key: 6183, value: 
key: 67888, value: 
key: 13467, value: 
key: 158379, value: 
key: 296093, value: 
key: 492318, value: 
key: 2207, value: 
key: 176579, value: 
key: 5009, value: 
key: 724699, value: 
key: 645225, value: 
key: 8009, value: 
key: 49456, value: 
key: 117667, value: 
key: 232395, value: 
key: 32591, value: 
key: 773687, value: 
key: 148047, value: 
key: 5579, value: 
key: 62704, value: 
key: 2100, value: 
key: 20528, value: 
key: 381655, value: 
key: 38579, value: 
key: 22499, value: 
key: 15449, value: 
key: 2064, value: 
key: 352, value: 
key: 170613, value: 
key: 90801, value: 
key: 708229, value: 
key: 118656, value: 
key: 882, value: 
key: 11313, value: 
key: 21030, value: 
key: 2846, value: 
key: 276, value: 
key: 47446, value: 
key: 30356, value: 
key: 69642, value: 
key: 3027, value: 
key: 362234, value: 
key: 60822, value: 
key: 458171, value: 
key: 36587, value: 
key: 132392, value: 
key: 824914, value: 
key: 136521, value: 
key: 253849, value: 
key: 597040, value: 
key: 2940, value: 
key: 839, value: 
key: 5471, value: 
key: 99021, value: 
key: 6531, value: 
key: 32891, value: 
key: 8713, value: 
key: 139968, value: 
key: 634, value: 
key: 38980, value: 
key: 127797, value: 
key: 23918, value: 
key: 36703, value: 
key: 7460, value: 
key: 239236, value: 
key: 1791, value: 
key: 10294, value: 
key: 11853, value: 
key: 99002, value: 
key: 47950, value: 
key: 371106, value: 
key: 1329, value: 
key: 284930, value: 
key: 231369, value: 
key: 393937, value: 
key: 2644, value: 
key: 419, value: 
key: 846407, value: 
key: 55300, value: 
key: 15591, value: 
key: 2603, value: 
key: 350337, value: 
key: 856920, value: 
key: 10659, value: 
key: 696549, value: 
key: 878500, value: 
key: 3002, value: 
key: 618269, value: 
key: 7032, value: 
key: 66212, value: 
key: 497145, value: 
key: 10713, value: 
key: 517457, value: 
key: 13068, value: 
key: 173464, value: 
key: 260980, value: 
key: 686944, value: 
key: 2554, value: 
key: 407125, value: 
key: 73420, value: 
key: 40096, value: 
key: 13818, value: 
key: 61964, value: 
key: 3641, value: 
key: 56537, value: 
key: 444397, value: 
key: 29701, value: 
key: 534739, value: 
key: 99561, value: 
key: 4492, value: 
key: 513141, value: 
key: 167878, value: 
key: 131332, value: 
key: 104798, value: 
key: 114059, value: 
key: 526272, value: 
key: 83557, value: 
key: 27894, value: 
key: 282262, value: 
key: 60688, value: 
key: 362357, value: 
key: 153551, value: 
key: 740942, value: 
key: 396, value: 
key: 107, value: 
key: 704004, value: 
key: 16984, value: 
key: 777896, value: 
key: 523415, value: 
key: 2537, value: 
key: 315662, value: 
key: 673695, value: 
key: 44427, value: 
key: 639745, value: 
key: 46957, value: 
key: 52829, value: 
key: 287063, value: 
key: 568604, value: 
key: 7380, value: 
key: 64330, value: 
key: 69669, value: 
key: 5138, value: 
key: 18739, value: 
key: 4647, value: 
key: 540051, value: 
key: 8059, value: 
key: 3461, value: 
key: 2763, value: 
key: 5044, value: 
key: 18746, value: 
key: 80193, value: 
key: 3872, value: 
key: 42785, value: 
key: 45237, value: 
key: 482334, value: 
key: 17692, value: 
key: 36729, value: 
key: 107746, value: 
key: 451881, value: 
key: 123, value: 
key: 60899, value: 
key: 2433, value: 
key: 4574, value: 
key: 586662, value: 
key: 274998, value: 
key: 1638, value: 
key: 9957, value: 
key: 27775, value: 
key: 5449, value: 
key: 18219, value: 
key: 3258, value: 
key: 441932, value: 
key: 223, value: 
key: 961449, value: 
key: 88722, value: 
key: 518, value: 
key: 85241, value: 
key: 13618, value: 
key: 104306, value: 
key: 267832, value: 
key: 9093, value: 
key: 838825, value: 
key: 6468, value: 
key: 43734, value: 
key: 17118, value: 
key: 480920, value: 
key: 567981, value: 
key: 92845, value: 
key: 726145, value: 
key: 526217, value: 
key: 925320, value: 
key: 247049, value: 
key: 707601, value: 
key: 571040, value: 
key: 370807, value: 
key: 114941, value: 
key: 692405, value: 
key: 21042, value: 
key: 876281, value: 
key: 17002, value: 
key: 12361, value: 
key: 366845, value: 
key: 558, value: 
key: 9985, value: 
key: 18106, value: 
key: 566909, value: 
key: 215056, value: 
key: 8976, value: 
key: 230628, value: 
key: 89860, value: 
key: 16554, value: 
key: 12603, value: 
key: 2815, value: 
key: 948810, value: 
key: 131826, value: 
key: 56528, value: 
key: 22466, value: 
key: 10108, value: 
key: 256620, value: 
key: 53993, value: 
key: 94622, value: 
key: 45518, value: 
key: 151130, value: 
key: 96329, value: 
key: 6231, value: 
key: 3511, value: 
key: 1814, value: 
key: 583711, value: 
key: 658657, value: 
key: 385613, value: 
key: 1597, value: 
key: 7897, value: 
key: 202475, value: 
key: 711036, value: 
key: 75409, value: 
key: 477026, value: 
key: 5429, value: 
key: 344103, value: 
key: 857, value: 
key: 4379, value: 
key: 2233, value: 
key: 1977, value: 
key: 208201, value: 
key: 10048, value: 
key: 6518, value: 
key: 467807, value: 
key: 542, value: 
key: 152263, value: 
key: 45480, value: 
key: 4417, value: 
key: 6487, value: 
key: 6266, value: 
key: 66, value: 
key: 11035, value: 
key: 19420, value: 
key: 23852, value: 
key: 35551, value: 
key: 268763, value: 
key: 85540, value: 
key: 69397, value: 
key: 401111, value: 
key: 348862, value: 
key: 315692, value: 
key: 30069, value: 
key: 12424, value: 
key: 110613, value: 
key: 9059, value: 
key: 20513, value: 
key: 84261, value: 
key: 48678, value: 
key: 118585, value: 
key: 95345, value: 
key: 11522, value: 
key: 4700, value: 
key: 17792, value: 
key: 188516, value: 
key: 11443, value: 
key: 6914, value: 
key: 7645, value: 
key: 898, value: 
key: 101639, value: 
key: 126977, value: 
key: 102308, value: 
key: 201453, value: 
key: 9349, value: 
key: 9672, value: 
key: 389888, value: 
key: 36462, value: 
key: 75709, value: 
key: 27019, value: 
key: 88922, value: 
key: 4801, value: 
key: 263783, value: 
key: 8341, value: 
key: 813532, value: 
key: 89088, value: 
key: 116272, value: 
key: 22779, value: 
key: 145262, value: 
key: 355457, value: 
key: 2485, value: 
key: 564709, value: 
key: 254489, value: 
key: 243749, value: 
key: 2374, value: 
key: 2770, value: 
key: 19372, value: 
key: 558395, value: 
key: 13539, value: 
key: 513078, value: 
key: 367253, value: 
key: 815945, value: 
key: 24170, value: 
key: 41616, value: 
key: 14993, value: 
key: 640208, value: 
key: 1399, value: 
key: 7122, value: 
key: 254004, value: 
key: 24870, value: 
key: 6390, value: 
key: 300108, value: 
key: 5105, value: 
key: 23514, value: 
key: 145089, value: 
key: 15230, value: 
key: 59156, value: 
key: 13749, value: 
key: 189124, value: 
key: 32428, value: 
key: 15619, value: 
key: 1923, value: 
key: 12490, value: 
key: 684, value: 
key: 59630, value: 
key: 36322, value: 
key: 8217, value: 
key: 3239, value: 
key: 685, value: 
key: 46621, value: 
key: 60868, value: 
key: 35286, value: 
key: 99076, value: 
key: 3357, value: 
key: 91143, value: 
key: 82224, value: 
key: 292, value: 
key: 86155, value: 
key: 8169, value: 
key: 227198, value: 
key: 8381, value: 
key: 69620, value: 
key: 392663, value: 
key: 8268, value: 
key: 49965, value: 
key: 154101, value: 
key: 7350, value: 
key: 14089, value: 
key: 152934, value: 
key: 548928, value: 
key: 76406, value: 
key: 25854, value: 
key: 765, value: 
key: 678825, value: 
key: 980102, value: 
key: 71866, value: 
key: 152803, value: 
key: 1019, value: 
key: 144517, value: 
key: 14187, value: 
key: 120243, value: 
key: 18133, value: 
key: 670797, value: 
key: 3185, value: 
key: 143525, value: 
key: 67646, value: 
key: 534750, value: 
key: 106749, value: 
key: 129044, value: 
key: 333640, value: 
key: 78542, value: 
key: 7818, value: 
key: 21858, value: 
key: 924289, value: 
key: 843380, value: 
key: 14940, value: 
key: 23537, value: 
key: 715808, value: 
key: 236868, value: 
key: 336887, value: 
key: 3441, value: 
key: 150681, value: 
key: 42671, value: 
key: 5587, value: 
key: 19918, value: 
key: 141015, value: 
key: 9828, value: 
key: 33961, value: 
key: 185028, value: 
key: 318928, value: 
key: 68427, value: 
key: 120455, value: 
key: 338039, value: 
key: 233610, value: 
key: 37383, value: 
key: 318939, value: 
key: 360329, value: 
key: 27183, value: 
key: 18857, value: 
key: 666733, value: 
key: 9510, value: 
key: 1601, value: 
key: 6352, value: 
key: 294, value: 
key: 75, value: 
key: 155369, value: 
key: 113966, value: 
key: 1418, value: 
key: 10083, value: 
key: 282325, value: 
key: 2224, value: 
key: 57766, value: 
key: 95698, value: 
key: 6033, value: 
key: 210352, value: 
key: 310839, value: 
key: 56529, value: 
key: 211, value: 
key: 99693, value: 
key: 104006, value: 
key: 194826, value: 
key: 22484, value: 
key: 96283, value: 
key: 406145, value: 
key: 7078, value: 
key: 1220, value: 
key: 7220, value: 
key: 19803, value: 
key: 19163, value: 
key: 862363, value: 
key: 193928, value: 
key: 2901, value: 
key: 725409, value: 
key: 704651, value: 
key: 100640, value: 
key: 3395, value: 
key: 1993, value: 
key: 57221, value: 
key: 3615, value: 
key: 875, value: 
key: 707159, value: 
key: 32944, value: 
key: 24297, value: 
key: 316868, value: 
key: 2089, value: 
key: 100498, value: 
key: 9396, value: 
key: 134088, value: 
key: 50854, value: 
key: 28081, value: 
key: 1780, value: 
key: 27027, value: 
key: 11689, value: 
key: 761236, value: 
key: 134008, value: 
key: 43146, value: 
key: 56442, value: 
key: 343903, value: 
key: 168475, value: 
key: 83460, value: 
key: 115560, value: 
key: 48496, value: 
key: 41678, value: 
key: 11819, value: 
key: 10969, value: 
key: 565, value: 
key: 19623, value: 
key: 207356, value: 
key: 32337, value: 
key: 218759, value: 
key: 116175, value: 
key: 155167, value: 
key: 309790, value: 
key: 74526, value: 
key: 10732, value: 
key: 134024, value: 
key: 130151, value: 
key: 377730, value: 
key: 288, value: 
key: 6109, value: 
key: 28894, value: 
key: 176769, value: 
key: 12386, value: 
key: 4027, value: 
key: 217872, value: 
key: 7904, value: 
key: 30401, value: 
key: 2789, value: 
key: 2303, value: 
key: 4001, value: 
key: 32, value: 
key: 85898, value: 
key: 1425, value: 
key: 1569, value: 
key: 44881, value: 
key: 30928, value: 
key: 34650, value: 
key: 34009, value: 
key: 57829, value: 
key: 1469, value: 
key: 232237, value: 
key: 53717, value: 
key: 2318, value: 
key: 51127, value: 
key: 201074, value: 
key: 68832, value: 
key: 4054, value: 
key: 4688, value: 
key: 22274, value: 
key: 83998, value: 
key: 784649, value: 
key: 66488, value: 
key: 202, value: 
key: 16375, value: 
key: 15764, value: 
key: 10177, value: 
key: 54304, value: 
key: 4930, value: 
key: 218442, value: 
key: 29368, value: 
key: 392530, value: 
key: 288407, value: 
key: 125408, value: 
key: 34628, value: 
key: 11967, value: 
key: 13529, value: 
key: 47171, value: 
key: 763826, value: 
key: 333288, value: 
key: 5584, value: 
key: 503884, value: 
key: 1460, value: 
key: 72873, value: 
key: 237362, value: 
key: 204727, value: 
key: 36290, value: 
key: 2451, value: 
key: 24443, value: 
key: 120592, value: 
key: 9439, value: 
key: 104708, value: 
key: 483127, value: 
key: 1309, value: 
key: 29825, value: 
key: 387271, value: 
key: 30658, value: 
key: 14190, value: 
key: 5959, value: 
key: 8595, value: 
key: 390124, value: 
key: 769279, value: 
key: 89925, value: 
key: 14452, value: 
key: 122075, value: 
key: 55015, value: 
key: 9338, value: 
key: 2976, value: 
key: 13695, value: 
key: 13400, value: 
key: 132045, value: 
key: 204850, value: 
key: 7099, value: 
key: 23201, value: 
key: 357563, value: 
key: 7383, value: 
key: 7488, value: 
key: 16425, value: 
key: 208095, value: 
key: 17150, value: 
key: 9495, value: 
key: 555595, value: 
key: 739004, value: 
key: 516431, value: 
key: 550, value: 
key: 9595, value: 
key: 167, value: 
key: 85162, value: 
key: 16695, value: 
key: 1570, value: 
key: 281455, value: 
key: 3999, value: 
key: 52942, value: 
key: 324719, value: 
key: 370064, value: 
key: 2338, value: 
key: 26158, value: 
key: 48503, value: 
key: 238517, value: 
key: 909, value: 
key: 16345, value: 
key: 68897, value: 
key: 43749, value: 
key: 358159, value: 
key: 16351, value: 
key: 152364, value: 
key: 256879, value: 
key: 3871, value: 
key: 860212, value: 
key: 111790, value: 
key: 361245, value: 
key: 2418, value: 
key: 626652, value: 
key: 23863, value: 
key: 6918, value: 
key: 65571, value: 
key: 65504, value: 
key: 76117, value: 
key: 341010, value: 
key: 793, value: 
key: 247566, value: 
key: 29886, value: 
key: 38209, value: 
key: 21019, value: 
key: 129416, value: 
key: 4295, value: 
key: 7865, value: 
key: 150221, value: 
key: 28131, value: 
key: 26128, value: 
key: 7588, value: 
key: 57817, value: 
key: 89689, value: 
key: 50507, value: 
key: 94787, value: 
key: 200004, value: 
key: 153946, value: 
key: 790937, value: 
key: 122944, value: 
key: 845349, value: 
key: 21506, value: 
key: 207824, value: 
key: 44839, value: 
key: 544173, value: 
key: 32880, value: 
key: 7887, value: 
key: 6192, value: 
key: 28570, value: 
key: 103956, value: 
key: 90955, value: 
key: 3530, value: 
key: 13848, value: 
key: 18655, value: 
key: 241795, value: 
key: 888628, value: 
key: 919909, value: 
key: 115537, value: 
key: 75543, value: 
key: 177140, value: 
key: 237, value: 
key: 580602, value: 
key: 68633, value: 
key: 2781, value: 
key: 44630, value: 
key: 7567, value: 
key: 822343, value: 
key: 17471, value: 
key: 146149, value: 
key: 1359, value: 
key: 661497, value: 
key: 76732, value: 
key: 603391, value: 
key: 130478, value: 
key: 109785, value: 
key: 536, value: 
key: 103401, value: 
key: 93281, value: 
key: 4927, value: 
key: 278793, value: 
key: 9727, value: 
key: 36153, value: 
key: 266158, value: 
key: 13607, value: 
key: 53138, value: 
key: 199056, value: 
key: 41777, value: 
key: 101579, value: 
key: 608579, value: 
key: 1289, value: 
key: 9715, value: 
key: 6766, value: 
key: 390201, value: 
key: 180721, value: 
key: 229460, value: 
key: 25802, value: 
key: 25582, value: 
key: 29009, value: 
key: 965108, value: 
key: 40453, value: 
key: 10409, value: 
key: 425896, value: 
key: 148775, value: 
key: 78286, value: 
key: 32998, value: 
key: 931774, value: 
key: 28095, value: 
key: 383993, value: 
key: 343, value: 
key: 61304, value: 
key: 3577, value: 
key: 584089, value: 
key: 106865, value: 
key: 5377, value: 
key: 57981, value: 
key: 12661, value: 
key: 40034, value: 
key: 2449, value: 
key: 53344, value: 
key: 79459, value: 
key: 5706, value: 
key: 1832, value: 
key: 6607, value: 
key: 5314, value: 
key: 922941, value: 
key: 6325, value: 
key: 160896, value: 
key: 2684, value: 
key: 71734, value: 
key: 14016, value: 
key: 195705, value: 
key: 240444, value: 
key: 19189, value: 
key: 238851, value: 
key: 210517, value: 
key: 16360, value: 
key: 16397, value: 
key: 21552, value: 
key: 576302, value: 
key: 25547, value: 
key: 65829, value: 
key: 926761, value: 
key: 165437, value: 
key: 27878, value: 
key: 70071, value: 
key: 7228, value: 
key: 24876, value: 
key: 51393, value: 
key: 782, value: 
key: 39494, value: 
key: 429069, value: 
key: 128378, value: 
key: 69288, value: 
key: 779, value: 
key: 4564, value: 
key: 14169, value: 
key: 115070, value: 
key: 34511, value: 
key: 14915, value: 
key: 19568, value: 
key: 27801, value: 
key: 196, value: 
key: 8028, value: 
key: 28294, value: 
key: 489429, value: 
key: 188784, value: 
key: 12167, value: 
key: 69938, value: 
key: 6147, value: 
key: 234, value: 
key: 15752, value: 
key: 1954, value: 
key: 189697, value: 
key: 163373, value: 
key: 17599, value: 
key: 108062, value: 
key: 1286, value: 
key: 78817, value: 
key: 180526, value: 
key: 747, value: 
key: 142328, value: 
key: 56506, value: 
key: 3648, value: 
key: 596254, value: 
key: 138, value: 
key: 47654, value: 
key: 110957, value: 
key: 657802, value: 
key: 3599, value: 
key: 112623, value: 
key: 119684, value: 
key: 55616, value: 
key: 692579, value: 
key: 995, value: 
key: 446895, value: 
key: 18129, value: 
key: 444614, value: 
key: 1571, value: 
key: 320364, value: 
key: 4253, value: 
key: 698230, value: 
key: 866, value: 
key: 24753, value: 
key: 49020, value: 
key: 10250, value: 
key: 89186, value: 
key: 433, value: 
key: 496344, value: 
key: 19230, value: 
key: 87583, value: 
key: 87479, value: 
key: 321672, value: 
key: 58253, value: 
key: 3691, value: 
key: 132500, value: 
key: 41742, value: 
key: 784269, value: 
key: 20155, value: 
key: 20326, value: 
key: 98929, value: 
key: 18969, value: 
key: 214604, value: 
key: 168588, value: 
key: 255870, value: 
key: 132967, value: 
key: 10380, value: 
key: 21993, value: 
key: 234124, value: 
key: 207297, value: 
key: 376615, value: 
key: 2600, value: 
key: 74143, value: 
key: 60976, value: 
key: 4029, value: 
key: 343382, value: 
key: 200634, value: 
key: 145774, value: 
key: 96896, value: 
key: 26344, value: 
key: 13033, value: 
key: 110712, value: 
key: 702, value: 
key: 5780, value: 
key: 90820, value: 
key: 88583, value: 
key: 10357, value: 
key: 208654, value: 
key: 14777, value: 
key: 229859, value: 
key: 8769, value: 
key: 9178, value: 
key: 163193, value: 
key: 2658, value: 
key: 889, value: 
key: 68463, value: 
key: 22933, value: 
key: 1888, value: 
key: 75897, value: 
key: 511, value: 
key: 115398, value: 
key: 670533, value: 
key: 461609, value: 
key: 194744, value: 
key: 2191, value: 
key: 21963, value: 
key: 88730, value: 
key: 914887, value: 
key: 2220, value: 
key: 61272, value: 
key: 150873, value: 
key: 803, value: 
key: 313419, value: 
key: 63478, value: 
key: 16050, value: 
key: 155960, value: 
key: 854053, value: 
key: 521164, value: 
key: 40424, value: 
key: 10656, value: 
key: 195765, value: 
key: 114653, value: 
key: 22559, value: 
key: 669, value: 
key: 10202, value: 
key: 6070, value: 
key: 4866, value: 
key: 18683, value: 
key: 4995, value: 
key: 171643, value: 
key: 29137, value: 
key: 735753, value: 
key: 231532, value: 
key: 155222, value: 
key: 15482, value: 
key: 261340, value: 
key: 546138, value: 
key: 332788, value: 
key: 12846, value: 
key: 8521, value: 
key: 53535, value: 
key: 12630, value: 
key: 117039, value: 
key: 78637, value: 
key: 273072, value: 
key: 7647, value: 
key: 84, value: 
key: 132221, value: 
key: 5277, value: 
key: 127891, value: 
key: 71814, value: 
key: 44053, value: 
key: 4050, value: 
key: 1567, value: 
key: 110, value: 
key: 148728, value: 
key: 60576, value: 
key: 2782, value: 
key: 696103, value: 
key: 65528, value: 
key: 40296, value: 
key: 758, value: 
key: 2185, value: 
key: 83143, value: 
key: 616144, value: 
key: 402358, value: 
key: 82347, value: 
key: 302, value: 
key: 6029, value: 
key: 132969, value: 
key: 129308, value: 
key: 506555, value: 
key: 799, value: 
key: 28586, value: 
key: 324640, value: 
key: 7635, value: 
key: 2739, value: 
key: 36712, value: 
key: 233156, value: 
key: 12818, value: 
key: 1219, value: 
key: 12059, value: 
key: 180, value: 
key: 7031, value: 
key: 2159, value: 
key: 1930, value: 
key: 1334, value: 
key: 78816, value: 
key: 761782, value: 
key: 4607, value: 
key: 46981, value: 
key: 38464, value: 
key: 576420, value: 
key: 607211, value: 
key: 50392, value: 
key: 55216, value: 
key: 14803, value: 
key: 848605, value: 
key: 587484, value: 
key: 2193, value: 
key: 13321, value: 
key: 971, value: 
key: 2952, value: 
key: 16230, value: 
key: 29709, value: 
key: 2900, value: 
key: 11423, value: 
key: 345, value: 
key: 5569, value: 
key: 7732, value: 
key: 39860, value: 
key: 29915, value: 
key: 311822, value: 
key: 322521, value: 
key: 926069, value: 
key: 129828, value: 
key: 3992, value: 
key: 210533, value: 
key: 162424, value: 
key: 55889, value: 
key: 54578, value: 
key: 25453, value: 
key: 251507, value: 
key: 22171, value: 
key: 2735, value: 
key: 43932, value: 
key: 79017, value: 
key: 62185, value: 
key: 597341, value: 
key: 11571, value: 
key: 20734, value: 
key: 7966, value: 
key: 94423, value: 
key: 98266, value: 
key: 541628, value: 
key: 15226, value: 
key: 4686, value: 
key: 15457, value: 
key: 86435, value: 
key: 1927, value: 
key: 13822, value: 
key: 34897, value: 
key: 763481, value: 
key: 6036, value: 
key: 1346, value: 
key: 4107, value: 
key: 142529, value: 
key: 10995, value: 
key: 293433, value: 
key: 5895, value: 
key: 19426, value: 
key: 303984, value: 
key: 5411, value: 
key: 21815, value: 
key: 569497, value: 
key: 379689, value: 
key: 1336, value: 
key: 14117, value: 
key: 38872, value: 
key: 870233, value: 
key: 694079, value: 
key: 971393, value: 
key: 321741, value: 
key: 243529, value: 
key: 92806, value: 
key: 78766, value: 
key: 11409, value: 
key: 58526, value: 
key: 2183, value: 
key: 83769, value: 
key: 4135, value: 
key: 120526, value: 
key: 523, value: 
key: 643130, value: 
key: 183376, value: 
key: 778978, value: 
key: 10831, value: 
key: 179851, value: 
key: 10446, value: 
key: 1424, value: 
key: 439820, value: 
key: 408113, value: 
key: 395659, value: 
key: 165108, value: 
key: 6672, value: 
key: 38119, value: 
key: 3524, value: 
key: 3877, value: 
key: 596324, value: 
key: 137587, value: 
key: 58912, value: 
key: 141537, value: 
key: 29759, value: 
key: 37254, value: 
key: 4668, value: 
key: 644194, value: 
key: 7394, value: 
key: 4907, value: 
key: 93801, value: 
key: 2039, value: 
key: 57960, value: 
key: 751602, value: 
key: 962836, value: 
key: 978124, value: 
key: 59370, value: 
key: 7231, value: 
key: 10790, value: 
key: 886447, value: 
key: 6080, value: 
key: 95821, value: 
key: 5990, value: 
key: 17777, value: 
key: 13211, value: 
key: 522, value: 
key: 154939, value: 
key: 373657, value: 
key: 90945, value: 
key: 13499, value: 
key: 166620, value: 
key: 1678, value: 
key: 88896, value: 
key: 10535, value: 
key: 477318, value: 
key: 453725, value: 
key: 105509, value: 
key: 1581, value: 
key: 31330, value: 
key: 155514, value: 
key: 20897, value: 
key: 13761, value: 
key: 22526, value: 
key: 125277, value: 
key: 713138, value: 
key: 129764, value: 
key: 44139, value: 
key: 212, value: 
key: 6473, value: 
key: 133304, value: 
key: 863, value: 
key: 59308, value: 
key: 713574, value: 
key: 8830, value: 
key: 17828, value: 
key: 2037, value: 
key: 175897, value: 
key: 606278, value: 
key: 6947, value: 
key: 838140, value: 
key: 291643, value: 
key: 612972, value: 
key: 11703, value: 
key: 15931, value: 
key: 4248, value: 
key: 301, value: 
key: 55184, value: 
key: 384286, value: 
key: 10181, value: 
key: 603510, value: 
key: 195401, value: 
key: 1232, value: 
key: 41798, value: 
key: 8149, value: 
key: 10964, value: 
key: 22509, value: 
key: 14759, value: 
key: 27411, value: 
key: 951372, value: 
key: 20030, value: 
key: 13980, value: 
key: 3196, value: 
key: 159033, value: 
key: 4946, value: 
key: 8643, value: 
key: 97864, value: 
key: 6917, value: 
key: 8287, value: 
key: 4562, value: 
key: 250298, value: 
key: 3208, value: 
key: 23837, value: 
key: 779946, value: 
key: 12799, value: 
key: 457594, value: 
key: 930645, value: 
key: 6764, value: 
key: 15202, value: 
key: 12070, value: 
key: 25903, value: 
key: 312086, value: 
key: 1466, value: 
key: 90713, value: 
key: 242949, value: 
key: 760554, value: 
key: 23310, value: 
key: 231647, value: 
key: 642525, value: 
key: 23756, value: 
key: 20602, value: 
key: 9498, value: 
key: 349723, value: 
key: 107735, value: 
key: 97332, value: 
key: 1272, value: 
key: 459, value: 
key: 102275, value: 
key: 141332, value: 
key: 501853, value: 
key: 169081, value: 
key: 1201, value: 
key: 73273, value: 
key: 603098, value: 
key: 828, value: 
key: 3187, value: 
key: 728680, value: 
key: 155930, value: 
key: 24778, value: 
key: 21596, value: 
key: 5551, value: 
key: 470, value: 
key: 113576, value: 
key: 352890, value: 
key: 750, value: 
key: 40144, value: 
key: 62637, value: 
key: 21540, value: 
key: 3325, value: 
key: 1085, value: 
key: 223600, value: 
key: 59981, value: 
key: 10392, value: 
key: 130381, value: 
key: 66474, value: 
key: 70283, value: 
key: 26061, value: 
key: 138384, value: 
key: 8959, value: 
key: 4127, value: 
key: 217496, value: 
key: 42461, value: 
key: 23652, value: 
key: 15207, value: 
key: 26195, value: 
key: 9273, value: 
key: 87461, value: 
key: 785, value: 
key: 231327, value: 
key: 179040, value: 
key: 30428, value: 
key: 11895, value: 
key: 27648, value: 
key: 905882, value: 
key: 9895, value: 
key: 782656, value: 
key: 5734, value: 
key: 67101, value: 
key: 4781, value: 
key: 53017, value: 
key: 322265, value: 
key: 361241, value: 
key: 700831, value: 
key: 46336, value: 
key: 91742, value: 
key: 187853, value: 
key: 84658, value: 
key: 266277, value: 
key: 81390, value: 
key: 229131, value: 
key: 512693, value: 
key: 79319, value: 
key: 116813, value: 
key: 6860, value: 
key: 458120, value: 
key: 168538, value: 
key: 2627, value: 
key: 178626, value: 
key: 3671, value: 
key: 205, value: 
key: 3927, value: 
key: 1827, value: 
key: 290980, value: 
key: 39, value: 
key: 28851, value: 
key: 9732, value: 
key: 502301, value: 
key: 414746, value: 
key: 297867, value: 
key: 32910, value: 
key: 21324, value: 
key: 24596, value: 
key: 663978, value: 
key: 123949, value: 
key: 124981, value: 
key: 626, value: 
key: 500400, value: 
key: 44405, value: 
key: 184221, value: 
key: 734727, value: 
key: 186038, value: 
key: 12049, value: 
key: 805827, value: 
key: 13735, value: 
key: 6521, value: 
key: 4239, value: 
key: 36100, value: 
key: 20874, value: 
key: 142997, value: 
key: 311913, value: 
key: 13197, value: 
key: 33966, value: 
key: 7542, value: 
key: 887350, value: 
key: 711262, value: 
key: 340287, value: 
key: 1407, value: 
key: 2655, value: 
key: 1908, value: 
key: 5496, value: 
key: 363183, value: 
key: 8607, value: 
key: 275559, value: 
key: 1385, value: 
key: 456509, value: 
key: 859350, value: 
key: 21025, value: 
key: 1724, value: 
key: 228, value: 
key: 8785, value: 
key: 62, value: 
key: 18157, value: 
key: 34319, value: 
key: 7196, value: 
key: 46745, value: 
key: 330612, value: 
key: 63819, value: 
key: 8269, value: 
key: 775, value: 
key: 280320, value: 
key: 23210, value: 
key: 6705, value: 
key: 134564, value: 
key: 980, value: 
key: 17970, value: 
key: 43750, value: 
key: 8472, value: 
key: 254291, value: 
key: 85354, value: 
key: 14577, value: 
key: 14329, value: 
key: 40831, value: 
key: 694692, value: 
key: 1009, value: 
key: 61542, value: 
key: 34350, value: 
key: 355760, value: 
key: 10940, value: 
key: 2881, value: 
key: 85311, value: 
key: 9031, value: 
key: 1919, value: 
key: 1060, value: 
key: 3026, value: 
key: 110538, value: 
key: 187512, value: 
key: 4833, value: 
key: 96339, value: 
key: 20032, value: 
key: 856440, value: 
key: 325699, value: 
key: 21201, value: 
key: 4384, value: 
key: 126959, value: 
key: 467514, value: 
key: 457838, value: 
key: 45423, value: 
key: 93007, value: 
key: 157354, value: 
key: 13738, value: 
key: 4131, value: 
key: 37729, value: 
key: 30655, value: 
key: 28935, value: 
key: 160662, value: 
key: 2402, value: 
key: 449727, value: 
key: 93887, value: 
key: 80068, value: 
key: 6864, value: 
key: 51177, value: 
key: 345927, value: 
key: 15352, value: 
key: 9170, value: 
key: 40535, value: 
key: 303505, value: 
key: 213, value: 
key: 329360, value: 
key: 460758, value: 
key: 100796, value: 
key: 48463, value: 
key: 10754, value: 
key: 67017, value: 
key: 49791, value: 
key: 51501, value: 
key: 38917, value: 
key: 35411, value: 
key: 7478, value: 
key: 606540, value: 
key: 103628, value: 
key: 2974, value: 
key: 1062, value: 
key: 1297, value: 
key: 523583, value: 
key: 213926, value: 
key: 5426, value: 
key: 422549, value: 
key: 258026, value: 
key: 38135, value: 
key: 464033, value: 
key: 92489, value: 
key: 9416, value: 
key: 100959, value: 
key: 15295, value: 
key: 472698, value: 
key: 860569, value: 
key: 925352, value: 
key: 75063, value: 
key: 6808, value: 
key: 329, value: 
key: 277092, value: 
key: 9937, value: 
key: 744376, value: 
key: 134060, value: 
key: 382661, value: 
key: 44407, value: 
key: 117194, value: 
key: 16083, value: 
key: 580068, value: 
key: 967798, value: 
key: 2298, value: 
key: 15724, value: 
key: 32668, value: 
key: 326982, value: 
key: 118253, value: 
key: 10672, value: 
key: 206120, value: 
key: 6254, value: 
key: 1939, value: 
key: 630422, value: 
key: 5750, value: 
key: 125489, value: 
key: 35966, value: 
key: 7933, value: 
key: 21, value: 
key: 186823, value: 
key: 10069, value: 
key: 372051, value: 
key: 59972, value: 
key: 4272, value: 
key: 19007, value: 
key: 30516, value: 
key: 15720, value: 
key: 222492, value: 
key: 649998, value: 
key: 61123, value: 
key: 164126, value: 
key: 96510, value: 
key: 65170, value: 
key: 89776, value: 
key: 1824, value: 
key: 700130, value: 
key: 565387, value: 
key: 41726, value: 
key: 6431, value: 
key: 219234, value: 
key: 2853, value: 
key: 84997, value: 
key: 347237, value: 
key: 15285, value: 
key: 10395, value: 
key: 2165, value: 
key: 241, value: 
key: 6695, value: 
key: 276596, value: 
key: 1684, value: 
key: 214059, value: 
key: 311341, value: 
key: 5115, value: 
key: 478325, value: 
key: 130210, value: 
key: 2542, value: 
key: 928226, value: 
key: 120712, value: 
key: 728279, value: 
key: 1358, value: 
key: 8006, value: 
key: 716533, value: 
key: 713059, value: 
key: 17092, value: 
key: 146711, value: 
key: 922855, value: 
key: 213430, value: 
key: 2975, value: 
key: 59152, value: 
key: 3318, value: 
key: 10998, value: 
key: 20251, value: 
key: 4884, value: 
key: 78871, value: 
key: 73132, value: 
key: 807549, value: 
key: 45764, value: 
key: 3582, value: 
key: 14921, value: 
key: 5286, value: 
key: 166104, value: 
key: 96711, value: 
key: 9520, value: 
key: 322755, value: 
key: 100013, value: 
key: 575802, value: 
key: 926413, value: 
key: 207473, value: 
key: 245749, value: 
key: 181755, value: 
key: 60456, value: 
key: 77152, value: 
key: 325505, value: 
key: 984528, value: 
key: 2912, value: 
key: 12816, value: 
key: 12084, value: 
key: 203, value: 
key: 12588, value: 
key: 8063, value: 
key: 17386, value: 
key: 1256, value: 
key: 5713, value: 
key: 5963, value: 
key: 6796, value: 
key: 11039, value: 
key: 6560, value: 
key: 833879, value: 
key: 13434, value: 
key: 356872, value: 
key: 154842, value: 
key: 57601, value: 
key: 222087, value: 
key: 141853, value: 
key: 12607, value: 
key: 65033, value: 
key: 707971, value: 
key: 9119, value: 
key: 15375, value: 
key: 974156, value: 
key: 1195, value: 
key: 83122, value: 
key: 20714, value: 
key: 239603, value: 
key: 1214, value: 
key: 5348, value: 
key: 647, value: 
key: 50745, value: 
key: 206028, value: 
key: 108261, value: 
key: 902414, value: 
key: 47791, value: 
key: 10781, value: 
key: 73151, value: 
key: 4974, value: 
key: 338248, value: 
key: 110617, value: 
key: 183078, value: 
key: 139400, value: 
key: 7951, value: 
key: 753657, value: 
key: 252039, value: 
key: 21832, value: 
key: 328702, value: 
key: 3665, value: 
key: 189177, value: 
key: 249396, value: 
key: 535070, value: 
key: 39060, value: 
key: 244564, value: 
key: 26605, value: 
key: 392563, value: 
key: 15076, value: 
key: 3149, value: 
key: 310602, value: 
key: 81086, value: 
key: 693, value: 
key: 327086, value: 
key: 17961, value: 
key: 72188, value: 
key: 20351, value: 
key: 1975, value: 
key: 102292, value: 
key: 23026, value: 
key: 125918, value: 
key: 84284, value: 
key: 35489, value: 
key: 478883, value: 
key: 1074, value: 
key: 436469, value: 
key: 362312, value: 
key: 9215, value: 
key: 25511, value: 
key: 201484, value: 
key: 5544, value: 
key: 188961, value: 
key: 955364, value: 
key: 1623, value: 
key: 2854, value: 
key: 556, value: 
key: 522407, value: 
key: 31807, value: 
key: 34895, value: 
key: 237806, value: 
key: 11626, value: 
key: 31144, value: 
key: 104643, value: 
key: 63459, value: 
key: 49362, value: 
key: 58570, value: 
key: 11584, value: 
key: 364591, value: 
key: 4966, value: 
key: 8940, value: 
key: 839184, value: 
key: 38512, value: 
key: 2232, value: 
key: 56664, value: 
key: 879577, value: 
key: 465822, value: 
key: 3192, value: 
key: 999772, value: 
key: 250949, value: 
key: 1514, value: 
key: 564843, value: 
key: 1982, value: 
key: 15662, value: 
key: 373466, value: 
key: 46700, value: 
key: 29195, value: 
key: 3545, value: 
key: 8815, value: 
key: 558858, value: 
key: 454634, value: 
key: 881128, value: 
key: 149823, value: 
key: 46411, value: 
key: 11730, value: 
key: 1583, value: 
key: 1810, value: 
key: 25945, value: 
key: 209492, value: 
key: 2360, value: 
key: 97327, value: 
key: 31626, value: 
key: 5486, value: 
key: 68762, value: 
key: 227686, value: 
key: 28536, value: 
key: 193595, value: 
key: 19602, value: 
key: 3783, value: 
key: 978, value: 
key: 635, value: 
key: 44499, value: 
key: 894859, value: 
key: 492447, value: 
key: 12380, value: 
key: 282187, value: 
key: 119811, value: 
key: 28849, value: 
key: 223184, value: 
key: 3264, value: 
key: 72089, value: 
key: 18576, value: 
key: 4222, value: 
key: 2329, value: 
key: 3688, value: 
key: 333650, value: 
key: 51643, value: 
key: 598, value: 
key: 51429, value: 
key: 77121, value: 
key: 535247, value: 
key: 5320, value: 
key: 11074, value: 
key: 26016, value: 
key: 11151, value: 
key: 836785, value: 
key: 34677, value: 
key: 76192, value: 
key: 6493, value: 
key: 946541, value: 
key: 18866, value: 
key: 856402, value: 
key: 359403, value: 
key: 587617, value: 
key: 62351, value: 
key: 179136, value: 
key: 247161, value: 
key: 1262, value: 
key: 34795, value: 
key: 101972, value: 
key: 2236, value: 
key: 442066, value: 
key: 84643, value: 
key: 23215, value: 
key: 823424, value: 
key: 241990, value: 
key: 4518, value: 
key: 74228, value: 
key: 15197, value: 
key: 337809, value: 
key: 14069, value: 
key: 11597, value: 
key: 299597, value: 
key: 19202, value: 
key: 30933, value: 
key: 6311, value: 
key: 60542, value: 
key: 427008, value: 
key: 228650, value: 
key: 16019, value: 
key: 92916, value: 
key: 5017, value: 
key: 106762, value: 
key: 3323, value: 
key: 1758, value: 
key: 13354, value: 
key: 37748, value: 
key: 963705, value: 
key: 41078, value: 
key: 353458, value: 
key: 146799, value: 
key: 4179, value: 
key: 786907, value: 
key: 310170, value: 
key: 6718, value: 
key: 381080, value: 
key: 1434, value: 
key: 11260, value: 
key: 3227, value: 
key: 755, value: 
key: 594671, value: 
key: 134273, value: 
key: 154172, value: 
key: 46, value: 
key: 2910, value: 
key: 717, value: 
key: 52373, value: 
key: 57226, value: 
key: 349218, value: 
key: 229317, value: 
key: 43554, value: 
key: 675, value: 
key: 1555, value: 
key: 15859, value: 
key: 2241, value: 
key: 3303, value: 
key: 555324, value: 
key: 744974, value: 
key: 4033, value: 
key: 78917, value: 
key: 155359, value: 
key: 39827, value: 
key: 716523, value: 
key: 13054, value: 
key: 16871, value: 
key: 146823, value: 
key: 17544, value: 
key: 429, value: 
key: 6994, value: 
key: 17366, value: 
key: 3350, value: 
key: 642, value: 
key: 20409, value: 
key: 772403, value: 
key: 142273, value: 
key: 373135, value: 
key: 3905, value: 
key: 19458, value: 
key: 309328, value: 
key: 11410, value: 
key: 4799, value: 
key: 543299, value: 
key: 579030, value: 
key: 7229, value: 
key: 979334, value: 
key: 4698, value: 
key: 69501, value: 
key: 126040, value: 
key: 16785, value: 
key: 1689, value: 
key: 17853, value: 
key: 440819, value: 
key: 4405, value: 
key: 3548, value: 
key: 381035, value: 
key: 9246, value: 
key: 103652, value: 
key: 1807, value: 
key: 597049, value: 
key: 294672, value: 
key: 6469, value: 
key: 409843, value: 
key: 10595, value: 
key: 15980, value: 
key: 528803, value: 
key: 15305, value: 
key: 642787, value: 
key: 3586, value: 
key: 366998, value: 
key: 183564, value: 
key: 70451, value: 
key: 14558, value: 
key: 19177, value: 
key: 345060, value: 
key: 33052, value: 
key: 701398, value: 
key: 32246, value: 
key: 40145, value: 
key: 5567, value: 
key: 94, value: 
key: 28942, value: 
key: 484610, value: 
key: 32322, value: 
key: 67583, value: 
key: 264948, value: 
key: 45, value: 
key: 443370, value: 
key: 105597, value: 
key: 182793, value: 
key: 743719, value: 
key: 16269, value: 
key: 34815, value: 
key: 741825, value: 
key: 673, value: 
key: 1690, value: 
key: 920, value: 
key: 47718, value: 
key: 226455, value: 
key: 230567, value: 
key: 221411, value: 
key: 14696, value: 
key: 6455, value: 
key: 98690, value: 
key: 155549, value: 
key: 8076, value: 
key: 10705, value: 
key: 132615, value: 
key: 110403, value: 
key: 233038, value: 
key: 580, value: 
key: 16108, value: 
key: 6309, value: 
key: 704795, value: 
key: 3961, value: 
key: 7543, value: 
key: 333072, value: 
key: 74350, value: 
key: 467, value: 
key: 5403, value: 
key: 29354, value: 
key: 31534, value: 
key: 109699, value: 
key: 776610, value: 
key: 16499, value: 
key: 5643, value: 
key: 11524, value: 
key: 535968, value: 
key: 2538, value: 
key: 94239, value: 
key: 23807, value: 
key: 120456, value: 
key: 121380, value: 
key: 47650, value: 
key: 2905, value: 
key: 170221, value: 
key: 177164, value: 
key: 862, value: 
key: 50734, value: 
key: 73966, value: 
key: 786857, value: 
key: 241239, value: 
key: 232558, value: 
key: 21142, value: 
key: 513267, value: 
key: 410155, value: 
key: 6842, value: 
key: 650789, value: 
key: 541986, value: 
key: 616, value: 
key: 17019, value: 
key: 41110, value: 
key: 175604, value: 
key: 135416, value: 
key: 102083, value: 
key: 30083, value: 
key: 483058, value: 
key: 6298, value: 
key: 15453, value: 
key: 1310, value: 
key: 135603, value: 
key: 9160, value: 
key: 2364, value: 
key: 224171, value: 
key: 134922, value: 
key: 49962, value: 
key: 49218, value: 
key: 81626, value: 
key: 15240, value: 
key: 972356, value: 
key: 167016, value: 
key: 60592, value: 
key: 15475, value: 
key: 2919, value: 
key: 430111, value: 
key: 437827, value: 
key: 770410, value: 
key: 551474, value: 
key: 40073, value: 
key: 55073, value: 
key: 4166, value: 
key: 25081, value: 
key: 182107, value: 
key: 36158, value: 
key: 43822, value: 
key: 87065, value: 
key: 499551, value: 
key: 5423, value: 
key: 8061, value: 
key: 2213, value: 
key: 1066, value: 
key: 196475, value: 
key: 84543, value: 
key: 3069, value: 
key: 2077, value: 
key: 1465, value: 
key: 278, value: 
key: 2265, value: 
key: 4233, value: 
key: 5987, value: 
key: 689020, value: 
key: 348603, value: 
key: 230347, value: 
key: 4725, value: 
key: 136922, value: 
key: 809467, value: 
key: 8447, value: 
key: 193834, value: 
key: 5798, value: 
key: 576, value: 
key: 106544, value: 
key: 4985, value: 
key: 31556, value: 
key: 3846, value: 
key: 10601, value: 
key: 24556, value: 
key: 3105, value: 
key: 1694, value: 
key: 3684, value: 
key: 117079, value: 
key: 40739, value: 
key: 13593, value: 
key: 70213, value: 
key: 2677, value: 
key: 4641, value: 
key: 644468, value: 
key: 894, value: 
key: 19179, value: 
key: 90591, value: 
key: 19536, value: 
key: 1348, value: 
key: 225734, value: 
key: 39361, value: 
key: 57914, value: 
key: 5247, value: 
key: 8420, value: 
key: 18900, value: 
key: 166328, value: 
key: 7957, value: 
key: 18737, value: 
key: 6774, value: 
key: 37089, value: 
key: 79662, value: 
key: 715130, value: 
key: 1412, value: 
key: 3076, value: 
key: 49538, value: 
key: 27531, value: 
key: 6354, value: 
key: 8755, value: 
key: 373347, value: 
key: 2784, value: 
key: 2749, value: 
key: 7993, value: 
key: 13138, value: 
key: 411978, value: 
key: 18587, value: 
key: 36684, value: 
key: 72152, value: 
key: 381549, value: 
key: 869, value: 
key: 2148, value: 
key: 828155, value: 
key: 169246, value: 
key: 70948, value: 
key: 8101, value: 
key: 5850, value: 
key: 38796, value: 
key: 1107, value: 
key: 19181, value: 
key: 311891, value: 
key: 659395, value: 
key: 3483, value: 
key: 28093, value: 
key: 55144, value: 
key: 627009, value: 
key: 985786, value: 
key: 44558, value: 
key: 416, value: 
key: 234452, value: 
key: 81970, value: 
key: 7813, value: 
key: 12465, value: 
key: 8842, value: 
key: 311984, value: 
key: 162968, value: 
key: 195, value: 
key: 451228, value: 
key: 10381, value: 
key: 6565, value: 
key: 485914, value: 
key: 496404, value: 
key: 5215, value: 
key: 59183, value: 
key: 426883, value: 
key: 63920, value: 
key: 808578, value: 
key: 955, value: 
key: 72039, value: 
key: 474682, value: 
key: 1318, value: 
key: 15381, value: 
key: 115534, value: 
key: 212226, value: 
key: 218640, value: 
key: 99467, value: 
key: 241910, value: 
key: 11063, value: 
key: 639178, value: 
key: 709727, value: 
key: 51577, value: 
key: 865104, value: 
key: 9689, value: 
key: 573577, value: 
key: 59033, value: 
key: 237326, value: 
key: 520, value: 
key: 75035, value: 
key: 972903, value: 
key: 5712, value: 
key: 2158, value: 
key: 808, value: 
key: 327786, value: 
key: 3686, value: 
key: 9023, value: 
key: 54646, value: 
key: 36960, value: 
key: 521161, value: 
key: 14916, value: 
key: 59610, value: 
key: 279772, value: 
key: 4770, value: 
key: 137908, value: 
key: 6752, value: 
key: 24196, value: 
key: 55693, value: 
key: 588493, value: 
key: 4304, value: 
key: 4798, value: 
key: 2787, value: 
key: 465057, value: 
key: 53822, value: 
key: 123845, value: 
key: 8139, value: 
key: 7272, value: 
key: 22307, value: 
key: 5685, value: 
key: 450382, value: 
key: 63817, value: 
key: 4079, value: 
key: 227142, value: 
key: 132912, value: 
key: 570191, value: 
key: 28681, value: 
key: 11249, value: 
key: 294345, value: 
key: 43684, value: 
key: 39684, value: 
key: 242444, value: 
key: 440850, value: 
key: 14952, value: 
key: 76321, value: 
key: 337798, value: 
key: 614538, value: 
key: 50838, value: 
key: 76316, value: 
key: 916, value: 
key: 415007, value: 
key: 844032, value: 
key: 427311, value: 
key: 5085, value: 
key: 7853, value: 
key: 1178, value: 
key: 803471, value: 
key: 5304, value: 
key: 431, value: 
key: 85733, value: 
key: 29225, value: 
key: 73399, value: 
key: 80, value: 
key: 37707, value: 
key: 370497, value: 
key: 206723, value: 
key: 20055, value: 
key: 64253, value: 
key: 6477, value: 
key: 6312, value: 
key: 707345, value: 
key: 125936, value: 
key: 8668, value: 
key: 337851, value: 
key: 4099, value: 
key: 119094, value: 
key: 10525, value: 
key: 318605, value: 
key: 2664, value: 
key: 112712, value: 
key: 6713, value: 
key: 25077, value: 
key: 5062, value: 
key: 385, value: 
key: 249594, value: 
key: 382901, value: 
key: 34337, value: 
key: 200837, value: 
key: 953361, value: 
key: 166307, value: 
key: 117463, value: 
key: 4751, value: 
key: 447992, value: 
key: 606261, value: 
key: 309741, value: 
key: 312432, value: 
key: 378292, value: 
key: 53823, value: 
key: 9818, value: 
key: 16341, value: 
key: 167762, value: 
key: 3609, value: 
key: 689689, value: 
key: 10297, value: 
key: 163588, value: 
key: 6984, value: 
key: 85079, value: 
key: 18516, value: 
key: 930493, value: 
key: 7765, value: 
key: 185754, value: 
key: 11729, value: 
key: 1820, value: 
key: 13086, value: 
key: 23148, value: 
key: 126831, value: 
key: 16910, value: 
key: 1803, value: 
key: 30938, value: 
key: 12201, value: 
key: 5280, value: 
key: 340154, value: 
key: 172952, value: 
key: 4999, value: 
key: 15140, value: 
key: 2173, value: 
key: 50070, value: 
key: 44409, value: 
key: 57641, value: 
key: 590180, value: 
key: 543441, value: 
key: 5171, value: 
key: 471773, value: 
key: 86, value: 
key: 321959, value: 
key: 57727, value: 
key: 13043, value: 
key: 58106, value: 
key: 1539, value: 
key: 146686, value: 
key: 3812, value: 
key: 137555, value: 
key: 896555, value: 
key: 951, value: 
key: 16712, value: 
key: 12895, value: 
key: 90583, value: 
key: 157702, value: 
key: 58701, value: 
key: 66996, value: 
key: 83727, value: 
key: 336273, value: 
key: 664867, value: 
key: 15147, value: 
key: 89583, value: 
key: 15130, value: 
key: 137272, value: 
key: 406, value: 
key: 17816, value: 
key: 33048, value: 
key: 15694, value: 
key: 1104, value: 
key: 21261, value: 
key: 25342, value: 
key: 4228, value: 
key: 3581, value: 
key: 45323, value: 
key: 7550, value: 
key: 104, value: 
key: 51698, value: 
key: 387213, value: 
key: 653, value: 
key: 208, value: 
key: 89550, value: 
key: 17877, value: 
key: 470021, value: 
key: 7990, value: 
key: 515299, value: 
key: 115165, value: 
key: 30, value: 
key: 207146, value: 
key: 1578, value: 
key: 6176, value: 
key: 173198, value: 
key: 27, value: 
key: 36621, value: 
key: 125777, value: 
key: 13238, value: 
key: 9907, value: 
key: 46573, value: 
key: 499, value: 
key: 83, value: 
key: 53777, value: 
key: 1246, value: 
key: 45841, value: 
key: 180355, value: 
key: 243669, value: 
key: 4606, value: 
key: 2569, value: 
key: 64249, value: 
key: 62249, value: 
key: 420522, value: 
key: 9373, value: 
key: 34659, value: 
key: 589130, value: 
key: 2528, value: 
key: 1225, value: 
key: 204458, value: 
key: 648620, value: 
key: 368618, value: 
key: 715484, value: 
key: 133761, value: 
key: 678059, value: 
key: 39856, value: 
key: 7800, value: 
key: 881386, value: 
key: 299147, value: 
key: 593890, value: 
key: 866657, value: 
key: 89638, value: 
key: 3893, value: 
key: 21865, value: 
key: 317939, value: 
key: 14160, value: 
key: 248003, value: 
key: 3838, value: 
key: 17653, value: 
key: 9488, value: 
key: 6843, value: 
key: 96092, value: 
key: 1615, value: 
key: 23023, value: 
key: 4721, value: 
key: 64171, value: 
key: 153058, value: 
key: 241618, value: 
key: 27171, value: 
key: 10749, value: 
key: 970575, value: 
key: 10802, value: 
key: 10600, value: 
key: 4707, value: 
key: 18597, value: 
key: 25025, value: 
key: 369021, value: 
key: 15150, value: 
key: 325516, value: 
key: 2275, value: 
key: 11742, value: 
key: 11246, value: 
key: 8393, value: 
key: 89201, value: 
key: 677, value: 
key: 1459, value: 
key: 13214, value: 
key: 37311, value: 
key: 49144, value: 
key: 176128, value: 
key: 3656, value: 
key: 10288, value: 
key: 36117, value: 
key: 4167, value: 
key: 921820, value: 
key: 8247, value: 
key: 356119, value: 
key: 391794, value: 
key: 642696, value: 
key: 111562, value: 
key: 76013, value: 
key: 1769, value: 
key: 733159, value: 
key: 449, value: 
key: 87510, value: 
key: 11758, value: 
key: 456672, value: 
key: 284385, value: 
key: 10441, value: 
key: 46116, value: 
key: 160738, value: 
key: 37537, value: 
key: 7480, value: 
key: 48621, value: 
key: 5777, value: 
key: 144460, value: 
key: 441, value: 
key: 41438, value: 
key: 15583, value: 
key: 23202, value: 
key: 11770, value: 
key: 2301, value: 
key: 330368, value: 
key: 372217, value: 
key: 32021, value: 
key: 59191, value: 
key: 1463, value: 
key: 1697, value: 
key: 80832, value: 
key: 123229, value: 
key: 672, value: 
key: 80998, value: 
key: 128, value: 
key: 45299, value: 
key: 132017, value: 
key: 57726, value: 
key: 44942, value: 
key: 6571, value: 
key: 26518, value: 
key: 164168, value: 
key: 807, value: 
key: 243921, value: 
key: 555266, value: 
key: 78617, value: 
key: 129821, value: 
key: 692509, value: 
key: 734507, value: 
key: 152693, value: 
key: 793223, value: 
key: 54487, value: 
key: 366827, value: 
key: 297660, value: 
key: 583538, value: 
key: 337574, value: 
key: 22311, value: 
key: 24605, value: 
key: 30423, value: 
key: 7379, value: 
key: 68506, value: 
key: 207817, value: 
key: 191255, value: 
key: 46845, value: 
key: 45264, value: 
key: 3499, value: 
key: 23565, value: 
key: 490991, value: 
key: 22405, value: 
key: 927335, value: 
key: 174, value: 
key: 276566, value: 
key: 986, value: 
key: 333389, value: 
key: 48221, value: 
key: 618388, value: 
key: 35548, value: 
key: 1134, value: 
key: 147074, value: 
key: 516084, value: 
key: 396470, value: 
key: 850, value: 
key: 25404, value: 
key: 211424, value: 
key: 72224, value: 
key: 39826, value: 
key: 290, value: 
key: 97713, value: 
key: 622, value: 
key: 151944, value: 
key: 1852, value: 
key: 48682, value: 
key: 128546, value: 
key: 53249, value: 
key: 3692, value: 
key: 722181, value: 
key: 244776, value: 
key: 3414, value: 
key: 328198, value: 
key: 1439, value: 
key: 23418, value: 
key: 208049, value: 
key: 46015, value: 
key: 15636, value: 
key: 1099, value: 
key: 1166, value: 
key: 675538, value: 
key: 48739, value: 
key: 565446, value: 
key: 29271, value: 
key: 357693, value: 
key: 564066, value: 
key: 71668, value: 
key: 414, value: 
key: 544453, value: 
key: 707825, value: 
key: 3835, value: 
key: 27346, value: 
key: 71927, value: 
key: 1292, value: 
key: 1087, value: 
key: 362350, value: 
key: 4784, value: 
key: 682130, value: 
key: 1475, value: 
key: 977280, value: 
key: 248, value: 
key: 581233, value: 
key: 72243, value: 
key: 400404, value: 
key: 101212, value: 
key: 83150, value: 
key: 473241, value: 
key: 7094, value: 
key: 502, value: 
key: 4876, value: 
key: 3201, value: 
key: 32871, value: 
key: 42290, value: 
key: 241177, value: 
key: 67757, value: 
key: 54453, value: 
key: 151901, value: 
key: 110344, value: 
key: 485361, value: 
key: 24801, value: 
key: 159651, value: 
key: 397048, value: 
key: 145143, value: 
key: 109129, value: 
key: 947061, value: 
key: 233122, value: 
key: 7607, value: 
key: 899, value: 
key: 5688, value: 
key: 49509, value: 
key: 633, value: 
key: 1462, value: 
key: 86112, value: 
key: 60597, value: 
key: 79301, value: 
key: 9976, value: 
key: 73271, value: 
key: 161078, value: 
key: 280201, value: 
key: 2765, value: 
key: 110098, value: 
key: 271912, value: 
key: 3583, value: 
key: 69347, value: 
key: 8700, value: 
key: 856740, value: 
key: 41684, value: 
key: 35336, value: 
key: 131976, value: 
key: 3127, value: 
key: 27715, value: 
key: 16281, value: 
key: 8351, value: 
key: 148248, value: 
key: 1139, value: 
key: 339996, value: 
key: 7089, value: 
key: 291922, value: 
key: 8731, value: 
key: 287510, value: 
key: 969573, value: 
key: 24528, value: 
key: 364209, value: 
key: 236051, value: 
key: 18614, value: 
key: 14735, value: 
key: 695, value: 
key: 11768, value: 
key: 1028, value: 
key: 3488, value: 
key: 772569, value: 
key: 2629, value: 
key: 1560, value: 
key: 49713, value: 
key: 7908, value: 
key: 317434, value: 
key: 64198, value: 
key: 376001, value: 
key: 2581, value: 
key: 2187, value: 
key: 204040, value: 
key: 548207, value: 
key: 9226, value: 
key: 257043, value: 
key: 176033, value: 
key: 229722, value: 
key: 203029, value: 
key: 68073, value: 
key: 8934, value: 
key: 105068, value: 
key: 1451, value: 
key: 499131, value: 
key: 188451, value: 
key: 895099, value: 
key: 141783, value: 
key: 17478, value: 
key: 350959, value: 
key: 386, value: 
key: 34140, value: 
key: 325906, value: 
key: 277497, value: 
key: 61549, value: 
key: 122, value: 
key: 879206, value: 
key: 6215, value: 
key: 15133, value: 
key: 42004, value: 
key: 155429, value: 
key: 163694, value: 
key: 181812, value: 
key: 94865, value: 
key: 374474, value: 
key: 49932, value: 
key: 138805, value: 
key: 7470, value: 
key: 949644, value: 
key: 4323, value: 
key: 17053, value: 
key: 8367, value: 
key: 61301, value: 
key: 16406, value: 
key: 9147, value: 
key: 6158, value: 
key: 1673, value: 
key: 47859, value: 
key: 319841, value: 
key: 282090, value: 
key: 1873, value: 
key: 153124, value: 
key: 691, value: 
key: 53987, value: 
key: 123091, value: 
key: 3146, value: 
key: 48638, value: 
key: 13088, value: 
key: 519259, value: 
key: 15304, value: 
key: 70474, value: 
key: 94462, value: 
key: 233089, value: 
key: 67398, value: 
key: 156118, value: 
key: 41778, value: 
key: 48581, value: 
key: 199232, value: 
key: 10005, value: 
key: 20293, value: 
key: 97369, value: 
key: 67071, value: 
key: 89570, value: 
key: 80299, value: 
key: 27043, value: 
key: 304955, value: 
key: 5852, value: 
key: 428, value: 
key: 10883, value: 
key: 131987, value: 
key: 124335, value: 
key: 462408, value: 
key: 40799, value: 
key: 168762, value: 
key: 540722, value: 
key: 116891, value: 
key: 837672, value: 
key: 185493, value: 
key: 106400, value: 
key: 1121, value: 
key: 21356, value: 
key: 483036, value: 
key: 16543, value: 
key: 470491, value: 
key: 88883, value: 
key: 25833, value: 
key: 1553, value: 
key: 308753, value: 
key: 2775, value: 
key: 45176, value: 
key: 7130, value: 
key: 335563, value: 
key: 524, value: 
key: 549, value: 
key: 45059, value: 
key: 691427, value: 
key: 4080, value: 
key: 747266, value: 
key: 5346, value: 
key: 15120, value: 
key: 5249, value: 
key: 107384, value: 
key: 36229, value: 
key: 182508, value: 
key: 40072, value: 
key: 6391, value: 
key: 833890, value: 
key: 1326, value: 
key: 91236, value: 
key: 15289, value: 
key: 324767, value: 
key: 1773, value: 
key: 8809, value: 
key: 43345, value: 
key: 145768, value: 
key: 75489, value: 
key: 387327, value: 
key: 786064, value: 
key: 2316, value: 
key: 915514, value: 
key: 936, value: 
key: 91936, value: 
key: 1944, value: 
key: 457655, value: 
key: 47220, value: 
key: 527567, value: 
key: 18427, value: 
key: 20220, value: 
key: 86025, value: 
key: 17602, value: 
key: 70337, value: 
key: 848, value: 
key: 377, value: 
key: 1544, value: 
key: 91896, value: 
key: 3954, value: 
key: 56688, value: 
key: 979, value: 
key: 265648, value: 
key: 298263, value: 
key: 27904, value: 
key: 266640, value: 
key: 485938, value: 
key: 9281, value: 
key: 46454, value: 
key: 11722, value: 
key: 146060, value: 
key: 110354, value: 
key: 29780, value: 
key: 20580, value: 
key: 63084, value: 
key: 5802, value: 
key: 86661, value: 
key: 6467, value: 
key: 7257, value: 
key: 964262, value: 
key: 272931, value: 
key: 5942, value: 
key: 43136, value: 
key: 13760, value: 
key: 949668, value: 
key: 48845, value: 
key: 134878, value: 
key: 40495, value: 
key: 11698, value: 
key: 25118, value: 
key: 319165, value: 
key: 138912, value: 
key: 419488, value: 
key: 29341, value: 
key: 158881, value: 
key: 31944, value: 
key: 174046, value: 
key: 19032, value: 
key: 17280, value: 
key: 22, value: 
key: 678396, value: 
key: 406140, value: 
key: 1940, value: 
key: 17528, value: 
key: 9177, value: 
key: 2543, value: 
key: 229344, value: 
key: 1809, value: 
key: 56359, value: 
key: 453711, value: 
key: 26503, value: 
key: 13257, value: 
key: 331327, value: 
key: 2, value: 
key: 612271, value: 
key: 235766, value: 
key: 235817, value: 
key: 323532, value: 
key: 488583, value: 
key: 53952, value: 
key: 153906, value: 
key: 470411, value: 
key: 1293, value: 
key: 1210, value: 
key: 77971, value: 
key: 4898, value: 
key: 214558, value: 
key: 32052, value: 
key: 43607, value: 
key: 11618, value: 
key: 8536, value: 
key: 10509, value: 
key: 44333, value: 
key: 4597, value: 
key: 7870, value: 
key: 113924, value: 
key: 367306, value: 
key: 15912, value: 
key: 539659, value: 
key: 87724, value: 
key: 169178, value: 
key: 8109, value: 
key: 118, value: 
key: 41587, value: 
key: 53144, value: 
key: 19232, value: 
key: 15523, value: 
key: 172160, value: 
key: 40246, value: 
key: 1042, value: 
key: 38491, value: 
key: 195432, value: 
key: 9896, value: 
key: 286920, value: 
key: 1384, value: 
key: 2595, value: 
key: 231505, value: 
key: 10176, value: 
key: 798014, value: 
key: 42194, value: 
key: 295147, value: 
key: 278047, value: 
key: 2113, value: 
key: 10116, value: 
key: 1162, value: 
key: 819267, value: 
key: 6484, value: 
key: 6680, value: 
key: 989817, value: 
key: 3189, value: 
key: 53268, value: 
key: 725248, value: 
key: 8473, value: 
key: 281432, value: 
key: 597695, value: 
key: 128551, value: 
key: 40235, value: 
key: 455719, value: 
key: 225700, value: 
key: 4598, value: 
key: 38232, value: 
key: 170772, value: 
key: 119741, value: 
key: 300211, value: 
key: 2292, value: 
key: 458215, value: 
key: 123989, value: 
key: 5430, value: 
key: 14460, value: 
key: 24611, value: 
key: 971195, value: 
key: 2877, value: 
key: 224004, value: 
key: 33223, value: 
key: 322129, value: 
key: 169349, value: 
key: 224935, value: 
key: 15485, value: 
key: 38404, value: 
key: 279274, value: 
key: 10209, value: 
key: 901949, value: 
key: 9946, value: 
key: 7051, value: 
key: 268, value: 
key: 19114, value: 
key: 9994, value: 
key: 1529, value: 
key: 89568, value: 
key: 8305, value: 
key: 8773, value: 
key: 343622, value: 
key: 3546, value: 
key: 34850, value: 
key: 12484, value: 
key: 812931, value: 
key: 73385, value: 
key: 580705, value: 
key: 228663, value: 
key: 332907, value: 
key: 2482, value: 
key: 10750, value: 
key: 19364, value: 
key: 50084, value: 
key: 17989, value: 
key: 3591, value: 
key: 476196, value: 
key: 2334, value: 
key: 20322, value: 
key: 47645, value: 
key: 808306, value: 
key: 36033, value: 
key: 357, value: 
key: 4164, value: 
key: 147815, value: 
key: 8259, value: 
key: 1389, value: 
key: 164, value: 
key: 44979, value: 
key: 20062, value: 
key: 122987, value: 
key: 90752, value: 
key: 912232, value: 
key: 382363, value: 
key: 1517, value: 
key: 32317, value: 
key: 70892, value: 
key: 13264, value: 
key: 168352, value: 
key: 204, value: 
key: 535, value: 
key: 48591, value: 
key: 209865, value: 
key: 69957, value: 
key: 19856, value: 
key: 20263, value: 
key: 47404, value: 
key: 110497, value: 
key: 73186, value: 
key: 3338, value: 
key: 4363, value: 
key: 930822, value: 
key: 423703, value: 
key: 8250, value: 
key: 12421, value: 
key: 570869, value: 
key: 40093, value: 
key: 10077, value: 
key: 668075, value: 
key: 4293, value: 
key: 737398, value: 
key: 15604, value: 
key: 328081, value: 
key: 3772, value: 
key: 27717, value: 
key: 928025, value: 
key: 594697, value: 
key: 19486, value: 
key: 353686, value: 
key: 591162, value: 
key: 4937, value: 
key: 38710, value: 
key: 8370, value: 
key: 5239, value: 
key: 701739, value: 
key: 8778, value: 
key: 1157, value: 
key: 804, value: 
key: 27232, value: 
key: 2553, value: 
key: 20968, value: 
key: 6743, value: 
key: 143852, value: 
key: 83039, value: 
key: 772742, value: 
key: 493335, value: 
key: 703, value: 
key: 33928, value: 
key: 16263, value: 
key: 40733, value: 
key: 87460, value: 
key: 964957, value: 
key: 23149, value: 
key: 219576, value: 
key: 259108, value: 
key: 723, value: 
key: 11866, value: 
key: 914311, value: 
key: 54921, value: 
key: 164456, value: 
key: 432458, value: 
key: 435028, value: 
key: 38913, value: 
key: 45202, value: 
key: 8629, value: 
key: 20492, value: 
key: 120111, value: 
key: 27056, value: 
key: 7451, value: 
key: 52678, value: 
key: 4491, value: 
key: 4961, value: 
key: 2269, value: 
key: 77424, value: 
key: 129078, value: 
key: 43701, value: 
key: 248464, value: 
key: 49610, value: 
key: 55, value: 
key: 5381, value: 
key: 575708, value: 
key: 412162, value: 
key: 1431, value: 
key: 11057, value: 
key: 1452, value: 
key: 2336, value: 
key: 266112, value: 
key: 57863, value: 
key: 861835, value: 
key: 43068, value: 
key: 221297, value: 
key: 1172, value: 
key: 21297, value: 
key: 54004, value: 
key: 806183, value: 
key: 11434, value: 
key: 51661, value: 
key: 13689, value: 
key: 181094, value: 
key: 110128, value: 
key: 8138, value: 
key: 6611, value: 
key: 10150, value: 
key: 682, value: 
key: 7926, value: 
key: 6474, value: 
key: 5686, value: 
key: 295730, value: 
key: 888332, value: 
key: 55137, value: 
key: 4879, value: 
key: 11978, value: 
key: 696791, value: 
key: 72250, value: 
key: 613042, value: 
key: 693641, value: 
key: 53204, value: 
key: 115105, value: 
key: 14434, value: 
key: 479831, value: 
key: 2504, value: 
key: 288303, value: 
key: 455643, value: 
key: 260266, value: 
key: 806437, value: 
key: 168718, value: 
key: 73965, value: 
key: 384, value: 
key: 21741, value: 
key: 81891, value: 
key: 5532, value: 
key: 898649, value: 
key: 3232, value: 
key: 9404, value: 
key: 5973, value: 
key: 44279, value: 
key: 15013, value: 
key: 6634, value: 
key: 164300, value: 
key: 4738, value: 
key: 21237, value: 
key: 8621, value: 
key: 6895, value: 
key: 2197, value: 
key: 81980, value: 
key: 45324, value: 
key: 53058, value: 
key: 8869, value: 
key: 1617, value: 
key: 5650, value: 
key: 13712, value: 
key: 25468, value: 
key: 60751, value: 
key: 49072, value: 
key: 968706, value: 
key: 40264, value: 
key: 27570, value: 
key: 114650, value: 
key: 4548, value: 
key: 10064, value: 
key: 56007, value: 
key: 23613, value: 
key: 262863, value: 
key: 4891, value: 
key: 14107, value: 
key: 46549, value: 
key: 36806, value: 
key: 975714, value: 
key: 381175, value: 
key: 50216, value: 
key: 343243, value: 
key: 14427, value: 
key: 5701, value: 
key: 22924, value: 
key: 23884, value: 
key: 20896, value: 
key: 3496, value: 
key: 39954, value: 
key: 180960, value: 
key: 798, value: 
key: 34314, value: 
key: 223602, value: 
key: 10562, value: 
key: 21273, value: 
key: 27067, value: 
key: 216189, value: 
key: 10878, value: 
key: 835, value: 
key: 9993, value: 
key: 3938, value: 
key: 682272, value: 
key: 3095, value: 
key: 4943, value: 
key: 374931, value: 
key: 138548, value: 
key: 126810, value: 
key: 442606, value: 
key: 98053, value: 
key: 963314, value: 
key: 162947, value: 
key: 192335, value: 
key: 1895, value: 
key: 35840, value: 
key: 8113, value: 
key: 494487, value: 
key: 447508, value: 
key: 588935, value: 
key: 17758, value: 
key: 224011, value: 
key: 646175, value: 
key: 5131, value: 
key: 629406, value: 
key: 85657, value: 
key: 619, value: 
key: 191020, value: 
key: 111147, value: 
key: 50560, value: 
key: 81205, value: 
key: 25623, value: 
key: 48051, value: 
key: 8093, value: 
key: 12006, value: 
key: 35656, value: 
key: 1943, value: 
key: 357549, value: 
key: 4981, value: 
key: 2012, value: 
key: 598281, value: 
key: 415763, value: 
key: 58772, value: 
key: 1320, value: 
key: 184447, value: 
key: 1543, value: 
key: 14796, value: 
key: 925024, value: 
key: 71963, value: 
key: 194925, value: 
key: 37245, value: 
key: 61990, value: 
key: 61321, value: 
key: 3595, value: 
key: 887308, value: 
key: 10309, value: 
key: 226071, value: 
key: 16625, value: 
key: 3904, value: 
key: 11359, value: 
key: 1817, value: 
key: 647565, value: 
key: 119729, value: 
key: 2575, value: 
key: 602444, value: 
key: 2577, value: 
key: 16791, value: 
key: 4144, value: 
key: 35016, value: 
key: 26774, value: 
key: 4828, value: 
key: 1585, value: 
key: 646334, value: 
key: 71033, value: 
key: 8483, value: 
key: 132009, value: 
key: 58113, value: 
key: 115078, value: 
key: 1905, value: 
key: 192169, value: 
key: 3221, value: 
key: 75908, value: 
key: 237211, value: 
key: 608291, value: 
key: 774795, value: 
key: 129759, value: 
key: 2414, value: 
key: 357644, value: 
key: 5700, value: 
key: 253973, value: 
key: 422869, value: 
key: 425154, value: 
key: 88804, value: 
key: 10549, value: 
key: 728, value: 
key: 13253, value: 
key: 13436, value: 
key: 1754, value: 
key: 139679, value: 
key: 3052, value: 
key: 13921, value: 
key: 200062, value: 
key: 19830, value: 
key: 1737, value: 
key: 28210, value: 
key: 355947, value: 
key: 10893, value: 
key: 9297, value: 
key: 752, value: 
key: 14178, value: 
key: 211919, value: 
key: 428800, value: 
key: 2754, value: 
key: 4571, value: 
key: 18757, value: 
key: 59541, value: 
key: 8280, value: 
key: 19744, value: 
key: 6466, value: 
key: 6430, value: 
key: 415090, value: 
key: 6522, value: 
key: 25546, value: 
key: 3780, value: 
key: 265343, value: 
key: 125987, value: 
key: 376951, value: 
key: 2691, value: 
key: 679628, value: 
key: 846, value: 
key: 146666, value: 
key: 27416, value: 
key: 146644, value: 
key: 52, value: 
key: 13597, value: 
key: 124955, value: 
key: 1558, value: 
key: 21221, value: 
key: 35, value: 
key: 19289, value: 
key: 286833, value: 
key: 13559, value: 
key: 38086, value: 
key: 60670, value: 
key: 4827, value: 
key: 2166, value: 
key: 7215, value: 
key: 2669, value: 
key: 84945, value: 
key: 26200, value: 
key: 67093, value: 
key: 162360, value: 
key: 1142, value: 
key: 40907, value: 
key: 691994, value: 
key: 49112, value: 
key: 6483, value: 
key: 50512, value: 
key: 139205, value: 
key: 111511, value: 
key: 5646, value: 
key: 21680, value: 
key: 83779, value: 
key: 12259, value: 
key: 36419, value: 
key: 71090, value: 
key: 26123, value: 
key: 1680, value: 
key: 868791, value: 
key: 57495, value: 
key: 14308, value: 
key: 123617, value: 
key: 2247, value: 
key: 45487, value: 
key: 13754, value: 
key: 10363, value: 
key: 235475, value: 
key: 69933, value: 
key: 27363, value: 
key: 16592, value: 
key: 574, value: 
key: 63630, value: 
key: 13629, value: 
key: 28418, value: 
key: 4750, value: 
key: 104601, value: 
key: 32640, value: 
key: 210359, value: 
key: 36476, value: 
key: 21997, value: 
key: 768, value: 
key: 10010, value: 
key: 665281, value: 
key: 7502, value: 
key: 71958, value: 
key: 34886, value: 
key: 33601, value: 
key: 60279, value: 
key: 1798, value: 
key: 29285, value: 
key: 31868, value: 
key: 712013, value: 
key: 4134, value: 
key: 719187, value: 
key: 2972, value: 
key: 267250, value: 
key: 353105, value: 
key: 76347, value: 
key: 803486, value: 
key: 716528, value: 
key: 203673, value: 
key: 952228, value: 
key: 2322, value: 
key: 21740, value: 
key: 7681, value: 
key: 17189, value: 
key: 77710, value: 
key: 36202, value: 
key: 307171, value: 
key: 2518, value: 
key: 307674, value: 
key: 324679, value: 
key: 509646, value: 
key: 898435, value: 
key: 102466, value: 
key: 119560, value: 
key: 804061, value: 
key: 833, value: 
key: 26384, value: 
key: 524695, value: 
key: 37480, value: 
key: 1833, value: 
key: 2090, value: 
key: 5143, value: 
key: 921195, value: 
key: 172269, value: 
key: 509215, value: 
key: 28105, value: 
key: 287198, value: 
key: 39894, value: 
key: 300260, value: 
key: 251112, value: 
key: 10168, value: 
key: 4818, value: 
key: 14977, value: 
key: 743, value: 
key: 136773, value: 
key: 2428, value: 
key: 41457, value: 
key: 4063, value: 
key: 3754, value: 
key: 126063, value: 
key: 888969, value: 
key: 1113, value: 
key: 2383, value: 
key: 20954, value: 
key: 105132, value: 
key: 40646, value: 
key: 359, value: 
key: 483227, value: 
key: 2127, value: 
key: 2808, value: 
key: 176404, value: 
key: 18341, value: 
key: 388, value: 
key: 154673, value: 
key: 851, value: 
key: 5011, value: 
key: 145761, value: 
key: 14733, value: 
key: 10946, value: 
key: 805, value: 
key: 4522, value: 
key: 372353, value: 
key: 2594, value: 
key: 39987, value: 
key: 450607, value: 
key: 38367, value: 
key: 599708, value: 
key: 82562, value: 
key: 7832, value: 
key: 504544, value: 
key: 4826, value: 
key: 75608, value: 
key: 20724, value: 
key: 1356, value: 
key: 64214, value: 
key: 554614, value: 
key: 4997, value: 
key: 12432, value: 
key: 2929, value: 
key: 724868, value: 
key: 70377, value: 
key: 1307, value: 
key: 104511, value: 
key: 53529, value: 
key: 2864, value: 
key: 5159, value: 
key: 4040, value: 
key: 10452, value: 
key: 656, value: 
key: 65323, value: 
key: 941993, value: 
key: 62432, value: 
key: 16662, value: 
key: 385520, value: 
key: 425, value: 
key: 614829, value: 
key: 725920, value: 
key: 12530, value: 
key: 453019, value: 
key: 398949, value: 
key: 13144, value: 
key: 9627, value: 
key: 152956, value: 
key: 414233, value: 
key: 13633, value: 
key: 18988, value: 
key: 21618, value: 
key: 32452, value: 
key: 11841, value: 
key: 738, value: 
key: 2526, value: 
key: 128861, value: 
key: 7819, value: 
key: 151, value: 
key: 11429, value: 
key: 47371, value: 
key: 561584, value: 
key: 1182, value: 
key: 4367, value: 
key: 85261, value: 
key: 948354, value: 
key: 41906, value: 
key: 714721, value: 
key: 220885, value: 
key: 313720, value: 
key: 198246, value: 
key: 937349, value: 
key: 61715, value: 
key: 258938, value: 
key: 2845, value: 
key: 2253, value: 
key: 1017, value: 
key: 930469, value: 
key: 130452, value: 
key: 16783, value: 
key: 9953, value: 
key: 388176, value: 
key: 32443, value: 
key: 18140, value: 
key: 58560, value: 
key: 32685, value: 
key: 90476, value: 
key: 87247, value: 
key: 14498, value: 
key: 60409, value: 
key: 541098, value: 
key: 11708, value: 
key: 4206, value: 
key: 145990, value: 
key: 1392, value: 
key: 296, value: 
key: 69558, value: 
key: 28768, value: 
key: 36644, value: 
key: 373259, value: 
key: 4426, value: 
key: 120672, value: 
key: 12999, value: 
key: 56541, value: 
key: 293042, value: 
key: 14433, value: 
key: 155467, value: 
key: 302786, value: 
key: 36112, value: 
key: 154194, value: 
key: 9255, value: 
key: 590817, value: 
key: 281848, value: 
key: 153147, value: 
key: 2101, value: 
key: 717240, value: 
key: 46262, value: 
key: 173062, value: 
key: 13893, value: 
key: 211584, value: 
key: 782573, value: 
key: 5029, value: 
key: 11275, value: 
key: 53460, value: 
key: 746800, value: 
key: 82211, value: 
key: 147602, value: 
key: 184566, value: 
key: 207908, value: 
key: 198337, value: 
key: 106630, value: 
key: 67445, value: 
key: 213402, value: 
key: 58903, value: 
key: 413905, value: 
key: 753740, value: 
key: 229878, value: 
key: 888827, value: 
key: 294124, value: 
key: 35577, value: 
key: 152436, value: 
key: 12831, value: 
key: 65912, value: 
key: 32290, value: 
key: 38159, value: 
key: 10935, value: 
key: 10081, value: 
key: 36850, value: 
key: 130677, value: 
key: 107436, value: 
key: 761802, value: 
key: 474963, value: 
key: 191458, value: 
key: 7462, value: 
key: 194077, value: 
key: 99932, value: 
key: 13020, value: 
key: 301237, value: 
key: 979084, value: 
key: 121201, value: 
key: 11401, value: 
key: 413019, value: 
key: 116854, value: 
key: 21513, value: 
key: 268734, value: 
key: 175139, value: 
key: 1353, value: 
key: 542709, value: 
key: 50608, value: 
key: 211304, value: 
key: 76009, value: 
key: 643518, value: 
key: 27252, value: 
key: 587497, value: 
key: 28447, value: 
key: 3364, value: 
key: 2125, value: 
key: 6981, value: 
key: 8647, value: 
key: 46690, value: 
key: 140166, value: 
key: 113618, value: 
key: 37918, value: 
key: 113555, value: 
key: 2833, value: 
key: 219696, value: 
key: 31218, value: 
key: 1317, value: 
key: 215079, value: 
key: 7148, value: 
key: 996213, value: 
key: 22641, value: 
key: 6476, value: 
key: 2816, value: 
key: 100663, value: 
key: 10954, value: 
key: 116652, value: 
key: 413188, value: 
key: 31643, value: 
key: 582230, value: 
key: 48228, value: 
key: 914286, value: 
key: 95721, value: 
key: 453738, value: 
key: 69092, value: 
key: 5831, value: 
key: 272110, value: 
key: 8808, value: 
key: 112188, value: 
key: 67554, value: 
key: 6765, value: 
key: 39321, value: 
key: 115248, value: 
key: 293780, value: 
key: 3431, value: 
key: 7764, value: 
key: 325501, value: 
key: 268997, value: 
key: 24154, value: 
key: 240931, value: 
key: 273, value: 
key: 206090, value: 
key: 554236, value: 
key: 1502, value: 
key: 115721, value: 
key: 1572, value: 
key: 52951, value: 
key: 98218, value: 
key: 355789, value: 
key: 80531, value: 
key: 927191, value: 
key: 51092, value: 
key: 109163, value: 
key: 359827, value: 
key: 87076, value: 
key: 101363, value: 
key: 687278, value: 
key: 7473, value: 
key: 10248, value: 
key: 62175, value: 
key: 258035, value: 
key: 39285, value: 
key: 883, value: 
key: 31451, value: 
key: 13326, value: 
key: 1052, value: 
key: 226, value: 
key: 1, value: 
key: 37790, value: 
key: 708056, value: 
key: 2810, value: 
key: 146, value: 
key: 263455, value: 
key: 449034, value: 
key: 470025, value: 
key: 3858, value: 
key: 255956, value: 
key: 15062, value: 
key: 487806, value: 
key: 3266, value: 
key: 1442, value: 
key: 235167, value: 
key: 438191, value: 
key: 6627, value: 
key: 169974, value: 
key: 178134, value: 
key: 21670, value: 
key: 294914, value: 
key: 581927, value: 
key: 190489, value: 
key: 22303, value: 
key: 23397, value: 
key: 23162, value: 
key: 151919, value: 
key: 5137, value: 
key: 247667, value: 
key: 11869, value: 
key: 222, value: 
key: 76887, value: 
key: 87963, value: 
key: 291, value: 
key: 187846, value: 
key: 412, value: 
key: 496362, value: 
key: 48140, value: 
key: 371535, value: 
key: 34467, value: 
key: 560536, value: 
key: 9877, value: 
key: 111048, value: 
key: 629, value: 
key: 16381, value: 
key: 123779, value: 
key: 97380, value: 
key: 110780, value: 
key: 1862, value: 
key: 56798, value: 
key: 291446, value: 
key: 126786, value: 
key: 482665, value: 
key: 395495, value: 
key: 27196, value: 
key: 442738, value: 
key: 402054, value: 
key: 23253, value: 
key: 101498, value: 
key: 238791, value: 
key: 911776, value: 
key: 95081, value: 
key: 201891, value: 
key: 502774, value: 
key: 2313, value: 
key: 56459, value: 
key: 468140, value: 
key: 10997, value: 
key: 209503, value: 
key: 63619, value: 
key: 4990, value: 
key: 50483, value: 
key: 208726, value: 
key: 403478, value: 
key: 54925, value: 
key: 9236, value: 
key: 390343, value: 
key: 47519, value: 
key: 51749, value: 
key: 1380, value: 
key: 757833, value: 
key: 2701, value: 
key: 51313, value: 
key: 68642, value: 
key: 288628, value: 
key: 46231, value: 
key: 368951, value: 
key: 207598, value: 
key: 346830, value: 
key: 11702, value: 
key: 10470, value: 
key: 366549, value: 
key: 23372, value: 
key: 11343, value: 
key: 36304, value: 
key: 30592, value: 
key: 22693, value: 
key: 52180, value: 
key: 40384, value: 
key: 54622, value: 
key: 871, value: 
key: 77421, value: 
key: 415, value: 
key: 59255, value: 
key: 45343, value: 
key: 7287, value: 
key: 850514, value: 
key: 560977, value: 
key: 786551, value: 
key: 83366, value: 
key: 552, value: 
key: 961183, value: 
key: 2211, value: 
key: 676, value: 
key: 1308, value: 
key: 646408, value: 
key: 2199, value: 
key: 292731, value: 
key: 22605, value: 
key: 169410, value: 
key: 31215, value: 
key: 54781, value: 
key: 4498, value: 
key: 31649, value: 
key: 409619, value: 
key: 62807, value: 
key: 4753, value: 
key: 345511, value: 
key: 413, value: 
key: 43167, value: 
key: 450192, value: 
key: 7387, value: 
key: 1372, value: 
key: 193, value: 
key: 251044, value: 
key: 149127, value: 
key: 1511, value: 
key: 244440, value: 
key: 2686, value: 
key: 647447, value: 
key: 437065, value: 
key: 47955, value: 
key: 66877, value: 
key: 116999, value: 
key: 1312, value: 
key: 635592, value: 
key: 143470, value: 
key: 355191, value: 
key: 1932, value: 
key: 159, value: 
key: 34463, value: 
key: 25010, value: 
key: 4424, value: 
key: 43544, value: 
key: 17080, value: 
key: 12158, value: 
key: 393869, value: 
key: 1301, value: 
key: 6409, value: 
key: 294757, value: 
key: 958031, value: 
key: 258579, value: 
key: 30158, value: 
key: 1800, value: 
key: 11849, value: 
key: 1090, value: 
key: 16225, value: 
key: 514, value: 
key: 826056, value: 
key: 3820, value: 
key: 30153, value: 
key: 515771, value: 
key: 8255, value: 
key: 19938, value: 
key: 107610, value: 
key: 1892, value: 
key: 18328, value: 
key: 66784, value: 
key: 260023, value: 
key: 66788, value: 
key: 602909, value: 
key: 6708, value: 
key: 860887, value: 
key: 424, value: 
key: 5071, value: 
key: 3039, value: 
key: 106923, value: 
key: 505, value: 
key: 2384, value: 
key: 197241, value: 
key: 8456, value: 
key: 379410, value: 
key: 32599, value: 
key: 391953, value: 
key: 123690, value: 
key: 250734, value: 
key: 112185, value: 
key: 42270, value: 
key: 945592, value: 
key: 155636, value: 
key: 196950, value: 
key: 339413, value: 
key: 180314, value: 
key: 1043, value: 
key: 88081, value: 
key: 823875, value: 
key: 88489, value: 
key: 3300, value: 
key: 43739, value: 
key: 3618, value: 
key: 109437, value: 
key: 783503, value: 
key: 201502, value: 
key: 166, value: 
key: 5128, value: 
key: 2618, value: 
key: 2673, value: 
key: 215207, value: 
key: 12529, value: 
key: 961802, value: 
key: 4276, value: 
key: 312925, value: 
key: 123546, value: 
key: 4440, value: 
key: 12896, value: 
key: 605127, value: 
key: 56338, value: 
key: 405332, value: 
key: 218092, value: 
key: 311702, value: 
key: 25232, value: 
key: 194350, value: 
key: 778726, value: 
key: 1792, value: 
key: 12489, value: 
key: 1321, value: 
key: 18165, value: 
key: 67042, value: 
key: 534339, value: 
key: 5947, value: 
key: 10, value: 
key: 497036, value: 
key: 1845, value: 
key: 2401, value: 
key: 16104, value: 
key: 8323, value: 
key: 12221, value: 
key: 49276, value: 
key: 134659, value: 
key: 283623, value: 
key: 2751, value: 
key: 52048, value: 
key: 5592, value: 
key: 16471, value: 
key: 28033, value: 
key: 676066, value: 
key: 1818, value: 
key: 6554, value: 
key: 280, value: 
key: 604955, value: 
key: 15514, value: 
key: 3731, value: 
key: 21094, value: 
key: 618, value: 
key: 2783, value: 
key: 7565, value: 
key: 350494, value: 
key: 11178, value: 
key: 2046, value: 
key: 798167, value: 
key: 3123, value: 
key: 50243, value: 
key: 10368, value: 
key: 2234, value: 
key: 164742, value: 
key: 16395, value: 
key: 25330, value: 
key: 167902, value: 
key: 74026, value: 
key: 629149, value: 
key: 11886, value: 
key: 101658, value: 
key: 353766, value: 
key: 358051, value: 
key: 30666, value: 
key: 212096, value: 
key: 2371, value: 
key: 63838, value: 
key: 14085, value: 
key: 48941, value: 
key: 5516, value: 
key: 71319, value: 
key: 2205, value: 
key: 552564, value: 
key: 490420, value: 
key: 1896, value: 
key: 37265, value: 
key: 795292, value: 
key: 73335, value: 
key: 312690, value: 
key: 616068, value: 
key: 121894, value: 
key: 5404, value: 
key: 3060, value: 
key: 852575, value: 
key: 475, value: 
key: 31770, value: 
key: 5615, value: 
key: 2544, value: 
key: 96135, value: 
key: 8996, value: 
key: 6049, value: 
key: 2453, value: 
key: 556266, value: 
key: 2894, value: 
key: 1562, value: 
key: 1768, value: 
key: 546628, value: 
key: 24179, value: 
key: 120195, value: 
key: 205282, value: 
key: 73611, value: 
key: 2230, value: 
key: 701802, value: 
key: 386075, value: 
key: 2832, value: 
key: 14006, value: 
key: 3215, value: 
key: 6174, value: 
key: 14560, value: 
key: 79311, value: 
key: 873107, value: 
key: 345290, value: 
key: 247453, value: 
key: 10910, value: 
key: 924, value: 
key: 697938, value: 
key: 125379, value: 
key: 311448, value: 
key: 4595, value: 
key: 184060, value: 
key: 128023, value: 
key: 260983, value: 
key: 9453, value: 
key: 30689, value: 
key: 131751, value: 
key: 10671, value: 
key: 45305, value: 
key: 5436, value: 
key: 457248, value: 
key: 161212, value: 
key: 768882, value: 
key: 2020, value: 
key: 502675, value: 
key: 22843, value: 
key: 54594, value: 
key: 152111, value: 
key: 113482, value: 
key: 344964, value: 
key: 824, value: 
key: 5228, value: 
key: 11825, value: 
key: 235128, value: 
key: 139469, value: 
key: 70757, value: 
key: 950403, value: 
key: 10696, value: 
key: 4288, value: 
key: 361916, value: 
key: 263988, value: 
key: 291354, value: 
key: 678, value: 
key: 165223, value: 
key: 19, value: 
key: 107447, value: 
key: 1255, value: 
key: 666521, value: 
key: 2459, value: 
key: 236944, value: 
key: 3539, value: 
key: 4718, value: 
key: 759471, value: 
key: 57399, value: 
key: 50195, value: 
key: 795305, value: 
key: 76735, value: 
key: 3260, value: 
key: 426067, value: 
key: 827213, value: 
key: 118281, value: 
key: 50944, value: 
key: 2299, value: 
key: 91755, value: 
key: 7586, value: 
key: 2620, value: 
key: 40518, value: 
key: 205682, value: 
key: 157100, value: 
key: 216588, value: 
key: 923366, value: 
key: 107290, value: 
key: 160665, value: 
key: 56261, value: 
key: 2460, value: 
key: 139800, value: 
key: 74627, value: 
key: 605483, value: 
key: 2068, value: 
key: 859, value: 
key: 241664, value: 
key: 426556, value: 
key: 6865, value: 
key: 207414, value: 
key: 10688, value: 
key: 4925, value: 
key: 31994, value: 
key: 239, value: 
key: 11189, value: 
key: 110219, value: 
key: 445508, value: 
key: 701747, value: 
key: 5730, value: 
key: 1987, value: 
key: 45511, value: 
key: 268360, value: 
key: 14997, value: 
key: 20574, value: 
key: 9594, value: 
key: 35422, value: 
key: 8625, value: 
key: 4357, value: 
key: 595808, value: 
key: 851746, value: 
key: 58393, value: 
key: 84560, value: 
key: 115609, value: 
key: 18435, value: 
key: 8604, value: 
key: 40081, value: 
key: 11414, value: 
key: 27035, value: 
key: 4773, value: 
key: 161712, value: 
key: 261781, value: 
key: 341594, value: 
key: 908436, value: 
key: 255243, value: 
key: 232155, value: 
key: 57714, value: 
key: 5310, value: 
key: 483236, value: 
key: 22345, value: 
key: 322862, value: 
key: 30003, value: 
key: 21594, value: 
key: 178229, value: 
key: 158037, value: 
key: 148336, value: 
key: 76466, value: 
key: 288653, value: 
key: 657690, value: 
key: 2960, value: 
key: 18428, value: 
key: 3203, value: 
key: 16827, value: 
key: 5460, value: 
key: 622100, value: 
key: 3333, value: 
key: 56681, value: 
key: 89464, value: 
key: 40090, value: 
key: 2738, value: 
key: 19493, value: 
key: 18617, value: 
key: 251329, value: 
key: 347316, value: 
key: 177341, value: 
key: 109842, value: 
key: 4308, value: 
key: 73897, value: 
key: 162302, value: 
key: 216041, value: 
key: 8005, value: 
key: 4292, value: 
key: 153042, value: 
key: 757142, value: 
key: 7086, value: 
key: 33553, value: 
key: 59325, value: 
key: 903, value: 
key: 595925, value: 
key: 106316, value: 
key: 105806, value: 
key: 15747, value: 
key: 15097, value: 
key: 33689, value: 
key: 30725, value: 
key: 2725, value: 
key: 624040, value: 
key: 5297, value: 
key: 86697, value: 
key: 691433, value: 
key: 5829, value: 
key: 1914, value: 
key: 546, value: 
key: 1557, value: 
key: 19464, value: 
key: 13740, value: 
key: 90225, value: 
key: 717478, value: 
key: 341563, value: 
key: 30006, value: 
key: 397225, value: 
key: 126811, value: 
key: 241751, value: 
key: 12833, value: 
key: 810849, value: 
key: 87318, value: 
key: 11738, value: 
key: 412584, value: 
key: 784, value: 
key: 959457, value: 
key: 109989, value: 
key: 530, value: 
key: 175103, value: 
key: 11398, value: 
key: 832889, value: 
key: 566662, value: 
key: 67019, value: 
key: 14020, value: 
key: 60144, value: 
key: 5558, value: 
key: 107148, value: 
key: 301010, value: 
key: 81031, value: 
key: 30309, value: 
key: 130549, value: 
key: 8170, value: 
key: 185592, value: 
key: 472, value: 
key: 1079, value: 
key: 302331, value: 
key: 250150, value: 
key: 575, value: 
key: 929594, value: 
key: 552334, value: 
key: 220574, value: 
key: 214457, value: 
key: 699, value: 
key: 101361, value: 
key: 139, value: 
key: 946016, value: 
key: 387600, value: 
key: 5156, value: 
key: 17052, value: 
key: 786394, value: 
key: 7790, value: 
key: 67245, value: 
key: 921, value: 
key: 199315, value: 
key: 40566, value: 
key: 858569, value: 
key: 459860, value: 
key: 14200, value: 
key: 1129, value: 
key: 362622, value: 
key: 16956, value: 
key: 607878, value: 
key: 111415, value: 
key: 67070, value: 
key: 14338, value: 
key: 31130, value: 
key: 19154, value: 
key: 70878, value: 
key: 830863, value: 
key: 46626, value: 
key: 71209, value: 
key: 1515, value: 
key: 243071, value: 
key: 134766, value: 
key: 94222, value: 
key: 443523, value: 
key: 44729, value: 
key: 843, value: 
key: 461299, value: 
key: 640262, value: 
key: 952339, value: 
key: 562171, value: 
key: 44824, value: 
key: 57603, value: 
key: 364273, value: 
key: 36393, value: 
key: 12853, value: 
key: 23625, value: 
key: 10974, value: 
key: 906, value: 
key: 212687, value: 
key: 36552, value: 
key: 76297, value: 
key: 355348, value: 
key: 208947, value: 
key: 4187, value: 
key: 1786, value: 
key: 64038, value: 
key: 5066, value: 
key: 126988, value: 
key: 194103, value: 
key: 8877, value: 
key: 22882, value: 
key: 219, value: 
key: 33892, value: 
key: 19460, value: 
key: 37, value: 
key: 12682, value: 
key: 168327, value: 
key: 25388, value: 
key: 88403, value: 
key: 621515, value: 
key: 5333, value: 
key: 5216, value: 
key: 358089, value: 
key: 20156, value: 
key: 24650, value: 
key: 614563, value: 
key: 128676, value: 
key: 2087, value: 
key: 365734, value: 
key: 1086, value: 
key: 98927, value: 
key: 22973, value: 
key: 198575, value: 
key: 331388, value: 
key: 606526, value: 
key: 10668, value: 
key: 114679, value: 
key: 179855, value: 
key: 1428, value: 
key: 16522, value: 
key: 45281, value: 
key: 5898, value: 
key: 368709, value: 
key: 177151, value: 
key: 33382, value: 
key: 65639, value: 
key: 1900, value: 
key: 2561, value: 
key: 889989, value: 
key: 57574, value: 
key: 2567, value: 
key: 680751, value: 
key: 618310, value: 
key: 60045, value: 
key: 451, value: 
key: 3603, value: 
key: 25803, value: 
key: 9902, value: 
key: 38440, value: 
key: 1590, value: 
key: 61185, value: 
key: 315940, value: 
key: 757348, value: 
key: 80793, value: 
key: 18127, value: 
key: 24061, value: 
key: 23516, value: 
key: 36741, value: 
key: 297519, value: 
key: 6976, value: 
key: 137, value: 
key: 107745, value: 
key: 30278, value: 
key: 15437, value: 
key: 88356, value: 
key: 495121, value: 
key: 7545, value: 
key: 875126, value: 
key: 954, value: 
key: 16450, value: 
key: 91106, value: 
key: 18794, value: 
key: 493283, value: 
key: 780690, value: 
key: 241851, value: 
key: 53101, value: 
key: 12533, value: 
key: 9831, value: 
key: 14561, value: 
key: 61191, value: 
key: 23282, value: 
key: 38742, value: 
key: 788918, value: 
key: 36194, value: 
key: 951439, value: 
key: 56288, value: 
key: 2023, value: 
key: 12024, value: 
key: 47641, value: 
key: 146579, value: 
key: 882598, value: 
key: 372334, value: 
key: 103424, value: 
key: 814, value: 
key: 348889, value: 
key: 21343, value: 
key: 1076, value: 
key: 127234, value: 
key: 13814, value: 
key: 7875, value: 
key: 13979, value: 
key: 15726, value: 
key: 2474, value: 
key: 51118, value: 
key: 42895, value: 
key: 3021, value: 
key: 263593, value: 
key: 6510, value: 
key: 55405, value: 
key: 418985, value: 
key: 6693, value: 
key: 18642, value: 
key: 499260, value: 
key: 104253, value: 
key: 653886, value: 
key: 20255, value: 
key: 161, value: 
key: 139196, value: 
key: 29000, value: 
key: 10332, value: 
key: 20161, value: 
key: 6930, value: 
key: 787025, value: 
key: 73684, value: 
key: 161438, value: 
key: 74297, value: 
key: 6182, value: 
key: 97702, value: 
key: 123858, value: 
key: 4259, value: 
key: 26329, value: 
key: 6733, value: 
key: 48176, value: 
key: 4534, value: 
key: 529454, value: 
key: 1456, value: 
key: 3057, value: 
key: 789635, value: 
key: 370009, value: 
key: 5126, value: 
key: 25101, value: 
key: 49982, value: 
key: 242324, value: 
key: 24125, value: 
key: 612405, value: 
key: 450, value: 
key: 693520, value: 
key: 868273, value: 
key: 637, value: 
key: 2256, value: 
key: 305550, value: 
key: 4470, value: 
key: 103771, value: 
key: 4218, value: 
key: 123004, value: 
key: 1596, value: 
key: 560919, value: 
key: 196057, value: 
key: 7441, value: 
key: 516874, value: 
key: 731852, value: 
key: 80947, value: 
key: 1691, value: 
key: 515, value: 
key: 215888, value: 
key: 2696, value: 
key: 114060, value: 
key: 651, value: 
key: 111185, value: 
key: 26108, value: 
key: 8880, value: 
key: 4310, value: 
key: 82549, value: 
key: 319890, value: 
key: 43698, value: 
key: 60988, value: 
key: 116674, value: 
key: 39354, value: 
key: 37771, value: 
key: 12437, value: 
key: 436844, value: 
key: 34272, value: 
key: 77580, value: 
key: 126004, value: 
key: 129546, value: 
key: 283711, value: 
key: 575877, value: 
key: 467264, value: 
key: 186075, value: 
key: 39518, value: 
key: 828505, value: 
key: 33367, value: 
key: 18417, value: 
key: 410, value: 
key: 432677, value: 
key: 961781, value: 
key: 21342, value: 
key: 114816, value: 
key: 1860, value: 
key: 2446, value: 
key: 34472, value: 
key: 238053, value: 
key: 538971, value: 
key: 1050, value: 
key: 547779, value: 
key: 622221, value: 
key: 40291, value: 
key: 816243, value: 
key: 103891, value: 
key: 924892, value: 
key: 877115, value: 
key: 21937, value: 
key: 26571, value: 
key: 19446, value: 
key: 2800, value: 
key: 478000, value: 
key: 500, value: 
key: 1299, value: 
key: 686358, value: 
key: 3407, value: 
key: 16885, value: 
key: 498052, value: 
key: 1648, value: 
key: 10063, value: 
key: 3396, value: 
key: 6741, value: 
key: 39535, value: 
key: 307, value: 
key: 937062, value: 
key: 20221, value: 
key: 6534, value: 
key: 93865, value: 
key: 149691, value: 
key: 39215, value: 
key: 367, value: 
key: 218054, value: 
key: 230038, value: 
key: 66059, value: 
key: 895, value: 
key: 3417, value: 
key: 1249, value: 
key: 276191, value: 
key: 52397, value: 
key: 26923, value: 
key: 123147, value: 
key: 653140, value: 
key: 132388, value: 
key: 953269, value: 
key: 9596, value: 
key: 127948, value: 
key: 25033, value: 
key: 119130, value: 
key: 643733, value: 
key: 252290, value: 
key: 1801, value: 
key: 218660, value: 
key: 19190, value: 
key: 382477, value: 
key: 969, value: 
key: 141886, value: 
key: 13804, value: 
key: 10341, value: 
key: 164970, value: 
key: 2337, value: 
key: 48541, value: 
key: 8408, value: 
key: 394337, value: 
key: 397606, value: 
key: 422561, value: 
key: 8825, value: 
key: 50200, value: 
key: 620487, value: 
key: 31618, value: 
key: 799849, value: 
key: 24944, value: 
key: 50441, value: 
key: 160195, value: 
key: 8274, value: 
key: 8915, value: 
key: 62542, value: 
key: 140878, value: 
key: 2203, value: 
key: 445536, value: 
key: 20332, value: 
key: 94447, value: 
key: 2348, value: 
key: 2105, value: 
key: 99806, value: 
key: 64807, value: 
key: 214134, value: 
key: 2067, value: 
key: 3394, value: 
key: 475886, value: 
key: 33356, value: 
key: 640069, value: 
key: 22141, value: 
key: 1374, value: 
key: 961, value: 
key: 279830, value: 
key: 18001, value: 
key: 7318, value: 
key: 338801, value: 
key: 2043, value: 
key: 5869, value: 
key: 834, value: 
key: 4061, value: 
key: 12675, value: 
key: 257344, value: 
key: 20078, value: 
key: 32629, value: 
key: 15885, value: 
key: 767158, value: 
key: 22279, value: 
key: 30340, value: 
key: 72569, value: 
key: 8079, value: 
key: 5525, value: 
key: 327594, value: 
key: 5328, value: 
key: 711153, value: 
key: 15389, value: 
key: 152323, value: 
key: 74572, value: 
key: 97028, value: 
key: 1277, value: 
key: 444699, value: 
key: 14714, value: 
key: 19717, value: 
key: 57203, value: 
key: 821603, value: 
key: 355655, value: 
key: 22165, value: 
key: 14474, value: 
key: 20203, value: 
key: 7530, value: 
key: 53595, value: 
key: 427346, value: 
key: 495328, value: 
key: 1446, value: 
key: 252, value: 
key: 140129, value: 
key: 22958, value: 
key: 46004, value: 
key: 131, value: 
key: 487274, value: 
key: 265910, value: 
key: 18056, value: 
key: 1523, value: 
key: 61127, value: 
key: 17339, value: 
key: 2924, value: 
key: 63235, value: 
key: 51725, value: 
key: 932145, value: 
key: 165186, value: 
key: 7837, value: 
key: 177343, value: 
key: 28, value: 
key: 2123, value: 
key: 36240, value: 
key: 46209, value: 
key: 33508, value: 
key: 9105, value: 
key: 45499, value: 
key: 124212, value: 
key: 32060, value: 
key: 655967, value: 
key: 251178, value: 
key: 32184, value: 
key: 18473, value: 
key: 736897, value: 
key: 28556, value: 
key: 93523, value: 
key: 588962, value: 
key: 1341, value: 
key: 85504, value: 
key: 119326, value: 
key: 7020, value: 
key: 37897, value: 
key: 25869, value: 
key: 64164, value: 
key: 64041, value: 
key: 40285, value: 
key: 3207, value: 
key: 97737, value: 
key: 235431, value: 
key: 100691, value: 
key: 584873, value: 
key: 67238, value: 
key: 364, value: 
key: 724322, value: 
key: 846264, value: 
key: 491747, value: 
key: 12457, value: 
key: 39080, value: 
key: 184538, value: 
key: 49014, value: 
key: 171724, value: 
key: 65456, value: 
key: 282486, value: 
key: 25290, value: 
key: 47797, value: 
key: 18096, value: 
key: 270, value: 
key: 1703, value: 
key: 159945, value: 
key: 86933, value: 
key: 174963, value: 
key: 916461, value: 
key: 962197, value: 
key: 31290, value: 
key: 25111, value: 
key: 8703, value: 
key: 168549, value: 
key: 189904, value: 
key: 308912, value: 
key: 95819, value: 
key: 1154, value: 
key: 1665, value: 
key: 10291, value: 
key: 43937, value: 
key: 20669, value: 
key: 712522, value: 
key: 161687, value: 
key: 48004, value: 
key: 21784, value: 
key: 87254, value: 
key: 305933, value: 
key: 2054, value: 
key: 1580, value: 
key: 12969, value: 
key: 471254, value: 
key: 97383, value: 
key: 74614, value: 
key: 23762, value: 
key: 3276, value: 
key: 912179, value: 
key: 22368, value: 
key: 4663, value: 
key: 3154, value: 
key: 2489, value: 
key: 346384, value: 
key: 1092, value: 
key: 5988, value: 
key: 15695, value: 
key: 529888, value: 
key: 1382, value: 
key: 127039, value: 
key: 8134, value: 
key: 3172, value: 
key: 3873, value: 
key: 623665, value: 
key: 31442, value: 
key: 91956, value: 
key: 2946, value: 
key: 93357, value: 
key: 21687, value: 
key: 376681, value: 
key: 361426, value: 
key: 417020, value: 
key: 783, value: 
key: 18622, value: 
key: 50810, value: 
key: 5232, value: 
key: 53273, value: 
key: 220412, value: 
key: 351054, value: 
key: 312325, value: 
key: 10389, value: 
key: 34491, value: 
key: 838138, value: 
key: 15715, value: 
key: 128859, value: 
key: 994, value: 
key: 11298, value: 
key: 2486, value: 
key: 44355, value: 
key: 760695, value: 
key: 274, value: 
key: 129716, value: 
key: 18982, value: 
key: 35414, value: 
key: 13998, value: 
key: 671, value: 
key: 326896, value: 
key: 91635, value: 
key: 534, value: 
key: 314275, value: 
key: 133374, value: 
key: 1796, value: 
key: 707439, value: 
key: 60636, value: 
key: 760127, value: 
key: 16036, value: 
key: 62660, value: 
key: 20429, value: 
key: 704792, value: 
key: 67507, value: 
key: 11508, value: 
key: 53179, value: 
key: 12125, value: 
key: 1020, value: 
key: 36501, value: 
key: 162912, value: 
key: 13392, value: 
key: 47824, value: 
key: 394977, value: 
key: 107034, value: 
key: 4532, value: 
key: 673447, value: 
key: 83186, value: 
key: 39184, value: 
key: 7715, value: 
key: 85296, value: 
key: 24838, value: 
key: 22053, value: 
key: 175524, value: 
key: 163217, value: 
key: 2971, value: 
key: 12788, value: 
key: 792, value: 
key: 219396, value: 
key: 323577, value: 
key: 1490, value: 
key: 12026, value: 
key: 540083, value: 
key: 63755, value: 
key: 24323, value: 
key: 797966, value: 
key: 21322, value: 
key: 107170, value: 
key: 27956, value: 
key: 126010, value: 
key: 30595, value: 
key: 27460, value: 
key: 1141, value: 
key: 7890, value: 
key: 14461, value: 
key: 41307, value: 
key: 8728, value: 
key: 1540, value: 
key: 4541, value: 
key: 17605, value: 
key: 499886, value: 
key: 2604, value: 
key: 23281, value: 
key: 35585, value: 
key: 639519, value: 
key: 183767, value: 
key: 120220, value: 
key: 25086, value: 
key: 18116, value: 
key: 22305, value: 
key: 79925, value: 
key: 3248, value: 
key: 213416, value: 
key: 4973, value: 
key: 279, value: 
key: 218082, value: 
key: 902498, value: 
key: 573339, value: 
key: 12276, value: 
key: 151570, value: 
key: 25074, value: 
key: 420675, value: 
key: 6998, value: 
key: 117531, value: 
key: 58245, value: 
key: 4810, value: 
key: 1503, value: 
key: 2555, value: 
key: 2201, value: 
key: 228074, value: 
key: 69461, value: 
key: 6577, value: 
key: 21103, value: 
key: 190697, value: 
key: 45045, value: 
key: 879, value: 
key: 8421, value: 
key: 661661, value: 
key: 569064, value: 
key: 178404, value: 
key: 718520, value: 
key: 111860, value: 
key: 38877, value: 
key: 160496, value: 
key: 79064, value: 
key: 9309, value: 
key: 233046, value: 
key: 321412, value: 
key: 114039, value: 
key: 3778, value: 
key: 13609, value: 
key: 8388, value: 
key: 375486, value: 
key: 3948, value: 
key: 4234, value: 
key: 89355, value: 
key: 15181, value: 
key: 4204, value: 
key: 28864, value: 
key: 341627, value: 
key: 54605, value: 
key: 140056, value: 
key: 799858, value: 
key: 362384, value: 
key: 3625, value: 
key: 6890, value: 
key: 94591, value: 
key: 236817, value: 
key: 66207, value: 
key: 180763, value: 
key: 1602, value: 
key: 36294, value: 
key: 23184, value: 
key: 108095, value: 
key: 855286, value: 
key: 272135, value: 
key: 53783, value: 
key: 243105, value: 
key: 2576, value: 
key: 2592, value: 
key: 4744, value: 
key: 62524, value: 
key: 236349, value: 
key: 15278, value: 
key: 1376, value: 
key: 28705, value: 
key: 4398, value: 
key: 4090, value: 
key: 22515, value: 
key: 55811, value: 
key: 53131, value: 
key: 240329, value: 
key: 815675, value: 
key: 40392, value: 
key: 18787, value: 
key: 2941, value: 
key: 120374, value: 
key: 386453, value: 
key: 23647, value: 
key: 22717, value: 
key: 1704, value: 
key: 560, value: 
key: 349269, value: 
key: 6781, value: 
key: 24163, value: 
key: 22747, value: 
key: 23591, value: 
key: 150663, value: 
key: 23052, value: 
key: 899859, value: 
key: 103233, value: 
key: 22428, value: 
key: 2095, value: 
key: 31430, value: 
key: 91003, value: 
key: 235738, value: 
key: 1699, value: 
key: 2650, value: 
key: 15022, value: 
key: 23946, value: 
key: 89693, value: 
key: 466872, value: 
key: 55325, value: 
key: 7372, value: 
key: 193555, value: 
key: 5892, value: 
key: 4251, value: 
key: 9211, value: 
key: 18393, value: 
key: 468117, value: 
key: 183971, value: 
key: 675236, value: 
key: 640469, value: 
key: 13865, value: 
key: 9035, value: 
key: 43970, value: 
key: 93202, value: 
key: 695247, value: 
key: 6632, value: 
key: 520572, value: 
key: 4, value: 
key: 1040, value: 
key: 306162, value: 
key: 42316, value: 
key: 20385, value: 
key: 1745, value: 
key: 35946, value: 
key: 345664, value: 
key: 187963, value: 
key: 412023, value: 
key: 392623, value: 
key: 12216, value: 
key: 471, value: 
key: 32481, value: 
key: 22708, value: 
key: 147483, value: 
key: 168439, value: 
key: 831222, value: 
key: 237527, value: 
key: 544, value: 
key: 51602, value: 
key: 527231, value: 
key: 5384, value: 
key: 75579, value: 
key: 1479, value: 
key: 56235, value: 
key: 478495, value: 
key: 12997, value: 
key: 174870, value: 
key: 169304, value: 
key: 31293, value: 
key: 7603, value: 
key: 9745, value: 
key: 6133, value: 
key: 23059, value: 
key: 370852, value: 
key: 52714, value: 
key: 1513, value: 
key: 637817, value: 
key: 21572, value: 
key: 9, value: 
key: 78497, value: 
key: 935133, value: 
key: 1976, value: 
key: 217877, value: 
key: 192, value: 
key: 53070, value: 
key: 43269, value: 
key: 14463, value: 
key: 317428, value: 
key: 183062, value: 
key: 277144, value: 
key: 3188, value: 
key: 878854, value: 
key: 5067, value: 
key: 1726, value: 
key: 1948, value: 
key: 8374, value: 
key: 16542, value: 
key: 23787, value: 
key: 40859, value: 
key: 93870, value: 
key: 132214, value: 
key: 124511, value: 
key: 166204, value: 
key: 174952, value: 
key: 519816, value: 
key: 130728, value: 
key: 87973, value: 
key: 53524, value: 
key: 1094, value: 
key: 8474, value: 
key: 80745, value: 
key: 50161, value: 
key: 48615, value: 
key: 27473, value: 
key: 558795, value: 
key: 32742, value: 
key: 14687, value: 
key: 83521, value: 
key: 3042, value: 
key: 289828, value: 
key: 63839, value: 
key: 18869, value: 
key: 66482, value: 
key: 2778, value: 
key: 463204, value: 
key: 25046, value: 
key: 5672, value: 
key: 206306, value: 
key: 576549, value: 
key: 78464, value: 
key: 220592, value: 
key: 44385, value: 
key: 76872, value: 
key: 727664, value: 
key: 64434, value: 
key: 2181, value: 
key: 910104, value: 
key: 4913, value: 
key: 5209, value: 
key: 28939, value: 
key: 137883, value: 
key: 3140, value: 
key: 40898, value: 
key: 724635, value: 
key: 9388, value: 
key: 67426, value: 
key: 10364, value: 
key: 23284, value: 
key: 21787, value: 
key: 42, value: 
key: 16966, value: 
key: 4939, value: 
key: 27166, value: 
key: 7338, value: 
key: 72617, value: 
key: 6887, value: 
key: 440556, value: 
key: 34156, value: 
key: 12134, value: 
key: 26987, value: 
key: 32308, value: 
key: 623917, value: 
key: 526112, value: 
key: 57686, value: 
key: 389, value: 
key: 266374, value: 
key: 873489, value: 
key: 29604, value: 
key: 42279, value: 
key: 776, value: 
key: 1342, value: 
key: 15954, value: 
key: 441756, value: 
key: 527684, value: 
key: 56839, value: 
key: 8368, value: 
key: 423432, value: 
key: 47505, value: 
key: 1279, value: 
key: 354813, value: 
key: 14989, value: 
key: 196598, value: 
key: 4279, value: 
key: 527557, value: 
key: 54356, value: 
key: 41217, value: 
key: 103890, value: 
key: 82956, value: 
key: 3171, value: 
key: 717309, value: 
key: 716066, value: 
key: 19825, value: 
key: 377189, value: 
key: 74593, value: 
key: 255031, value: 
key: 19340, value: 
key: 61693, value: 
key: 230611, value: 
key: 269, value: 
key: 19806, value: 
key: 225324, value: 
key: 85756, value: 
key: 160791, value: 
key: 12287, value: 
key: 16440, value: 
key: 113661, value: 
key: 3593, value: 
key: 15079, value: 
key: 150694, value: 
key: 130351, value: 
key: 78629, value: 
key: 2144, value: 
key: 109, value: 
key: 101867, value: 
key: 12315, value: 
key: 2938, value: 
key: 280189, value: 
key: 674827, value: 
key: 793965, value: 
key: 3416, value: 
key: 3695, value: 
key: 25087, value: 
key: 37406, value: 
key: 272221, value: 
key: 34195, value: 
key: 149485, value: 
key: 25326, value: 
key: 19653, value: 
key: 384603, value: 
key: 906121, value: 
key: 626715, value: 
key: 746, value: 
key: 68185, value: 
key: 15718, value: 
key: 4568, value: 
key: 5234, value: 
key: 94745, value: 
key: 345852, value: 
key: 22991, value: 
key: 806, value: 
key: 5274, value: 
key: 7207, value: 
key: 1482, value: 
key: 11759, value: 
key: 868, value: 
key: 31839, value: 
key: 420417, value: 
key: 7175, value: 
key: 6223, value: 
key: 111989, value: 
key: 47177, value: 
key: 16097, value: 
key: 588035, value: 
key: 838345, value: 
key: 40170, value: 
key: 831931, value: 
key: 603, value: 
key: 14372, value: 
key: 8427, value: 
key: 281, value: 
key: 114424, value: 
key: 130854, value: 
key: 161083, value: 
key: 29470, value: 
key: 179716, value: 
key: 44549, value: 
key: 300196, value: 
key: 9923, value: 
key: 2533, value: 
key: 2170, value: 
key: 138225, value: 
key: 193212, value: 
key: 194834, value: 
key: 827, value: 
key: 802450, value: 
key: 37784, value: 
key: 104846, value: 
key: 767566, value: 
key: 561, value: 
key: 404248, value: 
key: 16641, value: 
key: 2245, value: 
key: 20880, value: 
key: 5699, value: 
key: 549329, value: 
key: 19057, value: 
key: 915573, value: 
key: 150584, value: 
key: 477193, value: 
key: 142423, value: 
key: 469627, value: 
key: 268028, value: 
key: 55859, value: 
key: 1753, value: 
key: 57584, value: 
key: 16311, value: 
key: 30594, value: 
key: 3556, value: 
key: 645898, value: 
key: 25384, value: 
key: 138256, value: 
key: 110379, value: 
key: 588741, value: 
key: 6548, value: 
key: 295303, value: 
key: 2477, value: 
key: 588834, value: 
key: 1281, value: 
key: 58282, value: 
key: 118779, value: 
key: 64006, value: 
key: 3814, value: 
key: 936157, value: 
key: 309650, value: 
key: 6557, value: 
key: 357845, value: 
key: 7066, value: 
key: 18086, value: 
key: 846219, value: 
key: 6173, value: 
key: 658007, value: 
key: 40013, value: 
key: 6363, value: 
key: 271880, value: 
key: 682228, value: 
key: 424873, value: 
key: 67898, value: 
key: 100033, value: 
key: 975976, value: 
key: 331, value: 
key: 41195, value: 
key: 443, value: 
key: 580825, value: 
key: 362988, value: 
key: 6533, value: 
key: 385706, value: 
key: 11042, value: 
key: 339953, value: 
key: 989108, value: 
key: 622853, value: 
key: 3150, value: 
key: 1504, value: 
key: 475649, value: 
key: 43928, value: 
key: 153188, value: 
key: 8350, value: 
key: 33282, value: 
key: 95122, value: 
key: 7968, value: 
key: 22023, value: 
key: 35270, value: 
key: 66326, value: 
key: 359767, value: 
key: 63737, value: 
key: 2685, value: 
key: 5809, value: 
key: 203300, value: 
key: 388444, value: 
key: 38093, value: 
key: 230553, value: 
key: 2991, value: 
key: 157141, value: 
key: 68091, value: 
key: 89429, value: 
key: 4066, value: 
key: 4735, value: 
key: 902078, value: 
key: 121650, value: 
key: 450638, value: 
key: 297636, value: 
key: 13509, value: 
key: 120313, value: 
key: 12010, value: 
key: 1436, value: 
key: 6042, value: 
key: 8569, value: 
key: 112428, value: 
key: 39695, value: 
key: 396430, value: 
key: 86483, value: 
key: 5839, value: 
key: 208073, value: 
key: 407, value: 
key: 341, value: 
key: 67491, value: 
key: 32107, value: 
key: 736691, value: 
key: 418311, value: 
key: 442313, value: 
key: 85343, value: 
key: 2651, value: 
key: 12162, value: 
key: 8505, value: 
key: 2276, value: 
key: 140963, value: 
key: 22380, value: 
key: 438663, value: 
key: 95369, value: 
key: 912, value: 
key: 7396, value: 
key: 283094, value: 
key: 328413, value: 
key: 10703, value: 
key: 2379, value: 
key: 10120, value: 
key: 6838, value: 
key: 293961, value: 
key: 74, value: 
key: 73185, value: 
key: 21122, value: 
key: 701333, value: 
key: 21853, value: 
key: 3634, value: 
key: 84247, value: 
key: 433304, value: 
key: 11125, value: 
key: 935369, value: 
key: 13791, value: 
key: 841655, value: 
key: 2820, value: 
key: 633652, value: 
key: 48123, value: 
key: 360646, value: 
key: 827998, value: 
key: 11087, value: 
key: 515272, value: 
key: 440524, value: 
key: 848099, value: 
key: 96831, value: 
key: 12187, value: 
key: 48674, value: 
key: 6169, value: 
key: 142750, value: 
key: 75555, value: 
key: 38924, value: 
key: 254619, value: 
key: 58244, value: 
key: 158300, value: 
key: 157359, value: 
key: 270303, value: 
key: 13469, value: 
key: 342128, value: 
key: 67843, value: 
key: 44394, value: 
key: 333674, value: 
key: 533828, value: 
key: 10829, value: 
key: 4365, value: 
key: 966, value: 
key: 17604, value: 
key: 29519, value: 
key: 153919, value: 
key: 29566, value: 
key: 170836, value: 
key: 168500, value: 
key: 19338, value: 
key: 78396, value: 
key: 5514, value: 
key: 148278, value: 
key: 12722, value: 
key: 17550, value: 
key: 54498, value: 
key: 35110, value: 
key: 384439, value: 
key: 57020, value: 
key: 1212, value: 
key: 45587, value: 
key: 2235, value: 
key: 772185, value: 
key: 107032, value: 
key: 536410, value: 
key: 18327, value: 
key: 206302, value: 
key: 2309, value: 
key: 239700, value: 
key: 108430, value: 
key: 559370, value: 
key: 80005, value: 
key: 100518, value: 
key: 264854, value: 
key: 26737, value: 
key: 13856, value: 
key: 179931, value: 
key: 953, value: 
key: 363425, value: 
key: 132151, value: 
key: 109521, value: 
key: 887758, value: 
key: 200943, value: 
key: 59750, value: 
key: 957065, value: 
key: 4457, value: 
key: 8434, value: 
key: 113549, value: 
key: 774182, value: 
key: 866121, value: 
key: 166401, value: 
key: 4535, value: 
key: 10565, value: 
key: 65376, value: 
key: 71608, value: 
key: 74058, value: 
key: 11295, value: 
key: 159086, value: 
key: 142464, value: 
key: 31425, value: 
key: 18320, value: 
key: 7674, value: 
key: 1655, value: 
key: 60968, value: 
key: 1363, value: 
key: 9070, value: 
key: 89346, value: 
key: 425917, value: 
key: 312788, value: 
key: 125205, value: 
key: 1951, value: 
key: 21877, value: 
key: 8646, value: 
key: 525653, value: 
key: 855241, value: 
key: 11089, value: 
key: 106266, value: 
key: 39665, value: 
key: 195609, value: 
key: 334695, value: 
key: 305816, value: 
key: 8411, value: 
key: 1145, value: 
key: 35823, value: 
key: 450642, value: 
key: 423859, value: 
key: 30861, value: 
key: 215005, value: 
key: 564371, value: 
key: 64254, value: 
key: 47148, value: 
key: 922060, value: 
key: 1846, value: 
key: 289688, value: 
key: 3109, value: 
key: 17728, value: 
key: 578937, value: 
key: 125992, value: 
key: 13232, value: 
key: 126960, value: 
key: 20344, value: 
key: 217, value: 
key: 651657, value: 
key: 4210, value: 
key: 23260, value: 
key: 83363, value: 
key: 1379, value: 
key: 5023, value: 
key: 28260, value: 
key: 512, value: 
key: 6367, value: 
key: 573843, value: 
key: 261505, value: 
key: 563173, value: 
key: 193781, value: 
key: 2190, value: 
key: 189890, value: 
key: 38473, value: 
key: 733395, value: 
key: 33811, value: 
key: 36320, value: 
key: 6817, value: 
key: 76972, value: 
key: 13561, value: 
key: 8730, value: 
key: 867, value: 
key: 563633, value: 
key: 611230, value: 
key: 540, value: 
key: 310288, value: 
key: 39003, value: 
key: 483841, value: 
key: 788297, value: 
key: 326555, value: 
key: 4584, value: 
key: 5736, value: 
key: 5379, value: 
key: 5956, value: 
key: 172084, value: 
key: 296675, value: 
key: 659651, value: 
key: 607795, value: 
key: 6770, value: 
key: 14551, value: 
key: 368213, value: 
key: 4067, value: 
key: 471309, value: 
key: 14772, value: 
key: 407347, value: 
key: 8431, value: 
key: 139730, value: 
key: 180387, value: 
key: 128455, value: 
key: 930522, value: 
key: 86991, value: 
key: 37875, value: 
key: 541377, value: 
key: 164621, value: 
key: 14610, value: 
key: 4889, value: 
key: 49462, value: 
key: 17274, value: 
key: 482816, value: 
key: 31170, value: 
key: 67428, value: 
key: 14663, value: 
key: 23183, value: 
key: 1083, value: 
key: 458, value: 
key: 3866, value: 
key: 28625, value: 
key: 144735, value: 
key: 155312, value: 
key: 736, value: 
key: 684959, value: 
key: 37531, value: 
key: 226992, value: 
key: 914004, value: 
key: 1659, value: 
key: 64982, value: 
key: 26377, value: 
key: 12747, value: 
key: 4477, value: 
key: 15224, value: 
key: 604937, value: 
key: 10730, value: 
key: 396087, value: 
key: 60544, value: 
key: 111834, value: 
key: 6358, value: 
key: 64988, value: 
key: 333818, value: 
key: 14333, value: 
key: 417, value: 
key: 7785, value: 
key: 40605, value: 
key: 18318, value: 
key: 18486, value: 
key: 109384, value: 
key: 800, value: 
key: 71638, value: 
key: 32909, value: 
key: 1027, value: 
key: 34726, value: 
key: 19900, value: 
key: 731, value: 
key: 28883, value: 
key: 150165, value: 
key: 201, value: 
key: 11497, value: 
key: 57956, value: 
key: 152196, value: 
key: 2760, value: 
key: 16400, value: 
key: 661169, value: 
key: 10576, value: 
key: 243240, value: 
key: 8039, value: 
key: 5360, value: 
key: 13378, value: 
key: 610, value: 
key: 452330, value: 
key: 228234, value: 
key: 759765, value: 
key: 435183, value: 
key: 13988, value: 
key: 14209, value: 
key: 192827, value: 
key: 191186, value: 
key: 590493, value: 
key: 47790, value: 
key: 628167, value: 
key: 443171, value: 
key: 9884, value: 
key: 811, value: 
key: 143108, value: 
key: 730, value: 
key: 220951, value: 
key: 192295, value: 
key: 176300, value: 
key: 101177, value: 
key: 61633, value: 
key: 12257, value: 
key: 976976, value: 
key: 847614, value: 
key: 97334, value: 
key: 11760, value: 
key: 28714, value: 
key: 18317, value: 
key: 143640, value: 
key: 62961, value: 
key: 3874, value: 
key: 445895, value: 
key: 157956, value: 
key: 182289, value: 
key: 139030, value: 
key: 37983, value: 
key: 60311, value: 
key: 1979, value: 
key: 412221, value: 
key: 408, value: 
key: 734987, value: 
key: 130879, value: 
key: 372336, value: 
key: 1304, value: 
key: 22170, value: 
key: 123623, value: 
key: 107466, value: 
key: 2038, value: 
key: 2583, value: 
key: 45043, value: 
key: 195033, value: 
key: 128970, value: 
key: 24829, value: 
key: 285181, value: 
key: 536373, value: 
key: 4226, value: 
key: 37210, value: 
key: 6194, value: 
key: 8568, value: 
key: 3099, value: 
key: 18702, value: 
key: 540736, value: 
key: 67171, value: 
key: 185979, value: 
key: 102751, value: 
key: 226548, value: 
key: 424417, value: 
key: 150200, value: 
key: 5917, value: 
key: 110134, value: 
key: 12801, value: 
key: 230254, value: 
key: 31314, value: 
key: 99242, value: 
key: 3775, value: 
key: 64490, value: 
key: 950549, value: 
key: 109787, value: 
key: 771199, value: 
key: 14457, value: 
key: 11878, value: 
key: 3212, value: 
key: 115014, value: 
key: 358634, value: 
key: 83193, value: 
key: 3977, value: 
key: 267526, value: 
key: 35910, value: 
key: 674537, value: 
key: 5937, value: 
key: 151484, value: 
key: 1748, value: 
key: 24317, value: 
key: 3870, value: 
key: 6318, value: 
key: 46202, value: 
key: 1448, value: 
key: 557, value: 
key: 5682, value: 
key: 40591, value: 
key: 2640, value: 
key: 172, value: 
key: 252302, value: 
key: 10400, value: 
key: 650, value: 
key: 31828, value: 
key: 162453, value: 
key: 7685, value: 
key: 117750, value: 
key: 781, value: 
key: 171, value: 
key: 859347, value: 
key: 126086, value: 
key: 8718, value: 
key: 17997, value: 
key: 699091, value: 
key: 36087, value: 
key: 71660, value: 
key: 4539, value: 
key: 186, value: 
key: 27207, value: 
key: 369983, value: 
key: 249, value: 
key: 5387, value: 
key: 16399, value: 
key: 2178, value: 
key: 1830, value: 
key: 41472, value: 
key: 35117, value: 
key: 28943, value: 
key: 80578, value: 
key: 934781, value: 
key: 655486, value: 
key: 250815, value: 
key: 103865, value: 
key: 8813, value: 
key: 160973, value: 
key: 317443, value: 
key: 297, value: 
key: 3424, value: 
key: 2590, value: 
key: 992727, value: 
key: 53790, value: 
key: 7172, value: 
key: 8145, value: 
key: 17228, value: 
key: 862817, value: 
key: 676903, value: 
key: 2998, value: 
key: 27840, value: 
key: 264147, value: 
key: 15447, value: 
key: 127143, value: 
key: 124811, value: 
key: 4466, value: 
key: 5728, value: 
key: 5935, value: 
key: 752110, value: 
key: 41245, value: 
key: 112953, value: 
key: 338, value: 
key: 1355, value: 
key: 201168, value: 
key: 85194, value: 
key: 778874, value: 
key: 233530, value: 
key: 909773, value: 
key: 133523, value: 
key: 1088, value: 
key: 594605, value: 
key: 18542, value: 
key: 77225, value: 
key: 380303, value: 
key: 126981, value: 
key: 921193, value: 
key: 167930, value: 
key: 3253, value: 
key: 13925, value: 
key: 59319, value: 
key: 108084, value: 
key: 161233, value: 
key: 803815, value: 
key: 8168, value: 
key: 35793, value: 
key: 76256, value: 
key: 2291, value: 
key: 537, value: 
key: 569850, value: 
key: 25496, value: 
key: 172978, value: 
key: 2914, value: 
key: 381903, value: 
key: 566074, value: 
key: 1589, value: 
key: 60534, value: 
key: 11938, value: 
key: 358428, value: 
key: 210322, value: 
key: 14218, value: 
key: 70889, value: 
key: 212486, value: 
key: 279784, value: 
key: 77998, value: 
key: 921392, value: 
key: 9071, value: 
key: 24711, value: 
key: 114583, value: 
key: 251199, value: 
key: 275, value: 
key: 53177, value: 
key: 14302, value: 
key: 365896, value: 
key: 249081, value: 
key: 116310, value: 
key: 188919, value: 
key: 4841, value: 
key: 17323, value: 
key: 392267, value: 
key: 34547, value: 
key: 9231, value: 
key: 63423, value: 
key: 29718, value: 
key: 70415, value: 
key: 24271, value: 
key: 7349, value: 
key: 2823, value: 
key: 985458, value: 
key: 402108, value: 
key: 24970, value: 
key: 107642, value: 
key: 90200, value: 
key: 25868, value: 
key: 62222, value: 
key: 121068, value: 
key: 5708, value: 
key: 56721, value: 
key: 520019, value: 
key: 2466, value: 
key: 36264, value: 
key: 2759, value: 
key: 593038, value: 
key: 251807, value: 
key: 24748, value: 
key: 680, value: 
key: 1719, value: 
key: 24938, value: 
key: 4021, value: 
key: 408895, value: 
key: 15538, value: 
key: 960, value: 
key: 2753, value: 
key: 933, value: 
key: 33165, value: 
key: 57828, value: 
key: 34154, value: 
key: 682389, value: 
key: 79283, value: 
key: 221306, value: 
key: 545, value: 
key: 3355, value: 
key: 9643, value: 
key: 3806, value: 
key: 840, value: 
key: 10376, value: 
key: 56685, value: 
key: 381687, value: 
key: 389955, value: 
key: 9678, value: 
key: 53900, value: 
key: 14265, value: 
key: 836, value: 
key: 991751, value: 
key: 4215, value: 
key: 266805, value: 
key: 178580, value: 
key: 6259, value: 
key: 596369, value: 
key: 356122, value: 
key: 31217, value: 
key: 1437, value: 
key: 11900, value: 
key: 31967, value: 
key: 349713, value: 
key: 201640, value: 
key: 3065, value: 
key: 869551, value: 
key: 66287, value: 
key: 175232, value: 
key: 26459, value: 
key: 770467, value: 
key: 215, value: 
key: 18331, value: 
key: 21700, value: 
key: 49536, value: 
key: 83881, value: 
key: 54586, value: 
key: 104026, value: 
key: 922531, value: 
key: 135948, value: 
key: 43995, value: 
key: 85591, value: 
key: 3679, value: 
key: 60608, value: 
key: 160247, value: 
key: 27826, value: 
key: 7753, value: 
key: 24361, value: 
key: 433400, value: 
key: 3180, value: 
key: 43941, value: 
key: 786, value: 
key: 847852, value: 
key: 635760, value: 
key: 99016, value: 
key: 4303, value: 
key: 16063, value: 
key: 331974, value: 
key: 375880, value: 
key: 3262, value: 
key: 56977, value: 
key: 63, value: 
key: 353647, value: 
key: 10092, value: 
key: 12863, value: 
key: 5746, value: 
key: 28341, value: 
key: 869960, value: 
key: 51237, value: 
key: 4014, value: 
key: 234448, value: 
key: 86727, value: 
key: 120, value: 
key: 4899, value: 
key: 16997, value: 
key: 701422, value: 
key: 22636, value: 
key: 624358, value: 
key: 267226, value: 
key: 70598, value: 
key: 12650, value: 
key: 213247, value: 
key: 23747, value: 
key: 6536, value: 
key: 83572, value: 
key: 285089, value: 
key: 863076, value: 
key: 1471, value: 
key: 3432, value: 
key: 1033, value: 
key: 21588, value: 
key: 42042, value: 
key: 786792, value: 
key: 655350, value: 
key: 15006, value: 
key: 2545, value: 
key: 28861, value: 
key: 226639, value: 
key: 969307, value: 
key: 4643, value: 
key: 989858, value: 
key: 394778, value: 
key: 436, value: 
key: 2613, value: 
key: 14958, value: 
key: 151360, value: 
key: 1002, value: 
key: 187037, value: 
key: 424685, value: 
key: 599069, value: 
key: 33899, value: 
key: 210, value: 
key: 272070, value: 
key: 121408, value: 
key: 51794, value: 
key: 27410, value: 
key: 61787, value: 
key: 628429, value: 
key: 80311, value: 
key: 133081, value: 
key: 6282, value: 
key: 28936, value: 
key: 44817, value: 
key: 7003, value: 
key: 53009, value: 
key: 401370, value: 
key: 990201, value: 
key: 21798, value: 
key: 622057, value: 
key: 1506, value: 
key: 4975, value: 
key: 7174, value: 
key: 356769, value: 
key: 667, value: 
key: 387143, value: 
key: 209447, value: 
key: 8129, value: 
key: 30781, value: 
key: 3251, value: 
key: 34486, value: 
key: 70877, value: 
key: 146947, value: 
key: 507, value: 
key: 429364, value: 
key: 233974, value: 
key: 564417, value: 
key: 16615, value: 
key: 21886, value: 
key: 14613, value: 
key: 735481, value: 
key: 84007, value: 
key: 650115, value: 
key: 691249, value: 
key: 280407, value: 
key: 1806, value: 
key: 149846, value: 
key: 2278, value: 
key: 103535, value: 
key: 21820, value: 
key: 4959, value: 
key: 770326, value: 
key: 420749, value: 
key: 22349, value: 
key: 272936, value: 
key: 74394, value: 
key: 774381, value: 
key: 116598, value: 
key: 922, value: 
key: 608838, value: 
key: 139777, value: 
key: 33027, value: 
key: 406450, value: 
key: 741600, value: 
key: 16773, value: 
key: 0, value: 
key: 43225, value: 
key: 9002, value: 
key: 614625, value: 
key: 38525, value: 
key: 83716, value: 
key: 4715, value: 
key: 118924, value: 
key: 10522, value: 
key: 96993, value: 
key: 47, value: 
key: 38623, value: 
key: 224308, value: 
key: 2462, value: 
key: 642254, value: 
key: 3229, value: 
key: 58975, value: 
key: 49751, value: 
key: 83986, value: 
key: 26076, value: 
key: 104099, value: 
key: 127894, value: 
key: 36723, value: 
key: 1643, value: 
key: 406157, value: 
key: 28904, value: 
key: 679301, value: 
key: 278817, value: 
key: 858838, value: 
key: 246686, value: 
key: 518169, value: 
key: 58585, value: 
key: 7848, value: 
key: 377716, value: 
key: 1140, value: 
key: 24727, value: 
key: 4512, value: 
key: 1661, value: 
key: 9935, value: 
key: 999667, value: 
key: 216, value: 
key: 3714, value: 
key: 560677, value: 
key: 662525, value: 
key: 1520, value: 
key: 3697, value: 
key: 51266, value: 
key: 442, value: 
key: 1207, value: 
key: 276110, value: 
key: 475534, value: 
key: 31866, value: 
key: 242758, value: 
key: 2672, value: 
key: 4340, value: 
key: 102669, value: 
key: 5507, value: 
key: 480606, value: 
key: 392110, value: 
key: 4787, value: 
key: 505600, value: 
key: 1381, value: 
key: 54760, value: 
key: 23465, value: 
key: 739939, value: 
key: 55099, value: 
key: 26263, value: 
key: 30627, value: 
key: 2341, value: 
key: 37098, value: 
key: 20784, value: 
key: 106554, value: 
key: 698, value: 
key: 19981, value: 
key: 193237, value: 
key: 3573, value: 
key: 4467, value: 
key: 5805, value: 
key: 60273, value: 
key: 437896, value: 
key: 512418, value: 
key: 375, value: 
key: 6671, value: 
key: 144156, value: 
key: 8542, value: 
key: 190, value: 
key: 13450, value: 
key: 409044, value: 
key: 764671, value: 
key: 16848, value: 
key: 65516, value: 
key: 7121, value: 
key: 493840, value: 
key: 4670, value: 
key: 692963, value: 
key: 4072, value: 
key: 1542, value: 
key: 35162, value: 
key: 16517, value: 
key: 197645, value: 
key: 74754, value: 
key: 6786, value: 
key: 4125, value: 
key: 154095, value: 
key: 19150, value: 
key: 77347, value: 
key: 652768, value: 
key: 49393, value: 
key: 517633, value: 
key: 7549, value: 
key: 13462, value: 
key: 49923, value: 
key: 27643, value: 
key: 5347, value: 
key: 46595, value: 
key: 774431, value: 
key: 123969, value: 
key: 25005, value: 
key: 46722, value: 
key: 3463, value: 
key: 219361, value: 
key: 44302, value: 
key: 19927, value: 
key: 15112, value: 
key: 27656, value: 
key: 10072, value: 
key: 9326, value: 
key: 590, value: 
key: 15357, value: 
key: 208719, value: 
key: 900995, value: 
key: 376, value: 
key: 501988, value: 
key: 63606, value: 
key: 145854, value: 
key: 6485, value: 
key: 845305, value: 
key: 3506, value: 
key: 915140, value: 
key: 50559, value: 
key: 430414, value: 
key: 295, value: 
key: 65, value: 
key: 380, value: 
key: 566273, value: 
key: 94638, value: 
key: 18329, value: 
key: 11150, value: 
key: 630175, value: 
key: 709446, value: 
key: 58195, value: 
key: 16331, value: 
key: 289093, value: 
key: 923, value: 
key: 32026, value: 
key: 80388, value: 
key: 28233, value: 
key: 362, value: 
key: 1174, value: 
key: 3354, value: 
key: 12614, value: 
key: 985818, value: 
key: 2860, value: 
key: 318726, value: 
key: 857569, value: 
key: 727933, value: 
key: 51589, value: 
key: 760, value: 
key: 794787, value: 
key: 162376, value: 
key: 91104, value: 
key: 55671, value: 
key: 2722, value: 
key: 831893, value: 
key: 16809, value: 
key: 4815, value: 
key: 92124, value: 
key: 127297, value: 
key: 20479, value: 
key: 176412, value: 
key: 104624, value: 
key: 3945, value: 
key: 2556, value: 
key: 3502, value: 
key: 269315, value: 
key: 50207, value: 
key: 111672, value: 
key: 686758, value: 
key: 240149, value: 
key: 654486, value: 
key: 2895, value: 
key: 407746, value: 
key: 691503, value: 
key: 15632, value: 
key: 180627, value: 
key: 123625, value: 
key: 3153, value: 
key: 4267, value: 
key: 4504, value: 
key: 557032, value: 
key: 700, value: 
key: 6567, value: 
key: 461710, value: 
key: 106322, value: 
key: 381913, value: 
key: 272907, value: 
key: 109120, value: 
key: 108014, value: 
key: 138941, value: 
key: 471246, value: 
key: 374, value: 
key: 3271, value: 
key: 617145, value: 
key: 666459, value: 
key: 34847, value: 
key: 2948, value: 
key: 4526, value: 
key: 462, value: 
key: 56910, value: 
key: 974, value: 
key: 5063, value: 
key: 12262, value: 
key: 141, value: 
key: 919111, value: 
key: 1443, value: 
key: 107475, value: 
key: 307057, value: 
key: 5833, value: 
key: 466214, value: 
key: 12148, value: 
key: 259209, value: 
key: 111952, value: 
key: 26590, value: 
key: 3657, value: 
key: 49070, value: 
key: 29209, value: 
key: 106961, value: 
key: 8577, value: 
key: 19782, value: 
key: 322944, value: 
key: 76, value: 
key: 226500, value: 
key: 959, value: 
key: 84517, value: 
key: 865674, value: 
key: 564175, value: 
key: 583, value: 
key: 3088, value: 
key: 2210, value: 
key: 163771, value: 
key: 12375, value: 
key: 4840, value: 
key: 5883, value: 
key: 14679, value: 
key: 3136, value: 
key: 56, value: 
key: 5642, value: 
key: 584, value: 
key: 4163, value: 
key: 337783, value: 
key: 765935, value: 
key: 26350, value: 
key: 469042, value: 
key: 127750, value: 
key: 71016, value: 
key: 847612, value: 
key: 21116, value: 
key: 424433, value: 
key: 18031, value: 
key: 587353, value: 
key: 141371, value: 
key: 2150, value: 
key: 790494, value: 
key: 186166, value: 
key: 37739, value: 
key: 13015, value: 
key: 15161, value: 
key: 674, value: 
key: 34956, value: 
key: 95009, value: 
key: 712, value: 
key: 232699, value: 
key: 9718, value: 
key: 159532, value: 
key: 5986, value: 
key: 315628, value: 
key: 2083, value: 
key: 325405, value: 
key: 138816, value: 
key: 42041, value: 
key: 89812, value: 
key: 116424, value: 
key: 43368, value: 
key: 437328, value: 
key: 49267, value: 
key: 610713, value: 
key: 78060, value: 
key: 72058, value: 
key: 27205, value: 
key: 328002, value: 
key: 5240, value: 
key: 5908, value: 
key: 360651, value: 
key: 50795, value: 
key: 8002, value: 
key: 3911, value: 
key: 2670, value: 
key: 27429, value: 
key: 5154, value: 
key: 212860, value: 
key: 34941, value: 
key: 286, value: 
key: 313427, value: 
key: 67667, value: 
key: 177608, value: 
key: 1006, value: 
key: 84879, value: 
key: 48537, value: 
key: 8908, value: 
key: 118117, value: 
key: 4795, value: 
key: 129065, value: 
key: 5680, value: 
key: 16825, value: 
key: 65973, value: 
key: 16931, value: 
key: 547349, value: 
key: 17383, value: 
key: 397121, value: 
key: 14648, value: 
key: 1510, value: 
key: 6583, value: 
key: 564182, value: 
key: 47464, value: 
key: 2980, value: 
key: 610726, value: 
key: 49797, value: 
key: 522753, value: 
key: 181485, value: 
key: 6149, value: 
key: 192960, value: 
key: 371712, value: 
key: 43012, value: 
key: 29935, value: 
key: 309538, value: 
key: 16605, value: 
key: 8626, value: 
key: 17658, value: 
key: 1323, value: 
key: 118198, value: 
key: 287403, value: 
key: 5561, value: 
key: 312719, value: 
key: 21756, value: 
key: 1071, value: 
key: 204880, value: 
key: 22909, value: 
key: 12605, value: 
key: 22139, value: 
key: 2108, value: 
key: 931756, value: 
key: 14627, value: 
key: 60911, value: 
key: 10631, value: 
key: 3112, value: 
key: 678903, value: 
key: 1192, value: 
key: 23251, value: 
key: 427547, value: 
key: 414695, value: 
key: 124808, value: 
key: 190976, value: 
key: 406353, value: 
key: 148875, value: 
key: 20211, value: 
key: 413303, value: 
key: 76158, value: 
key: 493, value: 
key: 413249, value: 
key: 9748, value: 
key: 581405, value: 
key: 157658, value: 
key: 5104, value: 
key: 846856, value: 
key: 7124, value: 
key: 70211, value: 
key: 5692, value: 
key: 15975, value: 
key: 15073, value: 
key: 5197, value: 
key: 302420, value: 
key: 22783, value: 
key: 24677, value: 
key: 95, value: 
key: 15241, value: 
key: 19556, value: 
key: 20617, value: 
key: 330, value: 
key: 42769, value: 
key: 178408, value: 
key: 184141, value: 
key: 10167, value: 
key: 93423, value: 
key: 22910, value: 
key: 1683, value: 
key: 78864, value: 
key: 314712, value: 
key: 15356, value: 
key: 31899, value: 
key: 173129, value: 
key: 217245, value: 
key: 22954, value: 
key: 13800, value: 
key: 71130, value: 
key: 70618, value: 
key: 17313, value: 
key: 10190, value: 
key: 26809, value: 
key: 4043, value: 
key: 132, value: 
key: 14268, value: 
key: 17566, value: 
key: 66963, value: 
key: 534929, value: 
key: 226902, value: 
key: 14525, value: 
key: 19707, value: 
key: 9713, value: 
key: 4030, value: 
key: 303983, value: 
key: 218417, value: 
key: 2447, value: 
key: 118208, value: 
key: 1138, value: 
key: 99562, value: 
key: 2468, value: 
key: 681837, value: 
key: 1637, value: 
key: 452, value: 
key: 15186, value: 
key: 30313, value: 
key: 237413, value: 
key: 7085, value: 
key: 7751, value: 
key: 5028, value: 
key: 22275, value: 
key: 96227, value: 
key: 13290, value: 
key: 108443, value: 
key: 15744, value: 
key: 141496, value: 
key: 538800, value: 
key: 56493, value: 
key: 551608, value: 
key: 2942, value: 
key: 68367, value: 
key: 7033, value: 
key: 95871, value: 
key: 244684, value: 
key: 692715, value: 
key: 56710, value: 
key: 494944, value: 
key: 134146, value: 
key: 21693, value: 
key: 190632, value: 
key: 101116, value: 
key: 344826, value: 
key: 447101, value: 
key: 11029, value: 
key: 608235, value: 
key: 7885, value: 
key: 786875, value: 
key: 406817, value: 
key: 5726, value: 
key: 447976, value: 
key: 31464, value: 
key: 577688, value: 
key: 438509, value: 
key: 1406, value: 
key: 1012, value: 
key: 94629, value: 
key: 664312, value: 
key: 295064, value: 
key: 859298, value: 
key: 3284, value: 
key: 1700, value: 
key: 385420, value: 
key: 64707, value: 
key: 5050, value: 
key: 5641, value: 
key: 41072, value: 
key: 18928, value: 
key: 8711, value: 
key: 329236, value: 
key: 201224, value: 
key: 4455, value: 
key: 4842, value: 
key: 8633, value: 
key: 483097, value: 
key: 4996, value: 
key: 1587, value: 
key: 777691, value: 
key: 4646, value: 
key: 783045, value: 
key: 4676, value: 
key: 53832, value: 
key: 2746, value: 
key: 11542, value: 
key: 301090, value: 
key: 22239, value: 
key: 245343, value: 
key: 464986, value: 
key: 205303, value: 
key: 4283, value: 
key: 6024, value: 
key: 922313, value: 
key: 177121, value: 
key: 254, value: 
key: 2263, value: 
key: 25130, value: 
key: 44305, value: 
key: 416561, value: 
key: 162850, value: 
key: 1766, value: 
key: 3080, value: 
key: 848173, value: 
key: 139643, value: 
key: 253, value: 
key: 412053, value: 
key: 662496, value: 
key: 39589, value: 
key: 360015, value: 
key: 2157, value: 
key: 106045, value: 
key: 38973, value: 
key: 2156, value: 
key: 20272, value: 
key: 601900, value: 
key: 119758, value: 
key: 1257, value: 
key: 9408, value: 
key: 33323, value: 
key: 44017, value: 
key: 51376, value: 
key: 8590, value: 
key: 12591, value: 
key: 228495, value: 
key: 98177, value: 
key: 2240, value: 
key: 50142, value: 
key: 31595, value: 
key: 138495, value: 
key: 2280, value: 
key: 43860, value: 
key: 153159, value: 
key: 25214, value: 
key: 1857, value: 
key: 363690, value: 
key: 3959, value: 
key: 718783, value: 
key: 81169, value: 
key: 40673, value: 
key: 251089, value: 
key: 1133, value: 
key: 40998, value: 
key: 161242, value: 
key: 12954, value: 
key: 402065, value: 
key: 8932, value: 
key: 76239, value: 
key: 379218, value: 
key: 2935, value: 
key: 15617, value: 
key: 27024, value: 
key: 53773, value: 
key: 88377, value: 
key: 4069, value: 
key: 205901, value: 
key: 19582, value: 
key: 2103, value: 
key: 195726, value: 
key: 53925, value: 
key: 4775, value: 
key: 449639, value: 
key: 215651, value: 
key: 2814, value: 
key: 5007, value: 
key: 277245, value: 
key: 40317, value: 
key: 51788, value: 
key: 737328, value: 
key: 402135, value: 
key: 6650, value: 
key: 4189, value: 
key: 53989, value: 
key: 7860, value: 
key: 74722, value: 
key: 3883, value: 
key: 9952, value: 
key: 4100, value: 
key: 28905, value: 
key: 57019, value: 
key: 811417, value: 
key: 929170, value: 
key: 96125, value: 
key: 2238, value: 
key: 4733, value: 
key: 789853, value: 
key: 16037, value: 
key: 2624, value: 
key: 48652, value: 
key: 7498, value: 
key: 70907, value: 
key: 2254, value: 
key: 41237, value: 
key: 657, value: 
key: 112215, value: 
key: 511577, value: 
key: 368648, value: 
key: 1414, value: 
key: 450213, value: 
key: 56494, value: 
key: 732589, value: 
key: 116703, value: 
key: 66494, value: 
key: 726743, value: 
key: 510703, value: 
key: 8627, value: 
key: 3016, value: 
key: 11898, value: 
key: 406621, value: 
key: 217358, value: 
key: 33994, value: 
key: 359897, value: 
key: 571, value: 
key: 893907, value: 
key: 3241, value: 
key: 72353, value: 
key: 304235, value: 
key: 167293, value: 
key: 97228, value: 
key: 298832, value: 
key: 776284, value: 
key: 12778, value: 
key: 381792, value: 
key: 2498, value: 
key: 85648, value: 
key: 37904, value: 
key: 9087, value: 
key: 17956, value: 
key: 5147, value: 
key: 29415, value: 
key: 30002, value: 
key: 58, value: 
key: 5610, value: 
key: 638, value: 
key: 460449, value: 
key: 129841, value: 
key: 156038, value: 
key: 1190, value: 
key: 1842, value: 
key: 82880, value: 
key: 10454, value: 
key: 192053, value: 
key: 60996, value: 
key: 6866, value: 
key: 2321, value: 
key: 6574, value: 
key: 1959, value: 
key: 280638, value: 
key: 9121, value: 
key: 3430, value: 
key: 1592, value: 
key: 39898, value: 
key: 717377, value: 
key: 10858, value: 
key: 836003, value: 
key: 8077, value: 
key: 421070, value: 
key: 40475, value: 
key: 6669, value: 
key: 71380, value: 
key: 9294, value: 
key: 5975, value: 
key: 6331, value: 
key: 23359, value: 
key: 14619, value: 
key: 21883, value: 
key: 7668, value: 
key: 43330, value: 
key: 267, value: 
key: 4103, value: 
key: 22140, value: 
key: 42392, value: 
key: 133389, value: 
key: 337965, value: 
key: 898838, value: 
key: 4709, value: 
key: 91205, value: 
key: 521153, value: 
key: 42129, value: 
key: 3066, value: 
key: 848352, value: 
key: 414680, value: 
key: 178557, value: 
key: 6436, value: 
key: 3848, value: 
key: 16334, value: 
key: 226747, value: 
key: 11830, value: 
key: 1112, value: 
key: 8571, value: 
key: 3226, value: 
key: 968907, value: 
key: 16185, value: 
key: 91785, value: 
key: 197528, value: 
key: 63847, value: 
key: 4312, value: 
key: 649, value: 
key: 212380, value: 
key: 43600, value: 
key: 531240, value: 
key: 227675, value: 
key: 6602, value: 
key: 3987, value: 
key: 10798, value: 
key: 118167, value: 
key: 13236, value: 
key: 61946, value: 
key: 223185, value: 
key: 2507, value: 
key: 770401, value: 
key: 4847, value: 
key: 218651, value: 
key: 100357, value: 
key: 6051, value: 
key: 72, value: 
key: 901, value: 
key: 47540, value: 
key: 48689, value: 
key: 89738, value: 
key: 15960, value: 
key: 650970, value: 
key: 37108, value: 
key: 352706, value: 
key: 228873, value: 
key: 32699, value: 
key: 57808, value: 
key: 146303, value: 
key: 4835, value: 
key: 161953, value: 
key: 47689, value: 
key: 551, value: 
key: 354222, value: 
key: 1245, value: 
key: 550394, value: 
key: 144878, value: 
key: 53594, value: 
key: 11227, value: 
key: 24329, value: 
key: 139733, value: 
key: 41111, value: 
key: 131408, value: 
key: 1454, value: 
key: 6258, value: 
key: 187383, value: 
key: 100580, value: 
key: 162904, value: 
key: 10311, value: 
key: 102827, value: 
key: 114176, value: 
key: 199, value: 
key: 1455, value: 
key: 197799, value: 
key: 246482, value: 
key: 599578, value: 
key: 787304, value: 
key: 464, value: 
key: 20612, value: 
key: 2016, value: 
key: 129739, value: 
key: 8910, value: 
key: 36527, value: 
key: 30025, value: 
key: 183, value: 
key: 5847, value: 
key: 21177, value: 
key: 224184, value: 
key: 195691, value: 
key: 74469, value: 
key: 6462, value: 
key: 29699, value: 
key: 4817, value: 
key: 186420, value: 
key: 47028, value: 
key: 350076, value: 
key: 1749, value: 
key: 10550, value: 
key: 1327, value: 
key: 78390, value: 
key: 421643, value: 
key: 92836, value: 
key: 211855, value: 
key: 201570, value: 
key: 3038, value: 
key: 42724, value: 
key: 5448, value: 
key: 13307, value: 
key: 873769, value: 
key: 129433, value: 
key: 82488, value: 
key: 14763, value: 
key: 818495, value: 
key: 58051, value: 
key: 321294, value: 
key: 248721, value: 
key: 337346, value: 
key: 20295, value: 
key: 270620, value: 
key: 269306, value: 
key: 266801, value: 
key: 245699, value: 
key: 259730, value: 
key: 135421, value: 
key: 12044, value: 
key: 121938, value: 
key: 390229, value: 
key: 30358, value: 
key: 52046, value: 
key: 6278, value: 
key: 56963, value: 
key: 5210, value: 
key: 18759, value: 
key: 6460, value: 
key: 840809, value: 
key: 5497, value: 
key: 896, value: 
key: 8402, value: 
key: 108610, value: 
key: 47441, value: 
key: 3161, value: 
key: 1081, value: 
key: 888392, value: 
key: 448387, value: 
key: 676897, value: 
key: 153277, value: 
key: 172608, value: 
key: 858, value: 
key: 324128, value: 
key: 466455, value: 
key: 15151, value: 
key: 22654, value: 
key: 203260, value: 
key: 11491, value: 
key: 5502, value: 
key: 32667, value: 
key: 586531, value: 
key: 259196, value: 
key: 168624, value: 
key: 38622, value: 
key: 103007, value: 
key: 406397, value: 
key: 1619, value: 
key: 8945, value: 
key: 103991, value: 
key: 178737, value: 
key: 411, value: 
key: 425358, value: 
key: 16157, value: 
key: 34250, value: 
key: 856, value: 
key: 194900, value: 
key: 309, value: 
key: 112426, value: 
key: 9318, value: 
key: 2450, value: 
key: 1621, value: 
key: 1156, value: 
key: 10947, value: 
key: 3007, value: 
key: 92177, value: 
key: 18666, value: 
key: 57685, value: 
key: 244709, value: 
key: 2527, value: 
key: 205914, value: 
key: 64, value: 
key: 9213, value: 
key: 351585, value: 
key: 57773, value: 
key: 30007, value: 
key: 5199, value: 
key: 283113, value: 
key: 563, value: 
key: 217824, value: 
key: 1203, value: 
key: 93036, value: 
key: 11674, value: 
key: 234898, value: 
key: 44778, value: 
key: 158358, value: 
key: 12827, value: 
key: 182044, value: 
key: 962122, value: 
key: 874822, value: 
key: 37689, value: 
key: 265, value: 
key: 453, value: 
key: 191198, value: 
key: 276168, value: 
key: 4611, value: 
key: 7596, value: 
key: 49770, value: 
key: 431917, value: 
key: 106566, value: 
key: 3578, value: 
key: 4141, value: 
key: 664079, value: 
key: 125579, value: 
key: 260328, value: 
key: 54688, value: 
key: 3722, value: 
key: 217932, value: 
key: 188942, value: 
key: 19309, value: 
key: 130681, value: 
key: 12712, value: 
key: 19867, value: 
key: 4073, value: 
key: 1880, value: 
key: 444, value: 
key: 302893, value: 
key: 3669, value: 
key: 21727, value: 
key: 546288, value: 
key: 49067, value: 
key: 457833, value: 
key: 13794, value: 
key: 39747, value: 
key: 4684, value: 
key: 11095, value: 
key: 8307, value: 
key: 553, value: 
key: 230732, value: 
key: 876719, value: 
key: 9729, value: 
key: 26143, value: 
key: 25643, value: 
key: 102567, value: 
key: 20680, value: 
key: 3836, value: 
key: 44148, value: 
key: 11992, value: 
key: 96719, value: 
key: 15096, value: 
key: 2279, value: 
key: 91041, value: 
key: 24472, value: 
key: 9951, value: 
key: 7766, value: 
key: 210394, value: 
key: 6788, value: 
key: 41538, value: 
key: 591412, value: 
key: 2445, value: 
key: 598188, value: 
key: 524935, value: 
key: 179, value: 
key: 37631, value: 
key: 2990, value: 
key: 19017, value: 
key: 384698, value: 
key: 77844, value: 
key: 320703, value: 
key: 1664, value: 
key: 124997, value: 
key: 210885, value: 
key: 145445, value: 
key: 616689, value: 
key: 676172, value: 
key: 8261, value: 
key: 371012, value: 
key: 11556, value: 
key: 52814, value: 
key: 13835, value: 
key: 1021, value: 
key: 223489, value: 
key: 48154, value: 
key: 11498, value: 
key: 1097, value: 
key: 28399, value: 
key: 46373, value: 
key: 4591, value: 
key: 173569, value: 
key: 4793, value: 
key: 347415, value: 
key: 92550, value: 
key: 742136, value: 
key: 496441, value: 
key: 54133, value: 
key: 853335, value: 
key: 9129, value: 
key: 396208, value: 
key: 40008, value: 
key: 1316, value: 
key: 6823, value: 
key: 318047, value: 
key: 55394, value: 
key: 390046, value: 
key: 387603, value: 
key: 474797, value: 
key: 272, value: 
key: 46382, value: 
key: 2200, value: 
key: 90879, value: 
key: 166805, value: 
key: 5325, value: 
key: 1233, value: 
key: 25866, value: 
key: 231120, value: 
key: 4914, value: 
key: 371523, value: 
key: 1405, value: 
key: 12317, value: 
key: 26749, value: 
key: 1722, value: 
key: 7211, value: 
key: 25320, value: 
key: 2667, value: 
key: 269232, value: 
key: 498073, value: 
key: 94618, value: 
key: 13218, value: 
key: 332, value: 
key: 2248, value: 
key: 28001, value: 
key: 1067, value: 
key: 3880, value: 
key: 567442, value: 
key: 18254, value: 
key: 5463, value: 
key: 19787, value: 
key: 11954, value: 
key: 27749, value: 
key: 2981, value: 
key: 976073, value: 
key: 4258, value: 
key: 66072, value: 
key: 188169, value: 
key: 161079, value: 
key: 3282, value: 
key: 5652, value: 
key: 197379, value: 
key: 103319, value: 
key: 1743, value: 
key: 205859, value: 
key: 593, value: 
key: 892, value: 
key: 60916, value: 
key: 352431, value: 
key: 50091, value: 
key: 389350, value: 
key: 211430, value: 
key: 105774, value: 
key: 30793, value: 
key: 23078, value: 
key: 6689, value: 
key: 17401, value: 
key: 14595, value: 
key: 3169, value: 
key: 129151, value: 
key: 199816, value: 
key: 458562, value: 
key: 15268, value: 
key: 13649, value: 
key: 15466, value: 
key: 24221, value: 
key: 13261, value: 
key: 2714, value: 
key: 7638, value: 
key: 5294, value: 
key: 54216, value: 
key: 1354, value: 
key: 7141, value: 
key: 484, value: 
key: 110707, value: 
key: 100, value: 
key: 24186, value: 
key: 49884, value: 
key: 455, value: 
key: 5889, value: 
key: 353891, value: 
key: 18299, value: 
key: 124807, value: 
key: 14249, value: 
key: 778367, value: 
key: 6526, value: 
key: 17245, value: 
key: 76420, value: 
key: 6470, value: 
key: 8920, value: 
key: 26900, value: 
key: 766309, value: 
key: 595254, value: 
key: 593320, value: 
key: 1765, value: 
key: 52548, value: 
key: 23562, value: 
key: 442009, value: 
key: 13665, value: 
key: 213973, value: 
key: 3238, value: 
key: 665977, value: 
key: 615, value: 
key: 4789, value: 
key: 87703, value: 
key: 11399, value: 
key: 40779, value: 
key: 98152, value: 
key: 127518, value: 
key: 57338, value: 
key: 45662, value: 
key: 25007, value: 
key: 3194, value: 
key: 1091, value: 
key: 102, value: 
key: 19012, value: 
key: 439988, value: 
key: 9599, value: 
key: 1731, value: 
key: 40670, value: 
key: 461159, value: 
key: 22318, value: 
key: 364823, value: 
key: 89986, value: 
key: 3925, value: 
key: 61307, value: 
key: 73450, value: 
key: 110338, value: 
key: 900365, value: 
key: 20247, value: 
key: 317478, value: 
key: 1198, value: 
key: 15693, value: 
key: 2958, value: 
key: 17682, value: 
key: 2405, value: 
key: 43144, value: 
key: 33429, value: 
key: 4016, value: 
key: 54659, value: 
key: 717881, value: 
key: 3962, value: 
key: 163018, value: 
key: 52377, value: 
key: 22278, value: 
key: 44656, value: 
key: 132738, value: 
key: 1194, value: 
key: 578744, value: 
key: 1839, value: 
key: 23679, value: 
key: 847, value: 
key: 16369, value: 
key: 21074, value: 
key: 43779, value: 
key: 86398, value: 
key: 709706, value: 
key: 1046, value: 
key: 2390, value: 
key: 773129, value: 
key: 12951, value: 
key: 680468, value: 
key: 801578, value: 
key: 66930, value: 
key: 3664, value: 
key: 86346, value: 
key: 12402, value: 
key: 23472, value: 
key: 368, value: 
key: 2188, value: 
key: 101876, value: 
key: 569648, value: 
key: 2192, value: 
key: 485326, value: 
key: 128994, value: 
key: 836555, value: 
key: 3623, value: 
key: 179113, value: 
key: 328963, value: 
key: 307964, value: 
key: 16214, value: 
key: 39807, value: 
key: 26683, value: 
key: 400610, value: 
key: 3351, value: 
key: 303908, value: 
key: 29860, value: 
key: 104446, value: 
key: 39544, value: 
key: 441604, value: 
key: 35224, value: 
key: 5665, value: 
key: 17389, value: 
key: 419940, value: 
key: 84442, value: 
key: 8902, value: 
key: 78472, value: 
key: 631055, value: 
key: 29582, value: 
key: 3770, value: 
key: 52528, value: 
key: 96484, value: 
key: 109507, value: 
key: 442599, value: 
key: 467098, value: 
key: 1607, value: 
key: 4737, value: 
key: 702841, value: 
key: 728106, value: 
key: 50606, value: 
key: 420853, value: 
key: 34866, value: 
key: 10447, value: 
key: 3549, value: 
key: 135310, value: 
key: 249944, value: 
key: 138715, value: 
key: 68, value: 
key: 8862, value: 
key: 135506, value: 
key: 218282, value: 
key: 16309, value: 
key: 29175, value: 
key: 577, value: 
key: 8466, value: 
key: 271146, value: 
key: 530729, value: 
key: 1206, value: 
key: 4809, value: 
key: 1271, value: 
key: 154625, value: 
key: 841451, value: 
key: 197818, value: 
key: 1161, value: 
key: 140716, value: 
key: 55349, value: 
key: 28550, value: 
key: 29244, value: 
key: 82045, value: 
key: 2523, value: 
key: 497827, value: 
key: 23554, value: 
key: 7389, value: 
key: 7278, value: 
key: 141190, value: 
key: 179009, value: 
key: 95030, value: 
key: 2690, value: 
key: 170135, value: 
key: 20144, value: 
key: 7943, value: 
key: 162972, value: 
key: 191000, value: 
key: 124, value: 
key: 457198, value: 
key: 75038, value: 
key: 808041, value: 
key: 1030, value: 
key: 2947, value: 
key: 348, value: 
key: 3534, value: 
key: 145805, value: 
key: 86679, value: 
key: 4635, value: 
key: 569581, value: 
key: 31384, value: 
key: 22432, value: 
key: 78023, value: 
key: 5678, value: 
key: 17667, value: 
key: 329170, value: 
key: 13837, value: 
key: 56630, value: 
key: 22063, value: 
key: 587, value: 
key: 37691, value: 
key: 17769, value: 
key: 99149, value: 
key: 138575, value: 
key: 18379, value: 
key: 6438, value: 
key: 391099, value: 
key: 13444, value: 
key: 32237, value: 
key: 59958, value: 
key: 117117, value: 
key: 29246, value: 
key: 1390, value: 
key: 116130, value: 
key: 686131, value: 
key: 495064, value: 
key: 174892, value: 
key: 81939, value: 
key: 18215, value: 
key: 42982, value: 
key: 28440, value: 
key: 3673, value: 
key: 555, value: 
key: 393205, value: 
key: 1470, value: 
key: 3304, value: 
key: 8512, value: 
key: 182836, value: 
key: 188396, value: 
key: 2885, value: 
key: 143934, value: 
key: 8181, value: 
key: 21174, value: 
key: 294471, value: 
key: 32435, value: 
key: 11293, value: 
key: 71769, value: 
key: 118248, value: 
key: 118696, value: 
key: 9256, value: 
key: 53977, value: 
key: 12178, value: 
key: 259, value: 
key: 75704, value: 
key: 2026, value: 
key: 5021, value: 
key: 996, value: 
key: 365429, value: 
key: 27563, value: 
key: 3019, value: 
key: 26732, value: 
key: 1897, value: 
key: 86079, value: 
key: 904372, value: 
key: 2432, value: 
key: 63334, value: 
key: 43949, value: 
key: 8913, value: 
key: 121616, value: 
key: 4955, value: 
key: 440338, value: 
key: 1775, value: 
key: 9118, value: 
key: 1864, value: 
key: 231907, value: 
key: 3481, value: 
key: 586, value: 
key: 181478, value: 
key: 1632, value: 
key: 72810, value: 
key: 109782, value: 
key: 302216, value: 
key: 119533, value: 
key: 50900, value: 
key: 31004, value: 
key: 19029, value: 
key: 1169, value: 
key: 1687, value: 
key: 283, value: 
key: 32837, value: 
key: 5271, value: 
key: 5916, value: 
key: 106771, value: 
key: 32748, value: 
key: 227461, value: 
key: 3412, value: 
key: 19121, value: 
key: 3663, value: 
key: 2982, value: 
key: 402023, value: 
key: 740, value: 
key: 823, value: 
key: 1799, value: 
key: 6885, value: 
key: 127038, value: 
key: 4419, value: 
key: 7324, value: 
key: 644465, value: 
key: 586589, value: 
key: 1386, value: 
key: 153643, value: 
key: 159117, value: 
key: 149707, value: 
key: 167580, value: 
key: 1973, value: 
key: 2264, value: 
key: 5541, value: 
key: 8548, value: 
key: 1234, value: 
key: 613, value: 
key: 6652, value: 
key: 119779, value: 
key: 65026, value: 
key: 4921, value: 
key: 184, value: 
key: 24314, value: 
key: 256787, value: 
key: 132430, value: 
key: 483219, value: 
key: 16904, value: 
key: 1728, value: 
key: 31514, value: 
key: 486, value: 
key: 366, value: 
key: 630, value: 
key: 509, value: 
key: 646598, value: 
key: 92174, value: 
key: 22943, value: 
key: 5893, value: 
key: 11141, value: 
key: 583424, value: 
key: 2421, value: 
key: 23498, value: 
key: 259201, value: 
key: 4275, value: 
key: 285651, value: 
key: 1727, value: 
key: 147816, value: 
key: 51800, value: 
key: 406762, value: 
key: 75751, value: 
key: 37001, value: 
key: 704926, value: 
key: 50502, value: 
key: 66149, value: 
key: 60416, value: 
key: 605, value: 
key: 660, value: 
key: 19205, value: 
key: 5634, value: 
key: 2430, value: 
key: 460649, value: 
key: 76059, value: 
key: 25946, value: 
key: 309470, value: 
key: 1874, value: 
key: 18993, value: 
key: 155407, value: 
key: 170899, value: 
key: 399714, value: 
key: 4496, value: 
key: 28506, value: 
key: 326341, value: 
key: 67, value: 
key: 2933, value: 
key: 2821, value: 
key: 11070, value: 
key: 4858, value: 
key: 4511, value: 
key: 58456, value: 
key: 832716, value: 
key: 14273, value: 
key: 155414, value: 
key: 50898, value: 
key: 78300, value: 
key: 355, value: 
key: 22459, value: 
key: 23761, value: 
key: 225792, value: 
key: 356470, value: 
key: 752642, value: 
key: 20822, value: 
key: 1084, value: 
key: 57658, value: 
key: 81476, value: 
key: 32941, value: 
key: 56495, value: 
key: 173227, value: 
key: 33425, value: 
key: 67601, value: 
key: 22178, value: 
key: 54236, value: 
key: 3782, value: 
key: 39733, value: 
key: 23827, value: 
key: 597134, value: 
key: 362039, value: 
key: 86105, value: 
key: 23605, value: 
key: 43621, value: 
key: 1136, value: 
key: 75189, value: 
key: 1108, value: 
key: 10483, value: 
key: 28077, value: 
key: 2246, value: 
key: 23778, value: 
key: 9063, value: 
key: 105706, value: 
key: 5451, value: 
key: 126, value: 
key: 13365, value: 
key: 4656, value: 
key: 438697, value: 
key: 133233, value: 
key: 257435, value: 
key: 561085, value: 
key: 37239, value: 
key: 21052, value: 
key: 2346, value: 
key: 1075, value: 
key: 3466, value: 
key: 1202, value: 
key: 955412, value: 
key: 168649, value: 
key: 96651, value: 
key: 78468, value: 
key: 39565, value: 
key: 15759, value: 
key: 23544, value: 
key: 683, value: 
key: 2570, value: 
key: 358580, value: 
key: 301419, value: 
key: 1315, value: 
key: 62877, value: 
key: 44370, value: 
key: 29045, value: 
key: 661727, value: 
key: 1287, value: 
key: 109209, value: 
key: 26130, value: 
key: 352566, value: 
key: 386563, value: 
key: 244052, value: 
key: 1184, value: 
key: 34417, value: 
key: 17526, value: 
key: 406982, value: 
key: 735, value: 
key: 35424, value: 
key: 352809, value: 
key: 29720, value: 
key: 19193, value: 
key: 948426, value: 
key: 1771, value: 
key: 1131, value: 
key: 353097, value: 
key: 331432, value: 
key: 16733, value: 
key: 29837, value: 
key: 10718, value: 
key: 664103, value: 
key: 7500, value: 
key: 8363, value: 
key: 293761, value: 
key: 72404, value: 
key: 262332, value: 
key: 586417, value: 
key: 3, value: 
key: 977025, value: 
key: 46026, value: 
key: 930, value: 
key: 258860, value: 
key: 289, value: 
key: 17815, value: 
key: 179524, value: 
key: 426, value: 
key: 13726, value: 
key: 406765, value: 
key: 13463, value: 
key: 126651, value: 
key: 35827, value: 
key: 6285, value: 
key: 99868, value: 
key: 26876, value: 
key: 46859, value: 
key: 6422, value: 
key: 33707, value: 
key: 69942, value: 
key: 145383, value: 
key: 8386, value: 
key: 1564, value: 
key: 59, value: 
key: 156010, value: 
key: 305, value: 
key: 215835, value: 
key: 5903, value: 
key: 1516, value: 
key: 144080, value: 
key: 46500, value: 
key: 701819, value: 
key: 330589, value: 
key: 44242, value: 
key: 214762, value: 
key: 5565, value: 
key: 792202, value: 
key: 869227, value: 
key: 240991, value: 
key: 27619, value: 
key: 9697, value: 
key: 175116, value: 
key: 1250, value: 
key: 262817, value: 
key: 2455, value: 
key: 17369, value: 
key: 61378, value: 
key: 3769, value: 
key: 3164, value: 
key: 4098, value: 
key: 541144, value: 
key: 160800, value: 
key: 676643, value: 
key: 151744, value: 
key: 30259, value: 
key: 23288, value: 
key: 182195, value: 
key: 22555, value: 
key: 435, value: 
key: 71169, value: 
key: 2869, value: 
key: 131674, value: 
key: 22356, value: 
key: 365814, value: 
key: 12390, value: 
key: 21469, value: 
key: 663174, value: 
key: 69480, value: 
key: 17439, value: 
key: 5421, value: 
key: 541, value: 
key: 6122, value: 
key: 38432, value: 
key: 40212, value: 
key: 186094, value: 
key: 1266, value: 
key: 669383, value: 
key: 46759, value: 
key: 124339, value: 
key: 155909, value: 
key: 60561, value: 
key: 14175, value: 
key: 20468, value: 
key: 7301, value: 
key: 7749, value: 
key: 518361, value: 
key: 788154, value: 
key: 6935, value: 
key: 84604, value: 
key: 205321, value: 
key: 39765, value: 
key: 314939, value: 
key: 6653, value: 
key: 282, value: 
key: 516259, value: 
key: 50130, value: 
key: 3574, value: 
key: 9245, value: 
key: 85947, value: 
key: 142313, value: 
key: 23019, value: 
key: 70344, value: 
key: 61731, value: 
key: 7784, value: 
key: 56403, value: 
key: 38517, value: 
key: 12681, value: 
key: 720110, value: 
key: 1143, value: 
key: 738940, value: 
key: 93906, value: 
key: 157508, value: 
key: 46194, value: 
key: 74031, value: 
key: 261392, value: 
key: 184755, value: 
key: 110637, value: 
key: 7285, value: 
key: 255735, value: 
key: 20354, value: 
key: 141755, value: 
key: 80054, value: 
key: 239542, value: 
key: 307983, value: 
key: 9703, value: 
key: 1409, value: 
key: 1322, value: 
key: 9440, value: 
key: 3750, value: 
key: 47246, value: 
key: 6351, value: 
key: 640060, value: 
key: 77115, value: 
key: 2557, value: 
key: 65994, value: 
key: 1850, value: 
key: 82546, value: 
key: 3474, value: 
key: 481, value: 
key: 97100, value: 
key: 104342, value: 
key: 9248, value: 
key: 59724, value: 
key: 34900, value: 
key: 89284, value: 
key: 47222, value: 
key: 250170, value: 
key: 10113, value: 
key: 621086, value: 
key: 262, value: 
key: 2024, value: 
key: 123676, value: 
key: 88181, value: 
key: 624024, value: 
key: 325312, value: 
key: 4807, value: 
key: 185155, value: 
key: 53175, value: 
key: 117440, value: 
key: 42254, value: 
key: 8901, value: 
key: 2988, value: 
key: 491430, value: 
key: 589643, value: 
key: 15682, value: 
key: 9522, value: 
key: 9269, value: 
key: 727843, value: 
key: 20526, value: 
key: 26047, value: 
key: 19063, value: 
key: 59781, value: 
key: 7239, value: 
key: 5764, value: 
key: 2827, value: 
key: 15874, value: 
key: 392464, value: 
key: 78426, value: 
key: 60629, value: 
key: 28225, value: 
key: 8794, value: 
key: 90377, value: 
key: 64397, value: 
key: 29493, value: 
key: 79720, value: 
key: 2050, value: 
key: 665845, value: 
key: 3305, value: 
key: 41425, value: 
key: 1538, value: 
key: 31542, value: 
key: 2803, value: 
key: 69711, value: 
key: 4589, value: 
key: 370296, value: 
key: 223296, value: 
key: 5114, value: 
key: 2304, value: 
key: 423, value: 
key: 925670, value: 
key: 101627, value: 
key: 357502, value: 
key: 54975, value: 
key: 20919, value: 
key: 6784, value: 
key: 13723, value: 
key: 7657, value: 
key: 53614, value: 
key: 25732, value: 
key: 33682, value: 
key: 773635, value: 
key: 994054, value: 
key: 455466, value: 
key: 321282, value: 
key: 996107, value: 
key: 25250, value: 
key: 271639, value: 
key: 271125, value: 
key: 149353, value: 
key: 9605, value: 
key: 72156, value: 
key: 762113, value: 
key: 498765, value: 
key: 186085, value: 
key: 553349, value: 
key: 311256, value: 
key: 11851, value: 
key: 215177, value: 
key: 64744, value: 
key: 103454, value: 
key: 336337, value: 
key: 6732, value: 
key: 7846, value: 
key: 794383, value: 
key: 108829, value: 
key: 8545, value: 
key: 72753, value: 
key: 4184, value: 
key: 64014, value: 
key: 12734, value: 
key: 370773, value: 
key: 23118, value: 
key: 261623, value: 
key: 277584, value: 
key: 5316, value: 
key: 456, value: 
key: 228221, value: 
key: 2795, value: 
key: 14730, value: 
key: 22860, value: 
key: 162, value: 
key: 492, value: 
key: 117930, value: 
key: 4388, value: 
key: 323075, value: 
key: 9079, value: 
key: 249008, value: 
key: 91204, value: 
key: 903011, value: 
key: 440799, value: 
key: 4335, value: 
key: 109818, value: 
key: 38687, value: 
key: 18205, value: 
key: 1958, value: 
key: 265934, value: 
key: 43493, value: 
key: 83003, value: 
key: 44766, value: 
key: 113180, value: 
key: 5966, value: 
key: 1921, value: 
key: 163126, value: 
key: 8319, value: 
key: 12968, value: 
key: 14442, value: 
key: 30743, value: 
key: 47643, value: 
key: 14511, value: 
key: 60071, value: 
key: 15807, value: 
key: 5894, value: 
key: 2762, value: 
key: 16710, value: 
key: 403428, value: 
key: 6239, value: 
key: 446168, value: 
key: 173016, value: 
key: 52805, value: 
key: 29377, value: 
key: 1109, value: 
key: 31, value: 
key: 245255, value: 
key: 104970, value: 
key: 6328, value: 
key: 961461, value: 
key: 224346, value: 
key: 2025, value: 
key: 26179, value: 
key: 75810, value: 
key: 5676, value: 
key: 22679, value: 
key: 11975, value: 
key: 544583, value: 
key: 213668, value: 
key: 64722, value: 
key: 169414, value: 
key: 9423, value: 
key: 33187, value: 
key: 105740, value: 
key: 44788, value: 
key: 2219, value: 
key: 256001, value: 
key: 8015, value: 
key: 44, value: 
key: 112865, value: 
key: 71, value: 
key: 312, value: 
key: 49102, value: 
key: 473776, value: 
key: 5139, value: 
key: 121386, value: 
key: 155, value: 
key: 38013, value: 
key: 6585, value: 
key: 126600, value: 
key: 27561, value: 
key: 15190, value: 
key: 33493, value: 
key: 7938, value: 
key: 950812, value: 
key: 3765, value: 
key: 328637, value: 
key: 388622, value: 
key: 15683, value: 
key: 25262, value: 
key: 190328, value: 
key: 483, value: 
key: 79006, value: 
key: 6307, value: 
key: 84427, value: 
key: 16856, value: 
key: 685009, value: 
key: 1474, value: 
key: 7562, value: 
key: 120554, value: 
key: 201864, value: 
key: 825992, value: 
key: 43392, value: 
key: 21086, value: 
key: 167605, value: 
key: 1258, value: 
key: 804888, value: 
key: 30600, value: 
key: 79622, value: 
key: 3689, value: 
key: 189194, value: 
key: 3131, value: 
key: 12023, value: 
key: 199567, value: 
key: 57272, value: 
key: 450359, value: 
key: 1913, value: 
key: 657156, value: 
key: 98521, value: 
key: 78203, value: 
key: 11337, value: 
key: 33065, value: 
key: 45697, value: 
key: 850313, value: 
key: 18920, value: 
key: 719, value: 
key: 385582, value: 
key: 137140, value: 
key: 91252, value: 
key: 111219, value: 
key: 5882, value: 
key: 355605, value: 
key: 441992, value: 
key: 1365, value: 
key: 18663, value: 
key: 12919, value: 
key: 4731, value: 
key: 5607, value: 
key: 253877, value: 
key: 468730, value: 
key: 636, value: 
key: 65782, value: 
key: 5245, value: 
key: 212788, value: 
key: 810, value: 
key: 748253, value: 
key: 115047, value: 
key: 781607, value: 
key: 64307, value: 
key: 20210, value: 
key: 30522, value: 
key: 6685, value: 
key: 1816, value: 
key: 42927, value: 
key: 50736, value: 
key: 668424, value: 
key: 54858, value: 
key: 8635, value: 
key: 2142, value: 
key: 156455, value: 
key: 8050, value: 
key: 414676, value: 
key: 17133, value: 
key: 90564, value: 
key: 47780, value: 
key: 2840, value: 
key: 125705, value: 
key: 398, value: 
key: 9081, value: 
key: 639440, value: 
key: 107971, value: 
key: 62300, value: 
key: 216715, value: 
key: 14435, value: 
key: 794333, value: 
key: 701607, value: 
key: 10771, value: 
key: 2294, value: 
key: 218, value: 
key: 637585, value: 
key: 7566, value: 
key: 64301, value: 
key: 990604, value: 
key: 559466, value: 
key: 246540, value: 
key: 2222, value: 
key: 17908, value: 
key: 515501, value: 
key: 114800, value: 
key: 421639, value: 
key: 3401, value: 
key: 24728, value: 
key: 38886, value: 
key: 5264, value: 
key: 6388, value: 
key: 397771, value: 
key: 71583, value: 
key: 4507, value: 
key: 98822, value: 
key: 16990, value: 
key: 7416, value: 
key: 11885, value: 
key: 3650, value: 
key: 11832, value: 
key: 106202, value: 
key: 45863, value: 
key: 20280, value: 
key: 559584, value: 
key: 555453, value: 
key: 4983, value: 
key: 1072, value: 
key: 487, value: 
key: 6882, value: 
key: 681692, value: 
key: 1988, value: 
key: 85703, value: 
key: 82255, value: 
key: 460147, value: 
key: 146969, value: 
key: 252011, value: 
key: 13504, value: 
key: 14453, value: 
key: 45925, value: 
key: 911966, value: 
key: 1746, value: 
key: 946, value: 
key: 55902, value: 
key: 3177, value: 
key: 26182, value: 
key: 123535, value: 
key: 3903, value: 
key: 22768, value: 
key: 11232, value: 
key: 100272, value: 
key: 427048, value: 
key: 159234, value: 
key: 478753, value: 
key: 436968, value: 
key: 143079, value: 
key: 538084, value: 
key: 83088, value: 
key: 363259, value: 
key: 4714, value: 
key: 385689, value: 
key: 5265, value: 
key: 2045, value: 
key: 420, value: 
key: 420622, value: 
key: 79032, value: 
key: 85327, value: 
key: 2623, value: 
key: 90509, value: 
key: 8579, value: 
key: 10361, value: 
key: 768526, value: 
key: 38011, value: 
key: 34753, value: 
key: 3362, value: 
key: 6535, value: 
key: 93998, value: 
key: 12307, value: 
key: 9459, value: 
key: 532068, value: 
key: 42348, value: 
key: 10785, value: 
key: 221649, value: 
key: 9720, value: 
key: 60328, value: 
key: 6948, value: 
key: 532273, value: 
key: 2452, value: 
key: 8464, value: 
key: 38758, value: 
key: 114654, value: 
key: 28961, value: 
key: 101904, value: 
key: 715802, value: 
key: 353329, value: 
key: 100748, value: 
key: 35297, value: 
key: 6797, value: 
key: 230856, value: 
key: 13453, value: 
key: 615405, value: 
key: 517183, value: 
key: 16793, value: 
key: 285469, value: 
key: 38636, value: 
key: 18248, value: 
key: 4888, value: 
key: 2573, value: 
key: 1305, value: 
key: 32075, value: 
key: 11026, value: 
key: 93317, value: 
key: 2282, value: 
key: 97925, value: 
key: 259781, value: 
key: 614927, value: 
key: 1464, value: 
key: 21110, value: 
key: 20219, value: 
key: 21523, value: 
key: 456485, value: 
key: 576090, value: 
key: 7155, value: 
key: 14133, value: 
key: 993496, value: 
key: 7552, value: 
key: 205973, value: 
key: 2367, value: 
key: 4333, value: 
key: 957, value: 
key: 11972, value: 
key: 539208, value: 
key: 8561, value: 
key: 6720, value: 
key: 3662, value: 
key: 77, value: 
key: 306720, value: 
key: 476033, value: 
key: 152, value: 
key: 353963, value: 
key: 6553, value: 
key: 197377, value: 
key: 6829, value: 
key: 525254, value: 
key: 43029, value: 
key: 406619, value: 
key: 285172, value: 
key: 2745, value: 
key: 290636, value: 
key: 451146, value: 
key: 326713, value: 
key: 3547, value: 
key: 99942, value: 
key: 41024, value: 
key: 113509, value: 
key: 6440, value: 
key: 51831, value: 
key: 98570, value: 
key: 115741, value: 
key: 48745, value: 
key: 287985, value: 
key: 741, value: 
key: 3162, value: 
key: 19715, value: 
key: 97677, value: 
key: 289005, value: 
key: 3918, value: 
key: 377367, value: 
key: 175921, value: 
key: 736513, value: 
key: 516757, value: 
key: 306884, value: 
key: 10374, value: 
key: 190487, value: 
key: 5124, value: 
key: 230818, value: 
key: 2302, value: 
key: 259922, value: 
key: 802, value: 
key: 156323, value: 
key: 27328, value: 
key: 38733, value: 
key: 24393, value: 
key: 15508, value: 
key: 998988, value: 
key: 2041, value: 
key: 26096, value: 
key: 29015, value: 
key: 106497, value: 
key: 208308, value: 
key: 2726, value: 
key: 6075, value: 
key: 585, value: 
key: 91044, value: 
key: 2223, value: 
key: 520073, value: 
key: 468001, value: 
key: 9350, value: 
key: 1238, value: 
key: 6738, value: 
key: 7914, value: 
key: 176278, value: 
key: 115443, value: 
key: 9302, value: 
key: 282638, value: 
key: 3034, value: 
key: 74785, value: 
key: 24155, value: 
key: 29652, value: 
key: 16653, value: 
key: 332806, value: 
key: 55117, value: 
key: 567, value: 
key: 1345, value: 
key: 59101, value: 
key: 163, value: 
key: 35299, value: 
key: 46101, value: 
key: 78481, value: 
key: 122867, value: 
key: 23627, value: 
key: 6336, value: 
key: 71938, value: 
key: 19766, value: 
key: 209792, value: 
key: 29, value: 
key: 142479, value: 
key: 690155, value: 
key: 2296, value: 
key: 71359, value: 
key: 59575, value: 
key: 10786, value: 
key: 29406, value: 
key: 540960, value: 
key: 79511, value: 
key: 12189, value: 
key: 68911, value: 
key: 15043, value: 
key: 14737, value: 
key: 19455, value: 
key: 1885, value: 
key: 263191, value: 
key: 21002, value: 
key: 264249, value: 
key: 58495, value: 
key: 69682, value: 
key: 23611, value: 
key: 19219, value: 
key: 2021, value: 
key: 459182, value: 
key: 240719, value: 
key: 14603, value: 
key: 37638, value: 
key: 73426, value: 
key: 22777, value: 
key: 99, value: 
key: 79114, value: 
key: 96785, value: 
key: 305034, value: 
key: 969542, value: 
key: 15124, value: 
key: 57179, value: 
key: 5944, value: 
key: 608, value: 
key: 392177, value: 
key: 586973, value: 
key: 11721, value: 
key: 208696, value: 
key: 78827, value: 
key: 14597, value: 
key: 47124, value: 
key: 417279, value: 
key: 2643, value: 
key: 581266, value: 
key: 35781, value: 
key: 337570, value: 
key: 705373, value: 
key: 692832, value: 
key: 1764, value: 
key: 664, value: 
key: 295739, value: 
key: 365973, value: 
key: 881384, value: 
key: 512585, value: 
key: 732742, value: 
key: 3018, value: 
key: 8723, value: 
key: 546037, value: 
key: 2519, value: 
key: 19645, value: 
key: 61556, value: 
key: 365, value: 
key: 954816, value: 
key: 100815, value: 
key: 255538, value: 
key: 206046, value: 
key: 935726, value: 
key: 84922, value: 
key: 29939, value: 
key: 41912, value: 
key: 584207, value: 
key: 6425, value: 
key: 659191, value: 
key: 190150, value: 
key: 58528, value: 
key: 3819, value: 
key: 296054, value: 
key: 3639, value: 
key: 93929, value: 
key: 4436, value: 
key: 5183, value: 
key: 23054, value: 
key: 3037, value: 
key: 103502, value: 
key: 5187, value: 
key: 72854, value: 
key: 237623, value: 
key: 9630, value: 
key: 6, value: 
key: 135607, value: 
key: 90520, value: 
key: 237635, value: 
key: 6130, value: 
key: 10002, value: 
key: 45860, value: 
key: 206039, value: 
key: 54998, value: 
key: 710054, value: 
key: 6692, value: 
key: 330177, value: 
key: 97484, value: 
key: 4712, value: 
key: 200153, value: 
key: 124915, value: 
key: 271352, value: 
key: 16553, value: 
key: 49913, value: 
key: 1230, value: 
key: 2202, value: 
key: 617999, value: 
key: 734998, value: 
key: 55814, value: 
key: 1614, value: 
key: 165439, value: 
key: 169614, value: 
key: 31778, value: 
key: 234682, value: 
key: 30185, value: 
key: 81277, value: 
key: 70658, value: 
key: 224, value: 
key: 915, value: 
key: 173681, value: 
key: 122139, value: 
key: 111949, value: 
key: 86154, value: 
key: 20532, value: 
key: 62880, value: 
key: 445055, value: 
key: 1447, value: 
key: 20186, value: 
key: 332342, value: 
key: 2953, value: 
key: 1926, value: 
key: 311252, value: 
key: 464838, value: 
key: 58377, value: 
key: 83730, value: 
key: 9881, value: 
key: 321948, value: 
key: 1375, value: 
key: 24137, value: 
key: 86313, value: 
key: 17702, value: 
key: 520120, value: 
key: 11297, value: 
key: 132091, value: 
key: 80056, value: 
key: 858625, value: 
key: 14227, value: 
key: 7129, value: 
key: 7891, value: 
key: 179779, value: 
key: 5768, value: 
key: 456146, value: 
key: 13224, value: 
key: 440914, value: 
key: 6144, value: 
key: 446206, value: 
key: 32117, value: 
key: 7741, value: 
key: 16894, value: 
key: 41649, value: 
key: 70144, value: 
key: 929908, value: 
key: 54697, value: 
key: 2548, value: 
key: 2355, value: 
key: 3010, value: 
key: 29909, value: 
key: 188154, value: 
key: 36426, value: 
key: 1153, value: 
key: 70903, value: 
key: 6172, value: 
key: 1344, value: 
key: 270498, value: 
key: 6528, value: 
key: 820524, value: 
key: 105776, value: 
key: 140456, value: 
key: 24173, value: 
key: 97168, value: 
key: 2967, value: 
key: 263, value: 
key: 186418, value: 
key: 148093, value: 
key: 215731, value: 
key: 234142, value: 
key: 885, value: 
key: 79638, value: 
key: 4402, value: 
key: 202357, value: 
key: 349900, value: 
key: 137358, value: 
key: 119357, value: 
key: 13545, value: 
key: 149968, value: 
key: 123996, value: 
key: 623, value: 
key: 105694, value: 
key: 165715, value: 
key: 6283, value: 
key: 877089, value: 
key: 668345, value: 
key: 12241, value: 
key: 98047, value: 
key: 6503, value: 
key: 2921, value: 
key: 550255, value: 
key: 5528, value: 
key: 919643, value: 
key: 12937, value: 
key: 45304, value: 
key: 30480, value: 
key: 8377, value: 
key: 732288, value: 
key: 6402, value: 
key: 6542, value: 
key: 24377, value: 
key: 6212, value: 
key: 5632, value: 
key: 209520, value: 
key: 625404, value: 
key: 390748, value: 
key: 655019, value: 
key: 150266, value: 
key: 4926, value: 
key: 5, value: 
key: 13121, value: 
key: 415002, value: 
key: 807794, value: 
key: 985104, value: 
key: 457105, value: 
key: 29958, value: 
key: 110312, value: 
key: 8187, value: 
key: 7912, value: 
key: 14578, value: 
key: 200, value: 
key: 462763, value: 
key: 632299, value: 
key: 5626, value: 
key: 19756, value: 
key: 22869, value: 
key: 1925, value: 
key: 1804, value: 
key: 78847, value: 
key: 3655, value: 
key: 2424, value: 
key: 9507, value: 
key: 97669, value: 
key: 5548, value: 
key: 182137, value: 
key: 5117, value: 
key: 29617, value: 
key: 4371, value: 
key: 8195, value: 
key: 5145, value: 
key: 1080, value: 
key: 20733, value: 
key: 242901, value: 
key: 3363, value: 
key: 4412, value: 
key: 143827, value: 
key: 26742, value: 
key: 3137, value: 
key: 81681, value: 
key: 29347, value: 
key: 1264, value: 
key: 192268, value: 
key: 38925, value: 
key: 10914, value: 
key: 6131, value: 
key: 226745, value: 
key: 6726, value: 
key: 75690, value: 
key: 6588, value: 
key: 30197, value: 
key: 20358, value: 
key: 132422, value: 
key: 895220, value: 
key: 309272, value: 
key: 1064, value: 
key: 26224, value: 
key: 10403, value: 
key: 38102, value: 
key: 2628, value: 
key: 23574, value: 
key: 383635, value: 
key: 6079, value: 
key: 148078, value: 
key: 172090, value: 
key: 789546, value: 
key: 1393, value: 
key: 6668, value: 
key: 14762, value: 
key: 61115, value: 
key: 3244, value: 
key: 888756, value: 
key: 12676, value: 
key: 159670, value: 
key: 220894, value: 
key: 50506, value: 
key: 1001, value: 
key: 3584, value: 
key: 23166, value: 
key: 829665, value: 
key: 286677, value: 
key: 1593, value: 
key: 32715, value: 
key: 36023, value: 
key: 2131, value: 
key: 118575, value: 
key: 403, value: 
key: 561554, value: 
key: 58523, value: 
key: 289478, value: 
key: 93289, value: 
key: 9982, value: 
key: 956514, value: 
key: 2356, value: 
key: 751, value: 
key: 421789, value: 
key: 6664, value: 
key: 42532, value: 
key: 127871, value: 
key: 23142, value: 
key: 957451, value: 
key: 38834, value: 
key: 1663, value: 
key: 2212, value: 
key: 138701, value: 
key: 730040, value: 
key: 708010, value: 
key: 105404, value: 
key: 321420, value: 
key: 52354, value: 
key: 276721, value: 
key: 2385, value: 
key: 372830, value: 
key: 44417, value: 
key: 586028, value: 
key: 679532, value: 
key: 5462, value: 
key: 5543, value: 
key: 6489, value: 
key: 304220, value: 
key: 872154, value: 
key: 99067, value: 
key: 46393, value: 
key: 74994, value: 
key: 247153, value: 
key: 70066, value: 
key: 4256, value: 
key: 911778, value: 
key: 4710, value: 
key: 318641, value: 
key: 72397, value: 
key: 561918, value: 
key: 86194, value: 
key: 174084, value: 
key: 47725, value: 
key: 197430, value: 
key: 9763, value: 
key: 17, value: 
key: 31087, value: 
key: 58914, value: 
key: 2931, value: 
key: 23441, value: 
key: 4463, value: 
key: 122392, value: 
key: 50968, value: 
key: 70869, value: 
key: 448967, value: 
key: 8172, value: 
key: 788445, value: 
key: 29261, value: 
key: 4570, value: 
key: 461026, value: 
key: 149299, value: 
key: 12933, value: 
key: 126869, value: 
key: 10082, value: 
key: 13915, value: 
key: 23659, value: 
key: 10377, value: 
key: 255056, value: 
key: 17963, value: 
key: 3789, value: 
key: 7937, value: 
key: 9746, value: 
key: 1120, value: 
key: 12670, value: 
key: 11929, value: 
key: 27209, value: 
key: 26662, value: 
key: 1634, value: 
key: 4540, value: 
key: 38753, value: 
key: 27285, value: 
key: 2813, value: 
key: 527742, value: 
key: 33583, value: 
key: 744, value: 
key: 10737, value: 
key: 53078, value: 
key: 342670, value: 
key: 49235, value: 
key: 32596, value: 
key: 101480, value: 
key: 476658, value: 
key: 100135, value: 
key: 8147, value: 
key: 232141, value: 
key: 34482, value: 
key: 156962, value: 
key: 1369, value: 
key: 13072, value: 
key: 113457, value: 
key: 3803, value: 
key: 130295, value: 
key: 10267, value: 
key: 780272, value: 
key: 6313, value: 
key: 27602, value: 
key: 224052, value: 
key: 22025, value: 
key: 220877, value: 
key: 14531, value: 
key: 5319, value: 
key: 155608, value: 
key: 919576, value: 
key: 91, value: 
key: 713, value: 
key: 29013, value: 
key: 7935, value: 
key: 53303, value: 
key: 653480, value: 
key: 457, value: 
key: 375459, value: 
key: 822, value: 
key: 3960, value: 
key: 24129, value: 
key: 477725, value: 
key: 135381, value: 
key: 201604, value: 
key: 48573, value: 
key: 4311, value: 
key: 49641, value: 
key: 83767, value: 
key: 17402, value: 
key: 2377, value: 
key: 79205, value: 
key: 1391, value: 
key: 1741, value: 
key: 118222, value: 
key: 888, value: 
key: 140116, value: 
key: 8152, value: 
key: 460337, value: 
key: 3495, value: 
key: 8725, value: 
key: 4544, value: 
key: 417747, value: 
key: 737, value: 
key: 282122, value: 
key: 1941, value: 
key: 119475, value: 
key: 24995, value: 
key: 31489, value: 
key: 13339, value: 
key: 3134, value: 
key: 76437, value: 
key: 2270, value: 
key: 517429, value: 
key: 197, value: 
key: 310086, value: 
key: 41837, value: 
key: 235405, value: 
key: 109727, value: 
key: 2072, value: 
key: 6087, value: 
key: 8173, value: 
key: 764122, value: 
key: 851423, value: 
key: 3826, value: 
key: 902725, value: 
key: 835252, value: 
key: 346, value: 
key: 64555, value: 
key: 2411, value: 
key: 82325, value: 
key: 210281, value: 
key: 6227, value: 
key: 882513, value: 
key: 4739, value: 
key: 480754, value: 
key: 648771, value: 
key: 19059, value: 
key: 183466, value: 
key: 203459, value: 
key: 18987, value: 
key: 27650, value: 
key: 115999, value: 
key: 732, value: 
key: 4232, value: 
key: 27085, value: 
key: 241989, value: 
key: 52844, value: 
key: 78824, value: 
key: 33395, value: 
key: 499438, value: 
key: 3445, value: 
key: 3310, value: 
key: 317408, value: 
key: 11352, value: 
key: 3296, value: 
key: 3165, value: 
key: 15878, value: 
key: 59345, value: 
key: 40, value: 
key: 215006, value: 
key: 825539, value: 
key: 17619, value: 
key: 801, value: 
key: 1337, value: 
key: 30875, value: 
key: 330119, value: 
key: 30961, value: 
key: 76552, value: 
key: 214293, value: 
key: 19829, value: 
key: 858769, value: 
key: 15363, value: 
key: 5388, value: 
key: 81609, value: 
key: 19738, value: 
key: 27837, value: 
key: 170615, value: 
key: 1575, value: 
key: 5483, value: 
key: 11012, value: 
key: 3329, value: 
key: 52530, value: 
key: 5940, value: 
key: 215086, value: 
key: 46466, value: 
key: 22389, value: 
key: 2757, value: 
key: 41676, value: 
key: 70742, value: 
key: 157281, value: 
key: 837980, value: 
key: 2979, value: 
key: 63240, value: 
key: 8108, value: 
key: 145, value: 
key: 22476, value: 
key: 7631, value: 
key: 457275, value: 
key: 82324, value: 
key: 347016, value: 
key: 7639, value: 
key: 7217, value: 
key: 4626, value: 
key: 156613, value: 
key: 43405, value: 
key: 23678, value: 
key: 769463, value: 
key: 917, value: 
key: 83833, value: 
key: 48834, value: 
key: 14347, value: 
key: 43246, value: 
key: 803093, value: 
key: 59993, value: 
key: 24877, value: 
key: 8648, value: 
key: 1488, value: 
key: 19882, value: 
key: 401942, value: 
key: 7941, value: 
key: 70760, value: 
key: 825, value: 
key: 11660, value: 
key: 1180, value: 
key: 13643, value: 
key: 15620, value: 
key: 10839, value: 
key: 53442, value: 
key: 97812, value: 
key: 93280, value: 
key: 31201, value: 
key: 26982, value: 
key: 1148, value: 
key: 16246, value: 
key: 36557, value: 
key: 15582, value: 
key: 240341, value: 
key: 902, value: 
key: 146895, value: 
key: 62105, value: 
key: 59111, value: 
key: 25043, value: 
key: 31154, value: 
key: 21535, value: 
key: 861318, value: 
key: 5241, value: 
key: 32745, value: 
key: 53764, value: 
key: 684272, value: 
key: 966304, value: 
key: 8330, value: 
key: 27687, value: 
key: 56336, value: 
key: 66222, value: 
key: 732124, value: 
key: 228937, value: 
key: 98646, value: 
key: 9492, value: 
key: 113754, value: 
key: 639, value: 
key: 5267, value: 
key: 123444, value: 
key: 272169, value: 
key: 39381, value: 
key: 6110, value: 
key: 35425, value: 
key: 33529, value: 
key: 23403, value: 
key: 117896, value: 
key: 7555, value: 
key: 107714, value: 
key: 9438, value: 
key: 149402, value: 
key: 156, value: 
key: 4695, value: 
key: 113, value: 
key: 1899, value: 
key: 5539, value: 
key: 163348, value: 
key: 310152, value: 
key: 443145, value: 
key: 2562, value: 
key: 5918, value: 
key: 24529, value: 
key: 102769, value: 
key: 6365, value: 
key: 76882, value: 
key: 17292, value: 
key: 910264, value: 
key: 103705, value: 
key: 9345, value: 
key: 352312, value: 
key: 116, value: 
key: 92513, value: 
key: 6047, value: 
key: 79387, value: 
key: 219967, value: 
key: 190101, value: 
key: 48691, value: 
key: 24585, value: 
key: 102345, value: 
key: 925294, value: 
key: 20387, value: 
key: 8698, value: 
key: 38898, value: 
key: 26533, value: 
key: 1793, value: 
key: 28474, value: 
key: 4472, value: 
key: 55162, value: 
key: 607019, value: 
key: 20705, value: 
key: 813958, value: 
key: 2365, value: 
key: 4804, value: 
key: 5298, value: 
key: 423783, value: 
key: 41762, value: 
key: 816, value: 
key: 11529, value: 
key: 310638, value: 
key: 14198, value: 
key: 180353, value: 
key: 311, value: 
key: 217291, value: 
key: 438739, value: 
key: 14156, value: 
key: 33656, value: 
key: 19427, value: 
key: 507929, value: 
key: 11896, value: 
key: 221, value: 
key: 49422, value: 
key: 20103, value: 
key: 21127, value: 
key: 9716, value: 
key: 2152, value: 
key: 1886, value: 
key: 16781, value: 
key: 6893, value: 
key: 415299, value: 
key: 138047, value: 
key: 72432, value: 
key: 18159, value: 
key: 188, value: 
key: 17309, value: 
key: 113951, value: 
key: 269709, value: 
key: 74269, value: 
key: 8219, value: 
key: 100456, value: 
key: 2510, value: 
key: 93342, value: 
key: 29281, value: 
key: 258431, value: 
key: 17595, value: 
key: 5252, value: 
key: 11040, value: 
key: 15058, value: 
key: 629493, value: 
key: 963575, value: 
key: 790320, value: 
key: 351379, value: 
key: 155137, value: 
key: 22332, value: 
key: 1635, value: 
key: 286291, value: 
key: 97874, value: 
key: 571903, value: 
key: 80846, value: 
key: 196002, value: 
key: 2699, value: 
key: 369, value: 
key: 151601, value: 
key: 133970, value: 
key: 2412, value: 
key: 9827, value: 
key: 19957, value: 
key: 110620, value: 
key: 284266, value: 
key: 42815, value: 
key: 233, value: 
key: 272568, value: 
key: 22493, value: 
key: 57526, value: 
key: 2607, value: 
key: 13656, value: 
key: 75110, value: 
key: 123765, value: 
key: 16891, value: 
key: 3156, value: 
key: 10873, value: 
key: 51979, value: 
key: 406900, value: 
key: 120338, value: 
key: 365433, value: 
key: 3501, value: 
key: 390, value: 
key: 50997, value: 
key: 59360, value: 
key: 7626, value: 
key: 827276, value: 
key: 4429, value: 
key: 804833, value: 
key: 526, value: 
key: 530448, value: 
key: 14680, value: 
key: 435903, value: 
key: 575033, value: 
key: 18938, value: 
key: 32595, value: 
key: 1111, value: 
key: 255005, value: 
key: 92970, value: 
key: 29593, value: 
key: 5781, value: 
key: 949787, value: 
key: 226540, value: 
key: 1098, value: 
key: 2022, value: 
key: 16565, value: 
key: 515011, value: 
key: 3813, value: 
key: 804101, value: 
key: 109175, value: 
key: 666, value: 
key: 12873, value: 
key: 52363, value: 
key: 361378, value: 
key: 40561, value: 
key: 16253, value: 
key: 942, value: 
key: 436892, value: 
key: 4324, value: 
key: 111372, value: 
key: 45664, value: 
key: 3217, value: 
key: 11737, value: 
key: 107597, value: 
key: 2287, value: 
key: 364469, value: 
key: 9796, value: 
key: 22622, value: 
key: 651014, value: 
key: 278326, value: 
key: 20196, value: 
key: 82513, value: 
key: 392785, value: 
key: 11362, value: 
key: 122044, value: 
key: 62121, value: 
key: 7012, value: 
key: 191980, value: 
key: 15429, value: 
key: 12543, value: 
key: 340142, value: 
key: 23298, value: 
key: 8610, value: 
key: 819795, value: 
key: 358701, value: 
key: 11957, value: 
key: 16379, value: 
key: 134607, value: 
key: 234530, value: 
key: 841732, value: 
key: 852, value: 
key: 174144, value: 
key: 271003, value: 
key: 1559, value: 
key: 26162, value: 
key: 244741, value: 
key: 3943, value: 
key: 516, value: 
key: 187280, value: 
key: 297627, value: 
key: 26877, value: 
key: 451349, value: 
key: 172928, value: 
key: 6214, value: 
key: 937594, value: 
key: 22181, value: 
key: 183413, value: 
key: 448393, value: 
key: 158493, value: 
key: 569384, value: 
key: 467192, value: 
key: 809818, value: 
key: 1168, value: 
key: 574455, value: 
key: 56146, value: 
key: 20791, value: 
key: 73812, value: 
key: 860185, value: 
key: 175020, value: 
key: 120827, value: 
key: 413193, value: 
key: 2496, value: 
key: 293334, value: 
key: 916714, value: 
key: 81286, value: 
key: 42530, value: 
key: 599913, value: 
key: 91128, value: 
key: 6870, value: 
key: 762032, value: 
key: 100551, value: 
key: 791, value: 
key: 4933, value: 
key: 212407, value: 
key: 685784, value: 
key: 19732, value: 
key: 1826, value: 
key: 6267, value: 
key: 131938, value: 
key: 3558, value: 
key: 6442, value: 
key: 239020, value: 
key: 94477, value: 
key: 729996, value: 
key: 4231, value: 
key: 77699, value: 
key: 75805, value: 
key: 74044, value: 
key: 177070, value: 
key: 18371, value: 
key: 74284, value: 
key: 502385, value: 
key: 66598, value: 
key: 236319, value: 
key: 161302, value: 
key: 58885, value: 
key: 271150, value: 
key: 159478, value: 
key: 46308, value: 
key: 56536, value: 
key: 1642, value: 
key: 255993, value: 
key: 837464, value: 
key: 294567, value: 
key: 67367, value: 
key: 10511, value: 
key: 2824, value: 
key: 57468, value: 
key: 4713, value: 
key: 4812, value: 
key: 26602, value: 
key: 86187, value: 
key: 135188, value: 
key: 197965, value: 
key: 6344, value: 
key: 114635, value: 
key: 59728, value: 
key: 2305, value: 
key: 314903, value: 
key: 201991, value: 
key: 418, value: 
key: 4438, value: 
key: 6646, value: 
key: 3014, value: 
key: 223391, value: 
key: 60848, value: 
key: 495, value: 
key: 709508, value: 
key: 82259, value: 
key: 27528, value: 
key: 47811, value: 
key: 3081, value: 
key: 396696, value: 
key: 110121, value: 
key: 17897, value: 
key: 151042, value: 
key: 4344, value: 
key: 4730, value: 
key: 45271, value: 
key: 5854, value: 
key: 62324, value: 
key: 4693, value: 
key: 42339, value: 
key: 652978, value: 
key: 92782, value: 
key: 19184, value: 
key: 67721, value: 
key: 127132, value: 
key: 573503, value: 
key: 117963, value: 
key: 7259, value: 
key: 313742, value: 
key: 351992, value: 
key: 4201, value: 
key: 311491, value: 
key: 2926, value: 
key: 86040, value: 
key: 1383, value: 
key: 32357, value: 
key: 163867, value: 
key: 5523, value: 
key: 6676, value: 
key: 106723, value: 
key: 95157, value: 
key: 807768, value: 
key: 9762, value: 
key: 582438, value: 
key: 532060, value: 
key: 265203, value: 
key: 2535, value: 
key: 7296, value: 
key: 402171, value: 
key: 2249, value: 
key: 236383, value: 
key: 140127, value: 
key: 3503, value: 
key: 254052, value: 
key: 39737, value: 
key: 12940, value: 
key: 1362, value: 
key: 54227, value: 
key: 21851, value: 
key: 6245, value: 
key: 123249, value: 
key: 68461, value: 
key: 21503, value: 
key: 399364, value: 
key: 20990, value: 
key: 696, value: 
key: 9455, value: 
key: 409059, value: 
key: 565612, value: 
key: 591692, value: 
key: 1152, value: 
key: 49280, value: 
key: 817822, value: 
key: 173112, value: 
key: 699971, value: 
key: 780678, value: 
key: 2454, value: 
key: 1906, value: 
key: 1263, value: 
key: 6628, value: 
key: 122457, value: 
key: 30646, value: 
key: 148720, value: 
key: 17959, value: 
key: 35706, value: 
key: 837, value: 
key: 105861, value: 
key: 22651, value: 
key: 258179, value: 
key: 10929, value: 
key: 8855, value: 
key: 15824, value: 
key: 4674, value: 
key: 98162, value: 
key: 170243, value: 
key: 27435, value: 
key: 348050, value: 
key: 100370, value: 
key: 3901, value: 
key: 58990, value: 
key: 414350, value: 
key: 26643, value: 
key: 419032, value: 
key: 14782, value: 
key: 423112, value: 
key: 939748, value: 
key: 3723, value: 
key: 150630, value: 
key: 5470, value: 
key: 73491, value: 
key: 10658, value: 
key: 40880, value: 
key: 2091, value: 
key: 32621, value: 
key: 996882, value: 
key: 2204, value: 
key: 41687, value: 
key: 24692, value: 
key: 8084, value: 
key: 952467, value: 
key: 88317, value: 
key: 1591, value: 
key: 17691, value: 
key: 10384, value: 
key: 9392, value: 
key: 222273, value: 
key: 16147, value: 
key: 25093, value: 
key: 80841, value: 
key: 10488, value: 
key: 23475, value: 
key: 1535, value: 
key: 46210, value: 
key: 107468, value: 
key: 206071, value: 
key: 2062, value: 
key: 6506, value: 
key: 480586, value: 
key: 18322, value: 
key: 233262, value: 
key: 53929, value: 
key: 19044, value: 
key: 1283, value: 
key: 318009, value: 
key: 529, value: 
key: 42175, value: 
key: 20042, value: 
key: 319, value: 
key: 37234, value: 
key: 26022, value: 
key: 301727, value: 
key: 10402, value: 
key: 124869, value: 
key: 71149, value: 
key: 878, value: 
key: 95969, value: 
key: 277555, value: 
key: 59533, value: 
key: 5407, value: 
key: 19495, value: 
key: 198465, value: 
key: 605408, value: 
key: 888916, value: 
key: 2804, value: 
key: 34372, value: 
key: 52087, value: 
key: 22601, value: 
key: 3636, value: 
key: 468771, value: 
key: 1364, value: 
key: 928802, value: 
key: 466885, value: 
key: 201198, value: 
key: 11304, value: 
key: 57197, value: 
key: 3709, value: 
key: 466761, value: 
key: 14481, value: 
key: 74081, value: 
key: 2359, value: 
key: 1573, value: 
key: 3575, value: 
key: 29728, value: 
key: 312301, value: 
key: 590522, value: 
key: 183983, value: 
key: 285695, value: 
key: 919753, value: 
key: 5357, value: 
key: 32231, value: 
key: 19533, value: 
key: 124829, value: 
key: 4573, value: 
key: 120069, value: 
key: 4290, value: 
key: 2730, value: 
key: 181164, value: 
key: 89393, value: 
key: 255676, value: 
key: 10747, value: 
key: 16219, value: 
key: 113566, value: 
key: 245083, value: 
key: 129719, value: 
key: 3781, value: 
key: 6446, value: 
key: 870747, value: 
key: 77271, value: 
key: 147492, value: 
key: 173954, value: 
key: 16483, value: 
key: 26454, value: 
key: 64058, value: 
key: 8352, value: 
key: 586817, value: 
key: 155244, value: 
key: 524705, value: 
key: 178174, value: 
key: 38964, value: 
key: 3830, value: 
key: 95500, value: 
key: 269336, value: 
key: 10354, value: 
key: 62267, value: 
key: 619889, value: 
key: 115474, value: 
key: 152222, value: 
key: 3471, value: 
key: 70200, value: 
key: 35798, value: 
key: 598284, value: 
key: 23846, value: 
key: 876934, value: 
key: 176703, value: 
key: 35173, value: 
key: 77910, value: 
key: 4186, value: 
key: 6217, value: 
key: 714, value: 
key: 76441, value: 
key: 55753, value: 
key: 109463, value: 
key: 34848, value: 
key: 14337, value: 
key: 9998, value: 
key: 188016, value: 
key: 24578, value: 
key: 281570, value: 
key: 41350, value: 
key: 3111, value: 
key: 399157, value: 
key: 219612, value: 
key: 210732, value: 
key: 319375, value: 
key: 693861, value: 
key: 507435, value: 
key: 821, value: 
key: 7261, value: 
key: 9811, value: 
key: 63413, value: 
key: 9650, value: 
key: 107877, value: 
key: 1025, value: 
key: 234090, value: 
key: 8230, value: 
key: 1624, value: 
key: 1267, value: 
key: 431359, value: 
key: 110828, value: 
key: 5043, value: 
key: 26434, value: 
key: 28526, value: 
key: 324829, value: 
key: 331245, value: 
key: 51060, value: 
key: 4137, value: 
key: 15706, value: 
key: 318727, value: 
key: 25441, value: 
key: 215964, value: 
key: 13792, value: 
key: 645786, value: 
key: 143948, value: 
key: 154629, value: 
key: 497, value: 
key: 3032, value: 
key: 75109, value: 
key: 10882, value: 
key: 27824, value: 
key: 2875, value: 
key: 65246, value: 
key: 870223, value: 
key: 5788, value: 
key: 8356, value: 
key: 143782, value: 
key: 41276, value: 
key: 8792, value: 
key: 145377, value: 
key: 8327, value: 
key: 253275, value: 
key: 2989, value: 
key: 795571, value: 
key: 786707, value: 
key: 409621, value: 
key: 36619, value: 
key: 547555, value: 
key: 50335, value: 
key: 683254, value: 
key: 33490, value: 
key: 519612, value: 
key: 25974, value: 
key: 245658, value: 
key: 24033, value: 
key: 163748, value: 
key: 1789, value: 
key: 120059, value: 
key: 570129, value: 
key: 9465, value: 
key: 625, value: 
key: 27477, value: 
key: 4516, value: 
key: 150487, value: 
key: 5435, value: 
key: 27008, value: 
key: 2331, value: 
key: 9687, value: 
key: 6894, value: 
key: 41154, value: 
key: 521, value: 
key: 21082, value: 
key: 1280, value: 
key: 13679, value: 
key: 1432, value: 
key: 454855, value: 
key: 41810, value: 
key: 137718, value: 
key: 8767, value: 
key: 814538, value: 
key: 220435, value: 
key: 11611, value: 
key: 21451, value: 
key: 170891, value: 
key: 941, value: 
key: 275543, value: 
key: 206557, value: 
key: 68502, value: 
key: 533, value: 
key: 459668, value: 
key: 667946, value: 
key: 23596, value: 
key: 83426, value: 
key: 821981, value: 
key: 5888, value: 
key: 11528, value: 
key: 120914, value: 
key: 86338, value: 
key: 173770, value: 
key: 8752, value: 
key: 815, value: 
key: 1340, value: 
key: 590148, value: 
key: 270131, value: 
key: 409, value: 
key: 16244, value: 
key: 72494, value: 
key: 13924, value: 
key: 2923, value: 
key: 1036, value: 
key: 96046, value: 
key: 10216, value: 
key: 104243, value: 
key: 34284, value: 
key: 23539, value: 
key: 8231, value: 
key: 63434, value: 
key: 392, value: 
key: 5520, value: 
key: 12338, value: 
key: 5554, value: 
key: 5518, value: 
key: 9126, value: 
key: 103, value: 
key: 152078, value: 
key: 347006, value: 
key: 378140, value: 
key: 3652, value: 
key: 14908, value: 
key: 534937, value: 
key: 167749, value: 
key: 52699, value: 
key: 79127, value: 
key: 3590, value: 
key: 709828, value: 
key: 6999, value: 
key: 376513, value: 
key: 487372, value: 
key: 25015, value: 
key: 18980, value: 
key: 10312, value: 
key: 63457, value: 
key: 322312, value: 
key: 36952, value: 
key: 215314, value: 
key: 65348, value: 
key: 154418, value: 
key: 3091, value: 
key: 700556, value: 
key: 884818, value: 
key: 5036, value: 
key: 253723, value: 
key: 14865, value: 
key: 401001, value: 
key: 7643, value: 
key: 382, value: 
key: 13117, value: 
key: 608313, value: 
key: 790770, value: 
key: 28091, value: 
key: 7199, value: 
key: 706154, value: 
key: 107546, value: 
key: 48904, value: 
key: 164462, value: 
key: 58670, value: 
key: 679313, value: 
key: 18595, value: 
key: 108177, value: 
key: 1325, value: 
key: 470432, value: 
key: 27301, value: 
key: 964, value: 
key: 41918, value: 
key: 161857, value: 
key: 9096, value: 
key: 18882, value: 
key: 27809, value: 
key: 15815, value: 
key: 1008, value: 
key: 42221, value: 
key: 363410, value: 
key: 993, value: 
key: 11274, value: 
key: 153, value: 
key: 385692, value: 
key: 35755, value: 
key: 35824, value: 
key: 50010, value: 
key: 332647, value: 
key: 699802, value: 
key: 309418, value: 
key: 268415, value: 
key: 4802, value: 
key: 9375, value: 
key: 493749, value: 
key: 14152, value: 
key: 619525, value: 
key: 12843, value: 
key: 185191, value: 
key: 67141, value: 
key: 17034, value: 
key: 454127, value: 
key: 587892, value: 
key: 9756, value: 
key: 2184, value: 
key: 133886, value: 
key: 3075, value: 
key: 9928, value: 
key: 12475, value: 
key: 6252, value: 
key: 316497, value: 
key: 88, value: 
key: 16564, value: 
key: 107388, value: 
key: 19443, value: 
key: 51840, value: 
key: 5222, value: 
key: 11299, value: 
key: 95583, value: 
key: 274968, value: 
key: 15592, value: 
key: 793132, value: 
key: 990711, value: 
key: 3643, value: 
key: 43990, value: 
key: 9321, value: 
key: 795, value: 
key: 905, value: 
key: 2741, value: 
key: 448, value: 
key: 82814, value: 
key: 7044, value: 
key: 5830, value: 
key: 8232, value: 
key: 663328, value: 
key: 9860, value: 
key: 157, value: 
key: 9563, value: 
key: 26278, value: 
key: 274963, value: 
key: 53691, value: 
key: 132444, value: 
key: 5103, value: 
key: 188658, value: 
key: 207471, value: 
key: 187, value: 
key: 1576, value: 
key: 38858, value: 
key: 72530, value: 
key: 1831, value: 
key: 53943, value: 
key: 393, value: 
key: 476, value: 
key: 166762, value: 
key: 120855, value: 
key: 7975, value: 
key: 652, value: 
key: 465031, value: 
key: 2811, value: 
key: 19626, value: 
key: 265481, value: 
key: 451959, value: 
key: 78814, value: 
key: 271216, value: 
key: 7894, value: 
key: 31225, value: 
key: 82176, value: 
key: 603824, value: 
key: 12300, value: 
key: 17968, value: 
key: 113372, value: 
key: 45890, value: 
key: 191713, value: 
key: 76040, value: 
key: 4314, value: 
key: 441569, value: 
key: 357551, value: 
key: 2587, value: 
key: 3946, value: 
key: 38222, value: 
key: 950, value: 
key: 276030, value: 
key: 42153, value: 
key: 48979, value: 
key: 270373, value: 
key: 84990, value: 
key: 983, value: 
key: 23307, value: 
key: 461603, value: 
key: 28473, value: 
key: 196219, value: 
key: 16154, value: 
key: 104859, value: 
key: 3059, value: 
key: 1211, value: 
key: 14905, value: 
key: 330788, value: 
key: 89622, value: 
key: 95950, value: 
key: 676666, value: 
key: 445, value: 
key: 3315, value: 
key: 7402, value: 
key: 166836, value: 
key: 14132, value: 
key: 44988, value: 
key: 140278, value: 
key: 7840, value: 
key: 13694, value: 
key: 89151, value: 
key: 756722, value: 
key: 8454, value: 
key: 13420, value: 
key: 243, value: 
key: 41803, value: 
key: 488, value: 
key: 58533, value: 
key: 136105, value: 
key: 7238, value: 
key: 11076, value: 
key: 169474, value: 
key: 935, value: 
key: 116639, value: 
key: 348184, value: 
key: 112458, value: 
key: 221681, value: 
key: 27511, value: 
key: 13573, value: 
key: 491916, value: 
key: 79293, value: 
key: 3291, value: 
key: 31930, value: 
key: 7465, value: 
key: 15257, value: 
key: 4872, value: 
key: 20693, value: 
key: 135771, value: 
key: 29947, value: 
key: 26477, value: 
key: 3589, value: 
key: 134298, value: 
key: 401235, value: 
key: 28597, value: 
key: 649670, value: 
key: 97829, value: 
key: 875573, value: 
key: 1962, value: 
key: 71640, value: 
key: 22382, value: 
key: 55777, value: 
key: 1821, value: 
key: 65378, value: 
key: 4942, value: 
key: 987489, value: 
key: 427, value: 
key: 380815, value: 
key: 96997, value: 
key: 4178, value: 
key: 162731, value: 
key: 1478, value: 
key: 250411, value: 
key: 448668, value: 
key: 949, value: 
key: 597656, value: 
key: 677382, value: 
key: 13095, value: 
key: 340800, value: 
key: 733, value: 
key: 11116, value: 
key: 3298, value: 
key: 6570, value: 
key: 160, value: 
key: 18017, value: 
key: 4015, value: 
key: 47753, value: 
key: 1403, value: 
key: 19254, value: 
key: 141158, value: 
key: 64061, value: 
key: 1981, value: 
key: 62910, value: 
key: 400828, value: 
key: 1813, value: 
key: 18111, value: 
key: 471260, value: 
key: 112943, value: 
key: 937364, value: 
key: 130473, value: 
key: 11170, value: 
key: 18231, value: 
key: 31482, value: 
key: 219823, value: 
key: 219214, value: 
key: 76883, value: 
key: 5644, value: 
key: 265941, value: 
key: 26960, value: 
key: 336094, value: 
key: 3013, value: 
key: 55519, value: 
key: 216662, value: 
key: 21172, value: 
key: 34668, value: 
key: 1398, value: 
key: 461, value: 
key: 52677, value: 
key: 1160, value: 
key: 103631, value: 
key: 1197, value: 
key: 24769, value: 
key: 178226, value: 
key: 83629, value: 
key: 43482, value: 
key: 85187, value: 
key: 149521, value: 
key: 190054, value: 
key: 230532, value: 
key: 9840, value: 
key: 752245, value: 
key: 335215, value: 
key: 18304, value: 
key: 9795, value: 
key: 36317, value: 
key: 1236, value: 
key: 30424, value: 
key: 6810, value: 
key: 346208, value: 
key: 15590, value: 
key: 147901, value: 
key: 23629, value: 
key: 809738, value: 
key: 285318, value: 
key: 3370, value: 
key: 23169, value: 
key: 173485, value: 
key: 2425, value: 
key: 236312, value: 
key: 62623, value: 
key: 98811, value: 
key: 12961, value: 
key: 1349, value: 
key: 168176, value: 
key: 684567, value: 
key: 508027, value: 
key: 730493, value: 
key: 114548, value: 
key: 59771, value: 
key: 8657, value: 
key: 166245, value: 
key: 7323, value: 
key: 1915, value: 
key: 15089, value: 
key: 448473, value: 
key: 869992, value: 
key: 18448, value: 
key: 20215, value: 
key: 11258, value: 
key: 111980, value: 
key: 38146, value: 
key: 25472, value: 
key: 7135, value: 
key: 36514, value: 
key: 29717, value: 
key: 9864, value: 
key: 4531, value: 
key: 517490, value: 
key: 316438, value: 
key: 125888, value: 
key: 1063, value: 
key: 3122, value: 
key: 127842, value: 
key: 615305, value: 
key: 59605, value: 
key: 1215, value: 
key: 332182, value: 
key: 1711, value: 
key: 8158, value: 
key: 8457, value: 
key: 828459, value: 
key: 110224, value: 
key: 5536, value: 
key: 85394, value: 
key: 36629, value: 
key: 16789, value: 
key: 67477, value: 
key: 957150, value: 
key: 8938, value: 
key: 420895, value: 
key: 86738, value: 
key: 3464, value: 
key: 674223, value: 
key: 75286, value: 
key: 16055, value: 
key: 3480, value: 
key: 83210, value: 
key: 298636, value: 
key: 3924, value: 
key: 1065, value: 
key: 308663, value: 
key: 34442, value: 
key: 30350, value: 
key: 12357, value: 
key: 23138, value: 
key: 11538, value: 
key: 146066, value: 
key: 500120, value: 
key: 54979, value: 
key: 77663, value: 
key: 4111, value: 
key: 796407, value: 
key: 1259, value: 
key: 78861, value: 
key: 356, value: 
key: 31680, value: 
key: 919661, value: 
key: 26691, value: 
key: 229891, value: 
key: 14698, value: 
key: 449602, value: 
key: 14731, value: 
key: 57497, value: 
key: 473, value: 
key: 28885, value: 
key: 989, value: 
key: 11266, value: 
key: 64967, value: 
key: 14601, value: 
key: 340370, value: 
key: 353302, value: 
key: 3527, value: 
key: 41635, value: 
key: 18927, value: 
key: 97515, value: 
key: 510943, value: 
key: 63264, value: 
key: 650991, value: 
key: 43534, value: 
key: 31150, value: 
key: 16023, value: 
key: 980606, value: 
key: 1956, value: 
key: 4461, value: 
key: 519146, value: 
key: 41992, value: 
key: 993854, value: 
key: 217412, value: 
key: 3423, value: 
key: 165493, value: 
key: 568, value: 
key: 76008, value: 
key: 4081, value: 
key: 384898, value: 
key: 200296, value: 
key: 22172, value: 
key: 73923, value: 
key: 121082, value: 
key: 731003, value: 
key: 902979, value: 
key: 70107, value: 
key: 884, value: 
key: 743911, value: 
key: 119886, value: 
key: 1039, value: 
key: 400857, value: 
key: 214744, value: 
key: 14932, value: 
key: 5434, value: 
key: 50860, value: 
key: 162322, value: 
key: 139289, value: 
key: 4699, value: 
key: 239339, value: 
key: 25566, value: 
key: 120706, value: 
key: 65961, value: 
key: 41152, value: 
key: 2257, value: 
key: 8027, value: 
key: 9298, value: 
key: 733493, value: 
key: 5417, value: 
key: 227858, value: 
key: 216316, value: 
key: 78575, value: 
key: 72624, value: 
key: 44552, value: 
key: 2882, value: 
key: 110970, value: 
key: 508638, value: 
key: 8828, value: 
key: 82433, value: 
key: 13460, value: 
key: 44927, value: 
key: 15059, value: 
key: 594241, value: 
key: 33643, value: 
key: 660860, value: 
key: 81, value: 
key: 4934, value: 
key: 12517, value: 
key: 171043, value: 
key: 14550, value: 
key: 17697, value: 
key: 262485, value: 
key: 538, value: 
key: 350, value: 
key: 288062, value: 
key: 324214, value: 
key: 9120, value: 
key: 15945, value: 
key: 107985, value: 
key: 4411, value: 
key: 285288, value: 
key: 57345, value: 
key: 264, value: 
key: 49378, value: 
key: 24, value: 
key: 34253, value: 
key: 82, value: 
key: 372296, value: 
key: 177331, value: 
key: 1752, value: 
key: 133552, value: 
key: 559, value: 
key: 137013, value: 
key: 1603, value: 
key: 432293, value: 
key: 4070, value: 
key: 4174, value: 
key: 57768, value: 
key: 148840, value: 
key: 3700, value: 
key: 485046, value: 
key: 42045, value: 
key: 2071, value: 
key: 99845, value: 
key: 9568, value: 
key: 403672, value: 
key: 3976, value: 
key: 332815, value: 
key: 582847, value: 
key: 7633, value: 
key: 168889, value: 
key: 19986, value: 
key: 731486, value: 
key: 6756, value: 
key: 1335, value: 
key: 156852, value: 
key: 339552, value: 
key: 7368, value: 
key: 477742, value: 
key: 302434, value: 
key: 2870, value: 
key: 13163, value: 
key: 956224, value: 
key: 75430, value: 
key: 107128, value: 
key: 7743, value: 
key: 75239, value: 
key: 311323, value: 
key: 989916, value: 
key: 4761, value: 
key: 803451, value: 
key: 125147, value: 
key: 351003, value: 
key: 80302, value: 
key: 8011, value: 
key: 45918, value: 
key: 36966, value: 
key: 82035, value: 
key: 437, value: 
key: 577735, value: 
key: 7748, value: 
key: 1594, value: 
key: 256499, value: 
key: 77253, value: 
key: 810885, value: 
key: 497272, value: 
key: 23777, value: 
key: 358, value: 
key: 47205, value: 
key: 17266, value: 
key: 6691, value: 
key: 80427, value: 
key: 38142, value: 
key: 28600, value: 
key: 1521, value: 
key: 788, value: 
key: 9421, value: 
key: 477, value: 
key: 142, value: 
key: 50611, value: 
key: 290887, value: 
key: 549393, value: 
key: 410467, value: 
key: 57916, value: 
key: 14801, value: 
key: 39323, value: 
key: 345142, value: 
key: 2114, value: 
key: 62103, value: 
key: 121356, value: 
key: 5920, value: 
key: 862623, value: 
key: 28269, value: 
key: 29783, value: 
key: 64880, value: 
key: 4389, value: 
key: 825673, value: 
key: 681, value: 
key: 16648, value: 
key: 271940, value: 
key: 89220, value: 
key: 948, value: 
key: 447660, value: 
key: 4374, value: 
key: 366149, value: 
key: 98931, value: 
key: 188608, value: 
key: 11350, value: 
key: 494, value: 
key: 11345, value: 
key: 84339, value: 
key: 773710, value: 
key: 527, value: 
key: 178641, value: 
key: 23086, value: 
key: 6758, value: 
key: 613640, value: 
key: 3051, value: 
key: 19671, value: 
key: 76539, value: 
key: 363441, value: 
key: 138120, value: 
key: 79814, value: 
key: 926158, value: 
key: 15093, value: 
key: 836899, value: 
key: 5135, value: 
key: 20082, value: 
key: 112693, value: 
key: 113445, value: 
key: 8190, value: 
key: 493587, value: 
key: 252734, value: 
key: 20371, value: 
key: 2849, value: 
key: 2271, value: 
key: 438, value: 
key: 14784, value: 
key: 7443, value: 
key: 29944, value: 
key: 5150, value: 
key: 132364, value: 
key: 873, value: 
key: 717296, value: 
key: 214283, value: 
key: 123613, value: 
key: 135899, value: 
key: 745272, value: 
key: 291711, value: 
key: 19691, value: 
key: 38139, value: 
key: 132690, value: 
key: 307262, value: 
key: 10619, value: 
key: 12029, value: 
key: 1054, value: 
key: 873681, value: 
key: 228963, value: 
key: 14266, value: 
key: 656294, value: 
key: 45408, value: 
key: 366701, value: 
key: 157437, value: 
key: 3518, value: 
key: 481598, value: 
key: 383705, value: 
key: 918948, value: 
key: 76804, value: 
key: 105074, value: 
key: 32284, value: 
key: 601, value: 
key: 7000, value: 
key: 189, value: 
key: 1667, value: 
key: 3670, value: 
key: 175010, value: 
key: 519, value: 
key: 4427, value: 
key: 40121, value: 
key: 110490, value: 
key: 15967, value: 
key: 18751, value: 
key: 15069, value: 
key: 34737, value: 
key: 1123, value: 
key: 32764, value: 
key: 17603, value: 
key: 11247, value: 
key: 51638, value: 
key: 162781, value: 
key: 215567, value: 
key: 20171, value: 
key: 608502, value: 
key: 526694, value: 
key: 1669, value: 
key: 78554, value: 
key: 154494, value: 
key: 4634, value: 
key: 2552, value: 
key: 214, value: 
key: 244981, value: 
key: 191550, value: 
key: 212782, value: 
key: 343803, value: 
key: 570395, value: 
key: 99096, value: 
key: 26740, value: 
key: 5010, value: 
key: 634893, value: 
key: 25221, value: 
key: 9582, value: 
key: 37928, value: 
key: 33937, value: 
key: 808187, value: 
key: 3646, value: 
key: 23676, value: 
key: 10075, value: 
key: 79156, value: 
key: 253290, value: 
key: 22855, value: 
key: 2011, value: 
key: 2458, value: 
key: 313889, value: 
key: 416009, value: 
key: 43281, value: 
key: 492404, value: 
key: 925492, value: 
key: 498, value: 
key: 473902, value: 
key: 134752, value: 
key: 9262, value: 
key: 25234, value: 
key: 25339, value: 
key: 130962, value: 
key: 39138, value: 
key: 25813, value: 
key: 22820, value: 
key: 161624, value: 
key: 302418, value: 
key: 614880, value: 
key: 558515, value: 
key: 25947, value: 
key: 226621, value: 
key: 590967, value: 
key: 931095, value: 
key: 967519, value: 
key: 278385, value: 
key: 192754, value: 
key: 421315, value: 
key: 8748, value: 
key: 3896, value: 
key: 6368, value: 
key: 204894, value: 
key: 14724, value: 
key: 71707, value: 
key: 20967, value: 
key: 415280, value: 
key: 167736, value: 
key: 4857, value: 
key: 5340, value: 
key: 10583, value: 
key: 679822, value: 
key: 17415, value: 
key: 661, value: 
key: 1493, value: 
key: 625826, value: 
key: 7697, value: 
key: 56761, value: 
key: 1204, value: 
key: 104617, value: 
key: 29912, value: 
key: 121063, value: 
key: 7166, value: 
key: 650431, value: 
key: 143635, value: 
key: 27829, value: 
key: 128328, value: 
key: 74784, value: 
key: 1049, value: 
key: 21863, value: 
key: 245216, value: 
key: 20259, value: 
key: 409495, value: 
key: 462222, value: 
key: 120286, value: 
key: 14059, value: 
key: 6093, value: 
key: 3993, value: 
key: 40679, value: 
key: 65014, value: 
key: 14386, value: 
key: 361517, value: 
key: 7142, value: 
key: 217432, value: 
key: 9310, value: 
key: 74010, value: 
key: 226359, value: 
key: 2547, value: 
key: 10283, value: 
key: 412886, value: 
key: 25596, value: 
key: 658, value: 
key: 3856, value: 
key: 1302, value: 
key: 1003, value: 
key: 276394, value: 
key: 590701, value: 
key: 867645, value: 
key: 28223, value: 
key: 239458, value: 
key: 12452, value: 
key: 747031, value: 
key: 301601, value: 
key: 12542, value: 
key: 114832, value: 
key: 4190, value: 
key: 417839, value: 
key: 3426, value: 
key: 756942, value: 
key: 11174, value: 
key: 5110, value: 
key: 9103, value: 
key: 446702, value: 
key: 30001, value: 
key: 441177, value: 
key: 5317, value: 
key: 373894, value: 
key: 724, value: 
key: 328, value: 
key: 6993, value: 
key: 3420, value: 
key: 280538, value: 
key: 52359, value: 
key: 3685, value: 
key: 43878, value: 
key: 947, value: 
key: 4282, value: 
key: 798351, value: 
key: 54597, value: 
key: 170732, value: 
key: 88440, value: 
key: 54136, value: 
key: 27181, value: 
key: 54060, value: 
key: 152244, value: 
key: 602781, value: 
key: 5469, value: 
key: 260869, value: 
key: 938911, value: 
key: 943864, value: 
key: 233341, value: 
key: 33300, value: 
key: 759946, value: 
key: 972445, value: 
key: 4482, value: 
key: 141822, value: 
key: 3121, value: 
key: 229083, value: 
key: 8403, value: 
key: 997782, value: 
key: 515923, value: 
key: 1457, value: 
key: 1147, value: 
key: 4912, value: 
key: 998682, value: 
key: 18873, value: 
key: 570, value: 
key: 168, value: 
key: 169882, value: 
key: 682945, value: 
key: 314934, value: 
key: 152945, value: 
key: 1877, value: 
key: 170, value: 
key: 1284, value: 
key: 70794, value: 
key: 5208, value: 
key: 20912, value: 
key: 3706, value: 
key: 514483, value: 
key: 3930, value: 
key: 945, value: 
key: 28608, value: 
key: 4521, value: 
key: 155615, value: 
key: 1721, value: 
key: 930743, value: 
key: 20878, value: 
key: 450634, value: 
key: 834991, value: 
key: 21903, value: 
key: 130768, value: 
key: 417081, value: 
key: 145183, value: 
key: 880324, value: 
key: 84769, value: 
key: 92728, value: 
key: 43226, value: 
key: 113413, value: 
key: 86741, value: 
key: 119834, value: 
key: 685373, value: 
key: 74490, value: 
key: 38803, value: 
key: 51977, value: 
key: 363674, value: 
key: 40465, value: 
key: 90136, value: 
key: 391903, value: 
key: 54713, value: 
key: 6220, value: 
key: 73274, value: 
key: 754, value: 
key: 41621, value: 
key: 4048, value: 
key: 59914, value: 
key: 115574, value: 
key: 5438, value: 
key: 166722, value: 
key: 11981, value: 
key: 565066, value: 
key: 26986, value: 
key: 17902, value: 
key: 99993, value: 
key: 70665, value: 
key: 371, value: 
key: 794770, value: 
key: 39976, value: 
key: 133620, value: 
key: 133103, value: 
key: 110438, value: 
key: 5235, value: 
key: 46989, value: 
key: 145982, value: 
key: 59174, value: 
key: 318, value: 
key: 6235, value: 
key: 25905, value: 
key: 15723, value: 
key: 93928, value: 
key: 172539, value: 
key: 42266, value: 
key: 736230, value: 
key: 7791, value: 
key: 156901, value: 
key: 241222, value: 
key: 71965, value: 
key: 338630, value: 
key: 1674, value: 
key: 1265, value: 
key: 338277, value: 
key: 3849, value: 
key: 2541, value: 
key: 7360, value: 
key: 76102, value: 
key: 8353, value: 
key: 71281, value: 
key: 6706, value: 
key: 115337, value: 
key: 5778, value: 
key: 328941, value: 
key: 4196, value: 
key: 247727, value: 
key: 272494, value: 
key: 80460, value: 
key: 272819, value: 
key: 741830, value: 
key: 457169, value: 
key: 503912, value: 
key: 1865, value: 
key: 1759, value: 
key: 278487, value: 
key: 1497, value: 
key: 339, value: 
key: 1950, value: 
key: 25016, value: 
key: 103603, value: 
key: 771, value: 
key: 692235, value: 
key: 158456, value: 
key: 49288, value: 
key: 36566, value: 
key: 477839, value: 
key: 14957, value: 
key: 2962, value: 
key: 13852, value: 
key: 4916, value: 
key: 118311, value: 
key: 42825, value: 
key: 83272, value: 
key: 254111, value: 
key: 280879, value: 
key: 164934, value: 
key: 42865, value: 
key: 1636, value: 
key: 578, value: 
key: 600, value: 
key: 210895, value: 
key: 234391, value: 
key: 98673, value: 
key: 3330, value: 
key: 12037, value: 
key: 64888, value: 
key: 246718, value: 
key: 653097, value: 
key: 91859, value: 
key: 292504, value: 
key: 76656, value: 
key: 102828, value: 
key: 14030, value: 
key: 1124, value: 
key: 45330, value: 
key: 105673, value: 
key: 982, value: 
key: 454142, value: 
key: 121647, value: 
key: 1890, value: 
key: 71731, value: 
key: 201917, value: 
key: 482605, value: 
key: 7162, value: 
key: 68827, value: 
key: 2857, value: 
key: 2777, value: 
key: 4091, value: 
key: 830268, value: 
key: 7181, value: 
key: 45401, value: 
key: 548111, value: 
key: 4524, value: 
key: 5422, value: 
key: 711354, value: 
key: 71896, value: 
key: 151108, value: 
key: 271, value: 
key: 736307, value: 
key: 71852, value: 
key: 796, value: 
key: 541795, value: 
key: 1188, value: 
key: 15334, value: 
key: 90115, value: 
key: 49157, value: 
key: 68655, value: 
key: 1525, value: 
key: 371613, value: 
key: 758736, value: 
key: 17164, value: 
key: 1077, value: 
key: 49783, value: 
key: 294289, value: 
key: 92525, value: 
key: 65024, value: 
key: 612461, value: 
key: 3952, value: 
key: 1662, value: 
key: 30527, value: 
key: 9189, value: 
key: 3956, value: 
key: 264481, value: 
key: 21143, value: 
key: 1343, value: 
key: 11172, value: 
key: 637785, value: 
key: 642030, value: 
key: 105531, value: 
key: 830847, value: 
key: 211932, value: 
key: 173288, value: 
key: 487532, value: 
key: 404174, value: 
key: 54, value: 
key: 928097, value: 
key: 8560, value: 
key: 414104, value: 
key: 29603, value: 
key: 13024, value: 
key: 14124, value: 
key: 2417, value: 
key: 33560, value: 
key: 928, value: 
key: 30084, value: 
key: 84514, value: 
key: 2668, value: 
key: 2922, value: 
key: 318914, value: 
key: 370, value: 
key: 385395, value: 
key: 333490, value: 
key: 5835, value: 
key: 20764, value: 
key: 1756, value: 
key: 31003, value: 
key: 13177, value: 
key: 86553, value: 
key: 768936, value: 
key: 6677, value: 
key: 15279, value: 
key: 6085, value: 
key: 87398, value: 
key: 61271, value: 
key: 117013, value: 
key: 5604, value: 
key: 5949, value: 
key: 55423, value: 
key: 94186, value: 
key: 175239, value: 
key: 236722, value: 
key: 64804, value: 
key: 277394, value: 
key: 27133, value: 
key: 12097, value: 
key: 5521, value: 
key: 645592, value: 
key: 109445, value: 
key: 13303, value: 
key: 7149, value: 
key: 157703, value: 
key: 24424, value: 
key: 437613, value: 
key: 11011, value: 
key: 96, value: 
key: 19923, value: 
key: 83547, value: 
key: 6723, value: 
key: 28476, value: 
key: 11014, value: 
key: 16709, value: 
key: 164046, value: 
key: 99719, value: 
key: 789, value: 
key: 910, value: 
key: 33236, value: 
key: 187141, value: 
key: 5056, value: 
key: 47602, value: 
key: 16105, value: 
key: 59076, value: 
key: 474870, value: 
key: 8804, value: 
key: 85197, value: 
key: 151945, value: 
key: 1861, value: 
key: 56274, value: 
key: 145194, value: 
key: 42883, value: 
key: 2267, value: 
key: 3606, value: 
key: 336, value: 
key: 16411, value: 
key: 87417, value: 
key: 441615, value: 
key: 586831, value: 
key: 206094, value: 
key: 22085, value: 
key: 174927, value: 
key: 2707, value: 
key: 2680, value: 
key: 8800, value: 
key: 366734, value: 
key: 1574, value: 
key: 100571, value: 
key: 624820, value: 
key: 3740, value: 
key: 260, value: 
key: 4194, value: 
key: 22161, value: 
key: 864, value: 
key: 225921, value: 
key: 293114, value: 
key: 4839, value: 
key: 20291, value: 
key: 219968, value: 
key: 32387, value: 
key: 5955, value: 
key: 18884, value: 
key: 13724, value: 
key: 158972, value: 
key: 30602, value: 
key: 45361, value: 
key: 179052, value: 
key: 48171, value: 
key: 251181, value: 
key: 4243, value: 
key: 11807, value: 
key: 267973, value: 
key: 274401, value: 
key: 5637, value: 
key: 141133, value: 
key: 1563, value: 
key: 3337, value: 
key: 19939, value: 
key: 15740, value: 
key: 240867, value: 
key: 324280, value: 
key: 612485, value: 
key: 1427, value: 
key: 24009, value: 
key: 22492, value: 
key: 155640, value: 
key: 94232, value: 
key: 5112, value: 
key: 436785, value: 
key: 40423, value: 
key: 240669, value: 
key: 85192, value: 
key: 12210, value: 
key: 421600, value: 
key: 65976, value: 
key: 470665, value: 
key: 20058, value: 
key: 401613, value: 
key: 845936, value: 
key: 728975, value: 
key: 2844, value: 
key: 80810, value: 
key: 49096, value: 
key: 832301, value: 
key: 4393, value: 
key: 4704, value: 
key: 58714, value: 
key: 14324, value: 
key: 1423, value: 
key: 766551, value: 
key: 990043, value: 
key: 49911, value: 
key: 7096, value: 
key: 74961, value: 
key: 99840, value: 
key: 1477, value: 
key: 39628, value: 
key: 313758, value: 
key: 87, value: 
key: 2284, value: 
key: 11136, value: 
key: 24882, value: 
key: 21346, value: 
key: 2056, value: 
key: 477879, value: 
key: 844, value: 
key: 358189, value: 
key: 112775, value: 
key: 3485, value: 
key: 867900, value: 
key: 55776, value: 
key: 641627, value: 
key: 707188, value: 
key: 131331, value: 
key: 23032, value: 
key: 290670, value: 
key: 240097, value: 
key: 2382, value: 
key: 8344, value: 
key: 127913, value: 
key: 126932, value: 
key: 18845, value: 
key: 1702, value: 
key: 135497, value: 
key: 139176, value: 
key: 463693, value: 
key: 937124, value: 
key: 46475, value: 
key: 130347, value: 
key: 59394, value: 
key: 21679, value: 
key: 6655, value: 
key: 234929, value: 
key: 14475, value: 
key: 119980, value: 
key: 309636, value: 
key: 692364, value: 
key: 1127, value: 
key: 142955, value: 
key: 580670, value: 
key: 52778, value: 
key: 1568, value: 
key: 1761, value: 
key: 15383, value: 
key: 520818, value: 
key: 23139, value: 
key: 42960, value: 
key: 3062, value: 
key: 103307, value: 
key: 4158, value: 
key: 306818, value: 
key: 377646, value: 
key: 93410, value: 
key: 927, value: 
key: 140304, value: 
key: 919, value: 
key: 12403, value: 
key: 23256, value: 
key: 3012, value: 
key: 552126, value: 
key: 224824, value: 
key: 121879, value: 
key: 167119, value: 
key: 898931, value: 
key: 11487, value: 
key: 45289, value: 
key: 436778, value: 
key: 15515, value: 
key: 30454, value: 
key: 261295, value: 
key: 32577, value: 
key: 50047, value: 
key: 2549, value: 
key: 214338, value: 
key: 4616, value: 
key: 6761, value: 
key: 24342, value: 
key: 40015, value: 
key: 3594, value: 
key: 886, value: 
key: 18656, value: 
key: 7434, value: 
key: 29994, value: 
key: 27267, value: 
key: 403192, value: 
key: 2130, value: 
key: 82018, value: 
key: 66301, value: 
key: 288698, value: 
key: 27806, value: 
key: 3790, value: 
key: 156233, value: 
key: 77449, value: 
key: 48894, value: 
key: 891, value: 
key: 2630, value: 
key: 268578, value: 
key: 144315, value: 
key: 1352, value: 
key: 18259, value: 
key: 68390, value: 
key: 4575, value: 
key: 291609, value: 
key: 5060, value: 
key: 266948, value: 
key: 47965, value: 
key: 222548, value: 
key: 780187, value: 
key: 192962, value: 
key: 2893, value: 
key: 563763, value: 
key: 137026, value: 
key: 59287, value: 
key: 82612, value: 
key: 14927, value: 
key: 2363, value: 
key: 64953, value: 
key: 26657, value: 
key: 94338, value: 
key: 1486, value: 
key: 913, value: 
key: 22681, value: 
key: 85803, value: 
key: 81942, value: 
key: 2368, value: 
key: 78618, value: 
key: 1395, value: 
key: 15599, value: 
key: 419839, value: 
key: 25347, value: 
key: 591999, value: 
key: 249260, value: 
key: 42803, value: 
key: 313488, value: 
key: 839931, value: 
key: 1191, value: 
key: 991, value: 
key: 4345, value: 
key: 24518, value: 
key: 1844, value: 
key: 94155, value: 
key: 366643, value: 
key: 115817, value: 
key: 128714, value: 
key: 2250, value: 
key: 29938, value: 
key: 20879, value: 
key: 683768, value: 
key: 53990, value: 
key: 148790, value: 
key: 14909, value: 
key: 18193, value: 
key: 139128, value: 
key: 18150, value: 
key: 717300, value: 
key: 466971, value: 
key: 690703, value: 
key: 645369, value: 
key: 137644, value: 
key: 249904, value: 
key: 299281, value: 
key: 53025, value: 
key: 21331, value: 
key: 307022, value: 
key: 54363, value: 
key: 496152, value: 
key: 657763, value: 
key: 11467, value: 
key: 34101, value: 
key: 173454, value: 
key: 615073, value: 
key: 201378, value: 
key: 989746, value: 
key: 369196, value: 
key: 15845, value: 
key: 162986, value: 
key: 4896, value: 
key: 3760, value: 
key: 179912, value: 
key: 67853, value: 
key: 261926, value: 
key: 355008, value: 
key: 136715, value: 
key: 27813, value: 
key: 61139, value: 
key: 2111, value: 
key: 20607, value: 
key: 30701, value: 
key: 609, value: 
key: 523438, value: 
key: 15348, value: 
key: 383769, value: 
key: 9424, value: 
key: 584318, value: 
key: 43728, value: 
key: 15506, value: 
key: 170960, value: 
key: 62026, value: 
key: 931, value: 
key: 11315, value: 
key: 14144, value: 
key: 13500, value: 
key: 6045, value: 
key: 820256, value: 
key: 30528, value: 
key: 482592, value: 
key: 267310, value: 
key: 5042, value: 
key: 21771, value: 
key: 24306, value: 
key: 9428, value: 
key: 94840, value: 
key: 51617, value: 
key: 176870, value: 
key: 20657, value: 
key: 180107, value: 
key: 61606, value: 
key: 37901, value: 
key: 82649, value: 
key: 9753, value: 
key: 351102, value: 
key: 1640, value: 
key: 1819, value: 
key: 26812, value: 
key: 187632, value: 
key: 1701, value: 
key: 8896, value: 
key: 2612, value: 
key: 1881, value: 
key: 393026, value: 
key: 69403, value: 
key: 2499, value: 
key: 48049, value: 
key: 24411, value: 
key: 1751, value: 
key: 12096, value: 
key: 679, value: 
key: 29419, value: 
key: 8674, value: 
key: 65521, value: 
key: 38, value: 
key: 14754, value: 
key: 41733, value: 
key: 990, value: 
key: 421626, value: 
key: 100942, value: 
key: 144773, value: 
key: 3043, value: 
key: 263620, value: 
key: 4956, value: 
key: 12638, value: 
key: 316503, value: 
key: 11038, value: 
key: 77780, value: 
key: 602793, value: 
key: 450456, value: 
key: 111091, value: 
key: 2381, value: 
key: 830247, value: 
key: 855, value: 
key: 87050, value: 
key: 5157, value: 
key: 590549, value: 
key: 15528, value: 
key: 2124, value: 
key: 20000, value: 
key: 121671, value: 
key: 10814, value: 
key: 14920, value: 
key: 81175, value: 
key: 547, value: 
key: 825900, value: 
key: 5719, value: 
key: 215609, value: 
key: 569226, value: 
key: 13266, value: 
key: 1785, value: 
key: 347453, value: 
key: 225037, value: 
key: 583855, value: 
key: 68165, value: 
key: 63791, value: 
key: 375384, value: 
key: 108306, value: 
key: 24027, value: 
key: 661953, value: 
key: 102988, value: 
key: 28653, value: 
key: 40155, value: 
key: 139172, value: 
key: 8488, value: 
key: 4893, value: 
key: 972214, value: 
key: 18548, value: 
key: 776551, value: 
key: 441131, value: 
key: 867891, value: 
key: 27916, value: 
key: 268916, value: 
key: 551450, value: 
key: 331442, value: 
key: 8192, value: 
key: 39524, value: 
key: 19288, value: 
key: 573631, value: 
key: 518184, value: 
key: 5225, value: 
key: 7284, value: 
key: 665392, value: 
key: 13039, value: 
key: 106391, value: 
key: 321, value: 
key: 40557, value: 
key: 19268, value: 
key: 156199, value: 
key: 79108, value: 
key: 2008, value: 
key: 1274, value: 
key: 744380, value: 
key: 14545, value: 
key: 29767, value: 
key: 900, value: 
key: 893, value: 
key: 263245, value: 
key: 34663, value: 
key: 1946, value: 
key: 320681, value: 
key: 610523, value: 
key: 366694, value: 
key: 191121, value: 
key: 20996, value: 
key: 1685, value: 
key: 470494, value: 
key: 8429, value: 
key: 828835, value: 
key: 37665, value: 
key: 234203, value: 
key: 45601, value: 
key: 92906, value: 
key: 1586, value: 
key: 422790, value: 
key: 143915, value: 
key: 1485, value: 
key: 6148, value: 
key: 347572, value: 
key: 123244, value: 
key: 195828, value: 
key: 780727, value: 
key: 419325, value: 
key: 298762, value: 
key: 261500, value: 
key: 485436, value: 
key: 820654, value: 
key: 150013, value: 
key: 673101, value: 
key: 22156, value: 
key: 173800, value: 
key: 201752, value: 
key: 203718, value: 
key: 216152, value: 
key: 10808, value: 
key: 2017, value: 
key: 20699, value: 
key: 9110, value: 
key: 6420, value: 
key: 24967, value: 
key: 229673, value: 
key: 84660, value: 
key: 21429, value: 
key: 6861, value: 
key: 1588, value: 
key: 10056, value: 
key: 334732, value: 
key: 45817, value: 
key: 16889, value: 
key: 80431, value: 
key: 16882, value: 
key: 665, value: 
key: 25269, value: 
key: 26675, value: 
key: 3029, value: 
key: 504215, value: 
key: 18290, value: 
key: 875572, value: 
key: 4068, value: 
key: 621885, value: 
key: 5393, value: 
key: 4651, value: 
key: 507663, value: 
key: 909893, value: 
key: 11909, value: 
key: 53119, value: 
key: 29416, value: 
key: 698036, value: 
key: 134978, value: 
key: 2755, value: 
key: 892095, value: 
key: 4024, value: 
key: 35518, value: 
