Starting KVS server on :8080
get/s 0.00
put/s 0.00
aborts/s 0.00
ops/s 0.00

get/s 0.00
put/s 0.00
aborts/s 0.00
ops/s 0.00

get/s 0.00
put/s 0.00
aborts/s 0.00
ops/s 0.00

get/s 0.00
put/s 0.00
aborts/s 0.00
ops/s 0.00

get/s 0.00
put/s 0.00
aborts/s 0.00
ops/s 0.00

get/s 69454.28
put/s 1590.85
aborts/s 87.99
ops/s 71045.13

get/s 74584.09
put/s 1365.30
aborts/s 279.65
ops/s 75949.39

get/s 76375.46
put/s 1478.56
aborts/s 545.47
ops/s 77854.02

get/s 77094.53
put/s 1424.77
aborts/s 729.88
ops/s 78519.30

get/s 77249.15
put/s 1449.83
aborts/s 897.90
ops/s 78698.98

get/s 75321.76
put/s 1413.79
aborts/s 1067.84
ops/s 76735.55

get/s 75186.64
put/s 1340.65
aborts/s 1207.69
ops/s 76527.30

get/s 75605.51
put/s 1360.81
aborts/s 1350.81
ops/s 76966.32

get/s 69871.19
put/s 1241.88
aborts/s 1343.87
ops/s 71113.07

get/s 78557.31
put/s 1306.71
aborts/s 1603.64
ops/s 79864.02


Shutting down server...
key: 545773, value: 
key: 192364, value: 
key: 56448, value: 
key: 830422, value: 
key: 446009, value: 
key: 382127, value: 
key: 153671, value: 
key: 109955, value: 
key: 190236, value: 
key: 466740, value: 
key: 858866, value: 
key: 965193, value: 
key: 14031, value: 
key: 363456, value: 
key: 3954, value: 
key: 73988, value: 
key: 25220, value: 
key: 187319, value: 
key: 4498, value: 
key: 15661, value: 
key: 213456, value: 
key: 21888, value: 
key: 26216, value: 
key: 857360, value: 
key: 175765, value: 
key: 400021, value: 
key: 488698, value: 
key: 664708, value: 
key: 780480, value: 
key: 815311, value: 
key: 3369, value: 
key: 681042, value: 
key: 109568, value: 
key: 833588, value: 
key: 425912, value: 
key: 386273, value: 
key: 17010, value: 
key: 425617, value: 
key: 296880, value: 
key: 603453, value: 
key: 293759, value: 
key: 39177, value: 
key: 385410, value: 
key: 11614, value: 
key: 612422, value: 
key: 8452, value: 
key: 152007, value: 
key: 43259, value: 
key: 130852, value: 
key: 19164, value: 
key: 37719, value: 
key: 19500, value: 
key: 810855, value: 
key: 8342, value: 
key: 26689, value: 
key: 479779, value: 
key: 940176, value: 
key: 56174, value: 
key: 266757, value: 
key: 72190, value: 
key: 377341, value: 
key: 36796, value: 
key: 227226, value: 
key: 11935, value: 
key: 288896, value: 
key: 901458, value: 
key: 806287, value: 
key: 266225, value: 
key: 747425, value: 
key: 106048, value: 
key: 109647, value: 
key: 15441, value: 
key: 303553, value: 
key: 651016, value: 
key: 41143, value: 
key: 34497, value: 
key: 356942, value: 
key: 334465, value: 
key: 534951, value: 
key: 94031, value: 
key: 811175, value: 
key: 90835, value: 
key: 690664, value: 
key: 640045, value: 
key: 717042, value: 
key: 8762, value: 
key: 685372, value: 
key: 207743, value: 
key: 270615, value: 
key: 398100, value: 
key: 249727, value: 
key: 140309, value: 
key: 762466, value: 
key: 88533, value: 
key: 84344, value: 
key: 19544, value: 
key: 843105, value: 
key: 209503, value: 
key: 642164, value: 
key: 29721, value: 
key: 927427, value: 
key: 84874, value: 
key: 283332, value: 
key: 844234, value: 
key: 55070, value: 
key: 665361, value: 
key: 408797, value: 
key: 414402, value: 
key: 887187, value: 
key: 612620, value: 
key: 337017, value: 
key: 704482, value: 
key: 598944, value: 
key: 754245, value: 
key: 954649, value: 
key: 3480, value: 
key: 879856, value: 
key: 743946, value: 
key: 136924, value: 
key: 111585, value: 
key: 828128, value: 
key: 280425, value: 
key: 180374, value: 
key: 384932, value: 
key: 106666, value: 
key: 298804, value: 
key: 6270, value: 
key: 897083, value: 
key: 530401, value: 
key: 23037, value: 
key: 370021, value: 
key: 504763, value: 
key: 82302, value: 
key: 841776, value: 
key: 401738, value: 
key: 181151, value: 
key: 655580, value: 
key: 309050, value: 
key: 720891, value: 
key: 17524, value: 
key: 271896, value: 
key: 527658, value: 
key: 787643, value: 
key: 29800, value: 
key: 539093, value: 
key: 720460, value: 
key: 29077, value: 
key: 129306, value: 
key: 53971, value: 
key: 597796, value: 
key: 9413, value: 
key: 10932, value: 
key: 161218, value: 
key: 169418, value: 
key: 63640, value: 
key: 94862, value: 
key: 231131, value: 
key: 297609, value: 
key: 914232, value: 
key: 268939, value: 
key: 119992, value: 
key: 1992, value: 
key: 356029, value: 
key: 140000, value: 
key: 779, value: 
key: 48528, value: 
key: 771626, value: 
key: 344901, value: 
key: 306110, value: 
key: 116663, value: 
key: 182406, value: 
key: 184714, value: 
key: 346943, value: 
key: 663589, value: 
key: 161849, value: 
key: 59366, value: 
key: 282654, value: 
key: 844865, value: 
key: 206566, value: 
key: 465176, value: 
key: 102523, value: 
key: 347375, value: 
key: 654, value: 
key: 689956, value: 
key: 327953, value: 
key: 246863, value: 
key: 16530, value: 
key: 567351, value: 
key: 96411, value: 
key: 240090, value: 
key: 608586, value: 
key: 932096, value: 
key: 101298, value: 
key: 5828, value: 
key: 228661, value: 
key: 93410, value: 
key: 170812, value: 
key: 6128, value: 
key: 36811, value: 
key: 19076, value: 
key: 540765, value: 
key: 83248, value: 
key: 293854, value: 
key: 746422, value: 
key: 29196, value: 
key: 139961, value: 
key: 383674, value: 
key: 635595, value: 
key: 858187, value: 
key: 40591, value: 
key: 320525, value: 
key: 24715, value: 
key: 928170, value: 
key: 126828, value: 
key: 6663, value: 
key: 767131, value: 
key: 956874, value: 
key: 146044, value: 
key: 572973, value: 
key: 584149, value: 
key: 998595, value: 
key: 116148, value: 
key: 368060, value: 
key: 141885, value: 
key: 892099, value: 
key: 963245, value: 
key: 634310, value: 
key: 840528, value: 
key: 396342, value: 
key: 589656, value: 
key: 85749, value: 
key: 286636, value: 
key: 59865, value: 
key: 248973, value: 
key: 415854, value: 
key: 246490, value: 
key: 784394, value: 
key: 314117, value: 
key: 223992, value: 
key: 231421, value: 
key: 1727, value: 
key: 978711, value: 
key: 11360, value: 
key: 59975, value: 
key: 901346, value: 
key: 22003, value: 
key: 10750, value: 
key: 994140, value: 
key: 354140, value: 
key: 126745, value: 
key: 161704, value: 
key: 407077, value: 
key: 222355, value: 
key: 988772, value: 
key: 958630, value: 
key: 418134, value: 
key: 373987, value: 
key: 93636, value: 
key: 56817, value: 
key: 289574, value: 
key: 136249, value: 
key: 5680, value: 
key: 614103, value: 
key: 228010, value: 
key: 123111, value: 
key: 49358, value: 
key: 42168, value: 
key: 788756, value: 
key: 102208, value: 
key: 861710, value: 
key: 228328, value: 
key: 138711, value: 
key: 80568, value: 
key: 379435, value: 
key: 466027, value: 
key: 19681, value: 
key: 51041, value: 
key: 513752, value: 
key: 18178, value: 
key: 334133, value: 
key: 284951, value: 
key: 537909, value: 
key: 452172, value: 
key: 76363, value: 
key: 49455, value: 
key: 507232, value: 
key: 26999, value: 
key: 833924, value: 
key: 679425, value: 
key: 26597, value: 
key: 399358, value: 
key: 9206, value: 
key: 122156, value: 
key: 982264, value: 
key: 910694, value: 
key: 6052, value: 
key: 847756, value: 
key: 908460, value: 
key: 26153, value: 
key: 510971, value: 
key: 158247, value: 
key: 872905, value: 
key: 131222, value: 
key: 8591, value: 
key: 4759, value: 
key: 731428, value: 
key: 630611, value: 
key: 6014, value: 
key: 947049, value: 
key: 301171, value: 
key: 80283, value: 
key: 57814, value: 
key: 174441, value: 
key: 205503, value: 
key: 66786, value: 
key: 140345, value: 
key: 945382, value: 
key: 788406, value: 
key: 724770, value: 
key: 18970, value: 
key: 264216, value: 
key: 19212, value: 
key: 158492, value: 
key: 128819, value: 
key: 120602, value: 
key: 469967, value: 
key: 826366, value: 
key: 10042, value: 
key: 100608, value: 
key: 724389, value: 
key: 178443, value: 
key: 952814, value: 
key: 516351, value: 
key: 36923, value: 
key: 136171, value: 
key: 543760, value: 
key: 284980, value: 
key: 72075, value: 
key: 97474, value: 
key: 634789, value: 
key: 173419, value: 
key: 118616, value: 
key: 427765, value: 
key: 382042, value: 
key: 255089, value: 
key: 429185, value: 
key: 14473, value: 
key: 578689, value: 
key: 310236, value: 
key: 480601, value: 
key: 479656, value: 
key: 150432, value: 
key: 619425, value: 
key: 463561, value: 
key: 19234, value: 
key: 528868, value: 
key: 365588, value: 
key: 1154, value: 
key: 225950, value: 
key: 152182, value: 
key: 384468, value: 
key: 31775, value: 
key: 828647, value: 
key: 259603, value: 
key: 420416, value: 
key: 32080, value: 
key: 511066, value: 
key: 838837, value: 
key: 192988, value: 
key: 909281, value: 
key: 623527, value: 
key: 261127, value: 
key: 205662, value: 
key: 29642, value: 
key: 752184, value: 
key: 857207, value: 
key: 127504, value: 
key: 692, value: 
key: 437775, value: 
key: 325838, value: 
key: 531587, value: 
key: 985018, value: 
key: 143452, value: 
key: 603101, value: 
key: 61192, value: 
key: 691513, value: 
key: 435102, value: 
key: 363416, value: 
key: 13139, value: 
key: 448540, value: 
key: 179220, value: 
key: 566767, value: 
key: 521485, value: 
key: 702006, value: 
key: 144, value: 
key: 544194, value: 
key: 10075, value: 
key: 49174, value: 
key: 303818, value: 
key: 221475, value: 
key: 18600, value: 
key: 63879, value: 
key: 522693, value: 
key: 111080, value: 
key: 837030, value: 
key: 11140, value: 
key: 528574, value: 
key: 3851, value: 
key: 908589, value: 
key: 816983, value: 
key: 705517, value: 
key: 46807, value: 
key: 76020, value: 
key: 998713, value: 
key: 278213, value: 
key: 306288, value: 
key: 30220, value: 
key: 408074, value: 
key: 18961, value: 
key: 505223, value: 
key: 193091, value: 
key: 780239, value: 
key: 377529, value: 
key: 387485, value: 
key: 195141, value: 
key: 160882, value: 
key: 265615, value: 
key: 126954, value: 
key: 588981, value: 
key: 346169, value: 
key: 223710, value: 
key: 751790, value: 
key: 10541, value: 
key: 155907, value: 
key: 715666, value: 
key: 133008, value: 
key: 104930, value: 
key: 140075, value: 
key: 294626, value: 
key: 751954, value: 
key: 7703, value: 
key: 785654, value: 
key: 108079, value: 
key: 16156, value: 
key: 424311, value: 
key: 568404, value: 
key: 343719, value: 
key: 142147, value: 
key: 498141, value: 
key: 717653, value: 
key: 367533, value: 
key: 626908, value: 
key: 850468, value: 
key: 324585, value: 
key: 283745, value: 
key: 33544, value: 
key: 264582, value: 
key: 129579, value: 
key: 604876, value: 
key: 662465, value: 
key: 8465, value: 
key: 282263, value: 
key: 147371, value: 
key: 842085, value: 
key: 208131, value: 
key: 414952, value: 
key: 72280, value: 
key: 44135, value: 
key: 742091, value: 
key: 418145, value: 
key: 108866, value: 
key: 252493, value: 
key: 199578, value: 
key: 931385, value: 
key: 132742, value: 
key: 112579, value: 
key: 2014, value: 
key: 65257, value: 
key: 470945, value: 
key: 65077, value: 
key: 43873, value: 
key: 513950, value: 
key: 504488, value: 
key: 194124, value: 
key: 2465, value: 
key: 474567, value: 
key: 230466, value: 
key: 910311, value: 
key: 512786, value: 
key: 635799, value: 
key: 327784, value: 
key: 3512, value: 
key: 740190, value: 
key: 8847, value: 
key: 30312, value: 
key: 271399, value: 
key: 9770, value: 
key: 182594, value: 
key: 595404, value: 
key: 233650, value: 
key: 147674, value: 
key: 218417, value: 
key: 378807, value: 
key: 664762, value: 
key: 495465, value: 
key: 971633, value: 
key: 274738, value: 
key: 706895, value: 
key: 683743, value: 
key: 550115, value: 
key: 50293, value: 
key: 435333, value: 
key: 526369, value: 
key: 1754, value: 
key: 822766, value: 
key: 481150, value: 
key: 861802, value: 
key: 41558, value: 
key: 786358, value: 
key: 928507, value: 
key: 62281, value: 
key: 31252, value: 
key: 295447, value: 
key: 86984, value: 
key: 793057, value: 
key: 10132, value: 
key: 638217, value: 
key: 802425, value: 
key: 10657, value: 
key: 36275, value: 
key: 316872, value: 
key: 282982, value: 
key: 552829, value: 
key: 752412, value: 
key: 51717, value: 
key: 377266, value: 
key: 2175, value: 
key: 74334, value: 
key: 880522, value: 
key: 987616, value: 
key: 610105, value: 
key: 776292, value: 
key: 174283, value: 
key: 90646, value: 
key: 440371, value: 
key: 168912, value: 
key: 220050, value: 
key: 580640, value: 
key: 49077, value: 
key: 974032, value: 
key: 867620, value: 
key: 248153, value: 
key: 247433, value: 
key: 381269, value: 
key: 156755, value: 
key: 939068, value: 
key: 627318, value: 
key: 79283, value: 
key: 167540, value: 
key: 149786, value: 
key: 707296, value: 
key: 568718, value: 
key: 282164, value: 
key: 313583, value: 
key: 48050, value: 
key: 501917, value: 
key: 248258, value: 
key: 180662, value: 
key: 102347, value: 
key: 828652, value: 
key: 388703, value: 
key: 60694, value: 
key: 67013, value: 
key: 165887, value: 
key: 616811, value: 
key: 567575, value: 
key: 311774, value: 
key: 68498, value: 
key: 99302, value: 
key: 842436, value: 
key: 52842, value: 
key: 295188, value: 
key: 81844, value: 
key: 739354, value: 
key: 752649, value: 
key: 539, value: 
key: 247, value: 
key: 62421, value: 
key: 551635, value: 
key: 219083, value: 
key: 24135, value: 
key: 6825, value: 
key: 23844, value: 
key: 71739, value: 
key: 691973, value: 
key: 851012, value: 
key: 26490, value: 
key: 204197, value: 
key: 130920, value: 
key: 803981, value: 
key: 374661, value: 
key: 796766, value: 
key: 42553, value: 
key: 159819, value: 
key: 168453, value: 
key: 594647, value: 
key: 734704, value: 
key: 2337, value: 
key: 868858, value: 
key: 150896, value: 
key: 588884, value: 
key: 349979, value: 
key: 187940, value: 
key: 23901, value: 
key: 922796, value: 
key: 39957, value: 
key: 77887, value: 
key: 499348, value: 
key: 985157, value: 
key: 70787, value: 
key: 151316, value: 
key: 799080, value: 
key: 55447, value: 
key: 40223, value: 
key: 11874, value: 
key: 411126, value: 
key: 89286, value: 
key: 699649, value: 
key: 8438, value: 
key: 762763, value: 
key: 92695, value: 
key: 214086, value: 
key: 231030, value: 
key: 425668, value: 
key: 516300, value: 
key: 218437, value: 
key: 689824, value: 
key: 243653, value: 
key: 399369, value: 
key: 739440, value: 
key: 16891, value: 
key: 526161, value: 
key: 200209, value: 
key: 729889, value: 
key: 602298, value: 
key: 934113, value: 
key: 4654, value: 
key: 162163, value: 
key: 190801, value: 
key: 694170, value: 
key: 135752, value: 
key: 695135, value: 
key: 13717, value: 
key: 421978, value: 
key: 664715, value: 
key: 3901, value: 
key: 172720, value: 
key: 4560, value: 
key: 372326, value: 
key: 720547, value: 
key: 918591, value: 
key: 621356, value: 
key: 236600, value: 
key: 3143, value: 
key: 856598, value: 
key: 427893, value: 
key: 218123, value: 
key: 799231, value: 
key: 818783, value: 
key: 34017, value: 
key: 507131, value: 
key: 626973, value: 
key: 5147, value: 
key: 30888, value: 
key: 857595, value: 
key: 13700, value: 
key: 199237, value: 
key: 224290, value: 
key: 917648, value: 
key: 49349, value: 
key: 849899, value: 
key: 63017, value: 
key: 362590, value: 
key: 672194, value: 
key: 509616, value: 
key: 388114, value: 
key: 13397, value: 
key: 1558, value: 
key: 818101, value: 
key: 37946, value: 
key: 198137, value: 
key: 273546, value: 
key: 221419, value: 
key: 520985, value: 
key: 6584, value: 
key: 308642, value: 
key: 960507, value: 
key: 38879, value: 
key: 58509, value: 
key: 436932, value: 
key: 304242, value: 
key: 51759, value: 
key: 824218, value: 
key: 18910, value: 
key: 439072, value: 
key: 170636, value: 
key: 490909, value: 
key: 117204, value: 
key: 310698, value: 
key: 204463, value: 
key: 108567, value: 
key: 832910, value: 
key: 308486, value: 
key: 145937, value: 
key: 747764, value: 
key: 615456, value: 
key: 95056, value: 
key: 138278, value: 
key: 8726, value: 
key: 382820, value: 
key: 351882, value: 
key: 77445, value: 
key: 674817, value: 
key: 216253, value: 
key: 55681, value: 
key: 319590, value: 
key: 86973, value: 
key: 44506, value: 
key: 347935, value: 
key: 22517, value: 
key: 249466, value: 
key: 2083, value: 
key: 104855, value: 
key: 146307, value: 
key: 23497, value: 
key: 221121, value: 
key: 996801, value: 
key: 721252, value: 
key: 131967, value: 
key: 195875, value: 
key: 300156, value: 
key: 15920, value: 
key: 88919, value: 
key: 807808, value: 
key: 979471, value: 
key: 423844, value: 
key: 216523, value: 
key: 5240, value: 
key: 135228, value: 
key: 665277, value: 
key: 4429, value: 
key: 319053, value: 
key: 194661, value: 
key: 762493, value: 
key: 297238, value: 
key: 613609, value: 
key: 842690, value: 
key: 856039, value: 
key: 184235, value: 
key: 938883, value: 
key: 10495, value: 
key: 324165, value: 
key: 193051, value: 
key: 210172, value: 
key: 204173, value: 
key: 16882, value: 
key: 696, value: 
key: 40878, value: 
key: 43428, value: 
key: 152865, value: 
key: 809891, value: 
key: 334317, value: 
key: 252710, value: 
key: 230921, value: 
key: 142587, value: 
key: 692033, value: 
key: 110272, value: 
key: 76413, value: 
key: 620388, value: 
key: 459522, value: 
key: 301593, value: 
key: 28210, value: 
key: 29385, value: 
key: 184477, value: 
key: 928981, value: 
key: 445501, value: 
key: 574681, value: 
key: 181399, value: 
key: 477771, value: 
key: 534584, value: 
key: 296790, value: 
key: 754636, value: 
key: 472648, value: 
key: 321375, value: 
key: 216420, value: 
key: 621877, value: 
key: 66236, value: 
key: 391941, value: 
key: 787560, value: 
key: 277207, value: 
key: 369706, value: 
key: 3468, value: 
key: 429857, value: 
key: 202094, value: 
key: 12848, value: 
key: 581034, value: 
key: 154980, value: 
key: 31739, value: 
key: 887181, value: 
key: 620856, value: 
key: 321775, value: 
key: 411414, value: 
key: 646032, value: 
key: 982363, value: 
key: 279221, value: 
key: 550009, value: 
key: 20498, value: 
key: 23174, value: 
key: 40856, value: 
key: 266728, value: 
key: 521201, value: 
key: 682122, value: 
key: 106433, value: 
key: 585241, value: 
key: 918304, value: 
key: 34512, value: 
key: 5086, value: 
key: 118487, value: 
key: 35063, value: 
key: 78686, value: 
key: 814796, value: 
key: 43767, value: 
key: 685428, value: 
key: 259724, value: 
key: 161096, value: 
key: 368556, value: 
key: 212419, value: 
key: 198478, value: 
key: 71559, value: 
key: 2441, value: 
key: 142956, value: 
key: 71436, value: 
key: 487163, value: 
key: 660421, value: 
key: 240214, value: 
key: 370546, value: 
key: 145797, value: 
key: 177981, value: 
key: 389782, value: 
key: 68904, value: 
key: 616866, value: 
key: 4511, value: 
key: 547364, value: 
key: 347401, value: 
key: 18800, value: 
key: 297054, value: 
key: 335877, value: 
key: 71324, value: 
key: 46708, value: 
key: 639407, value: 
key: 420461, value: 
key: 88717, value: 
key: 544624, value: 
key: 386523, value: 
key: 5400, value: 
key: 49666, value: 
key: 243019, value: 
key: 526116, value: 
key: 525939, value: 
key: 411144, value: 
key: 362651, value: 
key: 129203, value: 
key: 10220, value: 
key: 537398, value: 
key: 308527, value: 
key: 547010, value: 
key: 808557, value: 
key: 515, value: 
key: 2418, value: 
key: 341269, value: 
key: 941124, value: 
key: 121472, value: 
key: 576108, value: 
key: 13548, value: 
key: 587739, value: 
key: 4201, value: 
key: 473450, value: 
key: 140675, value: 
key: 92079, value: 
key: 510643, value: 
key: 365799, value: 
key: 36840, value: 
key: 320358, value: 
key: 207062, value: 
key: 324884, value: 
key: 21150, value: 
key: 39362, value: 
key: 603194, value: 
key: 2274, value: 
key: 357000, value: 
key: 374089, value: 
key: 816141, value: 
key: 84429, value: 
key: 75865, value: 
key: 729100, value: 
key: 151572, value: 
key: 125685, value: 
key: 717136, value: 
key: 778357, value: 
key: 68405, value: 
key: 403, value: 
key: 12918, value: 
key: 689127, value: 
key: 500464, value: 
key: 538601, value: 
key: 521652, value: 
key: 743010, value: 
key: 59650, value: 
key: 8463, value: 
key: 593361, value: 
key: 171077, value: 
key: 255427, value: 
key: 281479, value: 
key: 828717, value: 
key: 684533, value: 
key: 2058, value: 
key: 68902, value: 
key: 608625, value: 
key: 345823, value: 
key: 15096, value: 
key: 383805, value: 
key: 63503, value: 
key: 148217, value: 
key: 602375, value: 
key: 81446, value: 
key: 840663, value: 
key: 810833, value: 
key: 939428, value: 
key: 81848, value: 
key: 888814, value: 
key: 625, value: 
key: 718395, value: 
key: 328956, value: 
key: 323753, value: 
key: 939440, value: 
key: 641961, value: 
key: 309610, value: 
key: 563348, value: 
key: 99047, value: 
key: 362891, value: 
key: 714179, value: 
key: 64674, value: 
key: 115716, value: 
key: 575413, value: 
key: 328938, value: 
key: 943661, value: 
key: 223556, value: 
key: 274280, value: 
key: 34778, value: 
key: 21875, value: 
key: 1761, value: 
key: 341337, value: 
key: 985883, value: 
key: 2177, value: 
key: 636941, value: 
key: 733981, value: 
key: 465895, value: 
key: 299463, value: 
key: 742291, value: 
key: 181887, value: 
key: 13463, value: 
key: 65330, value: 
key: 360057, value: 
key: 270745, value: 
key: 128037, value: 
key: 519976, value: 
key: 155633, value: 
key: 389621, value: 
key: 813142, value: 
key: 56794, value: 
key: 525120, value: 
key: 552539, value: 
key: 304680, value: 
key: 4135, value: 
key: 732928, value: 
key: 283, value: 
key: 20009, value: 
key: 229178, value: 
key: 482838, value: 
key: 39513, value: 
key: 689051, value: 
key: 966411, value: 
key: 263129, value: 
key: 1653, value: 
key: 184512, value: 
key: 801271, value: 
key: 32772, value: 
key: 19313, value: 
key: 8131, value: 
key: 646333, value: 
key: 7147, value: 
key: 176119, value: 
key: 514551, value: 
key: 914504, value: 
key: 793435, value: 
key: 347979, value: 
key: 58741, value: 
key: 14277, value: 
key: 466812, value: 
key: 504295, value: 
key: 745920, value: 
key: 483042, value: 
key: 238738, value: 
key: 463235, value: 
key: 31395, value: 
key: 367391, value: 
key: 521144, value: 
key: 609462, value: 
key: 393370, value: 
key: 401109, value: 
key: 351703, value: 
key: 806685, value: 
key: 825848, value: 
key: 1165, value: 
key: 631557, value: 
key: 100844, value: 
key: 496149, value: 
key: 67772, value: 
key: 649181, value: 
key: 418, value: 
key: 782439, value: 
key: 698798, value: 
key: 199954, value: 
key: 213368, value: 
key: 180132, value: 
key: 21217, value: 
key: 726558, value: 
key: 675078, value: 
key: 61051, value: 
key: 354449, value: 
key: 557875, value: 
key: 31979, value: 
key: 903535, value: 
key: 689716, value: 
key: 751004, value: 
key: 544862, value: 
key: 392335, value: 
key: 426430, value: 
key: 298093, value: 
key: 976337, value: 
key: 867417, value: 
key: 273566, value: 
key: 264018, value: 
key: 963951, value: 
key: 525944, value: 
key: 275940, value: 
key: 897843, value: 
key: 565584, value: 
key: 23642, value: 
key: 196768, value: 
key: 778159, value: 
key: 457126, value: 
key: 17742, value: 
key: 214239, value: 
key: 101094, value: 
key: 242906, value: 
key: 304800, value: 
key: 651232, value: 
key: 478729, value: 
key: 357303, value: 
key: 762815, value: 
key: 918474, value: 
key: 217300, value: 
key: 775039, value: 
key: 46546, value: 
key: 6919, value: 
key: 192515, value: 
key: 266340, value: 
key: 15722, value: 
key: 1172, value: 
key: 309764, value: 
key: 736427, value: 
key: 713967, value: 
key: 918986, value: 
key: 64221, value: 
key: 189799, value: 
key: 76318, value: 
key: 11454, value: 
key: 198939, value: 
key: 413232, value: 
key: 930814, value: 
key: 274305, value: 
key: 239485, value: 
key: 362697, value: 
key: 255995, value: 
key: 955431, value: 
key: 224511, value: 
key: 75098, value: 
key: 505612, value: 
key: 803901, value: 
key: 773831, value: 
key: 816156, value: 
key: 271908, value: 
key: 95508, value: 
key: 470655, value: 
key: 2490, value: 
key: 210525, value: 
key: 291232, value: 
key: 76114, value: 
key: 28120, value: 
key: 94538, value: 
key: 222052, value: 
key: 226609, value: 
key: 392546, value: 
key: 75021, value: 
key: 340028, value: 
key: 365418, value: 
key: 331400, value: 
key: 901085, value: 
key: 47813, value: 
key: 501104, value: 
key: 4726, value: 
key: 514014, value: 
key: 6539, value: 
key: 789816, value: 
key: 74479, value: 
key: 1969, value: 
key: 524947, value: 
key: 2063, value: 
key: 804766, value: 
key: 16127, value: 
key: 482739, value: 
key: 487651, value: 
key: 357538, value: 
key: 879225, value: 
key: 170180, value: 
key: 362402, value: 
key: 343012, value: 
key: 17713, value: 
key: 202179, value: 
key: 661972, value: 
key: 228766, value: 
key: 814701, value: 
key: 303896, value: 
key: 40995, value: 
key: 290, value: 
key: 602807, value: 
key: 741212, value: 
key: 25640, value: 
key: 122516, value: 
key: 971013, value: 
key: 113068, value: 
key: 10288, value: 
key: 283017, value: 
key: 14853, value: 
key: 153529, value: 
key: 70970, value: 
key: 719088, value: 
key: 948653, value: 
key: 437571, value: 
key: 3857, value: 
key: 994115, value: 
key: 962853, value: 
key: 424890, value: 
key: 32668, value: 
key: 368, value: 
key: 461455, value: 
key: 362491, value: 
key: 413663, value: 
key: 106211, value: 
key: 790654, value: 
key: 307003, value: 
key: 286304, value: 
key: 29468, value: 
key: 190636, value: 
key: 931547, value: 
key: 80911, value: 
key: 102545, value: 
key: 691878, value: 
key: 65626, value: 
key: 35625, value: 
key: 478187, value: 
key: 19542, value: 
key: 294545, value: 
key: 173550, value: 
key: 157213, value: 
key: 107298, value: 
key: 10705, value: 
key: 25510, value: 
key: 331536, value: 
key: 750807, value: 
key: 354957, value: 
key: 147441, value: 
key: 277627, value: 
key: 121261, value: 
key: 510759, value: 
key: 57133, value: 
key: 129964, value: 
key: 502334, value: 
key: 450714, value: 
key: 490572, value: 
key: 906176, value: 
key: 93416, value: 
key: 199402, value: 
key: 154584, value: 
key: 498358, value: 
key: 21842, value: 
key: 491674, value: 
key: 605310, value: 
key: 4270, value: 
key: 864801, value: 
key: 53689, value: 
key: 65851, value: 
key: 495487, value: 
key: 717170, value: 
key: 341469, value: 
key: 1679, value: 
key: 538353, value: 
key: 211375, value: 
key: 23833, value: 
key: 309023, value: 
key: 19786, value: 
key: 113420, value: 
key: 283253, value: 
key: 179729, value: 
key: 444014, value: 
key: 150272, value: 
key: 8243, value: 
key: 289958, value: 
key: 64924, value: 
key: 173002, value: 
key: 182556, value: 
key: 125452, value: 
key: 644575, value: 
key: 684016, value: 
key: 198012, value: 
key: 424623, value: 
key: 23611, value: 
key: 625484, value: 
key: 237074, value: 
key: 242951, value: 
key: 2609, value: 
key: 83246, value: 
key: 911103, value: 
key: 760, value: 
key: 377660, value: 
key: 478026, value: 
key: 83600, value: 
key: 297430, value: 
key: 556324, value: 
key: 735255, value: 
key: 5644, value: 
key: 46795, value: 
key: 983407, value: 
key: 522167, value: 
key: 689880, value: 
key: 525362, value: 
key: 7411, value: 
key: 48515, value: 
key: 221572, value: 
key: 39104, value: 
key: 46782, value: 
key: 978827, value: 
key: 932908, value: 
key: 16372, value: 
key: 975958, value: 
key: 691926, value: 
key: 157923, value: 
key: 316544, value: 
key: 45642, value: 
key: 151981, value: 
key: 955565, value: 
key: 704800, value: 
key: 820115, value: 
key: 654347, value: 
key: 516139, value: 
key: 842029, value: 
key: 240595, value: 
key: 14383, value: 
key: 70301, value: 
key: 720215, value: 
key: 477186, value: 
key: 361001, value: 
key: 295386, value: 
key: 108217, value: 
key: 929092, value: 
key: 185166, value: 
key: 40704, value: 
key: 693924, value: 
key: 766, value: 
key: 44054, value: 
key: 30053, value: 
key: 777, value: 
key: 467327, value: 
key: 900279, value: 
key: 408111, value: 
key: 21345, value: 
key: 514249, value: 
key: 834402, value: 
key: 220104, value: 
key: 796506, value: 
key: 943010, value: 
key: 8265, value: 
key: 413153, value: 
key: 253074, value: 
key: 3352, value: 
key: 142392, value: 
key: 5455, value: 
key: 757455, value: 
key: 193170, value: 
key: 120123, value: 
key: 828092, value: 
key: 226137, value: 
key: 174601, value: 
key: 21921, value: 
key: 7792, value: 
key: 521845, value: 
key: 69394, value: 
key: 333961, value: 
key: 97944, value: 
key: 230901, value: 
key: 240496, value: 
key: 339950, value: 
key: 205712, value: 
key: 30073, value: 
key: 247484, value: 
key: 144279, value: 
key: 618927, value: 
key: 288537, value: 
key: 49590, value: 
key: 1163, value: 
key: 861387, value: 
key: 298235, value: 
key: 786815, value: 
key: 485240, value: 
key: 551895, value: 
key: 865512, value: 
key: 560316, value: 
key: 911170, value: 
key: 61631, value: 
key: 661462, value: 
key: 1192, value: 
key: 243961, value: 
key: 568163, value: 
key: 864445, value: 
key: 44490, value: 
key: 586987, value: 
key: 294747, value: 
key: 111008, value: 
key: 343298, value: 
key: 85297, value: 
key: 230000, value: 
key: 926413, value: 
key: 337569, value: 
key: 617890, value: 
key: 1464, value: 
key: 797776, value: 
key: 463279, value: 
key: 707209, value: 
key: 228285, value: 
key: 368039, value: 
key: 113721, value: 
key: 395406, value: 
key: 940787, value: 
key: 234808, value: 
key: 951914, value: 
key: 238923, value: 
key: 5956, value: 
key: 447419, value: 
key: 534463, value: 
key: 823578, value: 
key: 127490, value: 
key: 8296, value: 
key: 738786, value: 
key: 171459, value: 
key: 334429, value: 
key: 986215, value: 
key: 3679, value: 
key: 94664, value: 
key: 189232, value: 
key: 897324, value: 
key: 429660, value: 
key: 816684, value: 
key: 982222, value: 
key: 807099, value: 
key: 41749, value: 
key: 726488, value: 
key: 92567, value: 
key: 7185, value: 
key: 414187, value: 
key: 14996, value: 
key: 64904, value: 
key: 29608, value: 
key: 392353, value: 
key: 112140, value: 
key: 13588, value: 
key: 15238, value: 
key: 367416, value: 
key: 657801, value: 
key: 81987, value: 
key: 741395, value: 
key: 18112, value: 
key: 294343, value: 
key: 607617, value: 
key: 767704, value: 
key: 207, value: 
key: 281626, value: 
key: 928387, value: 
key: 204445, value: 
key: 773385, value: 
key: 436064, value: 
key: 132234, value: 
key: 803675, value: 
key: 42535, value: 
key: 4838, value: 
key: 566712, value: 
key: 285264, value: 
key: 572869, value: 
key: 4933, value: 
key: 913534, value: 
key: 48832, value: 
key: 31405, value: 
key: 18730, value: 
key: 99469, value: 
key: 497010, value: 
key: 627082, value: 
key: 833177, value: 
key: 899557, value: 
key: 113532, value: 
key: 734526, value: 
key: 50945, value: 
key: 963258, value: 
key: 297463, value: 
key: 165645, value: 
key: 3697, value: 
key: 633135, value: 
key: 206395, value: 
key: 429853, value: 
key: 20733, value: 
key: 587401, value: 
key: 35267, value: 
key: 517017, value: 
key: 317198, value: 
key: 5105, value: 
key: 219223, value: 
key: 355776, value: 
key: 1491, value: 
key: 7871, value: 
key: 10761, value: 
key: 98231, value: 
key: 182062, value: 
key: 12613, value: 
key: 849783, value: 
key: 128776, value: 
key: 156807, value: 
key: 338845, value: 
key: 177495, value: 
key: 778593, value: 
key: 798423, value: 
key: 129786, value: 
key: 266346, value: 
key: 58145, value: 
key: 653719, value: 
key: 574414, value: 
key: 10077, value: 
key: 895065, value: 
key: 290316, value: 
key: 175543, value: 
key: 604678, value: 
key: 175042, value: 
key: 48249, value: 
key: 417616, value: 
key: 905362, value: 
key: 407613, value: 
key: 945467, value: 
key: 995592, value: 
key: 691731, value: 
key: 784062, value: 
key: 563205, value: 
key: 679373, value: 
key: 125180, value: 
key: 196713, value: 
key: 946918, value: 
key: 10842, value: 
key: 759, value: 
key: 40522, value: 
key: 41996, value: 
key: 202616, value: 
key: 608003, value: 
key: 42270, value: 
key: 55771, value: 
key: 348680, value: 
key: 732438, value: 
key: 756241, value: 
key: 109692, value: 
key: 145573, value: 
key: 419917, value: 
key: 604265, value: 
key: 77744, value: 
key: 332405, value: 
key: 8274, value: 
key: 3152, value: 
key: 412819, value: 
key: 652949, value: 
key: 980930, value: 
key: 322781, value: 
key: 19207, value: 
key: 403912, value: 
key: 950683, value: 
key: 103609, value: 
key: 894437, value: 
key: 210899, value: 
key: 220913, value: 
key: 756414, value: 
key: 36396, value: 
key: 619137, value: 
key: 40423, value: 
key: 895816, value: 
key: 327863, value: 
key: 14437, value: 
key: 133033, value: 
key: 250509, value: 
key: 87774, value: 
key: 606254, value: 
key: 26407, value: 
key: 245675, value: 
key: 503348, value: 
key: 165191, value: 
key: 468621, value: 
key: 903106, value: 
key: 276998, value: 
key: 331756, value: 
key: 16961, value: 
key: 339679, value: 
key: 169166, value: 
key: 141144, value: 
key: 539615, value: 
key: 581371, value: 
key: 469835, value: 
key: 163838, value: 
key: 202595, value: 
key: 84953, value: 
key: 694909, value: 
key: 276910, value: 
key: 540800, value: 
key: 120846, value: 
key: 249323, value: 
key: 126002, value: 
key: 926134, value: 
key: 42997, value: 
key: 30983, value: 
key: 162497, value: 
key: 907700, value: 
key: 944152, value: 
key: 787782, value: 
key: 141070, value: 
key: 418217, value: 
key: 360718, value: 
key: 341876, value: 
key: 708589, value: 
key: 527025, value: 
key: 49200, value: 
key: 301621, value: 
key: 402368, value: 
key: 707458, value: 
key: 733561, value: 
key: 128314, value: 
key: 987564, value: 
key: 598803, value: 
key: 123269, value: 
key: 185849, value: 
key: 2722, value: 
key: 666922, value: 
key: 442979, value: 
key: 445459, value: 
key: 46946, value: 
key: 988231, value: 
key: 28236, value: 
key: 7204, value: 
key: 608737, value: 
key: 988284, value: 
key: 223585, value: 
key: 677854, value: 
key: 137334, value: 
key: 106444, value: 
key: 856907, value: 
key: 263811, value: 
key: 908347, value: 
key: 900714, value: 
key: 374937, value: 
key: 3455, value: 
key: 186967, value: 
key: 495803, value: 
key: 41880, value: 
key: 688746, value: 
key: 16044, value: 
key: 10361, value: 
key: 521434, value: 
key: 287851, value: 
key: 422418, value: 
key: 35571, value: 
key: 937192, value: 
key: 263123, value: 
key: 30774, value: 
key: 661004, value: 
key: 432066, value: 
key: 336339, value: 
key: 710566, value: 
key: 795604, value: 
key: 460151, value: 
key: 79906, value: 
key: 5549, value: 
key: 181946, value: 
key: 193286, value: 
key: 808357, value: 
key: 812992, value: 
key: 727030, value: 
key: 19805, value: 
key: 406632, value: 
key: 414086, value: 
key: 14259, value: 
key: 658792, value: 
key: 743412, value: 
key: 16536, value: 
key: 54673, value: 
key: 8658, value: 
key: 569056, value: 
key: 266287, value: 
key: 240133, value: 
key: 40144, value: 
key: 212488, value: 
key: 591606, value: 
key: 78750, value: 
key: 935448, value: 
key: 393404, value: 
key: 528231, value: 
key: 171310, value: 
key: 364000, value: 
key: 237292, value: 
key: 207527, value: 
key: 975981, value: 
key: 183517, value: 
key: 103634, value: 
key: 50877, value: 
key: 999392, value: 
key: 372429, value: 
key: 742851, value: 
key: 402881, value: 
key: 28735, value: 
key: 36460, value: 
key: 558524, value: 
key: 155813, value: 
key: 569706, value: 
key: 538638, value: 
key: 24382, value: 
key: 575675, value: 
key: 831728, value: 
key: 86535, value: 
key: 7826, value: 
key: 7994, value: 
key: 825215, value: 
key: 7851, value: 
key: 410398, value: 
key: 550360, value: 
key: 353048, value: 
key: 735743, value: 
key: 29523, value: 
key: 876059, value: 
key: 15166, value: 
key: 497245, value: 
key: 53711, value: 
key: 27714, value: 
key: 44735, value: 
key: 70943, value: 
key: 139606, value: 
key: 239179, value: 
key: 122510, value: 
key: 4496, value: 
key: 290190, value: 
key: 914261, value: 
key: 73463, value: 
key: 5190, value: 
key: 152551, value: 
key: 944839, value: 
key: 664265, value: 
key: 719327, value: 
key: 472460, value: 
key: 5260, value: 
key: 400317, value: 
key: 285341, value: 
key: 308794, value: 
key: 75249, value: 
key: 142978, value: 
key: 5501, value: 
key: 60335, value: 
key: 628762, value: 
key: 204034, value: 
key: 389500, value: 
key: 472035, value: 
key: 778902, value: 
key: 211786, value: 
key: 575718, value: 
key: 224616, value: 
key: 873937, value: 
key: 749551, value: 
key: 248052, value: 
key: 136232, value: 
key: 512135, value: 
key: 669628, value: 
key: 398292, value: 
key: 421123, value: 
key: 18804, value: 
key: 92433, value: 
key: 614594, value: 
key: 78671, value: 
key: 798616, value: 
key: 232187, value: 
key: 283558, value: 
key: 468214, value: 
key: 8771, value: 
key: 634509, value: 
key: 272563, value: 
key: 218804, value: 
key: 139215, value: 
key: 314825, value: 
key: 37733, value: 
key: 650608, value: 
key: 54983, value: 
key: 193860, value: 
key: 668522, value: 
key: 25282, value: 
key: 800935, value: 
key: 214398, value: 
key: 174517, value: 
key: 33340, value: 
key: 980341, value: 
key: 91751, value: 
key: 27299, value: 
key: 307944, value: 
key: 631700, value: 
key: 80843, value: 
key: 458217, value: 
key: 527203, value: 
key: 916894, value: 
key: 981942, value: 
key: 2128, value: 
key: 407729, value: 
key: 301285, value: 
key: 364574, value: 
key: 825491, value: 
key: 490125, value: 
key: 724109, value: 
key: 54233, value: 
key: 889280, value: 
key: 314025, value: 
key: 85826, value: 
key: 18053, value: 
key: 512186, value: 
key: 4845, value: 
key: 544617, value: 
key: 753569, value: 
key: 837128, value: 
key: 247509, value: 
key: 650741, value: 
key: 106420, value: 
key: 723623, value: 
key: 641884, value: 
key: 798292, value: 
key: 233384, value: 
key: 419942, value: 
key: 9190, value: 
key: 349469, value: 
key: 409314, value: 
key: 3840, value: 
key: 894590, value: 
key: 641095, value: 
key: 136731, value: 
key: 75472, value: 
key: 390274, value: 
key: 120664, value: 
key: 202652, value: 
key: 21626, value: 
key: 167551, value: 
key: 62322, value: 
key: 53065, value: 
key: 671645, value: 
key: 61765, value: 
key: 17607, value: 
key: 18536, value: 
key: 118818, value: 
key: 77375, value: 
key: 356351, value: 
key: 9422, value: 
key: 848832, value: 
key: 663796, value: 
key: 286931, value: 
key: 876817, value: 
key: 349557, value: 
key: 31834, value: 
key: 802100, value: 
key: 288102, value: 
key: 337864, value: 
key: 127498, value: 
key: 63684, value: 
key: 196980, value: 
key: 192582, value: 
key: 734069, value: 
key: 271487, value: 
key: 96332, value: 
key: 901652, value: 
key: 677922, value: 
key: 603769, value: 
key: 432602, value: 
key: 527348, value: 
key: 350968, value: 
key: 416037, value: 
key: 84715, value: 
key: 964354, value: 
key: 391626, value: 
key: 797912, value: 
key: 487550, value: 
key: 48667, value: 
key: 242597, value: 
key: 60869, value: 
key: 587054, value: 
key: 362662, value: 
key: 96060, value: 
key: 283594, value: 
key: 8955, value: 
key: 139888, value: 
key: 25240, value: 
key: 295337, value: 
key: 176010, value: 
key: 80094, value: 
key: 4966, value: 
key: 143759, value: 
key: 258350, value: 
key: 41664, value: 
key: 431960, value: 
key: 644953, value: 
key: 11636, value: 
key: 527236, value: 
key: 499366, value: 
key: 342600, value: 
key: 868005, value: 
key: 14062, value: 
key: 240434, value: 
key: 76189, value: 
key: 90868, value: 
key: 13975, value: 
key: 246605, value: 
key: 529607, value: 
key: 360789, value: 
key: 244814, value: 
key: 3879, value: 
key: 809, value: 
key: 157493, value: 
key: 364723, value: 
key: 920033, value: 
key: 512036, value: 
key: 6216, value: 
key: 470815, value: 
key: 82261, value: 
key: 662867, value: 
key: 335303, value: 
key: 21556, value: 
key: 168864, value: 
key: 211526, value: 
key: 5840, value: 
key: 94044, value: 
key: 15395, value: 
key: 73405, value: 
key: 211575, value: 
key: 503597, value: 
key: 237593, value: 
key: 12695, value: 
key: 201057, value: 
key: 126677, value: 
key: 281226, value: 
key: 787733, value: 
key: 335578, value: 
key: 505036, value: 
key: 225637, value: 
key: 929724, value: 
key: 296907, value: 
key: 917, value: 
key: 397730, value: 
key: 12761, value: 
key: 131282, value: 
key: 123429, value: 
key: 47073, value: 
key: 776599, value: 
key: 132494, value: 
key: 10646, value: 
key: 43851, value: 
key: 108224, value: 
key: 120127, value: 
key: 626357, value: 
key: 880483, value: 
key: 205299, value: 
key: 170463, value: 
key: 490035, value: 
key: 48117, value: 
key: 34112, value: 
key: 713725, value: 
key: 618875, value: 
key: 1736, value: 
key: 36673, value: 
key: 47826, value: 
key: 67666, value: 
key: 824236, value: 
key: 473100, value: 
key: 773710, value: 
key: 459166, value: 
key: 455997, value: 
key: 79610, value: 
key: 389799, value: 
key: 4656, value: 
key: 131550, value: 
key: 22375, value: 
key: 624285, value: 
key: 489961, value: 
key: 933222, value: 
key: 510289, value: 
key: 204803, value: 
key: 405174, value: 
key: 732359, value: 
key: 869512, value: 
key: 768569, value: 
key: 2607, value: 
key: 603462, value: 
key: 221987, value: 
key: 947643, value: 
key: 894291, value: 
key: 2041, value: 
key: 562514, value: 
key: 4003, value: 
key: 27053, value: 
key: 111255, value: 
key: 29152, value: 
key: 671816, value: 
key: 230808, value: 
key: 536410, value: 
key: 522316, value: 
key: 262348, value: 
key: 166046, value: 
key: 29716, value: 
key: 128758, value: 
key: 789869, value: 
key: 950531, value: 
key: 150193, value: 
key: 147977, value: 
key: 336421, value: 
key: 192274, value: 
key: 457371, value: 
key: 183968, value: 
key: 744879, value: 
key: 6955, value: 
key: 711363, value: 
key: 339451, value: 
key: 961551, value: 
key: 12365, value: 
key: 4292, value: 
key: 136959, value: 
key: 3097, value: 
key: 835960, value: 
key: 167562, value: 
key: 915329, value: 
key: 454846, value: 
key: 688968, value: 
key: 453614, value: 
key: 717684, value: 
key: 339523, value: 
key: 138412, value: 
key: 894721, value: 
key: 31335, value: 
key: 311291, value: 
key: 3240, value: 
key: 110320, value: 
key: 7686, value: 
key: 156072, value: 
key: 24027, value: 
key: 44674, value: 
key: 969940, value: 
key: 28623, value: 
key: 207446, value: 
key: 24511, value: 
key: 165414, value: 
key: 116018, value: 
key: 925791, value: 
key: 534542, value: 
key: 4551, value: 
key: 47729, value: 
key: 3246, value: 
key: 831498, value: 
key: 28366, value: 
key: 304866, value: 
key: 827419, value: 
key: 26339, value: 
key: 726734, value: 
key: 26759, value: 
key: 200485, value: 
key: 4300, value: 
key: 889039, value: 
key: 347441, value: 
key: 25888, value: 
key: 659621, value: 
key: 707210, value: 
key: 388914, value: 
key: 2135, value: 
key: 71832, value: 
key: 626106, value: 
key: 41505, value: 
key: 356122, value: 
key: 734221, value: 
key: 137987, value: 
key: 846953, value: 
key: 590412, value: 
key: 12404, value: 
key: 509461, value: 
key: 14039, value: 
key: 639140, value: 
key: 722563, value: 
key: 218095, value: 
key: 890374, value: 
key: 616048, value: 
key: 47080, value: 
key: 397615, value: 
key: 721137, value: 
key: 39188, value: 
key: 9686, value: 
key: 14453, value: 
key: 187003, value: 
key: 468397, value: 
key: 11184, value: 
key: 804012, value: 
key: 571606, value: 
key: 387568, value: 
key: 46803, value: 
key: 32824, value: 
key: 267976, value: 
key: 685576, value: 
key: 373, value: 
key: 291355, value: 
key: 13124, value: 
key: 126783, value: 
key: 9439, value: 
key: 149702, value: 
key: 641543, value: 
key: 15771, value: 
key: 295814, value: 
key: 38996, value: 
key: 820481, value: 
key: 15241, value: 
key: 190782, value: 
key: 75887, value: 
key: 11193, value: 
key: 249068, value: 
key: 81895, value: 
key: 115220, value: 
key: 677021, value: 
key: 627527, value: 
key: 822049, value: 
key: 342693, value: 
key: 238758, value: 
key: 771693, value: 
key: 113763, value: 
key: 439939, value: 
key: 540442, value: 
key: 927520, value: 
key: 234835, value: 
key: 22933, value: 
key: 557002, value: 
key: 181920, value: 
key: 353822, value: 
key: 33096, value: 
key: 66979, value: 
key: 34842, value: 
key: 546543, value: 
key: 27781, value: 
key: 122675, value: 
key: 510821, value: 
key: 8746, value: 
key: 79083, value: 
key: 25260, value: 
key: 454576, value: 
key: 876365, value: 
key: 86597, value: 
key: 536245, value: 
key: 532214, value: 
key: 81756, value: 
key: 541975, value: 
key: 705913, value: 
key: 888463, value: 
key: 69594, value: 
key: 48474, value: 
key: 92426, value: 
key: 804409, value: 
key: 253438, value: 
key: 224117, value: 
key: 590306, value: 
key: 569544, value: 
key: 7077, value: 
key: 70912, value: 
key: 122905, value: 
key: 9590, value: 
key: 963616, value: 
key: 521810, value: 
key: 290152, value: 
key: 255500, value: 
key: 141560, value: 
key: 21552, value: 
key: 762688, value: 
key: 101854, value: 
key: 333035, value: 
key: 915925, value: 
key: 68205, value: 
key: 76015, value: 
key: 560842, value: 
key: 698697, value: 
key: 408221, value: 
key: 284977, value: 
key: 932272, value: 
key: 218264, value: 
key: 225529, value: 
key: 684799, value: 
key: 147245, value: 
key: 270149, value: 
key: 735558, value: 
key: 847248, value: 
key: 603994, value: 
key: 11324, value: 
key: 450277, value: 
key: 62492, value: 
key: 81758, value: 
key: 985296, value: 
key: 217962, value: 
key: 136641, value: 
key: 34701, value: 
key: 761148, value: 
key: 372708, value: 
key: 7905, value: 
key: 324044, value: 
key: 880050, value: 
key: 30932, value: 
key: 162158, value: 
key: 92165, value: 
key: 794777, value: 
key: 965481, value: 
key: 35623, value: 
key: 118050, value: 
key: 47453, value: 
key: 22553, value: 
key: 753486, value: 
key: 542859, value: 
key: 148811, value: 
key: 491780, value: 
key: 285189, value: 
key: 332007, value: 
key: 266645, value: 
key: 262928, value: 
key: 141597, value: 
key: 191486, value: 
key: 573819, value: 
key: 515101, value: 
key: 960776, value: 
key: 191664, value: 
key: 85453, value: 
key: 630934, value: 
key: 567533, value: 
key: 21147, value: 
key: 8748, value: 
key: 414259, value: 
key: 329432, value: 
key: 365395, value: 
key: 7347, value: 
key: 17030, value: 
key: 34110, value: 
key: 92378, value: 
key: 90608, value: 
key: 7769, value: 
key: 23758, value: 
key: 104846, value: 
key: 293739, value: 
key: 242386, value: 
key: 170166, value: 
key: 778805, value: 
key: 26126, value: 
key: 292127, value: 
key: 738634, value: 
key: 8777, value: 
key: 438132, value: 
key: 338926, value: 
key: 70453, value: 
key: 351763, value: 
key: 232006, value: 
key: 331073, value: 
key: 164046, value: 
key: 188150, value: 
key: 489693, value: 
key: 100631, value: 
key: 863264, value: 
key: 37647, value: 
key: 64041, value: 
key: 880405, value: 
key: 420160, value: 
key: 850, value: 
key: 15988, value: 
key: 747678, value: 
key: 363663, value: 
key: 672839, value: 
key: 252110, value: 
key: 51784, value: 
key: 240612, value: 
key: 18084, value: 
key: 861293, value: 
key: 117499, value: 
key: 737493, value: 
key: 15148, value: 
key: 343292, value: 
key: 2470, value: 
key: 25716, value: 
key: 77223, value: 
key: 210107, value: 
key: 366422, value: 
key: 276011, value: 
key: 354827, value: 
key: 680900, value: 
key: 23482, value: 
key: 683255, value: 
key: 560923, value: 
key: 361144, value: 
key: 931136, value: 
key: 58473, value: 
key: 688278, value: 
key: 547867, value: 
key: 54372, value: 
key: 387911, value: 
key: 66289, value: 
key: 664775, value: 
key: 626346, value: 
key: 219337, value: 
key: 176096, value: 
key: 409442, value: 
key: 166174, value: 
key: 28715, value: 
key: 9840, value: 
key: 46674, value: 
key: 461400, value: 
key: 178788, value: 
key: 671375, value: 
key: 132171, value: 
key: 528392, value: 
key: 103036, value: 
key: 10350, value: 
key: 514382, value: 
key: 253168, value: 
key: 139031, value: 
key: 66568, value: 
key: 807376, value: 
key: 67149, value: 
key: 716982, value: 
key: 62267, value: 
key: 176971, value: 
key: 652448, value: 
key: 479463, value: 
key: 352056, value: 
key: 50451, value: 
key: 209972, value: 
key: 311152, value: 
key: 347416, value: 
key: 710751, value: 
key: 709452, value: 
key: 49299, value: 
key: 502655, value: 
key: 687347, value: 
key: 43408, value: 
key: 665895, value: 
key: 194344, value: 
key: 87563, value: 
key: 2683, value: 
key: 486560, value: 
key: 884988, value: 
key: 35342, value: 
key: 4753, value: 
key: 64588, value: 
key: 541674, value: 
key: 78699, value: 
key: 341009, value: 
key: 688906, value: 
key: 448533, value: 
key: 248584, value: 
key: 600436, value: 
key: 17694, value: 
key: 596564, value: 
key: 185658, value: 
key: 277157, value: 
key: 122026, value: 
key: 77492, value: 
key: 207862, value: 
key: 20667, value: 
key: 198768, value: 
key: 227101, value: 
key: 323696, value: 
key: 164789, value: 
key: 119729, value: 
key: 251601, value: 
key: 27567, value: 
key: 32444, value: 
key: 97900, value: 
key: 5934, value: 
key: 499724, value: 
key: 66698, value: 
key: 253986, value: 
key: 32154, value: 
key: 5543, value: 
key: 50765, value: 
key: 693751, value: 
key: 98741, value: 
key: 249178, value: 
key: 19672, value: 
key: 797965, value: 
key: 878462, value: 
key: 1132, value: 
key: 41837, value: 
key: 133578, value: 
key: 11553, value: 
key: 783777, value: 
key: 414141, value: 
key: 37663, value: 
key: 129177, value: 
key: 275605, value: 
key: 200245, value: 
key: 391866, value: 
key: 417241, value: 
key: 68025, value: 
key: 458770, value: 
key: 120075, value: 
key: 212020, value: 
key: 795253, value: 
key: 195545, value: 
key: 252776, value: 
key: 32147, value: 
key: 58499, value: 
key: 941207, value: 
key: 899829, value: 
key: 315169, value: 
key: 138164, value: 
key: 100309, value: 
key: 153576, value: 
key: 156380, value: 
key: 915949, value: 
key: 574838, value: 
key: 951383, value: 
key: 939772, value: 
key: 116852, value: 
key: 488892, value: 
key: 547375, value: 
key: 260553, value: 
key: 938287, value: 
key: 11555, value: 
key: 666212, value: 
key: 219122, value: 
key: 48023, value: 
key: 159422, value: 
key: 210594, value: 
key: 556595, value: 
key: 110418, value: 
key: 66140, value: 
key: 696631, value: 
key: 95164, value: 
key: 760466, value: 
key: 7864, value: 
key: 809055, value: 
key: 400131, value: 
key: 759314, value: 
key: 602876, value: 
key: 237913, value: 
key: 466386, value: 
key: 65, value: 
key: 595600, value: 
key: 726491, value: 
key: 712973, value: 
key: 412086, value: 
key: 646117, value: 
key: 10950, value: 
key: 60579, value: 
key: 827947, value: 
key: 18295, value: 
key: 399312, value: 
key: 803965, value: 
key: 94444, value: 
key: 295122, value: 
key: 588147, value: 
key: 232273, value: 
key: 257272, value: 
key: 181559, value: 
key: 342581, value: 
key: 796537, value: 
key: 835272, value: 
key: 123779, value: 
key: 146659, value: 
key: 809011, value: 
key: 999453, value: 
key: 755567, value: 
key: 42649, value: 
key: 15704, value: 
key: 73485, value: 
key: 17955, value: 
key: 100066, value: 
key: 60364, value: 
key: 185045, value: 
key: 5082, value: 
key: 954106, value: 
key: 498208, value: 
key: 302468, value: 
key: 81998, value: 
key: 818220, value: 
key: 36864, value: 
key: 562688, value: 
key: 258055, value: 
key: 45947, value: 
key: 988048, value: 
key: 585340, value: 
key: 54811, value: 
key: 663859, value: 
key: 21194, value: 
key: 142886, value: 
key: 904385, value: 
key: 1985, value: 
key: 20391, value: 
key: 140097, value: 
key: 269453, value: 
key: 24410, value: 
key: 39906, value: 
key: 809534, value: 
key: 442740, value: 
key: 552766, value: 
key: 3332, value: 
key: 545588, value: 
key: 393844, value: 
key: 102567, value: 
key: 830794, value: 
key: 60441, value: 
key: 368684, value: 
key: 913138, value: 
key: 75476, value: 
key: 569117, value: 
key: 698453, value: 
key: 489046, value: 
key: 243796, value: 
key: 304815, value: 
key: 452763, value: 
key: 486447, value: 
key: 445880, value: 
key: 763524, value: 
key: 45091, value: 
key: 126558, value: 
key: 205426, value: 
key: 17926, value: 
key: 1534, value: 
key: 30785, value: 
key: 227864, value: 
key: 356207, value: 
key: 282351, value: 
key: 868959, value: 
key: 470398, value: 
key: 746224, value: 
key: 215939, value: 
key: 41792, value: 
key: 256798, value: 
key: 85295, value: 
key: 30422, value: 
key: 410581, value: 
key: 675892, value: 
key: 25686, value: 
key: 101690, value: 
key: 715251, value: 
key: 94794, value: 
key: 531226, value: 
key: 111606, value: 
key: 593123, value: 
key: 58327, value: 
key: 178751, value: 
key: 43310, value: 
key: 564354, value: 
key: 765922, value: 
key: 114175, value: 
key: 51676, value: 
key: 231740, value: 
key: 489271, value: 
key: 768925, value: 
key: 556771, value: 
key: 212024, value: 
key: 690624, value: 
key: 736584, value: 
key: 163832, value: 
key: 65008, value: 
key: 515776, value: 
key: 892455, value: 
key: 911558, value: 
key: 199255, value: 
key: 47738, value: 
key: 662904, value: 
key: 690718, value: 
key: 471106, value: 
key: 735037, value: 
key: 640711, value: 
key: 33513, value: 
key: 968509, value: 
key: 15551, value: 
key: 827446, value: 
key: 2416, value: 
key: 516621, value: 
key: 286465, value: 
key: 485165, value: 
key: 30622, value: 
key: 135811, value: 
key: 961528, value: 
key: 859924, value: 
key: 6401, value: 
key: 5341, value: 
key: 250798, value: 
key: 895371, value: 
key: 332131, value: 
key: 47350, value: 
key: 74057, value: 
key: 482997, value: 
key: 298556, value: 
key: 5187, value: 
key: 956775, value: 
key: 686362, value: 
key: 489176, value: 
key: 980369, value: 
key: 947588, value: 
key: 440018, value: 
key: 68656, value: 
key: 774771, value: 
key: 951596, value: 
key: 414594, value: 
key: 362356, value: 
key: 24748, value: 
key: 358744, value: 
key: 287486, value: 
key: 65769, value: 
key: 148141, value: 
key: 11162, value: 
key: 158801, value: 
key: 4942, value: 
key: 547971, value: 
key: 634293, value: 
key: 520420, value: 
key: 417018, value: 
key: 10215, value: 
key: 228322, value: 
key: 260917, value: 
key: 602409, value: 
key: 26076, value: 
key: 284742, value: 
key: 255300, value: 
key: 650064, value: 
key: 905663, value: 
key: 260306, value: 
key: 294134, value: 
key: 3596, value: 
key: 58943, value: 
key: 621198, value: 
key: 294819, value: 
key: 69909, value: 
key: 91524, value: 
key: 216349, value: 
key: 175769, value: 
key: 207596, value: 
key: 911707, value: 
key: 42151, value: 
key: 591695, value: 
key: 966662, value: 
key: 183137, value: 
key: 993, value: 
key: 130083, value: 
key: 333082, value: 
key: 123830, value: 
key: 74114, value: 
key: 18442, value: 
key: 56086, value: 
key: 243462, value: 
key: 27868, value: 
key: 859438, value: 
key: 242313, value: 
key: 192081, value: 
key: 351576, value: 
key: 94819, value: 
key: 86641, value: 
key: 603226, value: 
key: 118100, value: 
key: 890787, value: 
key: 97241, value: 
key: 593730, value: 
key: 141919, value: 
key: 792555, value: 
key: 740228, value: 
key: 56570, value: 
key: 275719, value: 
key: 659089, value: 
key: 487747, value: 
key: 153934, value: 
key: 50949, value: 
key: 753493, value: 
key: 478921, value: 
key: 624823, value: 
key: 382275, value: 
key: 563115, value: 
key: 418062, value: 
key: 39492, value: 
key: 264836, value: 
key: 1435, value: 
key: 880094, value: 
key: 70879, value: 
key: 31524, value: 
key: 4850, value: 
key: 481101, value: 
key: 830686, value: 
key: 1587, value: 
key: 655252, value: 
key: 570021, value: 
key: 336964, value: 
key: 483824, value: 
key: 497773, value: 
key: 19526, value: 
key: 52406, value: 
key: 187900, value: 
key: 140897, value: 
key: 564194, value: 
key: 737141, value: 
key: 308947, value: 
key: 1565, value: 
key: 87655, value: 
key: 4555, value: 
key: 665154, value: 
key: 435287, value: 
key: 223402, value: 
key: 681053, value: 
key: 541810, value: 
key: 943089, value: 
key: 963098, value: 
key: 467680, value: 
key: 115244, value: 
key: 56509, value: 
key: 103698, value: 
key: 806272, value: 
key: 465709, value: 
key: 511312, value: 
key: 837489, value: 
key: 352692, value: 
key: 235777, value: 
key: 103373, value: 
key: 187412, value: 
key: 86771, value: 
key: 6447, value: 
key: 953349, value: 
key: 52400, value: 
key: 140916, value: 
key: 313, value: 
key: 108585, value: 
key: 593392, value: 
key: 510216, value: 
key: 23839, value: 
key: 7462, value: 
key: 142422, value: 
key: 615388, value: 
key: 498624, value: 
key: 464977, value: 
key: 134384, value: 
key: 694071, value: 
key: 453421, value: 
key: 157572, value: 
key: 309056, value: 
key: 555859, value: 
key: 84399, value: 
key: 377556, value: 
key: 710722, value: 
key: 129762, value: 
key: 289, value: 
key: 82359, value: 
key: 403330, value: 
key: 462878, value: 
key: 458282, value: 
key: 911761, value: 
key: 694257, value: 
key: 748376, value: 
key: 40867, value: 
key: 8782, value: 
key: 222144, value: 
key: 753572, value: 
key: 33687, value: 
key: 129261, value: 
key: 730894, value: 
key: 46407, value: 
key: 151345, value: 
key: 132209, value: 
key: 197022, value: 
key: 40986, value: 
key: 893663, value: 
key: 21114, value: 
key: 483398, value: 
key: 761924, value: 
key: 358823, value: 
key: 7369, value: 
key: 244876, value: 
key: 761102, value: 
key: 922521, value: 
key: 359008, value: 
key: 911770, value: 
key: 507137, value: 
key: 580440, value: 
key: 657791, value: 
key: 506415, value: 
key: 300785, value: 
key: 106963, value: 
key: 24762, value: 
key: 129829, value: 
key: 231571, value: 
key: 335918, value: 
key: 955587, value: 
key: 297768, value: 
key: 687879, value: 
key: 293322, value: 
key: 494927, value: 
key: 301898, value: 
key: 651298, value: 
key: 1633, value: 
key: 189012, value: 
key: 423921, value: 
key: 620586, value: 
key: 167575, value: 
key: 95058, value: 
key: 881792, value: 
key: 160114, value: 
key: 239724, value: 
key: 981432, value: 
key: 379257, value: 
key: 165209, value: 
key: 181520, value: 
key: 409066, value: 
key: 442412, value: 
key: 387739, value: 
key: 76767, value: 
key: 34891, value: 
key: 9130, value: 
key: 143500, value: 
key: 837319, value: 
key: 858378, value: 
key: 918083, value: 
key: 15177, value: 
key: 820346, value: 
key: 596702, value: 
key: 279645, value: 
key: 573695, value: 
key: 90978, value: 
key: 159561, value: 
key: 602878, value: 
key: 186725, value: 
key: 627293, value: 
key: 2030, value: 
key: 403000, value: 
key: 9983, value: 
key: 73755, value: 
key: 191895, value: 
key: 241088, value: 
key: 346828, value: 
key: 304338, value: 
key: 496383, value: 
key: 341856, value: 
key: 648694, value: 
key: 35861, value: 
key: 9673, value: 
key: 42702, value: 
key: 552218, value: 
key: 291759, value: 
key: 538030, value: 
key: 56710, value: 
key: 9327, value: 
key: 262436, value: 
key: 732948, value: 
key: 192427, value: 
key: 662719, value: 
key: 474947, value: 
key: 162695, value: 
key: 40227, value: 
key: 25334, value: 
key: 6870, value: 
key: 326471, value: 
key: 552119, value: 
key: 954474, value: 
key: 267576, value: 
key: 132210, value: 
key: 38130, value: 
key: 805060, value: 
key: 447125, value: 
key: 45899, value: 
key: 562453, value: 
key: 12532, value: 
key: 647178, value: 
key: 230, value: 
key: 233043, value: 
key: 244641, value: 
key: 82632, value: 
key: 892493, value: 
key: 488065, value: 
key: 92941, value: 
key: 14851, value: 
key: 278688, value: 
key: 52082, value: 
key: 379813, value: 
key: 51504, value: 
key: 809073, value: 
key: 237454, value: 
key: 235748, value: 
key: 50585, value: 
key: 191044, value: 
key: 674475, value: 
key: 208467, value: 
key: 602214, value: 
key: 186275, value: 
key: 4627, value: 
key: 65747, value: 
key: 494309, value: 
key: 348866, value: 
key: 718960, value: 
key: 464520, value: 
key: 203554, value: 
key: 460607, value: 
key: 750443, value: 
key: 502516, value: 
key: 170140, value: 
key: 4009, value: 
key: 65835, value: 
key: 259423, value: 
key: 10194, value: 
key: 374975, value: 
key: 793820, value: 
key: 410400, value: 
key: 729630, value: 
key: 309306, value: 
key: 379114, value: 
key: 702226, value: 
key: 731354, value: 
key: 21596, value: 
key: 53944, value: 
key: 343357, value: 
key: 106873, value: 
key: 777006, value: 
key: 644528, value: 
key: 677476, value: 
key: 838035, value: 
key: 137105, value: 
key: 431511, value: 
key: 26209, value: 
key: 96259, value: 
key: 976296, value: 
key: 442045, value: 
key: 648661, value: 
key: 184703, value: 
key: 67, value: 
key: 104783, value: 
key: 334898, value: 
key: 105131, value: 
key: 158041, value: 
key: 47480, value: 
key: 98211, value: 
key: 784792, value: 
key: 18345, value: 
key: 21268, value: 
key: 245936, value: 
key: 53566, value: 
key: 253092, value: 
key: 751194, value: 
key: 88436, value: 
key: 313156, value: 
key: 532430, value: 
key: 7228, value: 
key: 91685, value: 
key: 231485, value: 
key: 370098, value: 
key: 158397, value: 
key: 871034, value: 
key: 571952, value: 
key: 28308, value: 
key: 394861, value: 
key: 618307, value: 
key: 817588, value: 
key: 500954, value: 
key: 25394, value: 
key: 585850, value: 
key: 614, value: 
key: 271238, value: 
key: 550641, value: 
key: 274101, value: 
key: 518010, value: 
key: 384330, value: 
key: 22665, value: 
key: 137222, value: 
key: 666209, value: 
key: 5343, value: 
key: 100046, value: 
key: 584020, value: 
key: 10167, value: 
key: 712076, value: 
key: 512504, value: 
key: 623288, value: 
key: 520811, value: 
key: 368033, value: 
key: 371314, value: 
key: 47093, value: 
key: 437984, value: 
key: 96527, value: 
key: 893171, value: 
key: 429192, value: 
key: 513934, value: 
key: 811298, value: 
key: 1646, value: 
key: 10888, value: 
key: 192087, value: 
key: 945906, value: 
key: 689316, value: 
key: 147694, value: 
key: 21918, value: 
key: 957819, value: 
key: 1938, value: 
key: 264812, value: 
key: 11726, value: 
key: 164099, value: 
key: 95845, value: 
key: 94453, value: 
key: 704208, value: 
key: 94303, value: 
key: 823105, value: 
key: 162141, value: 
key: 583241, value: 
key: 96396, value: 
key: 464148, value: 
key: 41152, value: 
key: 65413, value: 
key: 341153, value: 
key: 735808, value: 
key: 564934, value: 
key: 298846, value: 
key: 153026, value: 
key: 66254, value: 
key: 933170, value: 
key: 744624, value: 
key: 36985, value: 
key: 73074, value: 
key: 47895, value: 
key: 787656, value: 
key: 490859, value: 
key: 660232, value: 
key: 301850, value: 
key: 80483, value: 
key: 832367, value: 
key: 550814, value: 
key: 467110, value: 
key: 521605, value: 
key: 63699, value: 
key: 473205, value: 
key: 840865, value: 
key: 164352, value: 
key: 592773, value: 
key: 169221, value: 
key: 49512, value: 
key: 808199, value: 
key: 51511, value: 
key: 962057, value: 
key: 129300, value: 
key: 158344, value: 
key: 361407, value: 
key: 77221, value: 
key: 20966, value: 
key: 845387, value: 
key: 10929, value: 
key: 403516, value: 
key: 633041, value: 
key: 853401, value: 
key: 277403, value: 
key: 117794, value: 
key: 716803, value: 
key: 241826, value: 
key: 922323, value: 
key: 991297, value: 
key: 78376, value: 
key: 258691, value: 
key: 42948, value: 
key: 201512, value: 
key: 251047, value: 
key: 64038, value: 
key: 80968, value: 
key: 205413, value: 
key: 422179, value: 
key: 76116, value: 
key: 782262, value: 
key: 511208, value: 
key: 59852, value: 
key: 531334, value: 
key: 691876, value: 
key: 6496, value: 
key: 236008, value: 
key: 29127, value: 
key: 923553, value: 
key: 800872, value: 
key: 349830, value: 
key: 274277, value: 
key: 141920, value: 
key: 951493, value: 
key: 924899, value: 
key: 612598, value: 
key: 168613, value: 
key: 215658, value: 
key: 334245, value: 
key: 365348, value: 
key: 95672, value: 
key: 51043, value: 
key: 11230, value: 
key: 284355, value: 
key: 200463, value: 
key: 626465, value: 
key: 309249, value: 
key: 85734, value: 
key: 235751, value: 
key: 857649, value: 
key: 113990, value: 
key: 399914, value: 
key: 97344, value: 
key: 62603, value: 
key: 745993, value: 
key: 625055, value: 
key: 653959, value: 
key: 840355, value: 
key: 601123, value: 
key: 19373, value: 
key: 774144, value: 
key: 48955, value: 
key: 176582, value: 
key: 16864, value: 
key: 238448, value: 
key: 755213, value: 
key: 612622, value: 
key: 338454, value: 
key: 309313, value: 
key: 56099, value: 
key: 591262, value: 
key: 193738, value: 
key: 555851, value: 
key: 257603, value: 
key: 65316, value: 
key: 337536, value: 
key: 224090, value: 
key: 278727, value: 
key: 581603, value: 
key: 23172, value: 
key: 306109, value: 
key: 715059, value: 
key: 97498, value: 
key: 22795, value: 
key: 423653, value: 
key: 48164, value: 
key: 853418, value: 
key: 760037, value: 
key: 6908, value: 
key: 24359, value: 
key: 205459, value: 
key: 96354, value: 
key: 953688, value: 
key: 11667, value: 
key: 516700, value: 
key: 539695, value: 
key: 133170, value: 
key: 122440, value: 
key: 844649, value: 
key: 151228, value: 
key: 665842, value: 
key: 26261, value: 
key: 751934, value: 
key: 73515, value: 
key: 761500, value: 
key: 455087, value: 
key: 364361, value: 
key: 57139, value: 
key: 1066, value: 
key: 521119, value: 
key: 217632, value: 
key: 239007, value: 
key: 520350, value: 
key: 374782, value: 
key: 202896, value: 
key: 225712, value: 
key: 23556, value: 
key: 180624, value: 
key: 219748, value: 
key: 273441, value: 
key: 654251, value: 
key: 126932, value: 
key: 560648, value: 
key: 580705, value: 
key: 177697, value: 
key: 371354, value: 
key: 250433, value: 
key: 685035, value: 
key: 25275, value: 
key: 76886, value: 
key: 2849, value: 
key: 108406, value: 
key: 974256, value: 
key: 627499, value: 
key: 522147, value: 
key: 832299, value: 
key: 125502, value: 
key: 22685, value: 
key: 155196, value: 
key: 43972, value: 
key: 9266, value: 
key: 2506, value: 
key: 813812, value: 
key: 779798, value: 
key: 772441, value: 
key: 145232, value: 
key: 99397, value: 
key: 973974, value: 
key: 317796, value: 
key: 704158, value: 
key: 90954, value: 
key: 964644, value: 
key: 107894, value: 
key: 48827, value: 
key: 231540, value: 
key: 52992, value: 
key: 334069, value: 
key: 174702, value: 
key: 78048, value: 
key: 17515, value: 
key: 109232, value: 
key: 215605, value: 
key: 778623, value: 
key: 180947, value: 
key: 645505, value: 
key: 33533, value: 
key: 933947, value: 
key: 817892, value: 
key: 41457, value: 
key: 178461, value: 
key: 942611, value: 
key: 506282, value: 
key: 9075, value: 
key: 500633, value: 
key: 538869, value: 
key: 848375, value: 
key: 206225, value: 
key: 98235, value: 
key: 838200, value: 
key: 964718, value: 
key: 5224, value: 
key: 581043, value: 
key: 9330, value: 
key: 319624, value: 
key: 190285, value: 
key: 604771, value: 
key: 901595, value: 
key: 48005, value: 
key: 781195, value: 
key: 833539, value: 
key: 382394, value: 
key: 958890, value: 
key: 100543, value: 
key: 934957, value: 
key: 287428, value: 
key: 679001, value: 
key: 42559, value: 
key: 53476, value: 
key: 145083, value: 
key: 430554, value: 
key: 69495, value: 
key: 856714, value: 
key: 137967, value: 
key: 563665, value: 
key: 778324, value: 
key: 485, value: 
key: 16839, value: 
key: 369834, value: 
key: 953664, value: 
key: 854077, value: 
key: 548824, value: 
key: 116429, value: 
key: 48223, value: 
key: 424076, value: 
key: 628524, value: 
key: 165573, value: 
key: 296695, value: 
key: 1286, value: 
key: 662021, value: 
key: 774687, value: 
key: 527830, value: 
key: 589946, value: 
key: 504006, value: 
key: 377866, value: 
key: 541014, value: 
key: 340497, value: 
key: 290783, value: 
key: 199668, value: 
key: 133527, value: 
key: 575800, value: 
key: 195091, value: 
key: 150111, value: 
key: 943818, value: 
key: 324374, value: 
key: 804221, value: 
key: 59588, value: 
key: 638187, value: 
key: 5954, value: 
key: 58248, value: 
key: 469114, value: 
key: 155558, value: 
key: 341885, value: 
key: 128266, value: 
key: 848995, value: 
key: 362839, value: 
key: 79360, value: 
key: 13432, value: 
key: 524620, value: 
key: 120978, value: 
key: 547346, value: 
key: 86779, value: 
key: 264540, value: 
key: 705841, value: 
key: 554317, value: 
key: 524505, value: 
key: 302954, value: 
key: 82005, value: 
key: 4070, value: 
key: 530595, value: 
key: 174045, value: 
key: 92972, value: 
key: 533631, value: 
key: 430871, value: 
key: 688029, value: 
key: 286469, value: 
key: 420050, value: 
key: 112481, value: 
key: 6454, value: 
key: 275728, value: 
key: 73630, value: 
key: 54721, value: 
key: 149223, value: 
key: 760163, value: 
key: 197196, value: 
key: 78400, value: 
key: 117, value: 
key: 80746, value: 
key: 597679, value: 
key: 650815, value: 
key: 877535, value: 
key: 408571, value: 
key: 335231, value: 
key: 323557, value: 
key: 75690, value: 
key: 51973, value: 
key: 11498, value: 
key: 71506, value: 
key: 137226, value: 
key: 156632, value: 
key: 936285, value: 
key: 151143, value: 
key: 407028, value: 
key: 976159, value: 
key: 497582, value: 
key: 217643, value: 
key: 804733, value: 
key: 258161, value: 
key: 655715, value: 
key: 363683, value: 
key: 141519, value: 
key: 589629, value: 
key: 529058, value: 
key: 1677, value: 
key: 960820, value: 
key: 917893, value: 
key: 551954, value: 
key: 356188, value: 
key: 291641, value: 
key: 811452, value: 
key: 170270, value: 
key: 483530, value: 
key: 628049, value: 
key: 684913, value: 
key: 867457, value: 
key: 766752, value: 
key: 120114, value: 
key: 502163, value: 
key: 18121, value: 
key: 954559, value: 
key: 3350, value: 
key: 697315, value: 
key: 690141, value: 
key: 598234, value: 
key: 119871, value: 
key: 57016, value: 
key: 824353, value: 
key: 452589, value: 
key: 495500, value: 
key: 135107, value: 
key: 853085, value: 
key: 78949, value: 
key: 8353, value: 
key: 46650, value: 
key: 239218, value: 
key: 260364, value: 
key: 654435, value: 
key: 176274, value: 
key: 97865, value: 
key: 21954, value: 
key: 492606, value: 
key: 64197, value: 
key: 82069, value: 
key: 751280, value: 
key: 168392, value: 
key: 919758, value: 
key: 181647, value: 
key: 64605, value: 
key: 23640, value: 
key: 44984, value: 
key: 191165, value: 
key: 959150, value: 
key: 231450, value: 
key: 182534, value: 
key: 365537, value: 
key: 7983, value: 
key: 711682, value: 
key: 796296, value: 
key: 100895, value: 
key: 5996, value: 
key: 254996, value: 
key: 101922, value: 
key: 114535, value: 
key: 211218, value: 
key: 879588, value: 
key: 8120, value: 
key: 322183, value: 
key: 546426, value: 
key: 139176, value: 
key: 240652, value: 
key: 637078, value: 
key: 146808, value: 
key: 386, value: 
key: 118656, value: 
key: 592993, value: 
key: 479984, value: 
key: 739127, value: 
key: 90486, value: 
key: 536560, value: 
key: 75397, value: 
key: 4542, value: 
key: 704684, value: 
key: 187258, value: 
key: 633784, value: 
key: 202779, value: 
key: 691687, value: 
key: 625260, value: 
key: 547320, value: 
key: 775570, value: 
key: 60740, value: 
key: 937848, value: 
key: 381865, value: 
key: 657641, value: 
key: 96415, value: 
key: 35980, value: 
key: 163449, value: 
key: 540068, value: 
key: 46823, value: 
key: 178072, value: 
key: 330034, value: 
key: 130500, value: 
key: 169117, value: 
key: 142134, value: 
key: 69129, value: 
key: 846681, value: 
key: 3703, value: 
key: 64755, value: 
key: 123241, value: 
key: 608539, value: 
key: 5686, value: 
key: 253087, value: 
key: 733912, value: 
key: 860313, value: 
key: 3451, value: 
key: 244256, value: 
key: 132986, value: 
key: 982673, value: 
key: 152872, value: 
key: 314537, value: 
key: 568899, value: 
key: 284784, value: 
key: 58907, value: 
key: 288740, value: 
key: 841648, value: 
key: 365623, value: 
key: 250, value: 
key: 678194, value: 
key: 519147, value: 
key: 30341, value: 
key: 759699, value: 
key: 782309, value: 
key: 653614, value: 
key: 75779, value: 
key: 55193, value: 
key: 45299, value: 
key: 468485, value: 
key: 61932, value: 
key: 237559, value: 
key: 180420, value: 
key: 792892, value: 
key: 47271, value: 
key: 258316, value: 
key: 1295, value: 
key: 21446, value: 
key: 575815, value: 
key: 17641, value: 
key: 122446, value: 
key: 66726, value: 
key: 639876, value: 
key: 35726, value: 
key: 254, value: 
key: 349043, value: 
key: 11540, value: 
key: 9295, value: 
key: 824760, value: 
key: 607871, value: 
key: 237926, value: 
key: 11610, value: 
key: 206878, value: 
key: 967724, value: 
key: 61116, value: 
key: 83194, value: 
key: 259135, value: 
key: 40849, value: 
key: 802524, value: 
key: 263927, value: 
key: 858956, value: 
key: 531510, value: 
key: 106204, value: 
key: 589096, value: 
key: 46353, value: 
key: 751570, value: 
key: 45631, value: 
key: 671117, value: 
key: 30260, value: 
key: 31676, value: 
key: 779154, value: 
key: 685, value: 
key: 279375, value: 
key: 478130, value: 
key: 30248, value: 
key: 33584, value: 
key: 940862, value: 
key: 423765, value: 
key: 220577, value: 
key: 227499, value: 
key: 88153, value: 
key: 286724, value: 
key: 252509, value: 
key: 175, value: 
key: 902710, value: 
key: 223347, value: 
key: 342400, value: 
key: 243024, value: 
key: 272424, value: 
key: 398801, value: 
key: 4748, value: 
key: 9831, value: 
key: 988981, value: 
key: 15809, value: 
key: 19416, value: 
key: 80782, value: 
key: 323984, value: 
key: 44584, value: 
key: 581522, value: 
key: 556670, value: 
key: 38451, value: 
key: 224357, value: 
key: 27037, value: 
key: 448339, value: 
key: 240278, value: 
key: 124220, value: 
key: 739543, value: 
key: 88133, value: 
key: 891320, value: 
key: 880775, value: 
key: 347564, value: 
key: 846377, value: 
key: 640597, value: 
key: 1181, value: 
key: 219452, value: 
key: 12994, value: 
key: 18, value: 
key: 42591, value: 
key: 775015, value: 
key: 4119, value: 
key: 694895, value: 
key: 370250, value: 
key: 6861, value: 
key: 25321, value: 
key: 821350, value: 
key: 691333, value: 
key: 480311, value: 
key: 833649, value: 
key: 171051, value: 
key: 91937, value: 
key: 150096, value: 
key: 299014, value: 
key: 802122, value: 
key: 512236, value: 
key: 580974, value: 
key: 433582, value: 
key: 19047, value: 
key: 123148, value: 
key: 50271, value: 
key: 738452, value: 
key: 639201, value: 
key: 52556, value: 
key: 152285, value: 
key: 42979, value: 
key: 778535, value: 
key: 959282, value: 
key: 22603, value: 
key: 502965, value: 
key: 22762, value: 
key: 638767, value: 
key: 64690, value: 
key: 16248, value: 
key: 898958, value: 
key: 977970, value: 
key: 36099, value: 
key: 890714, value: 
key: 4720, value: 
key: 15863, value: 
key: 879775, value: 
key: 445947, value: 
key: 562396, value: 
key: 364316, value: 
key: 311899, value: 
key: 102862, value: 
key: 274761, value: 
key: 303162, value: 
key: 482872, value: 
key: 11883, value: 
key: 3640, value: 
key: 667688, value: 
key: 156061, value: 
key: 415377, value: 
key: 143377, value: 
key: 1345, value: 
key: 737228, value: 
key: 325865, value: 
key: 20074, value: 
key: 476941, value: 
key: 708, value: 
key: 340598, value: 
key: 5442, value: 
key: 60861, value: 
key: 1897, value: 
key: 33104, value: 
key: 57401, value: 
key: 303096, value: 
key: 994188, value: 
key: 165223, value: 
key: 2791, value: 
key: 549997, value: 
key: 38068, value: 
key: 18301, value: 
key: 148909, value: 
key: 926266, value: 
key: 539817, value: 
key: 571738, value: 
key: 138050, value: 
key: 292321, value: 
key: 97153, value: 
key: 258804, value: 
key: 879144, value: 
key: 784543, value: 
key: 446179, value: 
key: 89949, value: 
key: 5590, value: 
key: 39227, value: 
key: 381975, value: 
key: 156371, value: 
key: 119387, value: 
key: 82474, value: 
key: 922716, value: 
key: 224467, value: 
key: 546877, value: 
key: 145436, value: 
key: 40074, value: 
key: 365522, value: 
key: 103979, value: 
key: 324893, value: 
key: 606096, value: 
key: 17445, value: 
key: 629167, value: 
key: 988583, value: 
key: 837331, value: 
key: 22708, value: 
key: 351057, value: 
key: 202467, value: 
key: 139750, value: 
key: 373725, value: 
key: 288700, value: 
key: 61923, value: 
key: 100916, value: 
key: 789221, value: 
key: 74657, value: 
key: 325362, value: 
key: 974438, value: 
key: 32235, value: 
key: 538405, value: 
key: 724824, value: 
key: 287011, value: 
key: 1479, value: 
key: 71935, value: 
key: 315611, value: 
key: 1190, value: 
key: 651463, value: 
key: 208834, value: 
key: 356441, value: 
key: 6777, value: 
key: 131565, value: 
key: 139613, value: 
key: 544543, value: 
key: 90640, value: 
key: 217524, value: 
key: 487299, value: 
key: 401855, value: 
key: 569397, value: 
key: 124675, value: 
key: 875913, value: 
key: 17098, value: 
key: 259618, value: 
key: 715633, value: 
key: 979215, value: 
key: 267934, value: 
key: 469929, value: 
key: 451335, value: 
key: 470787, value: 
key: 612859, value: 
key: 76682, value: 
key: 547236, value: 
key: 376537, value: 
key: 322903, value: 
key: 604304, value: 
key: 798872, value: 
key: 21064, value: 
key: 757912, value: 
key: 377134, value: 
key: 406322, value: 
key: 22313, value: 
key: 579130, value: 
key: 89747, value: 
key: 229130, value: 
key: 345939, value: 
key: 65521, value: 
key: 159763, value: 
key: 60069, value: 
key: 234455, value: 
key: 654927, value: 
key: 323858, value: 
key: 12202, value: 
key: 389528, value: 
key: 70844, value: 
key: 471258, value: 
key: 697188, value: 
key: 817526, value: 
key: 862087, value: 
key: 815430, value: 
key: 5507, value: 
key: 5572, value: 
key: 469167, value: 
key: 162068, value: 
key: 378285, value: 
key: 232718, value: 
key: 374500, value: 
key: 30976, value: 
key: 748796, value: 
key: 213995, value: 
key: 45077, value: 
key: 437834, value: 
key: 277148, value: 
key: 243772, value: 
key: 71632, value: 
key: 986640, value: 
key: 764136, value: 
key: 12743, value: 
key: 197125, value: 
key: 77298, value: 
key: 6504, value: 
key: 758531, value: 
key: 160804, value: 
key: 107124, value: 
key: 394153, value: 
key: 107056, value: 
key: 118898, value: 
key: 17425, value: 
key: 226940, value: 
key: 24296, value: 
key: 686832, value: 
key: 127108, value: 
key: 729692, value: 
key: 322475, value: 
key: 247222, value: 
key: 380240, value: 
key: 720783, value: 
key: 392470, value: 
key: 8636, value: 
key: 14161, value: 
key: 478806, value: 
key: 89334, value: 
key: 947481, value: 
key: 66713, value: 
key: 918872, value: 
key: 239524, value: 
key: 311745, value: 
key: 777165, value: 
key: 589492, value: 
key: 32280, value: 
key: 25323, value: 
key: 691681, value: 
key: 1471, value: 
key: 422436, value: 
key: 6087, value: 
key: 938135, value: 
key: 452439, value: 
key: 2115, value: 
key: 334900, value: 
key: 36141, value: 
key: 152287, value: 
key: 91289, value: 
key: 79715, value: 
key: 237962, value: 
key: 378322, value: 
key: 128617, value: 
key: 32370, value: 
key: 993826, value: 
key: 348893, value: 
key: 488519, value: 
key: 214, value: 
key: 4773, value: 
key: 811852, value: 
key: 428043, value: 
key: 453142, value: 
key: 20278, value: 
key: 404265, value: 
key: 6599, value: 
key: 161207, value: 
key: 13410, value: 
key: 644085, value: 
key: 2397, value: 
key: 779529, value: 
key: 243802, value: 
key: 238020, value: 
key: 710980, value: 
key: 182819, value: 
key: 369865, value: 
key: 817027, value: 
key: 906390, value: 
key: 940435, value: 
key: 681901, value: 
key: 74268, value: 
key: 872147, value: 
key: 301988, value: 
key: 101795, value: 
key: 21794, value: 
key: 229, value: 
key: 619838, value: 
key: 76129, value: 
key: 683741, value: 
key: 875298, value: 
key: 300949, value: 
key: 625167, value: 
key: 828078, value: 
key: 171738, value: 
key: 785900, value: 
key: 378786, value: 
key: 124323, value: 
key: 274596, value: 
key: 276907, value: 
key: 766860, value: 
key: 450284, value: 
key: 923887, value: 
key: 7695, value: 
key: 555468, value: 
key: 405, value: 
key: 239252, value: 
key: 12158, value: 
key: 956568, value: 
key: 794579, value: 
key: 136083, value: 
key: 770568, value: 
key: 50671, value: 
key: 514142, value: 
key: 619300, value: 
key: 173686, value: 
key: 16651, value: 
key: 824562, value: 
key: 268920, value: 
key: 206955, value: 
key: 939387, value: 
key: 61662, value: 
key: 12921, value: 
key: 868850, value: 
key: 102695, value: 
key: 239140, value: 
key: 179569, value: 
key: 50312, value: 
key: 21534, value: 
key: 77883, value: 
key: 7949, value: 
key: 251968, value: 
key: 252556, value: 
key: 390014, value: 
key: 515785, value: 
key: 143458, value: 
key: 348723, value: 
key: 312911, value: 
key: 694514, value: 
key: 576478, value: 
key: 213915, value: 
key: 171541, value: 
key: 79762, value: 
key: 933369, value: 
key: 527164, value: 
key: 782035, value: 
key: 993730, value: 
key: 227826, value: 
key: 3321, value: 
key: 964961, value: 
key: 379, value: 
key: 33975, value: 
key: 1828, value: 
key: 362998, value: 
key: 35740, value: 
key: 259258, value: 
key: 834598, value: 
key: 328961, value: 
key: 18123, value: 
key: 593202, value: 
key: 7060, value: 
key: 366396, value: 
key: 181083, value: 
key: 422951, value: 
key: 854660, value: 
key: 526185, value: 
key: 9956, value: 
key: 357468, value: 
key: 62959, value: 
key: 596405, value: 
key: 2186, value: 
key: 892387, value: 
key: 891243, value: 
key: 99113, value: 
key: 905216, value: 
key: 274648, value: 
key: 267130, value: 
key: 233021, value: 
key: 71854, value: 
key: 103939, value: 
key: 102509, value: 
key: 111761, value: 
key: 447262, value: 
key: 46739, value: 
key: 319392, value: 
key: 274844, value: 
key: 83327, value: 
key: 761050, value: 
key: 570454, value: 
key: 613393, value: 
key: 343407, value: 
key: 147335, value: 
key: 301964, value: 
key: 575, value: 
key: 206858, value: 
key: 689941, value: 
key: 62908, value: 
key: 169656, value: 
key: 17807, value: 
key: 50194, value: 
key: 600269, value: 
key: 190856, value: 
key: 671935, value: 
key: 82997, value: 
key: 750704, value: 
key: 494077, value: 
key: 102255, value: 
key: 267077, value: 
key: 568233, value: 
key: 323311, value: 
key: 292075, value: 
key: 16547, value: 
key: 6029, value: 
key: 430541, value: 
key: 168178, value: 
key: 933729, value: 
key: 322110, value: 
key: 7998, value: 
key: 773828, value: 
key: 507263, value: 
key: 389052, value: 
key: 884322, value: 
key: 26007, value: 
key: 417197, value: 
key: 71685, value: 
key: 667174, value: 
key: 22625, value: 
key: 400472, value: 
key: 52549, value: 
key: 240155, value: 
key: 631256, value: 
key: 99568, value: 
key: 823185, value: 
key: 771758, value: 
key: 586163, value: 
key: 514359, value: 
key: 13582, value: 
key: 64379, value: 
key: 4117, value: 
key: 3077, value: 
key: 4614, value: 
key: 760628, value: 
key: 37784, value: 
key: 639308, value: 
key: 36725, value: 
key: 841316, value: 
key: 52943, value: 
key: 35584, value: 
key: 2553, value: 
key: 911086, value: 
key: 10569, value: 
key: 57830, value: 
key: 17483, value: 
key: 498743, value: 
key: 24133, value: 
key: 351459, value: 
key: 855829, value: 
key: 82557, value: 
key: 42221, value: 
key: 256499, value: 
key: 892899, value: 
key: 68292, value: 
key: 559123, value: 
key: 543988, value: 
key: 775, value: 
key: 155617, value: 
key: 958645, value: 
key: 786190, value: 
key: 66487, value: 
key: 434583, value: 
key: 282874, value: 
key: 264717, value: 
key: 972283, value: 
key: 161566, value: 
key: 22928, value: 
key: 19456, value: 
key: 758407, value: 
key: 42784, value: 
key: 605608, value: 
key: 103423, value: 
key: 86243, value: 
key: 435887, value: 
key: 932720, value: 
key: 144891, value: 
key: 146286, value: 
key: 501209, value: 
key: 444050, value: 
key: 8902, value: 
key: 48904, value: 
key: 569816, value: 
key: 824234, value: 
key: 329625, value: 
key: 354180, value: 
key: 601, value: 
key: 825224, value: 
key: 42780, value: 
key: 103768, value: 
key: 375824, value: 
key: 3059, value: 
key: 145544, value: 
key: 456015, value: 
key: 398218, value: 
key: 59575, value: 
key: 60319, value: 
key: 424902, value: 
key: 244988, value: 
key: 796478, value: 
key: 820003, value: 
key: 102, value: 
key: 589863, value: 
key: 195633, value: 
key: 67828, value: 
key: 64861, value: 
key: 60117, value: 
key: 17036, value: 
key: 209419, value: 
key: 21871, value: 
key: 75902, value: 
key: 757, value: 
key: 43750, value: 
key: 487202, value: 
key: 802852, value: 
key: 117774, value: 
key: 42902, value: 
key: 386019, value: 
key: 193345, value: 
key: 210903, value: 
key: 33308, value: 
key: 530151, value: 
key: 726107, value: 
key: 559352, value: 
key: 75928, value: 
key: 250987, value: 
key: 684014, value: 
key: 953576, value: 
key: 228061, value: 
key: 253461, value: 
key: 525056, value: 
key: 838204, value: 
key: 138726, value: 
key: 11801, value: 
key: 185106, value: 
key: 66993, value: 
key: 104969, value: 
key: 267914, value: 
key: 141539, value: 
key: 126158, value: 
key: 66078, value: 
key: 423178, value: 
key: 292761, value: 
key: 150436, value: 
key: 6212, value: 
key: 66559, value: 
key: 14231, value: 
key: 26678, value: 
key: 96646, value: 
key: 218, value: 
key: 171215, value: 
key: 435128, value: 
key: 227585, value: 
key: 467, value: 
key: 24634, value: 
key: 309977, value: 
key: 106086, value: 
key: 423604, value: 
key: 79131, value: 
key: 866623, value: 
key: 59746, value: 
key: 6144, value: 
key: 478914, value: 
key: 825374, value: 
key: 340314, value: 
key: 767571, value: 
key: 978106, value: 
key: 844320, value: 
key: 993019, value: 
key: 64007, value: 
key: 120615, value: 
key: 35515, value: 
key: 206870, value: 
key: 366688, value: 
key: 454712, value: 
key: 261732, value: 
key: 25509, value: 
key: 3110, value: 
key: 150692, value: 
key: 151338, value: 
key: 673306, value: 
key: 101643, value: 
key: 471261, value: 
key: 488333, value: 
key: 15577, value: 
key: 47686, value: 
key: 96419, value: 
key: 113897, value: 
key: 184565, value: 
key: 113367, value: 
key: 650969, value: 
key: 10882, value: 
key: 178027, value: 
key: 127865, value: 
key: 578724, value: 
key: 538054, value: 
key: 40650, value: 
key: 9512, value: 
key: 7297, value: 
key: 140084, value: 
key: 179404, value: 
key: 965210, value: 
key: 328651, value: 
key: 205725, value: 
key: 471409, value: 
key: 97197, value: 
key: 932782, value: 
key: 10237, value: 
key: 115349, value: 
key: 452699, value: 
key: 79672, value: 
key: 168110, value: 
key: 795523, value: 
key: 897579, value: 
key: 35160, value: 
key: 151169, value: 
key: 115723, value: 
key: 17177, value: 
key: 499236, value: 
key: 378119, value: 
key: 330166, value: 
key: 477780, value: 
key: 881543, value: 
key: 329548, value: 
key: 540967, value: 
key: 8780, value: 
key: 241051, value: 
key: 390131, value: 
key: 912034, value: 
key: 830581, value: 
key: 69316, value: 
key: 419791, value: 
key: 286649, value: 
key: 531358, value: 
key: 254547, value: 
key: 73151, value: 
key: 903184, value: 
key: 13481, value: 
key: 898189, value: 
key: 678565, value: 
key: 999851, value: 
key: 202029, value: 
key: 69976, value: 
key: 901122, value: 
key: 469248, value: 
key: 29589, value: 
key: 955563, value: 
key: 224894, value: 
key: 94882, value: 
key: 200863, value: 
key: 226548, value: 
key: 756694, value: 
key: 84779, value: 
key: 553905, value: 
key: 509371, value: 
key: 500983, value: 
key: 80610, value: 
key: 819775, value: 
key: 27622, value: 
key: 14448, value: 
key: 9598, value: 
key: 16446, value: 
key: 471753, value: 
key: 667628, value: 
key: 431285, value: 
key: 93133, value: 
key: 359039, value: 
key: 325102, value: 
key: 153204, value: 
key: 448474, value: 
key: 705441, value: 
key: 83307, value: 
key: 172911, value: 
key: 148163, value: 
key: 74817, value: 
key: 429501, value: 
key: 621242, value: 
key: 216662, value: 
key: 42241, value: 
key: 399853, value: 
key: 27033, value: 
key: 47170, value: 
key: 265093, value: 
key: 725319, value: 
key: 186084, value: 
key: 248487, value: 
key: 798261, value: 
key: 125175, value: 
key: 286519, value: 
key: 916861, value: 
key: 9042, value: 
key: 14284, value: 
key: 822409, value: 
key: 693454, value: 
key: 60546, value: 
key: 560927, value: 
key: 646793, value: 
key: 150665, value: 
key: 74730, value: 
key: 2151, value: 
key: 253920, value: 
key: 130494, value: 
key: 36183, value: 
key: 105964, value: 
key: 380378, value: 
key: 315567, value: 
key: 435199, value: 
key: 848195, value: 
key: 545287, value: 
key: 123113, value: 
key: 631308, value: 
key: 2540, value: 
key: 761089, value: 
key: 525696, value: 
key: 619898, value: 
key: 159, value: 
key: 857263, value: 
key: 216143, value: 
key: 233654, value: 
key: 3015, value: 
key: 134995, value: 
key: 86043, value: 
key: 567421, value: 
key: 67547, value: 
key: 257975, value: 
key: 1880, value: 
key: 885817, value: 
key: 518766, value: 
key: 407103, value: 
key: 652411, value: 
key: 782277, value: 
key: 912863, value: 
key: 415302, value: 
key: 67989, value: 
key: 936571, value: 
key: 408526, value: 
key: 440397, value: 
key: 10105, value: 
key: 208656, value: 
key: 5817, value: 
key: 556931, value: 
key: 157769, value: 
key: 122725, value: 
key: 5464, value: 
key: 42070, value: 
key: 596331, value: 
key: 10477, value: 
key: 866199, value: 
key: 377806, value: 
key: 112780, value: 
key: 198458, value: 
key: 794061, value: 
key: 704514, value: 
key: 921854, value: 
key: 766866, value: 
key: 609765, value: 
key: 13247, value: 
key: 613250, value: 
key: 581995, value: 
key: 47541, value: 
key: 126314, value: 
key: 42942, value: 
key: 229789, value: 
key: 986, value: 
key: 725449, value: 
key: 26364, value: 
key: 597024, value: 
key: 430161, value: 
key: 969388, value: 
key: 248715, value: 
key: 82775, value: 
key: 930322, value: 
key: 545191, value: 
key: 822742, value: 
key: 411098, value: 
key: 106987, value: 
key: 209770, value: 
key: 949142, value: 
key: 3031, value: 
key: 436200, value: 
key: 210556, value: 
key: 18907, value: 
key: 500910, value: 
key: 109708, value: 
key: 45277, value: 
key: 341096, value: 
key: 6414, value: 
key: 496044, value: 
key: 654480, value: 
key: 591778, value: 
key: 149069, value: 
key: 757734, value: 
key: 607299, value: 
key: 68795, value: 
key: 13890, value: 
key: 1615, value: 
key: 574186, value: 
key: 608199, value: 
key: 133983, value: 
key: 638235, value: 
key: 299618, value: 
key: 593693, value: 
key: 55485, value: 
key: 318209, value: 
key: 522495, value: 
key: 129500, value: 
key: 816040, value: 
key: 74774, value: 
key: 119840, value: 
key: 249013, value: 
key: 471638, value: 
key: 335707, value: 
key: 562044, value: 
key: 152506, value: 
key: 108130, value: 
key: 295586, value: 
key: 329186, value: 
key: 178773, value: 
key: 526268, value: 
key: 783553, value: 
key: 846380, value: 
key: 82025, value: 
key: 46988, value: 
key: 475122, value: 
key: 909973, value: 
key: 240924, value: 
key: 39865, value: 
key: 573875, value: 
key: 923247, value: 
key: 82777, value: 
key: 699980, value: 
key: 413779, value: 
key: 510786, value: 
key: 4577, value: 
key: 823, value: 
key: 121258, value: 
key: 95991, value: 
key: 984792, value: 
key: 680940, value: 
key: 121902, value: 
key: 667145, value: 
key: 852400, value: 
key: 67073, value: 
key: 502440, value: 
key: 63215, value: 
key: 468461, value: 
key: 954803, value: 
key: 140886, value: 
key: 883530, value: 
key: 37074, value: 
key: 5899, value: 
key: 126592, value: 
key: 568664, value: 
key: 229031, value: 
key: 23213, value: 
key: 39843, value: 
key: 335325, value: 
key: 629925, value: 
key: 564363, value: 
key: 996377, value: 
key: 372294, value: 
key: 468490, value: 
key: 91113, value: 
key: 331884, value: 
key: 45286, value: 
key: 106200, value: 
key: 78659, value: 
key: 254244, value: 
key: 426621, value: 
key: 198685, value: 
key: 84537, value: 
key: 4830, value: 
key: 21310, value: 
key: 31430, value: 
key: 907487, value: 
key: 867039, value: 
key: 14923, value: 
key: 333499, value: 
key: 121599, value: 
key: 529450, value: 
key: 995547, value: 
key: 402052, value: 
key: 217988, value: 
key: 476233, value: 
key: 924895, value: 
key: 707285, value: 
key: 828700, value: 
key: 694493, value: 
key: 965807, value: 
key: 71162, value: 
key: 292536, value: 
key: 222850, value: 
key: 95638, value: 
key: 82940, value: 
key: 906464, value: 
key: 272774, value: 
key: 318423, value: 
key: 117804, value: 
key: 841934, value: 
key: 147984, value: 
key: 442935, value: 
key: 147838, value: 
key: 9307, value: 
key: 311846, value: 
key: 520075, value: 
key: 168156, value: 
key: 787845, value: 
key: 2182, value: 
key: 778232, value: 
key: 193916, value: 
key: 259683, value: 
key: 17087, value: 
key: 924958, value: 
key: 428667, value: 
key: 976205, value: 
key: 233429, value: 
key: 2911, value: 
key: 546033, value: 
key: 35627, value: 
key: 2272, value: 
key: 80241, value: 
key: 65503, value: 
key: 86470, value: 
key: 560, value: 
key: 737059, value: 
key: 9877, value: 
key: 55960, value: 
key: 64584, value: 
key: 79629, value: 
key: 87938, value: 
key: 938852, value: 
key: 869, value: 
key: 824661, value: 
key: 8623, value: 
key: 483231, value: 
key: 850101, value: 
key: 123296, value: 
key: 142316, value: 
key: 429572, value: 
key: 961865, value: 
key: 181249, value: 
key: 133420, value: 
key: 18471, value: 
key: 870, value: 
key: 121005, value: 
key: 236121, value: 
key: 677397, value: 
key: 16583, value: 
key: 887059, value: 
key: 94008, value: 
key: 189256, value: 
key: 139161, value: 
key: 96, value: 
key: 182189, value: 
key: 538885, value: 
key: 606700, value: 
key: 20418, value: 
key: 649600, value: 
key: 362051, value: 
key: 646618, value: 
key: 809419, value: 
key: 319143, value: 
key: 1314, value: 
key: 23709, value: 
key: 278543, value: 
key: 922923, value: 
key: 733080, value: 
key: 883318, value: 
key: 411704, value: 
key: 206412, value: 
key: 404854, value: 
key: 522198, value: 
key: 589726, value: 
key: 602979, value: 
key: 221981, value: 
key: 40696, value: 
key: 436914, value: 
key: 176599, value: 
key: 2016, value: 
key: 113248, value: 
key: 512359, value: 
key: 2432, value: 
key: 176591, value: 
key: 22533, value: 
key: 534274, value: 
key: 174032, value: 
key: 982187, value: 
key: 15258, value: 
key: 778814, value: 
key: 765177, value: 
key: 588499, value: 
key: 31865, value: 
key: 450475, value: 
key: 40247, value: 
key: 720299, value: 
key: 155677, value: 
key: 287936, value: 
key: 89550, value: 
key: 108923, value: 
key: 493100, value: 
key: 24823, value: 
key: 5273, value: 
key: 849013, value: 
key: 438882, value: 
key: 25183, value: 
key: 163993, value: 
key: 69400, value: 
key: 740815, value: 
key: 127599, value: 
key: 125771, value: 
key: 58802, value: 
key: 27817, value: 
key: 92073, value: 
key: 662892, value: 
key: 250587, value: 
key: 61725, value: 
key: 69440, value: 
key: 340462, value: 
key: 41387, value: 
key: 909722, value: 
key: 307142, value: 
key: 344431, value: 
key: 203417, value: 
key: 108318, value: 
key: 36561, value: 
key: 67334, value: 
key: 270358, value: 
key: 910539, value: 
key: 769427, value: 
key: 191, value: 
key: 857463, value: 
key: 12354, value: 
key: 269, value: 
key: 50378, value: 
key: 13212, value: 
key: 194278, value: 
key: 17117, value: 
key: 4298, value: 
key: 9884, value: 
key: 236084, value: 
key: 473438, value: 
key: 976865, value: 
key: 55863, value: 
key: 139633, value: 
key: 593, value: 
key: 75300, value: 
key: 21846, value: 
key: 89437, value: 
key: 791352, value: 
key: 101913, value: 
key: 279845, value: 
key: 344769, value: 
key: 801174, value: 
key: 712526, value: 
key: 362343, value: 
key: 446478, value: 
key: 102666, value: 
key: 344853, value: 
key: 332674, value: 
key: 79263, value: 
key: 614367, value: 
key: 144576, value: 
key: 413845, value: 
key: 71652, value: 
key: 132034, value: 
key: 71894, value: 
key: 259607, value: 
key: 936771, value: 
key: 399976, value: 
key: 835441, value: 
key: 849024, value: 
key: 98011, value: 
key: 369076, value: 
key: 767173, value: 
key: 31216, value: 
key: 640025, value: 
key: 254752, value: 
key: 322578, value: 
key: 17182, value: 
key: 137747, value: 
key: 808449, value: 
key: 473474, value: 
key: 718962, value: 
key: 222764, value: 
key: 147825, value: 
key: 534133, value: 
key: 628975, value: 
key: 461891, value: 
key: 197873, value: 
key: 8506, value: 
key: 139051, value: 
key: 500590, value: 
key: 140570, value: 
key: 220571, value: 
key: 780842, value: 
key: 78053, value: 
key: 4988, value: 
key: 277056, value: 
key: 739264, value: 
key: 143265, value: 
key: 740868, value: 
key: 14846, value: 
key: 998717, value: 
key: 991633, value: 
key: 420911, value: 
key: 781166, value: 
key: 603079, value: 
key: 369663, value: 
key: 740640, value: 
key: 667268, value: 
key: 940178, value: 
key: 48300, value: 
key: 64661, value: 
key: 779576, value: 
key: 15087, value: 
key: 94118, value: 
key: 512034, value: 
key: 390632, value: 
key: 29361, value: 
key: 452752, value: 
key: 98956, value: 
key: 480148, value: 
key: 5646, value: 
key: 287639, value: 
key: 160732, value: 
key: 731794, value: 
key: 598104, value: 
key: 88993, value: 
key: 786725, value: 
key: 4533, value: 
key: 109377, value: 
key: 84788, value: 
key: 31823, value: 
key: 794799, value: 
key: 276255, value: 
key: 296985, value: 
key: 136832, value: 
key: 95708, value: 
key: 928198, value: 
key: 418912, value: 
key: 368262, value: 
key: 546118, value: 
key: 169494, value: 
key: 818400, value: 
key: 112399, value: 
key: 362482, value: 
key: 260450, value: 
key: 9789, value: 
key: 190751, value: 
key: 243479, value: 
key: 727805, value: 
key: 10840, value: 
key: 128859, value: 
key: 395660, value: 
key: 541188, value: 
key: 7752, value: 
key: 23606, value: 
key: 200339, value: 
key: 55726, value: 
key: 863802, value: 
key: 14666, value: 
key: 957594, value: 
key: 216097, value: 
key: 323263, value: 
key: 388417, value: 
key: 122732, value: 
key: 104307, value: 
key: 298749, value: 
key: 11090, value: 
key: 379413, value: 
key: 43620, value: 
key: 937622, value: 
key: 634222, value: 
key: 140574, value: 
key: 978078, value: 
key: 324967, value: 
key: 584381, value: 
key: 195718, value: 
key: 4676, value: 
key: 80135, value: 
key: 511031, value: 
key: 67675, value: 
key: 839531, value: 
key: 341632, value: 
key: 328482, value: 
key: 944943, value: 
key: 318300, value: 
key: 3604, value: 
key: 335196, value: 
key: 156278, value: 
key: 525076, value: 
key: 53694, value: 
key: 480025, value: 
key: 93070, value: 
key: 72444, value: 
key: 414798, value: 
key: 81163, value: 
key: 656815, value: 
key: 412136, value: 
key: 46113, value: 
key: 125027, value: 
key: 933172, value: 
key: 601152, value: 
key: 533741, value: 
key: 83859, value: 
key: 159655, value: 
key: 951349, value: 
key: 91803, value: 
key: 9617, value: 
key: 182107, value: 
key: 751761, value: 
key: 25781, value: 
key: 460364, value: 
key: 490178, value: 
key: 173503, value: 
key: 28773, value: 
key: 824542, value: 
key: 410972, value: 
key: 338106, value: 
key: 77092, value: 
key: 57096, value: 
key: 52602, value: 
key: 624528, value: 
key: 243617, value: 
key: 260724, value: 
key: 905472, value: 
key: 354962, value: 
key: 158481, value: 
key: 463406, value: 
key: 673188, value: 
key: 627262, value: 
key: 10062, value: 
key: 400298, value: 
key: 916960, value: 
key: 193150, value: 
key: 531495, value: 
key: 328109, value: 
key: 40759, value: 
key: 544046, value: 
key: 522707, value: 
key: 74532, value: 
key: 80478, value: 
key: 534500, value: 
key: 15500, value: 
key: 5332, value: 
key: 213809, value: 
key: 96732, value: 
key: 191682, value: 
key: 270822, value: 
key: 549418, value: 
key: 196728, value: 
key: 150566, value: 
key: 591211, value: 
key: 280401, value: 
key: 542222, value: 
key: 79940, value: 
key: 476062, value: 
key: 595057, value: 
key: 193224, value: 
key: 568246, value: 
key: 463118, value: 
key: 468146, value: 
key: 69431, value: 
key: 956597, value: 
key: 41174, value: 
key: 28108, value: 
key: 94662, value: 
key: 32411, value: 
key: 84568, value: 
key: 447288, value: 
key: 1600, value: 
key: 7473, value: 
key: 571031, value: 
key: 583423, value: 
key: 7323, value: 
key: 24160, value: 
key: 344415, value: 
key: 301838, value: 
key: 1921, value: 
key: 386527, value: 
key: 64005, value: 
key: 224667, value: 
key: 207004, value: 
key: 293751, value: 
key: 942068, value: 
key: 493526, value: 
key: 215324, value: 
key: 338681, value: 
key: 670529, value: 
key: 633722, value: 
key: 23200, value: 
key: 31850, value: 
key: 123869, value: 
key: 39786, value: 
key: 152377, value: 
key: 268423, value: 
key: 68722, value: 
key: 462290, value: 
key: 324527, value: 
key: 90844, value: 
key: 784745, value: 
key: 287875, value: 
key: 912164, value: 
key: 241583, value: 
key: 4096, value: 
key: 11377, value: 
key: 13957, value: 
key: 752517, value: 
key: 632303, value: 
key: 118726, value: 
key: 754456, value: 
key: 51946, value: 
key: 742020, value: 
key: 934214, value: 
key: 866854, value: 
key: 712359, value: 
key: 345843, value: 
key: 179820, value: 
key: 659520, value: 
key: 15670, value: 
key: 8722, value: 
key: 120574, value: 
key: 96006, value: 
key: 109562, value: 
key: 93362, value: 
key: 37171, value: 
key: 979309, value: 
key: 598595, value: 
key: 912889, value: 
key: 16493, value: 
key: 221125, value: 
key: 390379, value: 
key: 287868, value: 
key: 563898, value: 
key: 237276, value: 
key: 833553, value: 
key: 266634, value: 
key: 952449, value: 
key: 848793, value: 
key: 578014, value: 
key: 170731, value: 
key: 23794, value: 
key: 8858, value: 
key: 9374, value: 
key: 106158, value: 
key: 629662, value: 
key: 22186, value: 
key: 897269, value: 
key: 34611, value: 
key: 299364, value: 
key: 777831, value: 
key: 42399, value: 
key: 584686, value: 
key: 128154, value: 
key: 350535, value: 
key: 853162, value: 
key: 23866, value: 
key: 711, value: 
key: 15186, value: 
key: 257654, value: 
key: 178814, value: 
key: 820117, value: 
key: 88452, value: 
key: 366495, value: 
key: 546244, value: 
key: 23312, value: 
key: 607525, value: 
key: 56769, value: 
key: 4001, value: 
key: 10909, value: 
key: 555956, value: 
key: 1477, value: 
key: 104727, value: 
key: 519343, value: 
key: 210505, value: 
key: 848982, value: 
key: 72570, value: 
key: 590278, value: 
key: 155941, value: 
key: 592382, value: 
key: 120754, value: 
key: 45602, value: 
key: 46386, value: 
key: 173, value: 
key: 761311, value: 
key: 43303, value: 
key: 311, value: 
key: 205134, value: 
key: 750526, value: 
key: 230213, value: 
key: 948334, value: 
key: 390485, value: 
key: 117789, value: 
key: 945315, value: 
key: 170014, value: 
key: 535781, value: 
key: 554432, value: 
key: 73366, value: 
key: 148754, value: 
key: 202526, value: 
key: 775631, value: 
key: 786998, value: 
key: 364738, value: 
key: 314731, value: 
key: 135226, value: 
key: 131062, value: 
key: 3969, value: 
key: 124053, value: 
key: 897779, value: 
key: 873511, value: 
key: 168637, value: 
key: 845084, value: 
key: 510740, value: 
key: 731730, value: 
key: 209635, value: 
key: 654707, value: 
key: 209196, value: 
key: 588248, value: 
key: 338258, value: 
key: 184853, value: 
key: 256943, value: 
key: 206667, value: 
key: 841583, value: 
key: 1956, value: 
key: 234354, value: 
key: 121227, value: 
key: 39027, value: 
key: 358500, value: 
key: 252600, value: 
key: 276871, value: 
key: 1657, value: 
key: 69343, value: 
key: 456693, value: 
key: 466692, value: 
key: 867961, value: 
key: 401750, value: 
key: 141775, value: 
key: 258, value: 
key: 810817, value: 
key: 386145, value: 
key: 10819, value: 
key: 80403, value: 
key: 181302, value: 
key: 103096, value: 
key: 339347, value: 
key: 349915, value: 
key: 632862, value: 
key: 382712, value: 
key: 588095, value: 
key: 54602, value: 
key: 97245, value: 
key: 67286, value: 
key: 346042, value: 
key: 715897, value: 
key: 788783, value: 
key: 852899, value: 
key: 390007, value: 
key: 1820, value: 
key: 104347, value: 
key: 315709, value: 
key: 856569, value: 
key: 847206, value: 
key: 375866, value: 
key: 375042, value: 
key: 713305, value: 
key: 238640, value: 
key: 872093, value: 
key: 536052, value: 
key: 205280, value: 
key: 885585, value: 
key: 657793, value: 
key: 202555, value: 
key: 197, value: 
key: 626694, value: 
key: 931174, value: 
key: 16338, value: 
key: 117763, value: 
key: 23008, value: 
key: 816608, value: 
key: 235887, value: 
key: 298857, value: 
key: 793, value: 
key: 152166, value: 
key: 39740, value: 
key: 483114, value: 
key: 244836, value: 
key: 794829, value: 
key: 29336, value: 
key: 323296, value: 
key: 120507, value: 
key: 421354, value: 
key: 438345, value: 
key: 551275, value: 
key: 612055, value: 
key: 510096, value: 
key: 672505, value: 
key: 323777, value: 
key: 654165, value: 
key: 1228, value: 
key: 120170, value: 
key: 143791, value: 
key: 418107, value: 
key: 158191, value: 
key: 331457, value: 
key: 188877, value: 
key: 554975, value: 
key: 966657, value: 
key: 505887, value: 
key: 705669, value: 
key: 92510, value: 
key: 2195, value: 
key: 271537, value: 
key: 601394, value: 
key: 376380, value: 
key: 862551, value: 
key: 108936, value: 
key: 6629, value: 
key: 137444, value: 
key: 326091, value: 
key: 426531, value: 
key: 12592, value: 
key: 2647, value: 
key: 990328, value: 
key: 874316, value: 
key: 500925, value: 
key: 25839, value: 
key: 162969, value: 
key: 607446, value: 
key: 264157, value: 
key: 261165, value: 
key: 96923, value: 
key: 996382, value: 
key: 346080, value: 
key: 365391, value: 
key: 510292, value: 
key: 213746, value: 
key: 118825, value: 
key: 26791, value: 
key: 350537, value: 
key: 554470, value: 
key: 779332, value: 
key: 504105, value: 
key: 309045, value: 
key: 381351, value: 
key: 728750, value: 
key: 40960, value: 
key: 349179, value: 
key: 97591, value: 
key: 80469, value: 
key: 634130, value: 
key: 383807, value: 
key: 625246, value: 
key: 253533, value: 
key: 940994, value: 
key: 21743, value: 
key: 39168, value: 
key: 7660, value: 
key: 146743, value: 
key: 698000, value: 
key: 138386, value: 
key: 658604, value: 
key: 135011, value: 
key: 500567, value: 
key: 544068, value: 
key: 671830, value: 
key: 3299, value: 
key: 615012, value: 
key: 185676, value: 
key: 457292, value: 
key: 855162, value: 
key: 150959, value: 
key: 976821, value: 
key: 38682, value: 
key: 151679, value: 
key: 537271, value: 
key: 321025, value: 
key: 760707, value: 
key: 84182, value: 
key: 178948, value: 
key: 732409, value: 
key: 163324, value: 
key: 946200, value: 
key: 363485, value: 
key: 242186, value: 
key: 12280, value: 
key: 194421, value: 
key: 149177, value: 
key: 650013, value: 
key: 751006, value: 
key: 542619, value: 
key: 843572, value: 
key: 131059, value: 
key: 384121, value: 
key: 622717, value: 
key: 39898, value: 
key: 864355, value: 
key: 522752, value: 
key: 322541, value: 
key: 533282, value: 
key: 24188, value: 
key: 858534, value: 
key: 216772, value: 
key: 205172, value: 
key: 26050, value: 
key: 22146, value: 
key: 287183, value: 
key: 331, value: 
key: 97535, value: 
key: 378674, value: 
key: 241783, value: 
key: 967430, value: 
key: 663820, value: 
key: 251768, value: 
key: 154007, value: 
key: 231458, value: 
key: 136762, value: 
key: 461176, value: 
key: 61268, value: 
key: 5925, value: 
key: 55586, value: 
key: 820683, value: 
key: 550142, value: 
key: 798643, value: 
key: 184815, value: 
key: 442311, value: 
key: 202724, value: 
key: 882678, value: 
key: 760613, value: 
key: 78714, value: 
key: 88018, value: 
key: 768165, value: 
key: 3194, value: 
key: 111239, value: 
key: 15230, value: 
key: 11256, value: 
key: 765441, value: 
key: 309319, value: 
key: 815744, value: 
key: 98440, value: 
key: 102015, value: 
key: 266760, value: 
key: 16497, value: 
key: 716706, value: 
key: 903764, value: 
key: 685514, value: 
key: 794292, value: 
key: 726411, value: 
key: 15748, value: 
key: 477096, value: 
key: 550614, value: 
key: 67835, value: 
key: 586343, value: 
key: 106684, value: 
key: 767973, value: 
key: 253324, value: 
key: 357493, value: 
key: 919817, value: 
key: 446803, value: 
key: 512876, value: 
key: 408869, value: 
key: 12729, value: 
key: 60058, value: 
key: 9118, value: 
key: 49503, value: 
key: 182765, value: 
key: 187210, value: 
key: 6498, value: 
key: 26526, value: 
key: 447303, value: 
key: 277667, value: 
key: 5741, value: 
key: 862326, value: 
key: 754698, value: 
key: 501298, value: 
key: 437474, value: 
key: 516502, value: 
key: 814101, value: 
key: 525140, value: 
key: 564882, value: 
key: 17144, value: 
key: 20502, value: 
key: 146206, value: 
key: 817821, value: 
key: 199400, value: 
key: 239708, value: 
key: 459957, value: 
key: 302981, value: 
key: 28173, value: 
key: 226289, value: 
key: 76154, value: 
key: 796870, value: 
key: 149364, value: 
key: 204423, value: 
key: 596795, value: 
key: 278396, value: 
key: 7127, value: 
key: 155192, value: 
key: 136300, value: 
key: 140118, value: 
key: 268023, value: 
key: 827608, value: 
key: 676873, value: 
key: 65817, value: 
key: 413548, value: 
key: 607000, value: 
key: 499474, value: 
key: 779534, value: 
key: 784383, value: 
key: 231094, value: 
key: 5042, value: 
key: 803, value: 
key: 30837, value: 
key: 16723, value: 
key: 272697, value: 
key: 365265, value: 
key: 14334, value: 
key: 906598, value: 
key: 126491, value: 
key: 549900, value: 
key: 912447, value: 
key: 620948, value: 
key: 95753, value: 
key: 9974, value: 
key: 768381, value: 
key: 409697, value: 
key: 707704, value: 
key: 11388, value: 
key: 789502, value: 
key: 935, value: 
key: 271656, value: 
key: 439498, value: 
key: 937505, value: 
key: 414936, value: 
key: 72424, value: 
key: 36341, value: 
key: 910461, value: 
key: 938340, value: 
key: 185999, value: 
key: 720589, value: 
key: 585720, value: 
key: 423273, value: 
key: 399206, value: 
key: 103672, value: 
key: 532182, value: 
key: 35658, value: 
key: 110940, value: 
key: 76859, value: 
key: 37359, value: 
key: 53294, value: 
key: 251377, value: 
key: 360374, value: 
key: 553389, value: 
key: 868661, value: 
key: 638563, value: 
key: 153110, value: 
key: 11973, value: 
key: 368631, value: 
key: 883149, value: 
key: 322879, value: 
key: 349810, value: 
key: 775314, value: 
key: 152632, value: 
key: 5358, value: 
key: 23828, value: 
key: 93052, value: 
key: 59065, value: 
key: 3639, value: 
key: 468003, value: 
key: 34710, value: 
key: 204944, value: 
key: 321957, value: 
key: 213894, value: 
key: 211988, value: 
key: 563335, value: 
key: 355295, value: 
key: 102365, value: 
key: 169315, value: 
key: 6773, value: 
key: 557237, value: 
key: 336078, value: 
key: 622980, value: 
key: 148398, value: 
key: 406218, value: 
key: 7668, value: 
key: 286184, value: 
key: 57957, value: 
key: 5514, value: 
key: 591824, value: 
key: 735783, value: 
key: 158094, value: 
key: 70466, value: 
key: 10451, value: 
key: 64470, value: 
key: 142790, value: 
key: 528150, value: 
key: 156580, value: 
key: 597046, value: 
key: 710511, value: 
key: 819630, value: 
key: 621534, value: 
key: 849558, value: 
key: 64120, value: 
key: 126143, value: 
key: 114690, value: 
key: 848517, value: 
key: 794845, value: 
key: 290512, value: 
key: 998971, value: 
key: 22009, value: 
key: 65952, value: 
key: 2919, value: 
key: 960792, value: 
key: 55913, value: 
key: 538571, value: 
key: 566163, value: 
key: 28870, value: 
key: 738438, value: 
key: 126905, value: 
key: 975181, value: 
key: 132430, value: 
key: 97199, value: 
key: 555020, value: 
key: 60324, value: 
key: 242278, value: 
key: 884359, value: 
key: 441927, value: 
key: 1462, value: 
key: 82706, value: 
key: 544756, value: 
key: 215906, value: 
key: 90918, value: 
key: 179642, value: 
key: 998469, value: 
key: 315217, value: 
key: 13988, value: 
key: 51380, value: 
key: 218473, value: 
key: 793224, value: 
key: 39557, value: 
key: 833137, value: 
key: 3686, value: 
key: 120831, value: 
key: 10301, value: 
key: 6254, value: 
key: 341438, value: 
key: 10349, value: 
key: 72714, value: 
key: 917615, value: 
key: 66425, value: 
key: 704204, value: 
key: 342987, value: 
key: 238183, value: 
key: 176168, value: 
key: 695157, value: 
key: 379590, value: 
key: 558223, value: 
key: 625938, value: 
key: 345076, value: 
key: 72079, value: 
key: 371499, value: 
key: 19283, value: 
key: 343883, value: 
key: 874484, value: 
key: 190302, value: 
key: 466342, value: 
key: 3534, value: 
key: 19388, value: 
key: 601486, value: 
key: 957831, value: 
key: 644191, value: 
key: 19898, value: 
key: 217278, value: 
key: 432785, value: 
key: 38929, value: 
key: 341108, value: 
key: 337743, value: 
key: 268353, value: 
key: 981951, value: 
key: 123373, value: 
key: 618118, value: 
key: 580842, value: 
key: 32822, value: 
key: 660322, value: 
key: 705801, value: 
key: 201912, value: 
key: 364990, value: 
key: 165171, value: 
key: 89174, value: 
key: 923847, value: 
key: 613414, value: 
key: 89044, value: 
key: 996696, value: 
key: 100907, value: 
key: 522840, value: 
key: 12446, value: 
key: 10703, value: 
key: 234864, value: 
key: 83440, value: 
key: 44230, value: 
key: 584026, value: 
key: 44100, value: 
key: 876321, value: 
key: 154247, value: 
key: 97832, value: 
key: 636949, value: 
key: 73191, value: 
key: 770560, value: 
key: 952645, value: 
key: 153949, value: 
key: 352920, value: 
key: 585397, value: 
key: 21705, value: 
key: 274776, value: 
key: 633766, value: 
key: 348875, value: 
key: 171745, value: 
key: 825543, value: 
key: 182259, value: 
key: 659216, value: 
key: 32026, value: 
key: 442511, value: 
key: 436376, value: 
key: 416893, value: 
key: 696048, value: 
key: 731813, value: 
key: 33326, value: 
key: 769515, value: 
key: 650800, value: 
key: 869811, value: 
key: 607257, value: 
key: 940028, value: 
key: 194919, value: 
key: 38695, value: 
key: 17191, value: 
key: 399, value: 
key: 370591, value: 
key: 857012, value: 
key: 8072, value: 
key: 94350, value: 
key: 10343, value: 
key: 902273, value: 
key: 203893, value: 
key: 320286, value: 
key: 669837, value: 
key: 853610, value: 
key: 960415, value: 
key: 780642, value: 
key: 209510, value: 
key: 738788, value: 
key: 738654, value: 
key: 37867, value: 
key: 547920, value: 
key: 2654, value: 
key: 413652, value: 
key: 357875, value: 
key: 692004, value: 
key: 7691, value: 
key: 149742, value: 
key: 56965, value: 
key: 424881, value: 
key: 504257, value: 
key: 103649, value: 
key: 35395, value: 
key: 416640, value: 
key: 1424, value: 
key: 925807, value: 
key: 609891, value: 
key: 27420, value: 
key: 14273, value: 
key: 886120, value: 
key: 509463, value: 
key: 1307, value: 
key: 157455, value: 
key: 818378, value: 
key: 264010, value: 
key: 145157, value: 
key: 467987, value: 
key: 54972, value: 
key: 94271, value: 
key: 82300, value: 
key: 52471, value: 
key: 123265, value: 
key: 808513, value: 
key: 608728, value: 
key: 294523, value: 
key: 677094, value: 
key: 542132, value: 
key: 440001, value: 
key: 628838, value: 
key: 323094, value: 
key: 53588, value: 
key: 731950, value: 
key: 48757, value: 
key: 551820, value: 
key: 6263, value: 
key: 7121, value: 
key: 18985, value: 
key: 522787, value: 
key: 28726, value: 
key: 11933, value: 
key: 108392, value: 
key: 478462, value: 
key: 87385, value: 
key: 950191, value: 
key: 728743, value: 
key: 281220, value: 
key: 137282, value: 
key: 27949, value: 
key: 774603, value: 
key: 721566, value: 
key: 520255, value: 
key: 691313, value: 
key: 86898, value: 
key: 29905, value: 
key: 413575, value: 
key: 660375, value: 
key: 552977, value: 
key: 352847, value: 
key: 423064, value: 
key: 51159, value: 
key: 10420, value: 
key: 559691, value: 
key: 506680, value: 
key: 282568, value: 
key: 555, value: 
key: 12846, value: 
key: 347654, value: 
key: 724051, value: 
key: 471353, value: 
key: 43536, value: 
key: 477456, value: 
key: 377204, value: 
key: 3260, value: 
key: 653179, value: 
key: 11287, value: 
key: 302697, value: 
key: 577549, value: 
key: 767052, value: 
key: 230444, value: 
key: 911495, value: 
key: 113440, value: 
key: 4005, value: 
key: 350575, value: 
key: 147597, value: 
key: 38833, value: 
key: 7189, value: 
key: 440722, value: 
key: 982774, value: 
key: 676037, value: 
key: 148895, value: 
key: 609, value: 
key: 412714, value: 
key: 75434, value: 
key: 61288, value: 
key: 337451, value: 
key: 518270, value: 
key: 315840, value: 
key: 146899, value: 
key: 107867, value: 
key: 927926, value: 
key: 452877, value: 
key: 544604, value: 
key: 495339, value: 
key: 17443, value: 
key: 257410, value: 
key: 36842, value: 
key: 929304, value: 
key: 65536, value: 
key: 556926, value: 
key: 544640, value: 
key: 980622, value: 
key: 24885, value: 
key: 548509, value: 
key: 196821, value: 
key: 722587, value: 
key: 408108, value: 
key: 54422, value: 
key: 33779, value: 
key: 379208, value: 
key: 68296, value: 
key: 395000, value: 
key: 133529, value: 
key: 76448, value: 
key: 38750, value: 
key: 693034, value: 
key: 158629, value: 
key: 142321, value: 
key: 19324, value: 
key: 315570, value: 
key: 17229, value: 
key: 737220, value: 
key: 4573, value: 
key: 111899, value: 
key: 286171, value: 
key: 99818, value: 
key: 832419, value: 
key: 129328, value: 
key: 20564, value: 
key: 241031, value: 
key: 236864, value: 
key: 39458, value: 
key: 314180, value: 
key: 6094, value: 
key: 5213, value: 
key: 888889, value: 
key: 23570, value: 
key: 522857, value: 
key: 999596, value: 
key: 96255, value: 
key: 122253, value: 
key: 974674, value: 
key: 613830, value: 
key: 526901, value: 
key: 71359, value: 
key: 920002, value: 
key: 877375, value: 
key: 135237, value: 
key: 155220, value: 
key: 59496, value: 
key: 115936, value: 
key: 2517, value: 
key: 36758, value: 
key: 328316, value: 
key: 886047, value: 
key: 498899, value: 
key: 282810, value: 
key: 133080, value: 
key: 426647, value: 
key: 95793, value: 
key: 440131, value: 
key: 766666, value: 
key: 597453, value: 
key: 304330, value: 
key: 945645, value: 
key: 60412, value: 
key: 37371, value: 
key: 907148, value: 
key: 321609, value: 
key: 284393, value: 
key: 955048, value: 
key: 1923, value: 
key: 609556, value: 
key: 174171, value: 
key: 926631, value: 
key: 7325, value: 
key: 369683, value: 
key: 796494, value: 
key: 25738, value: 
key: 56888, value: 
key: 447325, value: 
key: 91827, value: 
key: 989252, value: 
key: 430004, value: 
key: 962947, value: 
key: 317255, value: 
key: 413904, value: 
key: 261817, value: 
key: 802368, value: 
key: 624344, value: 
key: 149023, value: 
key: 263653, value: 
key: 622722, value: 
key: 953026, value: 
key: 149375, value: 
key: 416743, value: 
key: 1644, value: 
key: 324954, value: 
key: 557, value: 
key: 403787, value: 
key: 816868, value: 
key: 360398, value: 
key: 495038, value: 
key: 693490, value: 
key: 351455, value: 
key: 16851, value: 
key: 538102, value: 
key: 791415, value: 
key: 878369, value: 
key: 836699, value: 
key: 513505, value: 
key: 200748, value: 
key: 254307, value: 
key: 419861, value: 
key: 499870, value: 
key: 587199, value: 
key: 116537, value: 
key: 20496, value: 
key: 313394, value: 
key: 90576, value: 
key: 584147, value: 
key: 623, value: 
key: 428373, value: 
key: 933408, value: 
key: 7534, value: 
key: 74527, value: 
key: 157592, value: 
key: 466489, value: 
key: 174726, value: 
key: 78079, value: 
key: 891692, value: 
key: 778845, value: 
key: 688849, value: 
key: 866924, value: 
key: 91661, value: 
key: 131075, value: 
key: 455740, value: 
key: 9279, value: 
key: 473023, value: 
key: 177897, value: 
key: 243785, value: 
key: 879270, value: 
key: 414570, value: 
key: 561809, value: 
key: 76730, value: 
key: 311912, value: 
key: 28207, value: 
key: 170131, value: 
key: 779732, value: 
key: 96789, value: 
key: 419784, value: 
key: 176847, value: 
key: 763119, value: 
key: 116755, value: 
key: 127285, value: 
key: 602739, value: 
key: 47404, value: 
key: 538443, value: 
key: 158759, value: 
key: 1556, value: 
key: 398669, value: 
key: 685402, value: 
key: 66414, value: 
key: 966938, value: 
key: 115273, value: 
key: 208652, value: 
key: 810440, value: 
key: 108495, value: 
key: 28265, value: 
key: 23080, value: 
key: 283846, value: 
key: 363487, value: 
key: 127759, value: 
key: 142149, value: 
key: 117848, value: 
key: 861105, value: 
key: 49439, value: 
key: 403419, value: 
key: 179956, value: 
key: 203846, value: 
key: 56842, value: 
key: 76910, value: 
key: 149452, value: 
key: 861505, value: 
key: 784662, value: 
key: 29714, value: 
key: 520176, value: 
key: 344842, value: 
key: 2375, value: 
key: 3381, value: 
key: 958292, value: 
key: 841677, value: 
key: 503144, value: 
key: 161540, value: 
key: 677366, value: 
key: 25899, value: 
key: 488535, value: 
key: 67389, value: 
key: 48670, value: 
key: 546040, value: 
key: 399374, value: 
key: 869943, value: 
key: 83, value: 
key: 39759, value: 
key: 15045, value: 
key: 3033, value: 
key: 3200, value: 
key: 107650, value: 
key: 432682, value: 
key: 701726, value: 
key: 33373, value: 
key: 944703, value: 
key: 814279, value: 
key: 61745, value: 
key: 77634, value: 
key: 548712, value: 
key: 868258, value: 
key: 102264, value: 
key: 119080, value: 
key: 561348, value: 
key: 330018, value: 
key: 965265, value: 
key: 190144, value: 
key: 816846, value: 
key: 18275, value: 
key: 579345, value: 
key: 763957, value: 
key: 470880, value: 
key: 363401, value: 
key: 180918, value: 
key: 455812, value: 
key: 961472, value: 
key: 299524, value: 
key: 394719, value: 
key: 98512, value: 
key: 44085, value: 
key: 185924, value: 
key: 170977, value: 
key: 306693, value: 
key: 76813, value: 
key: 248959, value: 
key: 543690, value: 
key: 521708, value: 
key: 369584, value: 
key: 40755, value: 
key: 21013, value: 
key: 741959, value: 
key: 219841, value: 
key: 73236, value: 
key: 216763, value: 
key: 2605, value: 
key: 10213, value: 
key: 50686, value: 
key: 9875, value: 
key: 835096, value: 
key: 797466, value: 
key: 146822, value: 
key: 976612, value: 
key: 163229, value: 
key: 22269, value: 
key: 210864, value: 
key: 48179, value: 
key: 369104, value: 
key: 68870, value: 
key: 103771, value: 
key: 332702, value: 
key: 10745, value: 
key: 574351, value: 
key: 1013, value: 
key: 143252, value: 
key: 697092, value: 
key: 892578, value: 
key: 584592, value: 
key: 32941, value: 
key: 913280, value: 
key: 527184, value: 
key: 709737, value: 
key: 329418, value: 
key: 279838, value: 
key: 3112, value: 
key: 152443, value: 
key: 910131, value: 
key: 95623, value: 
key: 278882, value: 
key: 474075, value: 
key: 372953, value: 
key: 11302, value: 
key: 153200, value: 
key: 66270, value: 
key: 837261, value: 
key: 761988, value: 
key: 841969, value: 
key: 672332, value: 
key: 510371, value: 
key: 888157, value: 
key: 452671, value: 
key: 14224, value: 
key: 128574, value: 
key: 40308, value: 
key: 68810, value: 
key: 249653, value: 
key: 234804, value: 
key: 527872, value: 
key: 4874, value: 
key: 269817, value: 
key: 411726, value: 
key: 101359, value: 
key: 470284, value: 
key: 690194, value: 
key: 320161, value: 
key: 7806, value: 
key: 317435, value: 
key: 141700, value: 
key: 2445, value: 
key: 121663, value: 
key: 372971, value: 
key: 581834, value: 
key: 752728, value: 
key: 7800, value: 
key: 1873, value: 
key: 994386, value: 
key: 342378, value: 
key: 7987, value: 
key: 775785, value: 
key: 428395, value: 
key: 15818, value: 
key: 5756, value: 
key: 799895, value: 
key: 776878, value: 
key: 104028, value: 
key: 577862, value: 
key: 417753, value: 
key: 560752, value: 
key: 438145, value: 
key: 949331, value: 
key: 604137, value: 
key: 117547, value: 
key: 897517, value: 
key: 358706, value: 
key: 683444, value: 
key: 4461, value: 
key: 471357, value: 
key: 385179, value: 
key: 132711, value: 
key: 174742, value: 
key: 631876, value: 
key: 519934, value: 
key: 658824, value: 
key: 324631, value: 
key: 69545, value: 
key: 150207, value: 
key: 220472, value: 
key: 182688, value: 
key: 152230, value: 
key: 241392, value: 
key: 79515, value: 
key: 639696, value: 
key: 131938, value: 
key: 228814, value: 
key: 556805, value: 
key: 632134, value: 
key: 218460, value: 
key: 126486, value: 
key: 269684, value: 
key: 935837, value: 
key: 143706, value: 
key: 562239, value: 
key: 468315, value: 
key: 591390, value: 
key: 129601, value: 
key: 412488, value: 
key: 849554, value: 
key: 871090, value: 
key: 681273, value: 
key: 28908, value: 
key: 288751, value: 
key: 43611, value: 
key: 416837, value: 
key: 608104, value: 
key: 406951, value: 
key: 981995, value: 
key: 289662, value: 
key: 970085, value: 
key: 486474, value: 
key: 148293, value: 
key: 513282, value: 
key: 208003, value: 
key: 647037, value: 
key: 145616, value: 
key: 247741, value: 
key: 316348, value: 
key: 864627, value: 
key: 870884, value: 
key: 590621, value: 
key: 17391, value: 
key: 139525, value: 
key: 819056, value: 
key: 598496, value: 
key: 251595, value: 
key: 771239, value: 
key: 6872, value: 
key: 904248, value: 
key: 27185, value: 
key: 127997, value: 
key: 126570, value: 
key: 64072, value: 
key: 757484, value: 
key: 353653, value: 
key: 8076, value: 
key: 27129, value: 
key: 4302, value: 
key: 435474, value: 
key: 921849, value: 
key: 79098, value: 
key: 71216, value: 
key: 106161, value: 
key: 129205, value: 
key: 92147, value: 
key: 9444, value: 
key: 96316, value: 
key: 315431, value: 
key: 79979, value: 
key: 170496, value: 
key: 846447, value: 
key: 897742, value: 
key: 535358, value: 
key: 236945, value: 
key: 372346, value: 
key: 146565, value: 
key: 304457, value: 
key: 334650, value: 
key: 969030, value: 
key: 318140, value: 
key: 38004, value: 
key: 190403, value: 
key: 847257, value: 
key: 19979, value: 
key: 408045, value: 
key: 31645, value: 
key: 171107, value: 
key: 677399, value: 
key: 28531, value: 
key: 26603, value: 
key: 2339, value: 
key: 855816, value: 
key: 217856, value: 
key: 383391, value: 
key: 175251, value: 
key: 292147, value: 
key: 589111, value: 
key: 264973, value: 
key: 253177, value: 
key: 338373, value: 
key: 666016, value: 
key: 989559, value: 
key: 739648, value: 
key: 244177, value: 
key: 47376, value: 
key: 909278, value: 
key: 404832, value: 
key: 558573, value: 
key: 211715, value: 
key: 739369, value: 
key: 614369, value: 
key: 137576, value: 
key: 265925, value: 
key: 73232, value: 
key: 305416, value: 
key: 7145, value: 
key: 468243, value: 
key: 67370, value: 
key: 21327, value: 
key: 6047, value: 
key: 555754, value: 
key: 618703, value: 
key: 5684, value: 
key: 45, value: 
key: 41277, value: 
key: 435991, value: 
key: 744897, value: 
key: 91704, value: 
key: 1037, value: 
key: 56796, value: 
key: 930535, value: 
key: 75625, value: 
key: 200021, value: 
key: 520, value: 
key: 95935, value: 
key: 355743, value: 
key: 304842, value: 
key: 935288, value: 
key: 167809, value: 
key: 115574, value: 
key: 22463, value: 
key: 758232, value: 
key: 306501, value: 
key: 3576, value: 
key: 97094, value: 
key: 228803, value: 
key: 83927, value: 
key: 668247, value: 
key: 1693, value: 
key: 352577, value: 
key: 792874, value: 
key: 336216, value: 
key: 132645, value: 
key: 380471, value: 
key: 252985, value: 
key: 223682, value: 
key: 8171, value: 
key: 140880, value: 
key: 656617, value: 
key: 4171, value: 
key: 32345, value: 
key: 548141, value: 
key: 397833, value: 
key: 358506, value: 
key: 55926, value: 
key: 254459, value: 
key: 38501, value: 
key: 535563, value: 
key: 939039, value: 
key: 843606, value: 
key: 71092, value: 
key: 376881, value: 
key: 805930, value: 
key: 221363, value: 
key: 4984, value: 
key: 548, value: 
key: 254255, value: 
key: 745212, value: 
key: 373701, value: 
key: 403301, value: 
key: 213421, value: 
key: 435278, value: 
key: 186554, value: 
key: 193099, value: 
key: 708132, value: 
key: 22728, value: 
key: 156124, value: 
key: 235090, value: 
key: 11711, value: 
key: 765306, value: 
key: 43752, value: 
key: 832527, value: 
key: 783207, value: 
key: 464074, value: 
key: 7402, value: 
key: 810055, value: 
key: 124259, value: 
key: 39236, value: 
key: 6472, value: 
key: 14008, value: 
key: 39230, value: 
key: 11597, value: 
key: 908297, value: 
key: 4515, value: 
key: 22201, value: 
key: 39423, value: 
key: 258949, value: 
key: 66508, value: 
key: 522776, value: 
key: 90965, value: 
key: 96585, value: 
key: 13263, value: 
key: 178034, value: 
key: 136458, value: 
key: 44670, value: 
key: 42621, value: 
key: 327074, value: 
key: 163959, value: 
key: 14691, value: 
key: 466285, value: 
key: 544864, value: 
key: 6111, value: 
key: 168796, value: 
key: 427899, value: 
key: 581964, value: 
key: 888975, value: 
key: 323867, value: 
key: 757387, value: 
key: 99320, value: 
key: 519899, value: 
key: 852754, value: 
key: 64269, value: 
key: 646906, value: 
key: 411313, value: 
key: 237973, value: 
key: 9684, value: 
key: 231618, value: 
key: 565966, value: 
key: 477908, value: 
key: 979844, value: 
key: 222986, value: 
key: 87262, value: 
key: 360565, value: 
key: 539394, value: 
key: 574179, value: 
key: 256503, value: 
key: 514425, value: 
key: 37409, value: 
key: 82740, value: 
key: 300989, value: 
key: 640443, value: 
key: 251669, value: 
key: 348808, value: 
key: 776366, value: 
key: 289099, value: 
key: 528781, value: 
key: 595042, value: 
key: 164905, value: 
key: 953183, value: 
key: 194283, value: 
key: 401455, value: 
key: 526628, value: 
key: 134632, value: 
key: 1639, value: 
key: 15388, value: 
key: 805484, value: 
key: 170597, value: 
key: 569355, value: 
key: 740662, value: 
key: 184552, value: 
key: 393295, value: 
key: 261059, value: 
key: 559198, value: 
key: 406601, value: 
key: 372306, value: 
key: 20490, value: 
key: 2250, value: 
key: 23790, value: 
key: 24711, value: 
key: 919460, value: 
key: 505737, value: 
key: 831672, value: 
key: 4098, value: 
key: 4854, value: 
key: 61741, value: 
key: 499913, value: 
key: 741494, value: 
key: 419614, value: 
key: 50583, value: 
key: 260236, value: 
key: 256, value: 
key: 7699, value: 
key: 77577, value: 
key: 396377, value: 
key: 1079, value: 
key: 14217, value: 
key: 819658, value: 
key: 3888, value: 
key: 418914, value: 
key: 10143, value: 
key: 345418, value: 
key: 485842, value: 
key: 96914, value: 
key: 227390, value: 
key: 3613, value: 
key: 85189, value: 
key: 662959, value: 
key: 663561, value: 
key: 1277, value: 
key: 368459, value: 
key: 481477, value: 
key: 772502, value: 
key: 913022, value: 
key: 590801, value: 
key: 920563, value: 
key: 548972, value: 
key: 451139, value: 
key: 157451, value: 
key: 14318, value: 
key: 286045, value: 
key: 274956, value: 
key: 11878, value: 
key: 554597, value: 
key: 303678, value: 
key: 29875, value: 
key: 79896, value: 
key: 904415, value: 
key: 853630, value: 
key: 655003, value: 
key: 201565, value: 
key: 466425, value: 
key: 255153, value: 
key: 830859, value: 
key: 907122, value: 
key: 211647, value: 
key: 617094, value: 
key: 489417, value: 
key: 18374, value: 
key: 13348, value: 
key: 947962, value: 
key: 533750, value: 
key: 2353, value: 
key: 108815, value: 
key: 239849, value: 
key: 105676, value: 
key: 966084, value: 
key: 17054, value: 
key: 93379, value: 
key: 509302, value: 
key: 134494, value: 
key: 89299, value: 
key: 56778, value: 
key: 643873, value: 
key: 33232, value: 
key: 247826, value: 
key: 759396, value: 
key: 349560, value: 
key: 431810, value: 
key: 78170, value: 
key: 436518, value: 
key: 216451, value: 
key: 442687, value: 
key: 207059, value: 
key: 233421, value: 
key: 30615, value: 
key: 788255, value: 
key: 33412, value: 
key: 402182, value: 
key: 604706, value: 
key: 41464, value: 
key: 423026, value: 
key: 291128, value: 
key: 278945, value: 
key: 69644, value: 
key: 11135, value: 
key: 759361, value: 
key: 707221, value: 
key: 359879, value: 
key: 363351, value: 
key: 889774, value: 
key: 173291, value: 
key: 446159, value: 
key: 18653, value: 
key: 530717, value: 
key: 17960, value: 
key: 994243, value: 
key: 429642, value: 
key: 397903, value: 
key: 2005, value: 
key: 297519, value: 
key: 1530, value: 
key: 162185, value: 
key: 142114, value: 
key: 432174, value: 
key: 471645, value: 
key: 252310, value: 
key: 21431, value: 
key: 192010, value: 
key: 13151, value: 
key: 96105, value: 
key: 183784, value: 
key: 732959, value: 
key: 218932, value: 
key: 230136, value: 
key: 693953, value: 
key: 48454, value: 
key: 638482, value: 
key: 349511, value: 
key: 2074, value: 
key: 456213, value: 
key: 543911, value: 
key: 927614, value: 
key: 829907, value: 
key: 137071, value: 
key: 560077, value: 
key: 38422, value: 
key: 962, value: 
key: 9918, value: 
key: 298907, value: 
key: 140099, value: 
key: 587162, value: 
key: 559785, value: 
key: 985960, value: 
key: 368774, value: 
key: 319235, value: 
key: 418848, value: 
key: 57210, value: 
key: 80601, value: 
key: 968400, value: 
key: 137194, value: 
key: 414970, value: 
key: 339677, value: 
key: 385269, value: 
key: 243554, value: 
key: 57377, value: 
key: 233030, value: 
key: 409606, value: 
key: 397019, value: 
key: 551000, value: 
key: 84681, value: 
key: 844106, value: 
key: 13041, value: 
key: 181849, value: 
key: 923023, value: 
key: 118434, value: 
key: 409787, value: 
key: 590531, value: 
key: 125537, value: 
key: 45552, value: 
key: 11979, value: 
key: 306446, value: 
key: 82276, value: 
key: 57043, value: 
key: 323908, value: 
key: 387157, value: 
key: 19115, value: 
key: 178791, value: 
key: 231294, value: 
key: 481770, value: 
key: 67383, value: 
key: 239672, value: 
key: 332276, value: 
key: 281, value: 
key: 706, value: 
key: 670695, value: 
key: 78783, value: 
key: 7435, value: 
key: 802580, value: 
key: 172867, value: 
key: 114449, value: 
key: 148035, value: 
key: 60786, value: 
key: 302695, value: 
key: 173033, value: 
key: 34918, value: 
key: 476718, value: 
key: 174661, value: 
key: 628663, value: 
key: 523054, value: 
key: 514081, value: 
key: 610291, value: 
key: 68054, value: 
key: 520819, value: 
key: 175994, value: 
key: 134704, value: 
key: 154287, value: 
key: 2546, value: 
key: 1950, value: 
key: 704798, value: 
key: 672, value: 
key: 750276, value: 
key: 191233, value: 
key: 10233, value: 
key: 421, value: 
key: 507157, value: 
key: 867169, value: 
key: 806779, value: 
key: 268973, value: 
key: 143513, value: 
key: 244980, value: 
key: 50998, value: 
key: 6197, value: 
key: 47185, value: 
key: 910184, value: 
key: 955943, value: 
key: 156441, value: 
key: 407859, value: 
key: 232284, value: 
key: 849260, value: 
key: 566952, value: 
key: 569720, value: 
key: 656882, value: 
key: 34561, value: 
key: 84351, value: 
key: 159606, value: 
key: 485581, value: 
key: 1233, value: 
key: 786769, value: 
key: 122963, value: 
key: 229583, value: 
key: 388826, value: 
key: 222232, value: 
key: 86760, value: 
key: 94628, value: 
key: 991440, value: 
key: 69372, value: 
key: 105551, value: 
key: 346813, value: 
key: 594016, value: 
key: 778489, value: 
key: 148835, value: 
key: 99870, value: 
key: 103252, value: 
key: 265017, value: 
key: 27390, value: 
key: 80373, value: 
key: 446737, value: 
key: 901568, value: 
key: 25327, value: 
key: 963461, value: 
key: 932250, value: 
key: 121658, value: 
key: 786745, value: 
key: 913169, value: 
key: 139996, value: 
key: 779068, value: 
key: 14301, value: 
key: 485170, value: 
key: 114881, value: 
key: 158607, value: 
key: 316379, value: 
key: 898961, value: 
key: 2072, value: 
key: 53599, value: 
key: 23114, value: 
key: 277933, value: 
key: 440025, value: 
key: 207415, value: 
key: 559721, value: 
key: 603488, value: 
key: 388972, value: 
key: 628205, value: 
key: 148059, value: 
key: 455281, value: 
key: 426681, value: 
key: 8180, value: 
key: 461897, value: 
key: 418969, value: 
key: 4900, value: 
key: 154117, value: 
key: 44982, value: 
key: 31506, value: 
key: 469844, value: 
key: 38934, value: 
key: 566444, value: 
key: 678275, value: 
key: 148057, value: 
key: 833089, value: 
key: 921360, value: 
key: 983052, value: 
key: 45088, value: 
key: 1017, value: 
key: 102307, value: 
key: 78868, value: 
key: 173965, value: 
key: 4281, value: 
key: 877256, value: 
key: 702125, value: 
key: 559932, value: 
key: 922682, value: 
key: 80757, value: 
key: 69383, value: 
key: 337097, value: 
key: 917824, value: 
key: 691885, value: 
key: 262274, value: 
key: 89770, value: 
key: 98684, value: 
key: 1202, value: 
key: 47316, value: 
key: 798254, value: 
key: 63798, value: 
key: 84005, value: 
key: 386288, value: 
key: 170906, value: 
key: 14118, value: 
key: 79863, value: 
key: 61516, value: 
key: 8913, value: 
key: 677478, value: 
key: 716966, value: 
key: 662771, value: 
key: 420577, value: 
key: 24500, value: 
key: 731103, value: 
key: 415779, value: 
key: 367201, value: 
key: 15850, value: 
key: 31201, value: 
key: 622632, value: 
key: 33467, value: 
key: 220085, value: 
key: 41187, value: 
key: 410437, value: 
key: 564581, value: 
key: 106422, value: 
key: 515682, value: 
key: 913, value: 
key: 268560, value: 
key: 213786, value: 
key: 11430, value: 
key: 886960, value: 
key: 436875, value: 
key: 568271, value: 
key: 459487, value: 
key: 25666, value: 
key: 1161, value: 
key: 31124, value: 
key: 959747, value: 
key: 515659, value: 
key: 839513, value: 
key: 577039, value: 
key: 778942, value: 
key: 480366, value: 
key: 555523, value: 
key: 818749, value: 
key: 774429, value: 
key: 937, value: 
key: 989922, value: 
key: 51904, value: 
key: 164136, value: 
key: 953, value: 
key: 270789, value: 
key: 899298, value: 
key: 60917, value: 
key: 19034, value: 
key: 67080, value: 
key: 381582, value: 
key: 777145, value: 
key: 971769, value: 
key: 278918, value: 
key: 341784, value: 
key: 414819, value: 
key: 870013, value: 
key: 140756, value: 
key: 512252, value: 
key: 259782, value: 
key: 92312, value: 
key: 989982, value: 
key: 480296, value: 
key: 67695, value: 
key: 530816, value: 
key: 50639, value: 
key: 495663, value: 
key: 244865, value: 
key: 592074, value: 
key: 820849, value: 
key: 645956, value: 
key: 520488, value: 
key: 519280, value: 
key: 193581, value: 
key: 582, value: 
key: 697908, value: 
key: 134582, value: 
key: 39322, value: 
key: 22580, value: 
key: 439063, value: 
key: 228197, value: 
key: 653793, value: 
key: 621709, value: 
key: 177677, value: 
key: 475139, value: 
key: 71111, value: 
key: 10682, value: 
key: 263387, value: 
key: 23697, value: 
key: 198645, value: 
key: 685598, value: 
key: 191602, value: 
key: 99157, value: 
key: 665266, value: 
key: 386682, value: 
key: 244582, value: 
key: 806867, value: 
key: 757927, value: 
key: 604089, value: 
key: 211465, value: 
key: 519622, value: 
key: 945722, value: 
key: 116733, value: 
key: 487466, value: 
key: 189670, value: 
key: 725122, value: 
key: 17711, value: 
key: 92828, value: 
key: 21473, value: 
key: 213384, value: 
key: 531792, value: 
key: 11007, value: 
key: 112717, value: 
key: 890097, value: 
key: 434536, value: 
key: 278200, value: 
key: 312373, value: 
key: 13113, value: 
key: 42665, value: 
key: 818909, value: 
key: 66148, value: 
key: 240739, value: 
key: 178908, value: 
key: 927740, value: 
key: 363155, value: 
key: 183887, value: 
key: 695854, value: 
key: 5350, value: 
key: 535714, value: 
key: 225279, value: 
key: 442971, value: 
key: 319039, value: 
key: 474639, value: 
key: 617197, value: 
key: 229464, value: 
key: 180495, value: 
key: 538737, value: 
key: 204021, value: 
key: 242553, value: 
key: 174573, value: 
key: 502385, value: 
key: 100154, value: 
key: 630420, value: 
key: 576975, value: 
key: 8490, value: 
key: 148037, value: 
key: 130342, value: 
key: 13609, value: 
key: 3668, value: 
key: 416527, value: 
key: 35823, value: 
key: 925465, value: 
key: 890952, value: 
key: 18741, value: 
key: 258671, value: 
key: 6647, value: 
key: 19188, value: 
key: 100857, value: 
key: 155815, value: 
key: 392881, value: 
key: 8335, value: 
key: 109775, value: 
key: 448175, value: 
key: 401899, value: 
key: 529379, value: 
key: 690284, value: 
key: 15919, value: 
key: 926, value: 
key: 811942, value: 
key: 294943, value: 
key: 545959, value: 
key: 344349, value: 
key: 124240, value: 
key: 5811, value: 
key: 16640, value: 
key: 65356, value: 
key: 958867, value: 
key: 24407, value: 
key: 227002, value: 
key: 76251, value: 
key: 982066, value: 
key: 143438, value: 
key: 889608, value: 
key: 254435, value: 
key: 27769, value: 
key: 131147, value: 
key: 948086, value: 
key: 692125, value: 
key: 5765, value: 
key: 34361, value: 
key: 755138, value: 
key: 108624, value: 
key: 505922, value: 
key: 4393, value: 
key: 889035, value: 
key: 182565, value: 
key: 5024, value: 
key: 543568, value: 
key: 47565, value: 
key: 29376, value: 
key: 401921, value: 
key: 5903, value: 
key: 225624, value: 
key: 688104, value: 
key: 753053, value: 
key: 128398, value: 
key: 484478, value: 
key: 471911, value: 
key: 700961, value: 
key: 896525, value: 
key: 669800, value: 
key: 320543, value: 
key: 854538, value: 
key: 46375, value: 
key: 99555, value: 
key: 610480, value: 
key: 246041, value: 
key: 10408, value: 
key: 883578, value: 
key: 11601, value: 
key: 293308, value: 
key: 177420, value: 
key: 895269, value: 
key: 25532, value: 
key: 483271, value: 
key: 508640, value: 
key: 310568, value: 
key: 368383, value: 
key: 338616, value: 
key: 791440, value: 
key: 482256, value: 
key: 795361, value: 
key: 74383, value: 
key: 359635, value: 
key: 258734, value: 
key: 389379, value: 
key: 114900, value: 
key: 252853, value: 
key: 497090, value: 
key: 788325, value: 
key: 207534, value: 
key: 52048, value: 
key: 962811, value: 
key: 782644, value: 
key: 54679, value: 
key: 67787, value: 
key: 68964, value: 
key: 46834, value: 
key: 993952, value: 
key: 732160, value: 
key: 274877, value: 
key: 813014, value: 
key: 690934, value: 
key: 413869, value: 
key: 54837, value: 
key: 347669, value: 
key: 516094, value: 
key: 3, value: 
key: 110818, value: 
key: 79339, value: 
key: 302736, value: 
key: 550270, value: 
key: 19636, value: 
key: 20562, value: 
key: 185764, value: 
key: 697713, value: 
key: 701728, value: 
key: 68784, value: 
key: 477676, value: 
key: 975473, value: 
key: 565793, value: 
key: 123342, value: 
key: 635999, value: 
key: 6171, value: 
key: 944316, value: 
key: 895920, value: 
key: 9408, value: 
key: 111071, value: 
key: 7118, value: 
key: 234862, value: 
key: 276176, value: 
key: 130878, value: 
key: 99326, value: 
key: 233191, value: 
key: 10994, value: 
key: 716317, value: 
key: 977734, value: 
key: 326473, value: 
key: 609671, value: 
key: 181474, value: 
key: 553662, value: 
key: 99298, value: 
key: 9961, value: 
key: 358920, value: 
key: 68476, value: 
key: 292905, value: 
key: 800216, value: 
key: 96929, value: 
key: 43893, value: 
key: 532230, value: 
key: 503038, value: 
key: 60294, value: 
key: 825541, value: 
key: 507948, value: 
key: 454439, value: 
key: 33737, value: 
key: 715569, value: 
key: 19520, value: 
key: 777624, value: 
key: 802760, value: 
key: 212673, value: 
key: 9293, value: 
key: 15469, value: 
key: 195385, value: 
key: 64485, value: 
key: 185560, value: 
key: 487316, value: 
key: 167328, value: 
key: 85631, value: 
key: 55577, value: 
key: 1183, value: 
key: 319808, value: 
key: 732661, value: 
key: 93425, value: 
key: 226922, value: 
key: 570610, value: 
key: 142310, value: 
key: 647624, value: 
key: 844061, value: 
key: 543177, value: 
key: 261051, value: 
key: 296453, value: 
key: 88762, value: 
key: 68230, value: 
key: 795804, value: 
key: 319956, value: 
key: 138915, value: 
key: 353934, value: 
key: 154964, value: 
key: 624414, value: 
key: 144879, value: 
key: 150995, value: 
key: 138908, value: 
key: 425613, value: 
key: 331127, value: 
key: 880904, value: 
key: 831124, value: 
key: 134346, value: 
key: 73454, value: 
key: 891843, value: 
key: 828357, value: 
key: 9194, value: 
key: 869448, value: 
key: 788978, value: 
key: 599666, value: 
key: 496325, value: 
key: 214501, value: 
key: 5149, value: 
key: 239306, value: 
key: 391646, value: 
key: 373257, value: 
key: 393044, value: 
key: 164116, value: 
key: 132302, value: 
key: 484650, value: 
key: 461415, value: 
key: 211939, value: 
key: 45259, value: 
key: 424322, value: 
key: 378041, value: 
key: 931776, value: 
key: 27811, value: 
key: 146404, value: 
key: 519703, value: 
key: 184008, value: 
key: 127522, value: 
key: 124026, value: 
key: 537514, value: 
key: 84258, value: 
key: 867370, value: 
key: 851812, value: 
key: 453843, value: 
key: 2908, value: 
key: 417221, value: 
key: 349414, value: 
key: 377, value: 
key: 223772, value: 
key: 6564, value: 
key: 214583, value: 
key: 226610, value: 
key: 108327, value: 
key: 13832, value: 
key: 183964, value: 
key: 24834, value: 
key: 561311, value: 
key: 150739, value: 
key: 23130, value: 
key: 11359, value: 
key: 135, value: 
key: 162824, value: 
key: 785252, value: 
key: 353208, value: 
key: 28263, value: 
key: 116751, value: 
key: 592597, value: 
key: 10901, value: 
key: 387366, value: 
key: 647132, value: 
key: 39917, value: 
key: 87882, value: 
key: 35597, value: 
key: 2203, value: 
key: 18813, value: 
key: 348972, value: 
key: 133424, value: 
key: 67530, value: 
key: 936919, value: 
key: 484744, value: 
key: 45435, value: 
key: 54440, value: 
key: 123614, value: 
key: 453775, value: 
key: 11346, value: 
key: 36262, value: 
key: 735440, value: 
key: 650684, value: 
key: 950184, value: 
key: 64579, value: 
key: 711299, value: 
key: 509223, value: 
key: 103067, value: 
key: 16626, value: 
key: 436619, value: 
key: 242436, value: 
key: 659636, value: 
key: 61840, value: 
key: 36419, value: 
key: 193048, value: 
key: 51236, value: 
key: 442964, value: 
key: 187753, value: 
key: 126194, value: 
key: 289202, value: 
key: 159792, value: 
key: 762332, value: 
key: 75410, value: 
key: 324794, value: 
key: 591875, value: 
key: 31632, value: 
key: 21525, value: 
key: 690394, value: 
key: 234367, value: 
key: 11908, value: 
key: 31605, value: 
key: 32747, value: 
key: 469897, value: 
key: 316096, value: 
key: 115747, value: 
key: 3426, value: 
key: 716953, value: 
key: 25301, value: 
key: 437056, value: 
key: 228546, value: 
key: 214422, value: 
key: 279472, value: 
key: 197927, value: 
key: 23978, value: 
key: 339549, value: 
key: 93454, value: 
key: 62711, value: 
key: 408465, value: 
key: 182422, value: 
key: 63459, value: 
key: 227677, value: 
key: 878026, value: 
key: 804401, value: 
key: 385124, value: 
key: 56918, value: 
key: 943614, value: 
key: 382675, value: 
key: 57490, value: 
key: 7053, value: 
key: 132896, value: 
key: 325951, value: 
key: 36974, value: 
key: 423394, value: 
key: 273698, value: 
key: 588525, value: 
key: 406210, value: 
key: 189630, value: 
key: 559295, value: 
key: 317169, value: 
key: 245473, value: 
key: 982305, value: 
key: 727582, value: 
key: 38712, value: 
key: 80805, value: 
key: 50321, value: 
key: 447800, value: 
key: 344659, value: 
key: 40119, value: 
key: 57117, value: 
key: 555866, value: 
key: 230064, value: 
key: 949773, value: 
key: 45219, value: 
key: 2731, value: 
key: 233795, value: 
key: 507447, value: 
key: 390513, value: 
key: 434134, value: 
key: 590757, value: 
key: 348385, value: 
key: 751215, value: 
key: 345540, value: 
key: 739741, value: 
key: 226212, value: 
key: 13823, value: 
key: 27525, value: 
key: 342523, value: 
key: 872813, value: 
key: 464025, value: 
key: 559646, value: 
key: 346657, value: 
key: 768341, value: 
key: 4746, value: 
key: 308675, value: 
key: 98147, value: 
key: 364750, value: 
key: 737606, value: 
key: 799002, value: 
key: 822100, value: 
key: 527292, value: 
key: 373349, value: 
key: 830936, value: 
key: 962727, value: 
key: 357703, value: 
key: 314919, value: 
key: 972131, value: 
key: 55593, value: 
key: 387609, value: 
key: 35777, value: 
key: 278488, value: 
key: 485710, value: 
key: 777518, value: 
key: 413924, value: 
key: 751271, value: 
key: 22225, value: 
key: 43819, value: 
key: 938579, value: 
key: 114317, value: 
key: 814765, value: 
key: 757240, value: 
key: 896576, value: 
key: 25891, value: 
key: 638, value: 
key: 361049, value: 
key: 481187, value: 
key: 35331, value: 
key: 467796, value: 
key: 558179, value: 
key: 178362, value: 
key: 314494, value: 
key: 688919, value: 
key: 45950, value: 
key: 28579, value: 
key: 92684, value: 
key: 833621, value: 
key: 50354, value: 
key: 12213, value: 
key: 990151, value: 
key: 132197, value: 
key: 46760, value: 
key: 68346, value: 
key: 145443, value: 
key: 120600, value: 
key: 334696, value: 
key: 735279, value: 
key: 206375, value: 
key: 58576, value: 
key: 812693, value: 
key: 332078, value: 
key: 425721, value: 
key: 241932, value: 
key: 670170, value: 
key: 433212, value: 
key: 175358, value: 
key: 426519, value: 
key: 651559, value: 
key: 524639, value: 
key: 299247, value: 
key: 327504, value: 
key: 596700, value: 
key: 25530, value: 
key: 2450, value: 
key: 768408, value: 
key: 169553, value: 
key: 4731, value: 
key: 544257, value: 
key: 387155, value: 
key: 58932, value: 
key: 969269, value: 
key: 317329, value: 
key: 605295, value: 
key: 698864, value: 
key: 233207, value: 
key: 524301, value: 
key: 20654, value: 
key: 57478, value: 
key: 466401, value: 
key: 962640, value: 
key: 478655, value: 
key: 64209, value: 
key: 617371, value: 
key: 787665, value: 
key: 581623, value: 
key: 169052, value: 
key: 630716, value: 
key: 866698, value: 
key: 78491, value: 
key: 17418, value: 
key: 342752, value: 
key: 1213, value: 
key: 371460, value: 
key: 251540, value: 
key: 351215, value: 
key: 14330, value: 
key: 163698, value: 
key: 547889, value: 
key: 797, value: 
key: 47819, value: 
key: 42630, value: 
key: 953785, value: 
key: 507593, value: 
key: 17335, value: 
key: 7651, value: 
key: 792515, value: 
key: 143254, value: 
key: 795213, value: 
key: 358489, value: 
key: 355943, value: 
key: 559734, value: 
key: 381700, value: 
key: 18206, value: 
key: 773916, value: 
key: 384321, value: 
key: 3572, value: 
key: 18594, value: 
key: 320938, value: 
key: 195543, value: 
key: 920026, value: 
key: 784844, value: 
key: 2818, value: 
key: 580134, value: 
key: 335130, value: 
key: 936104, value: 
key: 52354, value: 
key: 224410, value: 
key: 23097, value: 
key: 207958, value: 
key: 568138, value: 
key: 75728, value: 
key: 80586, value: 
key: 57601, value: 
key: 220986, value: 
key: 29497, value: 
key: 79184, value: 
key: 927517, value: 
key: 19289, value: 
key: 2300, value: 
key: 609451, value: 
key: 284313, value: 
key: 271254, value: 
key: 870347, value: 
key: 431946, value: 
key: 259403, value: 
key: 235124, value: 
key: 426722, value: 
key: 47868, value: 
key: 468863, value: 
key: 215340, value: 
key: 8933, value: 
key: 439683, value: 
key: 743939, value: 
key: 11344, value: 
key: 23989, value: 
key: 714870, value: 
key: 10358, value: 
key: 28209, value: 
key: 320945, value: 
key: 310847, value: 
key: 1125, value: 
key: 75173, value: 
key: 2515, value: 
key: 1141, value: 
key: 396724, value: 
key: 145539, value: 
key: 72051, value: 
key: 985494, value: 
key: 751226, value: 
key: 70534, value: 
key: 336029, value: 
key: 337103, value: 
key: 125227, value: 
key: 776171, value: 
key: 97665, value: 
key: 805299, value: 
key: 438437, value: 
key: 412918, value: 
key: 461484, value: 
key: 111136, value: 
key: 29008, value: 
key: 442805, value: 
key: 560404, value: 
key: 626160, value: 
key: 217416, value: 
key: 295946, value: 
key: 88953, value: 
key: 3442, value: 
key: 10211, value: 
key: 242986, value: 
key: 119367, value: 
key: 830530, value: 
key: 654547, value: 
key: 424155, value: 
key: 347566, value: 
key: 950847, value: 
key: 602223, value: 
key: 811425, value: 
key: 743537, value: 
key: 368981, value: 
key: 717415, value: 
key: 211159, value: 
key: 952832, value: 
key: 470967, value: 
key: 804230, value: 
key: 228142, value: 
key: 549623, value: 
key: 888643, value: 
key: 72279, value: 
key: 117088, value: 
key: 27927, value: 
key: 110003, value: 
key: 975082, value: 
key: 377978, value: 
key: 172247, value: 
key: 44142, value: 
key: 135095, value: 
key: 656116, value: 
key: 1073, value: 
key: 89743, value: 
key: 540365, value: 
key: 647181, value: 
key: 32871, value: 
key: 419898, value: 
key: 757130, value: 
key: 164653, value: 
key: 243051, value: 
key: 863453, value: 
key: 380529, value: 
key: 574955, value: 
key: 2124, value: 
key: 406964, value: 
key: 148332, value: 
key: 585139, value: 
key: 11199, value: 
key: 188457, value: 
key: 87574, value: 
key: 115462, value: 
key: 688672, value: 
key: 341629, value: 
key: 99359, value: 
key: 258718, value: 
key: 351112, value: 
key: 958955, value: 
key: 570449, value: 
key: 237577, value: 
key: 28021, value: 
key: 45455, value: 
key: 126998, value: 
key: 31250, value: 
key: 774610, value: 
key: 145564, value: 
key: 220470, value: 
key: 101117, value: 
key: 657548, value: 
key: 231250, value: 
key: 865480, value: 
key: 364875, value: 
key: 55672, value: 
key: 76475, value: 
key: 848854, value: 
key: 751015, value: 
key: 28825, value: 
key: 276509, value: 
key: 408083, value: 
key: 642847, value: 
key: 1059, value: 
key: 3431, value: 
key: 68977, value: 
key: 401642, value: 
key: 830578, value: 
key: 559152, value: 
key: 362880, value: 
key: 850460, value: 
key: 8227, value: 
key: 936382, value: 
key: 43190, value: 
key: 19591, value: 
key: 251140, value: 
key: 115484, value: 
key: 733190, value: 
key: 632224, value: 
key: 204155, value: 
key: 733361, value: 
key: 222489, value: 
key: 357190, value: 
key: 89581, value: 
key: 734423, value: 
key: 326671, value: 
key: 688373, value: 
key: 847019, value: 
key: 129180, value: 
key: 191057, value: 
key: 767986, value: 
key: 962767, value: 
key: 675339, value: 
key: 407176, value: 
key: 11113, value: 
key: 69608, value: 
key: 24203, value: 
key: 661417, value: 
key: 159972, value: 
key: 722288, value: 
key: 38174, value: 
key: 825572, value: 
key: 393257, value: 
key: 240683, value: 
key: 85367, value: 
key: 351277, value: 
key: 4591, value: 
key: 894473, value: 
key: 253380, value: 
key: 129807, value: 
key: 193952, value: 
key: 420555, value: 
key: 176494, value: 
key: 984631, value: 
key: 52783, value: 
key: 209493, value: 
key: 422036, value: 
key: 33784, value: 
key: 301461, value: 
key: 788714, value: 
key: 169951, value: 
key: 936441, value: 
key: 268360, value: 
key: 96482, value: 
key: 8517, value: 
key: 27277, value: 
key: 8300, value: 
key: 566211, value: 
key: 500677, value: 
key: 231203, value: 
key: 35489, value: 
key: 990542, value: 
key: 959772, value: 
key: 748222, value: 
key: 161102, value: 
key: 517583, value: 
key: 431535, value: 
key: 375527, value: 
key: 255346, value: 
key: 504668, value: 
key: 164264, value: 
key: 898440, value: 
key: 171686, value: 
key: 78279, value: 
key: 106611, value: 
key: 93438, value: 
key: 315208, value: 
key: 591136, value: 
key: 360903, value: 
key: 328158, value: 
key: 487398, value: 
key: 853102, value: 
key: 911235, value: 
key: 609501, value: 
key: 593358, value: 
key: 231511, value: 
key: 461125, value: 
key: 386635, value: 
key: 274767, value: 
key: 60687, value: 
key: 642481, value: 
key: 384668, value: 
key: 767120, value: 
key: 568028, value: 
key: 511820, value: 
key: 67639, value: 
key: 407529, value: 
key: 91061, value: 
key: 57584, value: 
key: 69796, value: 
key: 345049, value: 
key: 46742, value: 
key: 117736, value: 
key: 11401, value: 
key: 453685, value: 
key: 6106, value: 
key: 943298, value: 
key: 426982, value: 
key: 13142, value: 
key: 258888, value: 
key: 403583, value: 
key: 32, value: 
key: 419607, value: 
key: 27536, value: 
key: 204672, value: 
key: 657959, value: 
key: 556779, value: 
key: 925610, value: 
key: 586493, value: 
key: 32028, value: 
key: 499218, value: 
key: 549944, value: 
key: 119147, value: 
key: 908705, value: 
key: 308237, value: 
key: 612446, value: 
key: 527788, value: 
key: 993411, value: 
key: 766046, value: 
key: 6795, value: 
key: 605105, value: 
key: 158498, value: 
key: 608403, value: 
key: 133783, value: 
key: 183870, value: 
key: 986767, value: 
key: 749151, value: 
key: 19247, value: 
key: 383227, value: 
key: 622557, value: 
key: 420519, value: 
key: 75489, value: 
key: 341962, value: 
key: 188116, value: 
key: 778775, value: 
key: 95106, value: 
key: 630763, value: 
key: 89259, value: 
key: 249613, value: 
key: 362279, value: 
key: 615348, value: 
key: 144563, value: 
key: 2223, value: 
key: 127836, value: 
key: 453621, value: 
key: 128846, value: 
key: 82339, value: 
key: 212503, value: 
key: 1237, value: 
key: 28322, value: 
key: 305230, value: 
key: 799277, value: 
key: 69895, value: 
key: 197396, value: 
key: 427349, value: 
key: 648421, value: 
key: 226784, value: 
key: 299539, value: 
key: 11160, value: 
key: 149836, value: 
key: 414383, value: 
key: 807, value: 
key: 225903, value: 
key: 2904, value: 
key: 739514, value: 
key: 6685, value: 
key: 162714, value: 
key: 226298, value: 
key: 63691, value: 
key: 386031, value: 
key: 13098, value: 
key: 201662, value: 
key: 637760, value: 
key: 493162, value: 
key: 857111, value: 
key: 5927, value: 
key: 465671, value: 
key: 204689, value: 
key: 21873, value: 
key: 41327, value: 
key: 170304, value: 
key: 298329, value: 
key: 75575, value: 
key: 63806, value: 
key: 489798, value: 
key: 696792, value: 
key: 475030, value: 
key: 18682, value: 
key: 288966, value: 
key: 745306, value: 
key: 2760, value: 
key: 36493, value: 
key: 440261, value: 
key: 63460, value: 
key: 924567, value: 
key: 22221, value: 
key: 316825, value: 
key: 63093, value: 
key: 34491, value: 
key: 785872, value: 
key: 1437, value: 
key: 17834, value: 
key: 191484, value: 
key: 773727, value: 
key: 833498, value: 
key: 25187, value: 
key: 264861, value: 
key: 371181, value: 
key: 438211, value: 
key: 45587, value: 
key: 847585, value: 
key: 940321, value: 
key: 811016, value: 
key: 129469, value: 
key: 174238, value: 
key: 117406, value: 
key: 503010, value: 
key: 121346, value: 
key: 511255, value: 
key: 212275, value: 
key: 3554, value: 
key: 246533, value: 
key: 259803, value: 
key: 16936, value: 
key: 144529, value: 
key: 10327, value: 
key: 11852, value: 
key: 388282, value: 
key: 399778, value: 
key: 224726, value: 
key: 169968, value: 
key: 70240, value: 
key: 15711, value: 
key: 500666, value: 
key: 322044, value: 
key: 16541, value: 
key: 159756, value: 
key: 11715, value: 
key: 826380, value: 
key: 45640, value: 
key: 389960, value: 
key: 54138, value: 
key: 191851, value: 
key: 76598, value: 
key: 168464, value: 
key: 515857, value: 
key: 10044, value: 
key: 226243, value: 
key: 182567, value: 
key: 982332, value: 
key: 179673, value: 
key: 110425, value: 
key: 70493, value: 
key: 31359, value: 
key: 782255, value: 
key: 602740, value: 
key: 433272, value: 
key: 171945, value: 
key: 534731, value: 
key: 383467, value: 
key: 723465, value: 
key: 814783, value: 
key: 168079, value: 
key: 57559, value: 
key: 296563, value: 
key: 406058, value: 
key: 223242, value: 
key: 133372, value: 
key: 546945, value: 
key: 919750, value: 
key: 173152, value: 
key: 42575, value: 
key: 343928, value: 
key: 652583, value: 
key: 12112, value: 
key: 447369, value: 
key: 585418, value: 
key: 903452, value: 
key: 126983, value: 
key: 737, value: 
key: 282261, value: 
key: 509207, value: 
key: 30033, value: 
key: 246951, value: 
key: 977222, value: 
key: 475265, value: 
key: 34064, value: 
key: 390810, value: 
key: 4249, value: 
key: 677155, value: 
key: 286935, value: 
key: 398717, value: 
key: 430109, value: 
key: 869897, value: 
key: 112135, value: 
key: 908073, value: 
key: 34637, value: 
key: 576432, value: 
key: 66557, value: 
key: 67185, value: 
key: 548709, value: 
key: 586910, value: 
key: 259791, value: 
key: 6913, value: 
key: 104062, value: 
key: 901591, value: 
key: 905494, value: 
key: 115325, value: 
key: 3349, value: 
key: 440715, value: 
key: 762556, value: 
key: 272594, value: 
key: 834772, value: 
key: 197497, value: 
key: 528527, value: 
key: 19717, value: 
key: 141748, value: 
key: 110058, value: 
key: 400001, value: 
key: 99254, value: 
key: 78743, value: 
key: 332616, value: 
key: 4568, value: 
key: 307236, value: 
key: 974531, value: 
key: 114324, value: 
key: 125562, value: 
key: 526819, value: 
key: 45208, value: 
key: 498930, value: 
key: 43369, value: 
key: 251607, value: 
key: 245215, value: 
key: 191020, value: 
key: 421105, value: 
key: 828896, value: 
key: 624122, value: 
key: 247947, value: 
key: 475423, value: 
key: 949522, value: 
key: 186529, value: 
key: 438695, value: 
key: 829, value: 
key: 450208, value: 
key: 11838, value: 
key: 522154, value: 
key: 917277, value: 
key: 202157, value: 
key: 21499, value: 
key: 117967, value: 
key: 5422, value: 
key: 5772, value: 
key: 842928, value: 
key: 530551, value: 
key: 569823, value: 
key: 813986, value: 
key: 817054, value: 
key: 589010, value: 
key: 91865, value: 
key: 327225, value: 
key: 371130, value: 
key: 402236, value: 
key: 393576, value: 
key: 596944, value: 
key: 501975, value: 
key: 59201, value: 
key: 955589, value: 
key: 87338, value: 
key: 944721, value: 
key: 831409, value: 
key: 288623, value: 
key: 584648, value: 
key: 452686, value: 
key: 982723, value: 
key: 650143, value: 
key: 598502, value: 
key: 829192, value: 
key: 780190, value: 
key: 144158, value: 
key: 57737, value: 
key: 584105, value: 
key: 201183, value: 
key: 674655, value: 
key: 488999, value: 
key: 511547, value: 
key: 126231, value: 
key: 798599, value: 
key: 7529, value: 
key: 222364, value: 
key: 495755, value: 
key: 650066, value: 
key: 396823, value: 
key: 130508, value: 
key: 2267, value: 
key: 3723, value: 
key: 188990, value: 
key: 56150, value: 
key: 62074, value: 
key: 130157, value: 
key: 443459, value: 
key: 139332, value: 
key: 49248, value: 
key: 579220, value: 
key: 27543, value: 
key: 86405, value: 
key: 411319, value: 
key: 9800, value: 
key: 955422, value: 
key: 39025, value: 
key: 616686, value: 
key: 182697, value: 
key: 20126, value: 
key: 955004, value: 
key: 1390, value: 
key: 30039, value: 
key: 19429, value: 
key: 953817, value: 
key: 910609, value: 
key: 164031, value: 
key: 1415, value: 
key: 183096, value: 
key: 198788, value: 
key: 800591, value: 
key: 23725, value: 
key: 272657, value: 
key: 347230, value: 
key: 71292, value: 
key: 484573, value: 
key: 138900, value: 
key: 90198, value: 
key: 134298, value: 
key: 305588, value: 
key: 576645, value: 
key: 693935, value: 
key: 13120, value: 
key: 422915, value: 
key: 280603, value: 
key: 612831, value: 
key: 267345, value: 
key: 13869, value: 
key: 115338, value: 
key: 543487, value: 
key: 685011, value: 
key: 111369, value: 
key: 212752, value: 
key: 307915, value: 
key: 276813, value: 
key: 756597, value: 
key: 196948, value: 
key: 86766, value: 
key: 7277, value: 
key: 997938, value: 
key: 20861, value: 
key: 872996, value: 
key: 12866, value: 
key: 2595, value: 
key: 76907, value: 
key: 20591, value: 
key: 290208, value: 
key: 779725, value: 
key: 163078, value: 
key: 799691, value: 
key: 134131, value: 
key: 18172, value: 
key: 29, value: 
key: 315477, value: 
key: 65026, value: 
key: 974379, value: 
key: 14679, value: 
key: 2258, value: 
key: 865037, value: 
key: 240889, value: 
key: 3277, value: 
key: 213388, value: 
key: 339404, value: 
key: 30350, value: 
key: 179259, value: 
key: 568554, value: 
key: 24441, value: 
key: 215034, value: 
key: 416466, value: 
key: 529265, value: 
key: 19919, value: 
key: 33058, value: 
key: 2687, value: 
key: 374135, value: 
key: 735109, value: 
key: 38523, value: 
key: 568857, value: 
key: 449383, value: 
key: 65673, value: 
key: 3387, value: 
key: 962257, value: 
key: 154575, value: 
key: 418938, value: 
key: 38440, value: 
key: 295201, value: 
key: 108215, value: 
key: 90639, value: 
key: 321933, value: 
key: 926675, value: 
key: 926990, value: 
key: 138502, value: 
key: 460807, value: 
key: 534568, value: 
key: 478224, value: 
key: 204850, value: 
key: 396492, value: 
key: 68449, value: 
key: 147964, value: 
key: 19696, value: 
key: 182103, value: 
key: 76866, value: 
key: 62298, value: 
key: 479618, value: 
key: 28979, value: 
key: 570915, value: 
key: 825136, value: 
key: 393668, value: 
key: 82528, value: 
key: 753985, value: 
key: 113323, value: 
key: 957167, value: 
key: 318928, value: 
key: 39351, value: 
key: 65109, value: 
key: 98138, value: 
key: 375754, value: 
key: 488573, value: 
key: 33328, value: 
key: 40139, value: 
key: 711583, value: 
key: 556885, value: 
key: 232385, value: 
key: 605, value: 
key: 51423, value: 
key: 42207, value: 
key: 976391, value: 
key: 455634, value: 
key: 33476, value: 
key: 346484, value: 
key: 294394, value: 
key: 208401, value: 
key: 506206, value: 
key: 142583, value: 
key: 110610, value: 
key: 139, value: 
key: 4492, value: 
key: 145700, value: 
key: 148181, value: 
key: 63666, value: 
key: 583812, value: 
key: 72370, value: 
key: 188390, value: 
key: 196959, value: 
key: 110539, value: 
key: 59577, value: 
key: 182, value: 
key: 98132, value: 
key: 167463, value: 
key: 37605, value: 
key: 304048, value: 
key: 322101, value: 
key: 35821, value: 
key: 858118, value: 
key: 557705, value: 
key: 117226, value: 
key: 436220, value: 
key: 726435, value: 
key: 320961, value: 
key: 26063, value: 
key: 720518, value: 
key: 770407, value: 
key: 664524, value: 
key: 765463, value: 
key: 379383, value: 
key: 350157, value: 
key: 573833, value: 
key: 269271, value: 
key: 718061, value: 
key: 762589, value: 
key: 911189, value: 
key: 67888, value: 
key: 961746, value: 
key: 3132, value: 
key: 762798, value: 
key: 927353, value: 
key: 931, value: 
key: 79805, value: 
key: 127232, value: 
key: 297638, value: 
key: 76321, value: 
key: 4014, value: 
key: 106457, value: 
key: 527223, value: 
key: 246225, value: 
key: 101355, value: 
key: 15069, value: 
key: 13676, value: 
key: 237456, value: 
key: 75296, value: 
key: 335943, value: 
key: 22096, value: 
key: 752641, value: 
key: 139125, value: 
key: 578092, value: 
key: 236693, value: 
key: 487815, value: 
key: 598184, value: 
key: 506008, value: 
key: 219380, value: 
key: 38259, value: 
key: 293061, value: 
key: 59665, value: 
key: 354966, value: 
key: 87183, value: 
key: 24353, value: 
key: 201978, value: 
key: 191176, value: 
key: 477201, value: 
key: 314645, value: 
key: 658440, value: 
key: 384565, value: 
key: 298352, value: 
key: 396760, value: 
key: 69639, value: 
key: 239540, value: 
key: 380464, value: 
key: 1884, value: 
key: 490899, value: 
key: 491649, value: 
key: 509669, value: 
key: 81583, value: 
key: 710885, value: 
key: 478736, value: 
key: 526435, value: 
key: 662995, value: 
key: 593895, value: 
key: 122729, value: 
key: 5866, value: 
key: 879120, value: 
key: 635964, value: 
key: 228962, value: 
key: 587173, value: 
key: 12831, value: 
key: 412723, value: 
key: 92431, value: 
key: 152214, value: 
key: 46797, value: 
key: 49, value: 
key: 25204, value: 
key: 904484, value: 
key: 21752, value: 
key: 786, value: 
key: 147531, value: 
key: 25556, value: 
key: 580415, value: 
key: 290123, value: 
key: 10026, value: 
key: 556922, value: 
key: 827053, value: 
key: 567904, value: 
key: 267367, value: 
key: 46140, value: 
key: 96710, value: 
key: 621608, value: 
key: 127373, value: 
key: 719167, value: 
key: 501931, value: 
key: 85163, value: 
key: 4876, value: 
key: 464863, value: 
key: 991790, value: 
key: 912762, value: 
key: 166909, value: 
key: 211803, value: 
key: 580095, value: 
key: 871401, value: 
key: 7974, value: 
key: 467545, value: 
key: 702101, value: 
key: 22531, value: 
key: 74815, value: 
key: 34916, value: 
key: 92248, value: 
key: 31683, value: 
key: 158029, value: 
key: 284038, value: 
key: 452015, value: 
key: 171464, value: 
key: 287606, value: 
key: 328738, value: 
key: 825383, value: 
key: 831780, value: 
key: 5860, value: 
key: 74929, value: 
key: 89202, value: 
key: 421280, value: 
key: 456334, value: 
key: 452275, value: 
key: 37092, value: 
key: 352038, value: 
key: 24012, value: 
key: 4737, value: 
key: 112629, value: 
key: 456884, value: 
key: 919954, value: 
key: 145506, value: 
key: 174773, value: 
key: 195312, value: 
key: 205512, value: 
key: 549681, value: 
key: 1444, value: 
key: 975301, value: 
key: 688887, value: 
key: 524668, value: 
key: 97382, value: 
key: 272701, value: 
key: 135376, value: 
key: 181867, value: 
key: 221183, value: 
key: 578609, value: 
key: 473254, value: 
key: 55094, value: 
key: 670190, value: 
key: 610815, value: 
key: 870972, value: 
key: 33074, value: 
key: 424937, value: 
key: 947094, value: 
key: 245017, value: 
key: 396863, value: 
key: 26281, value: 
key: 763010, value: 
key: 6009, value: 
key: 191060, value: 
key: 594861, value: 
key: 420063, value: 
key: 604472, value: 
key: 234325, value: 
key: 857557, value: 
key: 177398, value: 
key: 406777, value: 
key: 528796, value: 
key: 65246, value: 
key: 478727, value: 
key: 173682, value: 
key: 194931, value: 
key: 195165, value: 
key: 94570, value: 
key: 6935, value: 
key: 370771, value: 
key: 205561, value: 
key: 444078, value: 
key: 14660, value: 
key: 969849, value: 
key: 221921, value: 
key: 48456, value: 
key: 423084, value: 
key: 94552, value: 
key: 467350, value: 
key: 918656, value: 
key: 562589, value: 
key: 343742, value: 
key: 185755, value: 
key: 137437, value: 
key: 474976, value: 
key: 82151, value: 
key: 139925, value: 
key: 733448, value: 
key: 149760, value: 
key: 3718, value: 
key: 267048, value: 
key: 6533, value: 
key: 127511, value: 
key: 74330, value: 
key: 50792, value: 
key: 35971, value: 
key: 476215, value: 
key: 253489, value: 
key: 500392, value: 
key: 504206, value: 
key: 780741, value: 
key: 787315, value: 
key: 998274, value: 
key: 657834, value: 
key: 598373, value: 
key: 289343, value: 
key: 649185, value: 
key: 33212, value: 
key: 72341, value: 
key: 32866, value: 
key: 380495, value: 
key: 321175, value: 
key: 43466, value: 
key: 823992, value: 
key: 62922, value: 
key: 16176, value: 
key: 394207, value: 
key: 671890, value: 
key: 816129, value: 
key: 753350, value: 
key: 74385, value: 
key: 105845, value: 
key: 268348, value: 
key: 947986, value: 
key: 193451, value: 
key: 12976, value: 
key: 789654, value: 
key: 79638, value: 
key: 36592, value: 
key: 210545, value: 
key: 940091, value: 
key: 967544, value: 
key: 453443, value: 
key: 594786, value: 
key: 570018, value: 
key: 7943, value: 
key: 757121, value: 
key: 34200, value: 
key: 656570, value: 
key: 23017, value: 
key: 93650, value: 
key: 252, value: 
key: 314425, value: 
key: 888113, value: 
key: 260740, value: 
key: 352294, value: 
key: 568093, value: 
key: 20159, value: 
key: 353675, value: 
key: 118454, value: 
key: 444645, value: 
key: 417465, value: 
key: 486546, value: 
key: 13140, value: 
key: 419634, value: 
key: 105034, value: 
key: 2652, value: 
key: 678415, value: 
key: 45709, value: 
key: 127890, value: 
key: 767432, value: 
key: 198304, value: 
key: 162277, value: 
key: 90859, value: 
key: 91652, value: 
key: 841248, value: 
key: 94974, value: 
key: 76923, value: 
key: 76150, value: 
key: 397312, value: 
key: 208948, value: 
key: 526486, value: 
key: 561948, value: 
key: 762981, value: 
key: 921346, value: 
key: 291982, value: 
key: 57803, value: 
key: 587182, value: 
key: 829570, value: 
key: 811465, value: 
key: 96826, value: 
key: 72561, value: 
key: 106509, value: 
key: 838, value: 
key: 181737, value: 
key: 89602, value: 
key: 23914, value: 
key: 75117, value: 
key: 64858, value: 
key: 12567, value: 
key: 152876, value: 
key: 780200, value: 
key: 117778, value: 
key: 494851, value: 
key: 17201, value: 
key: 264935, value: 
key: 223352, value: 
key: 1545, value: 
key: 518791, value: 
key: 170955, value: 
key: 6694, value: 
key: 738690, value: 
key: 720, value: 
key: 16846, value: 
key: 6786, value: 
key: 139576, value: 
key: 965146, value: 
key: 9363, value: 
key: 777923, value: 
key: 682665, value: 
key: 71951, value: 
key: 365483, value: 
key: 74613, value: 
key: 565973, value: 
key: 216352, value: 
key: 173431, value: 
key: 56523, value: 
key: 851395, value: 
key: 321362, value: 
key: 867015, value: 
key: 585494, value: 
key: 838925, value: 
key: 21765, value: 
key: 124013, value: 
key: 122853, value: 
key: 5233, value: 
key: 173066, value: 
key: 167836, value: 
key: 585582, value: 
key: 34525, value: 
key: 714544, value: 
key: 171095, value: 
key: 336742, value: 
key: 147287, value: 
key: 594957, value: 
key: 12170, value: 
key: 343904, value: 
key: 998157, value: 
key: 39733, value: 
key: 456024, value: 
key: 804739, value: 
key: 129711, value: 
key: 735990, value: 
key: 508394, value: 
key: 57872, value: 
key: 146336, value: 
key: 740192, value: 
key: 966644, value: 
key: 688894, value: 
key: 136584, value: 
key: 924693, value: 
key: 513253, value: 
key: 51852, value: 
key: 3206, value: 
key: 3981, value: 
key: 539640, value: 
key: 7082, value: 
key: 4362, value: 
key: 12099, value: 
key: 148596, value: 
key: 960639, value: 
key: 181276, value: 
key: 895469, value: 
key: 682490, value: 
key: 55533, value: 
key: 517400, value: 
key: 23956, value: 
key: 795086, value: 
key: 9958, value: 
key: 68599, value: 
key: 1974, value: 
key: 186217, value: 
key: 233490, value: 
key: 917109, value: 
key: 837858, value: 
key: 571741, value: 
key: 121469, value: 
key: 50640, value: 
key: 445116, value: 
key: 400801, value: 
key: 138566, value: 
key: 733585, value: 
key: 266890, value: 
key: 734232, value: 
key: 42980, value: 
key: 559855, value: 
key: 668625, value: 
key: 556081, value: 
key: 649417, value: 
key: 353945, value: 
key: 120989, value: 
key: 253537, value: 
key: 545115, value: 
key: 208054, value: 
key: 561447, value: 
key: 893191, value: 
key: 63204, value: 
key: 292792, value: 
key: 427565, value: 
key: 5615, value: 
key: 803398, value: 
key: 194803, value: 
key: 33883, value: 
key: 736236, value: 
key: 166150, value: 
key: 599686, value: 
key: 441387, value: 
key: 297061, value: 
key: 927784, value: 
key: 242625, value: 
key: 11010, value: 
key: 385113, value: 
key: 611166, value: 
key: 60065, value: 
key: 48924, value: 
key: 216, value: 
key: 477216, value: 
key: 936401, value: 
key: 8362, value: 
key: 295687, value: 
key: 515998, value: 
key: 79524, value: 
key: 904783, value: 
key: 405886, value: 
key: 65446, value: 
key: 516106, value: 
key: 307528, value: 
key: 74002, value: 
key: 966572, value: 
key: 466113, value: 
key: 978351, value: 
key: 171145, value: 
key: 39805, value: 
key: 672640, value: 
key: 951189, value: 
key: 510542, value: 
key: 370322, value: 
key: 9666, value: 
key: 8021, value: 
key: 866359, value: 
key: 74891, value: 
key: 218864, value: 
key: 523874, value: 
key: 590483, value: 
key: 1855, value: 
key: 327665, value: 
key: 217432, value: 
key: 293157, value: 
key: 451423, value: 
key: 359620, value: 
key: 27800, value: 
key: 622405, value: 
key: 302138, value: 
key: 142419, value: 
key: 964787, value: 
key: 784709, value: 
key: 101179, value: 
key: 103010, value: 
key: 570560, value: 
key: 166912, value: 
key: 283772, value: 
key: 804517, value: 
key: 155624, value: 
key: 9907, value: 
key: 59191, value: 
key: 64229, value: 
key: 20416, value: 
key: 96624, value: 
key: 411821, value: 
key: 1305, value: 
key: 121212, value: 
key: 399741, value: 
key: 23268, value: 
key: 760453, value: 
key: 45493, value: 
key: 44795, value: 
key: 264320, value: 
key: 429831, value: 
key: 179671, value: 
key: 73603, value: 
key: 612301, value: 
key: 613373, value: 
key: 902383, value: 
key: 360934, value: 
key: 864610, value: 
key: 2382, value: 
key: 39276, value: 
key: 521391, value: 
key: 90239, value: 
key: 592740, value: 
key: 787276, value: 
key: 579712, value: 
key: 50022, value: 
key: 38910, value: 
key: 687534, value: 
key: 236, value: 
key: 359138, value: 
key: 141892, value: 
key: 609864, value: 
key: 2009, value: 
key: 871490, value: 
key: 22731, value: 
key: 97694, value: 
key: 917222, value: 
key: 112184, value: 
key: 254914, value: 
key: 1231, value: 
key: 95849, value: 
key: 52037, value: 
key: 121593, value: 
key: 159974, value: 
key: 141508, value: 
key: 102152, value: 
key: 42720, value: 
key: 380396, value: 
key: 978733, value: 
key: 20618, value: 
key: 849372, value: 
key: 472305, value: 
key: 285774, value: 
key: 360888, value: 
key: 20573, value: 
key: 269523, value: 
key: 827697, value: 
key: 108242, value: 
key: 85565, value: 
key: 22630, value: 
key: 610033, value: 
key: 117536, value: 
key: 508330, value: 
key: 221608, value: 
key: 61451, value: 
key: 173747, value: 
key: 307436, value: 
key: 762507, value: 
key: 562613, value: 
key: 139178, value: 
key: 543607, value: 
key: 11618, value: 
key: 563715, value: 
key: 150351, value: 
key: 346066, value: 
key: 383159, value: 
key: 675469, value: 
key: 167810, value: 
key: 668843, value: 
key: 622478, value: 
key: 130780, value: 
key: 250479, value: 
key: 699692, value: 
key: 362488, value: 
key: 931903, value: 
key: 430101, value: 
key: 1396, value: 
key: 2061, value: 
key: 369612, value: 
key: 788675, value: 
key: 697845, value: 
key: 55304, value: 
key: 230835, value: 
key: 598531, value: 
key: 195912, value: 
key: 751413, value: 
key: 274136, value: 
key: 101771, value: 
key: 534489, value: 
key: 47930, value: 
key: 25062, value: 
key: 232, value: 
key: 456143, value: 
key: 2733, value: 
key: 13368, value: 
key: 572531, value: 
key: 243891, value: 
key: 172618, value: 
key: 277322, value: 
key: 281097, value: 
key: 906828, value: 
key: 904251, value: 
key: 40997, value: 
key: 56666, value: 
key: 173459, value: 
key: 20155, value: 
key: 301984, value: 
key: 425415, value: 
key: 449828, value: 
key: 87060, value: 
key: 935231, value: 
key: 417926, value: 
key: 81002, value: 
key: 521490, value: 
key: 284850, value: 
key: 82410, value: 
key: 132032, value: 
key: 199325, value: 
key: 881176, value: 
key: 46320, value: 
key: 814031, value: 
key: 30015, value: 
key: 397318, value: 
key: 567283, value: 
key: 647798, value: 
key: 54215, value: 
key: 308309, value: 
key: 133242, value: 
key: 5969, value: 
key: 97553, value: 
key: 431436, value: 
key: 539536, value: 
key: 669473, value: 
key: 29134, value: 
key: 991486, value: 
key: 46520, value: 
key: 750515, value: 
key: 44937, value: 
key: 117578, value: 
key: 812866, value: 
key: 241484, value: 
key: 888281, value: 
key: 931622, value: 
key: 68719, value: 
key: 228528, value: 
key: 61624, value: 
key: 780903, value: 
key: 79757, value: 
key: 261538, value: 
key: 135921, value: 
key: 831393, value: 
key: 97050, value: 
key: 246922, value: 
key: 473766, value: 
key: 691760, value: 
key: 255450, value: 
key: 553534, value: 
key: 104730, value: 
key: 408557, value: 
key: 12721, value: 
key: 629468, value: 
key: 117011, value: 
key: 31331, value: 
key: 213618, value: 
key: 76301, value: 
key: 136391, value: 
key: 164853, value: 
key: 762781, value: 
key: 117761, value: 
key: 382743, value: 
key: 323519, value: 
key: 602658, value: 
key: 364871, value: 
key: 2966, value: 
key: 807484, value: 
key: 508141, value: 
key: 985373, value: 
key: 90783, value: 
key: 167522, value: 
key: 897911, value: 
key: 209525, value: 
key: 418695, value: 
key: 457830, value: 
key: 329766, value: 
key: 19706, value: 
key: 866715, value: 
key: 920611, value: 
key: 23334, value: 
key: 394003, value: 
key: 22441, value: 
key: 195792, value: 
key: 361513, value: 
key: 355435, value: 
key: 42357, value: 
key: 518678, value: 
key: 919512, value: 
key: 57234, value: 
key: 212804, value: 
key: 177615, value: 
key: 517127, value: 
key: 655946, value: 
key: 353286, value: 
key: 165308, value: 
key: 340350, value: 
key: 100415, value: 
key: 214215, value: 
key: 537923, value: 
key: 29798, value: 
key: 334483, value: 
key: 21532, value: 
key: 17771, value: 
key: 183276, value: 
key: 374265, value: 
key: 667198, value: 
key: 672280, value: 
key: 164035, value: 
key: 984723, value: 
key: 3192, value: 
key: 243334, value: 
key: 410073, value: 
key: 301678, value: 
key: 237481, value: 
key: 765599, value: 
key: 926927, value: 
key: 524163, value: 
key: 145908, value: 
key: 756311, value: 
key: 797105, value: 
key: 406564, value: 
key: 169911, value: 
key: 260377, value: 
key: 119204, value: 
key: 414701, value: 
key: 891641, value: 
key: 661, value: 
key: 758052, value: 
key: 12013, value: 
key: 248737, value: 
key: 20197, value: 
key: 271111, value: 
key: 98389, value: 
key: 347168, value: 
key: 7299, value: 
key: 46498, value: 
key: 444225, value: 
key: 295366, value: 
key: 193701, value: 
key: 434389, value: 
key: 343128, value: 
key: 864485, value: 
key: 560606, value: 
key: 21295, value: 
key: 35201, value: 
key: 260650, value: 
key: 77205, value: 
key: 602696, value: 
key: 253575, value: 
key: 60054, value: 
key: 762808, value: 
key: 905601, value: 
key: 8270, value: 
key: 193077, value: 
key: 637353, value: 
key: 584758, value: 
key: 1864, value: 
key: 323274, value: 
key: 768468, value: 
key: 31427, value: 
key: 6258, value: 
key: 532254, value: 
key: 187816, value: 
key: 42173, value: 
key: 2829, value: 
key: 52790, value: 
key: 708790, value: 
key: 184855, value: 
key: 55599, value: 
key: 575590, value: 
key: 71384, value: 
key: 59382, value: 
key: 338838, value: 
key: 244182, value: 
key: 516438, value: 
key: 987764, value: 
key: 404566, value: 
key: 51133, value: 
key: 401826, value: 
key: 596861, value: 
key: 254251, value: 
key: 204401, value: 
key: 975703, value: 
key: 147625, value: 
key: 50103, value: 
key: 553446, value: 
key: 168097, value: 
key: 330188, value: 
key: 90310, value: 
key: 145326, value: 
key: 36404, value: 
key: 798375, value: 
key: 216750, value: 
key: 323603, value: 
key: 190915, value: 
key: 243408, value: 
key: 260061, value: 
key: 19317, value: 
key: 193, value: 
key: 266157, value: 
key: 10796, value: 
key: 400209, value: 
key: 135884, value: 
key: 363560, value: 
key: 34981, value: 
key: 626333, value: 
key: 764042, value: 
key: 130483, value: 
key: 727216, value: 
key: 758883, value: 
key: 1121, value: 
key: 323951, value: 
key: 163313, value: 
key: 12435, value: 
key: 7561, value: 
key: 209712, value: 
key: 716436, value: 
key: 270871, value: 
key: 1174, value: 
key: 800700, value: 
key: 562345, value: 
key: 104037, value: 
key: 338179, value: 
key: 459548, value: 
key: 60834, value: 
key: 680245, value: 
key: 223899, value: 
key: 60928, value: 
key: 458444, value: 
key: 874538, value: 
key: 70246, value: 
key: 570230, value: 
key: 27620, value: 
key: 395093, value: 
key: 509261, value: 
key: 734904, value: 
key: 29255, value: 
key: 114102, value: 
key: 56516, value: 
key: 35803, value: 
key: 153268, value: 
key: 15296, value: 
key: 734146, value: 
key: 844962, value: 
key: 167656, value: 
key: 979051, value: 
key: 472509, value: 
key: 682966, value: 
key: 622005, value: 
key: 386440, value: 
key: 393642, value: 
key: 223785, value: 
key: 252912, value: 
key: 820227, value: 
key: 9123, value: 
key: 233515, value: 
key: 9576, value: 
key: 439834, value: 
key: 657946, value: 
key: 595046, value: 
key: 76277, value: 
key: 67895, value: 
key: 382095, value: 
key: 255102, value: 
key: 728318, value: 
key: 11418, value: 
key: 563003, value: 
key: 14941, value: 
key: 641134, value: 
key: 968774, value: 
key: 12484, value: 
key: 7527, value: 
key: 107483, value: 
key: 192256, value: 
key: 812031, value: 
key: 228133, value: 
key: 531211, value: 
key: 642524, value: 
key: 19757, value: 
key: 662986, value: 
key: 89101, value: 
key: 26656, value: 
key: 818813, value: 
key: 89369, value: 
key: 61404, value: 
key: 448762, value: 
key: 48915, value: 
key: 13513, value: 
key: 265901, value: 
key: 188727, value: 
key: 919637, value: 
key: 169913, value: 
key: 360093, value: 
key: 142846, value: 
key: 253597, value: 
key: 137026, value: 
key: 71818, value: 
key: 454251, value: 
key: 333620, value: 
key: 948978, value: 
key: 41930, value: 
key: 418053, value: 
key: 209873, value: 
key: 635601, value: 
key: 593327, value: 
key: 626300, value: 
key: 442443, value: 
key: 157484, value: 
key: 299371, value: 
key: 435379, value: 
key: 290826, value: 
key: 955921, value: 
key: 703351, value: 
key: 76334, value: 
key: 74945, value: 
key: 17687, value: 
key: 163210, value: 
key: 306525, value: 
key: 218756, value: 
key: 424559, value: 
key: 207949, value: 
key: 521814, value: 
key: 636756, value: 
key: 35205, value: 
key: 79689, value: 
key: 23176, value: 
key: 29844, value: 
key: 179130, value: 
key: 46638, value: 
key: 634516, value: 
key: 699377, value: 
key: 817018, value: 
key: 359514, value: 
key: 190791, value: 
key: 75618, value: 
key: 850167, value: 
key: 51568, value: 
key: 315282, value: 
key: 538063, value: 
key: 29026, value: 
key: 878035, value: 
key: 279494, value: 
key: 633845, value: 
key: 949698, value: 
key: 652053, value: 
key: 398108, value: 
key: 297120, value: 
key: 624333, value: 
key: 338955, value: 
key: 922646, value: 
key: 2360, value: 
key: 671739, value: 
key: 51463, value: 
key: 753714, value: 
key: 62238, value: 
key: 709638, value: 
key: 676345, value: 
key: 606465, value: 
key: 576094, value: 
key: 728662, value: 
key: 670132, value: 
key: 240999, value: 
key: 228711, value: 
key: 102699, value: 
key: 129665, value: 
key: 365616, value: 
key: 410699, value: 
key: 148213, value: 
key: 336166, value: 
key: 241569, value: 
key: 19777, value: 
key: 38132, value: 
key: 5116, value: 
key: 425064, value: 
key: 863488, value: 
key: 252237, value: 
key: 10006, value: 
key: 686113, value: 
key: 328789, value: 
key: 120354, value: 
key: 545203, value: 
key: 12352, value: 
key: 206928, value: 
key: 16848, value: 
key: 79247, value: 
key: 354269, value: 
key: 533527, value: 
key: 155255, value: 
key: 86166, value: 
key: 536904, value: 
key: 310281, value: 
key: 985502, value: 
key: 325968, value: 
key: 89251, value: 
key: 66506, value: 
key: 501445, value: 
key: 2942, value: 
key: 548893, value: 
key: 413456, value: 
key: 105946, value: 
key: 44957, value: 
key: 35203, value: 
key: 533493, value: 
key: 363922, value: 
key: 31825, value: 
key: 260382, value: 
key: 961043, value: 
key: 855902, value: 
key: 9396, value: 
key: 35247, value: 
key: 933644, value: 
key: 277698, value: 
key: 28229, value: 
key: 10437, value: 
key: 702, value: 
key: 983380, value: 
key: 371235, value: 
key: 248274, value: 
key: 39692, value: 
key: 28584, value: 
key: 412833, value: 
key: 571086, value: 
key: 6519, value: 
key: 412482, value: 
key: 107221, value: 
key: 51153, value: 
key: 440245, value: 
key: 674747, value: 
key: 21077, value: 
key: 110146, value: 
key: 183610, value: 
key: 7608, value: 
key: 905009, value: 
key: 117514, value: 
key: 509205, value: 
key: 761975, value: 
key: 52642, value: 
key: 20962, value: 
key: 64641, value: 
key: 158117, value: 
key: 639810, value: 
key: 984840, value: 
key: 800269, value: 
key: 917574, value: 
key: 948811, value: 
key: 611210, value: 
key: 752829, value: 
key: 419762, value: 
key: 246801, value: 
key: 595101, value: 
key: 567100, value: 
key: 833841, value: 
key: 10453, value: 
key: 399024, value: 
key: 77366, value: 
key: 16709, value: 
key: 802476, value: 
key: 213526, value: 
key: 382776, value: 
key: 123188, value: 
key: 97124, value: 
key: 257759, value: 
key: 32961, value: 
key: 27125, value: 
key: 65978, value: 
key: 2179, value: 
key: 684588, value: 
key: 27569, value: 
key: 663581, value: 
key: 10, value: 
key: 6032, value: 
key: 71205, value: 
key: 433652, value: 
key: 213272, value: 
key: 360532, value: 
key: 464731, value: 
key: 605448, value: 
key: 180730, value: 
key: 5107, value: 
key: 73418, value: 
key: 913356, value: 
key: 614590, value: 
key: 2579, value: 
key: 391237, value: 
key: 578780, value: 
key: 71117, value: 
key: 952636, value: 
key: 133651, value: 
key: 595828, value: 
key: 391288, value: 
key: 706370, value: 
key: 125861, value: 
key: 311622, value: 
key: 129340, value: 
key: 2340, value: 
key: 152496, value: 
key: 30691, value: 
key: 986569, value: 
key: 949841, value: 
key: 289389, value: 
key: 50943, value: 
key: 843354, value: 
key: 163157, value: 
key: 167225, value: 
key: 431029, value: 
key: 58639, value: 
key: 556520, value: 
key: 810985, value: 
key: 58439, value: 
key: 349012, value: 
key: 1714, value: 
key: 232787, value: 
key: 158966, value: 
key: 521528, value: 
key: 888771, value: 
key: 9411, value: 
key: 270527, value: 
key: 349337, value: 
key: 818484, value: 
key: 5097, value: 
key: 599471, value: 
key: 909463, value: 
key: 2119, value: 
key: 300088, value: 
key: 697652, value: 
key: 10464, value: 
key: 463145, value: 
key: 37609, value: 
key: 338546, value: 
key: 650035, value: 
key: 607260, value: 
key: 757664, value: 
key: 532562, value: 
key: 37032, value: 
key: 164958, value: 
key: 838330, value: 
key: 959398, value: 
key: 838112, value: 
key: 287, value: 
key: 766718, value: 
key: 978421, value: 
key: 2346, value: 
key: 30264, value: 
key: 365962, value: 
key: 971172, value: 
key: 684180, value: 
key: 166891, value: 
key: 582987, value: 
key: 101559, value: 
key: 715264, value: 
key: 687383, value: 
key: 713341, value: 
key: 258893, value: 
key: 321876, value: 
key: 44128, value: 
key: 43569, value: 
key: 984004, value: 
key: 517325, value: 
key: 462434, value: 
key: 106813, value: 
key: 18628, value: 
key: 164709, value: 
key: 212714, value: 
key: 414929, value: 
key: 254491, value: 
key: 50974, value: 
key: 693511, value: 
key: 907805, value: 
key: 177080, value: 
key: 186738, value: 
key: 225215, value: 
key: 753161, value: 
key: 91319, value: 
key: 194755, value: 
key: 227091, value: 
key: 243431, value: 
key: 191172, value: 
key: 86061, value: 
key: 482579, value: 
key: 766596, value: 
key: 5851, value: 
key: 107865, value: 
key: 539101, value: 
key: 425806, value: 
key: 526688, value: 
key: 874381, value: 
key: 316959, value: 
key: 842801, value: 
key: 115352, value: 
key: 203398, value: 
key: 17892, value: 
key: 335558, value: 
key: 7321, value: 
key: 894082, value: 
key: 19700, value: 
key: 61659, value: 
key: 864845, value: 
key: 612705, value: 
key: 414491, value: 
key: 571664, value: 
key: 533022, value: 
key: 543542, value: 
key: 3705, value: 
key: 788738, value: 
key: 654125, value: 
key: 173891, value: 
key: 239058, value: 
key: 508675, value: 
key: 7389, value: 
key: 504677, value: 
key: 81602, value: 
key: 724172, value: 
key: 401709, value: 
key: 997299, value: 
key: 336081, value: 
key: 108882, value: 
key: 588974, value: 
key: 141083, value: 
key: 236165, value: 
key: 191954, value: 
key: 317202, value: 
key: 461013, value: 
key: 64478, value: 
key: 680720, value: 
key: 127533, value: 
key: 87099, value: 
key: 393365, value: 
key: 82238, value: 
key: 764271, value: 
key: 322628, value: 
key: 50668, value: 
key: 133842, value: 
key: 80205, value: 
key: 372681, value: 
key: 72921, value: 
key: 463312, value: 
key: 194119, value: 
key: 670732, value: 
key: 9479, value: 
key: 632321, value: 
key: 88924, value: 
key: 435766, value: 
key: 634613, value: 
key: 676109, value: 
key: 822511, value: 
key: 45963, value: 
key: 263341, value: 
key: 108299, value: 
key: 771660, value: 
key: 310683, value: 
key: 838956, value: 
key: 694437, value: 
key: 51906, value: 
key: 85042, value: 
key: 159659, value: 
key: 2702, value: 
key: 744279, value: 
key: 682333, value: 
key: 178647, value: 
key: 321807, value: 
key: 371710, value: 
key: 191110, value: 
key: 123306, value: 
key: 78509, value: 
key: 8085, value: 
key: 861631, value: 
key: 814372, value: 
key: 873793, value: 
key: 30969, value: 
key: 989872, value: 
key: 943155, value: 
key: 44007, value: 
key: 142608, value: 
key: 121656, value: 
key: 674666, value: 
key: 44694, value: 
key: 640179, value: 
key: 657704, value: 
key: 537761, value: 
key: 261020, value: 
key: 743928, value: 
key: 656820, value: 
key: 814824, value: 
key: 108671, value: 
key: 923634, value: 
key: 638233, value: 
key: 227169, value: 
key: 216048, value: 
key: 34275, value: 
key: 350348, value: 
key: 858646, value: 
key: 46311, value: 
key: 34367, value: 
key: 6065, value: 
key: 7507, value: 
key: 299979, value: 
key: 558450, value: 
key: 235195, value: 
key: 354377, value: 
key: 73056, value: 
key: 37126, value: 
key: 3813, value: 
key: 268739, value: 
key: 598779, value: 
key: 39001, value: 
key: 18156, value: 
key: 83750, value: 
key: 328758, value: 
key: 24214, value: 
key: 450253, value: 
key: 209051, value: 
key: 818480, value: 
key: 127027, value: 
key: 3932, value: 
key: 546055, value: 
key: 355352, value: 
key: 120390, value: 
key: 402157, value: 
key: 47837, value: 
key: 220249, value: 
key: 952601, value: 
key: 873438, value: 
key: 66409, value: 
key: 410020, value: 
key: 651575, value: 
key: 115750, value: 
key: 789371, value: 
key: 86892, value: 
key: 18530, value: 
key: 765634, value: 
key: 25857, value: 
key: 88175, value: 
key: 21529, value: 
key: 286232, value: 
key: 3103, value: 
key: 196931, value: 
key: 70145, value: 
key: 169810, value: 
key: 32709, value: 
key: 94318, value: 
key: 404887, value: 
key: 753129, value: 
key: 110544, value: 
key: 133291, value: 
key: 792966, value: 
key: 283079, value: 
key: 107960, value: 
key: 936764, value: 
key: 548150, value: 
key: 597578, value: 
key: 12916, value: 
key: 504017, value: 
key: 198061, value: 
key: 13254, value: 
key: 59159, value: 
key: 126606, value: 
key: 35616, value: 
key: 309935, value: 
key: 692134, value: 
key: 26368, value: 
key: 461877, value: 
key: 131268, value: 
key: 367702, value: 
key: 166655, value: 
key: 27499, value: 
key: 303252, value: 
key: 76800, value: 
key: 763449, value: 
key: 258167, value: 
key: 323971, value: 
key: 690064, value: 
key: 83301, value: 
key: 780974, value: 
key: 3776, value: 
key: 905861, value: 
key: 541951, value: 
key: 537660, value: 
key: 94015, value: 
key: 202401, value: 
key: 30208, value: 
key: 437544, value: 
key: 699250, value: 
key: 949160, value: 
key: 139952, value: 
key: 591039, value: 
key: 19665, value: 
key: 948727, value: 
key: 256554, value: 
key: 483006, value: 
key: 193406, value: 
key: 468717, value: 
key: 186912, value: 
key: 762505, value: 
key: 130487, value: 
key: 67936, value: 
key: 471715, value: 
key: 202597, value: 
key: 76341, value: 
key: 752669, value: 
key: 113011, value: 
key: 1594, value: 
key: 735035, value: 
key: 43008, value: 
key: 896323, value: 
key: 113280, value: 
key: 152678, value: 
key: 275887, value: 
key: 163605, value: 
key: 767087, value: 
key: 802623, value: 
key: 413010, value: 
key: 846526, value: 
key: 996324, value: 
key: 88597, value: 
key: 982554, value: 
key: 422249, value: 
key: 53209, value: 
key: 234149, value: 
key: 152681, value: 
key: 429406, value: 
key: 56147, value: 
key: 422623, value: 
key: 1822, value: 
key: 191460, value: 
key: 853423, value: 
key: 880133, value: 
key: 132935, value: 
key: 841451, value: 
key: 987935, value: 
key: 285, value: 
key: 322370, value: 
key: 331303, value: 
key: 923955, value: 
key: 38097, value: 
key: 2043, value: 
key: 261536, value: 
key: 32938, value: 
key: 270705, value: 
key: 7945, value: 
key: 374678, value: 
key: 249633, value: 
key: 13371, value: 
key: 863055, value: 
key: 91979, value: 
key: 707027, value: 
key: 49642, value: 
key: 265884, value: 
key: 523368, value: 
key: 20560, value: 
key: 562651, value: 
key: 451362, value: 
key: 52448, value: 
key: 98318, value: 
key: 781584, value: 
key: 101894, value: 
key: 5286, value: 
key: 45833, value: 
key: 998522, value: 
key: 80913, value: 
key: 714520, value: 
key: 69851, value: 
key: 298741, value: 
key: 541089, value: 
key: 970850, value: 
key: 829640, value: 
key: 639278, value: 
key: 3505, value: 
key: 960570, value: 
key: 282276, value: 
key: 463253, value: 
key: 711905, value: 
key: 309205, value: 
key: 546864, value: 
key: 410116, value: 
key: 275955, value: 
key: 32309, value: 
key: 381168, value: 
key: 25848, value: 
key: 444528, value: 
key: 474248, value: 
key: 81525, value: 
key: 790797, value: 
key: 651807, value: 
key: 965249, value: 
key: 15827, value: 
key: 1123, value: 
key: 169984, value: 
key: 291735, value: 
key: 150458, value: 
key: 900204, value: 
key: 22980, value: 
key: 36, value: 
key: 375222, value: 
key: 114708, value: 
key: 253805, value: 
key: 806434, value: 
key: 121993, value: 
key: 471818, value: 
key: 616547, value: 
key: 327821, value: 
key: 23428, value: 
key: 415788, value: 
key: 213218, value: 
key: 57818, value: 
key: 820427, value: 
key: 204500, value: 
key: 94527, value: 
key: 295782, value: 
key: 170517, value: 
key: 13319, value: 
key: 924299, value: 
key: 37911, value: 
key: 145120, value: 
key: 767210, value: 
key: 611441, value: 
key: 244779, value: 
key: 119424, value: 
key: 4768, value: 
key: 103706, value: 
key: 588570, value: 
key: 440814, value: 
key: 116876, value: 
key: 491643, value: 
key: 400821, value: 
key: 641886, value: 
key: 312494, value: 
key: 704899, value: 
key: 879359, value: 
key: 431489, value: 
key: 2207, value: 
key: 38415, value: 
key: 119826, value: 
key: 339972, value: 
key: 473515, value: 
key: 76899, value: 
key: 3710, value: 
key: 135369, value: 
key: 5017, value: 
key: 70666, value: 
key: 270826, value: 
key: 15757, value: 
key: 579765, value: 
key: 645501, value: 
key: 880025, value: 
key: 584, value: 
key: 241840, value: 
key: 517901, value: 
key: 987681, value: 
key: 551, value: 
key: 292008, value: 
key: 607941, value: 
key: 109090, value: 
key: 347902, value: 
key: 200029, value: 
key: 303557, value: 
key: 18367, value: 
key: 253687, value: 
key: 773167, value: 
key: 922606, value: 
key: 804106, value: 
key: 273227, value: 
key: 599990, value: 
key: 4441, value: 
key: 74402, value: 
key: 44849, value: 
key: 183247, value: 
key: 918500, value: 
key: 645622, value: 
key: 228762, value: 
key: 294774, value: 
key: 540165, value: 
key: 506503, value: 
key: 832406, value: 
key: 674286, value: 
key: 993453, value: 
key: 792003, value: 
key: 308475, value: 
key: 187643, value: 
key: 528880, value: 
key: 256455, value: 
key: 3550, value: 
key: 326648, value: 
key: 113624, value: 
key: 22634, value: 
key: 925399, value: 
key: 144275, value: 
key: 5303, value: 
key: 963401, value: 
key: 62119, value: 
key: 46898, value: 
key: 56886, value: 
key: 5237, value: 
key: 615306, value: 
key: 919040, value: 
key: 265882, value: 
key: 190988, value: 
key: 526253, value: 
key: 150863, value: 
key: 64063, value: 
key: 41, value: 
key: 66061, value: 
key: 55661, value: 
key: 388026, value: 
key: 105151, value: 
key: 30310, value: 
key: 54990, value: 
key: 3624, value: 
key: 48238, value: 
key: 166767, value: 
key: 641736, value: 
key: 338829, value: 
key: 114528, value: 
key: 88883, value: 
key: 140354, value: 
key: 357794, value: 
key: 586730, value: 
key: 23684, value: 
key: 676729, value: 
key: 728048, value: 
key: 220544, value: 
key: 817531, value: 
key: 381432, value: 
key: 2249, value: 
key: 502127, value: 
key: 319077, value: 
key: 1420, value: 
key: 736135, value: 
key: 1590, value: 
key: 561656, value: 
key: 946187, value: 
key: 2108, value: 
key: 966264, value: 
key: 279834, value: 
key: 348442, value: 
key: 538847, value: 
key: 321524, value: 
key: 33993, value: 
key: 172063, value: 
key: 85732, value: 
key: 184507, value: 
key: 587445, value: 
key: 345070, value: 
key: 846805, value: 
key: 59306, value: 
key: 711703, value: 
key: 171141, value: 
key: 104132, value: 
key: 144376, value: 
key: 58091, value: 
key: 3862, value: 
key: 245044, value: 
key: 478170, value: 
key: 404942, value: 
key: 259360, value: 
key: 245363, value: 
key: 18149, value: 
key: 682399, value: 
key: 483491, value: 
key: 161719, value: 
key: 299492, value: 
key: 50918, value: 
key: 7363, value: 
key: 653667, value: 
key: 702022, value: 
key: 96695, value: 
key: 847237, value: 
key: 149953, value: 
key: 116816, value: 
key: 356627, value: 
key: 588411, value: 
key: 124781, value: 
key: 79038, value: 
key: 757402, value: 
key: 591, value: 
key: 146820, value: 
key: 31025, value: 
key: 390816, value: 
key: 8775, value: 
key: 196889, value: 
key: 143519, value: 
key: 760525, value: 
key: 109263, value: 
key: 12451, value: 
key: 19975, value: 
key: 60782, value: 
key: 16411, value: 
key: 806467, value: 
key: 12752, value: 
key: 450512, value: 
key: 705975, value: 
key: 64353, value: 
key: 62869, value: 
key: 818509, value: 
key: 300860, value: 
key: 30, value: 
key: 274299, value: 
key: 605424, value: 
key: 3532, value: 
key: 166877, value: 
key: 9778, value: 
key: 880865, value: 
key: 110599, value: 
key: 73214, value: 
key: 828339, value: 
key: 456705, value: 
key: 357231, value: 
key: 151723, value: 
key: 54727, value: 
key: 52099, value: 
key: 120147, value: 
key: 586761, value: 
key: 266140, value: 
key: 142642, value: 
key: 360455, value: 
key: 331851, value: 
key: 879760, value: 
key: 10633, value: 
key: 47574, value: 
key: 972694, value: 
key: 785711, value: 
key: 88610, value: 
key: 51313, value: 
key: 504303, value: 
key: 457030, value: 
key: 64283, value: 
key: 819809, value: 
key: 531774, value: 
key: 177550, value: 
key: 483897, value: 
key: 751206, value: 
key: 79564, value: 
key: 501597, value: 
key: 171884, value: 
key: 66612, value: 
key: 672727, value: 
key: 308664, value: 
key: 108945, value: 
key: 404823, value: 
key: 777574, value: 
key: 361041, value: 
key: 229352, value: 
key: 318728, value: 
key: 287174, value: 
key: 29994, value: 
key: 922110, value: 
key: 719576, value: 
key: 84371, value: 
key: 466663, value: 
key: 584048, value: 
key: 312951, value: 
key: 552883, value: 
key: 7918, value: 
key: 538346, value: 
key: 218011, value: 
key: 95951, value: 
key: 18422, value: 
key: 650479, value: 
key: 845626, value: 
key: 290554, value: 
key: 518771, value: 
key: 15173, value: 
key: 782792, value: 
key: 34909, value: 
key: 122882, value: 
key: 231942, value: 
key: 183575, value: 
key: 92714, value: 
key: 45675, value: 
key: 7035, value: 
key: 291173, value: 
key: 184862, value: 
key: 64748, value: 
key: 964505, value: 
key: 404904, value: 
key: 205116, value: 
key: 658712, value: 
key: 585012, value: 
key: 68001, value: 
key: 933, value: 
key: 13249, value: 
key: 67099, value: 
key: 100918, value: 
key: 156676, value: 
key: 175129, value: 
key: 489640, value: 
key: 180604, value: 
key: 160792, value: 
key: 695751, value: 
key: 385841, value: 
key: 100325, value: 
key: 24351, value: 
key: 210642, value: 
key: 16341, value: 
key: 879878, value: 
key: 394876, value: 
key: 231568, value: 
key: 26887, value: 
key: 104970, value: 
key: 317978, value: 
key: 157200, value: 
key: 753992, value: 
key: 1673, value: 
key: 23769, value: 
key: 509892, value: 
key: 532009, value: 
key: 42861, value: 
key: 569267, value: 
key: 429877, value: 
key: 2713, value: 
key: 48489, value: 
key: 64838, value: 
key: 1392, value: 
key: 16026, value: 
key: 140736, value: 
key: 98370, value: 
key: 221967, value: 
key: 480894, value: 
key: 51131, value: 
key: 150146, value: 
key: 765528, value: 
key: 343201, value: 
key: 556418, value: 
key: 6803, value: 
key: 800610, value: 
key: 86249, value: 
key: 181801, value: 
key: 143135, value: 
key: 155688, value: 
key: 151949, value: 
key: 690503, value: 
key: 748530, value: 
key: 43383, value: 
key: 74464, value: 
key: 235234, value: 
key: 923834, value: 
key: 478664, value: 
key: 441606, value: 
key: 1907, value: 
key: 127896, value: 
key: 7961, value: 
key: 843338, value: 
key: 33065, value: 
key: 116818, value: 
key: 284920, value: 
key: 371, value: 
key: 166, value: 
key: 148482, value: 
key: 21277, value: 
key: 91566, value: 
key: 117378, value: 
key: 271643, value: 
key: 456273, value: 
key: 136982, value: 
key: 9, value: 
key: 430486, value: 
key: 679199, value: 
key: 7754, value: 
key: 541500, value: 
key: 731961, value: 
key: 39911, value: 
key: 818866, value: 
key: 710366, value: 
key: 788857, value: 
key: 355, value: 
key: 153787, value: 
key: 678107, value: 
key: 681019, value: 
key: 89367, value: 
key: 142060, value: 
key: 551712, value: 
key: 646005, value: 
key: 403169, value: 
key: 34482, value: 
key: 188226, value: 
key: 7808, value: 
key: 6753, value: 
key: 770111, value: 
key: 598009, value: 
key: 415191, value: 
key: 258130, value: 
key: 411131, value: 
key: 404142, value: 
key: 359877, value: 
key: 250648, value: 
key: 4696, value: 
key: 45918, value: 
key: 3794, value: 
key: 144868, value: 
key: 134164, value: 
key: 137143, value: 
key: 30459, value: 
key: 563049, value: 
key: 165780, value: 
key: 471748, value: 
key: 602579, value: 
key: 489600, value: 
key: 41060, value: 
key: 582073, value: 
key: 492745, value: 
key: 264926, value: 
key: 664276, value: 
key: 57193, value: 
key: 21963, value: 
key: 605114, value: 
key: 171169, value: 
key: 88827, value: 
key: 617377, value: 
key: 534216, value: 
key: 590326, value: 
key: 11629, value: 
key: 290754, value: 
key: 95919, value: 
key: 672086, value: 
key: 805156, value: 
key: 289435, value: 
key: 269240, value: 
key: 233630, value: 
key: 912733, value: 
key: 273498, value: 
key: 235027, value: 
key: 249, value: 
key: 125311, value: 
key: 108084, value: 
key: 541229, value: 
key: 127632, value: 
key: 865446, value: 
key: 520987, value: 
key: 664441, value: 
key: 353563, value: 
key: 178085, value: 
key: 32116, value: 
key: 613713, value: 
key: 31519, value: 
key: 110065, value: 
key: 79432, value: 
key: 849383, value: 
key: 707982, value: 
key: 478585, value: 
key: 583526, value: 
key: 6784, value: 
key: 689439, value: 
key: 567203, value: 
key: 85248, value: 
key: 563258, value: 
key: 981832, value: 
key: 369537, value: 
key: 756586, value: 
key: 115105, value: 
key: 268540, value: 
key: 310298, value: 
key: 88148, value: 
key: 540125, value: 
key: 966811, value: 
key: 786785, value: 
key: 993916, value: 
key: 4706, value: 
key: 38042, value: 
key: 218585, value: 
key: 676367, value: 
key: 703344, value: 
key: 845769, value: 
key: 70358, value: 
key: 19036, value: 
key: 646364, value: 
key: 574380, value: 
key: 191046, value: 
key: 42072, value: 
key: 428502, value: 
key: 334285, value: 
key: 894471, value: 
key: 70226, value: 
key: 374524, value: 
key: 42115, value: 
key: 206962, value: 
key: 324426, value: 
key: 235821, value: 
key: 476017, value: 
key: 60191, value: 
key: 96833, value: 
key: 300196, value: 
key: 895597, value: 
key: 128945, value: 
key: 875009, value: 
key: 392656, value: 
key: 897342, value: 
key: 382871, value: 
key: 447372, value: 
key: 281288, value: 
key: 412961, value: 
key: 719947, value: 
key: 926976, value: 
key: 136719, value: 
key: 774148, value: 
key: 48085, value: 
key: 153048, value: 
key: 353444, value: 
key: 372654, value: 
key: 910577, value: 
key: 80276, value: 
key: 276406, value: 
key: 69929, value: 
key: 477832, value: 
key: 97047, value: 
key: 534221, value: 
key: 1150, value: 
key: 582189, value: 
key: 574214, value: 
key: 184910, value: 
key: 85613, value: 
key: 724758, value: 
key: 843, value: 
key: 711651, value: 
key: 365368, value: 
key: 3943, value: 
key: 46609, value: 
key: 698141, value: 
key: 626896, value: 
key: 336403, value: 
key: 15481, value: 
key: 69587, value: 
key: 50345, value: 
key: 808098, value: 
key: 960783, value: 
key: 185384, value: 
key: 818334, value: 
key: 952542, value: 
key: 509605, value: 
key: 8373, value: 
key: 274033, value: 
key: 807424, value: 
key: 7150, value: 
key: 20173, value: 
key: 337868, value: 
key: 14983, value: 
key: 692718, value: 
key: 543997, value: 
key: 222991, value: 
key: 458369, value: 
key: 244063, value: 
key: 475148, value: 
key: 8614, value: 
key: 383889, value: 
key: 335444, value: 
key: 387241, value: 
key: 92314, value: 
key: 353765, value: 
key: 193842, value: 
key: 109135, value: 
key: 273377, value: 
key: 383568, value: 
key: 293625, value: 
key: 29848, value: 
key: 145247, value: 
key: 5912, value: 
key: 55016, value: 
key: 750962, value: 
key: 467354, value: 
key: 47950, value: 
key: 190003, value: 
key: 539936, value: 
key: 426849, value: 
key: 670985, value: 
key: 11311, value: 
key: 30475, value: 
key: 24993, value: 
key: 384480, value: 
key: 990544, value: 
key: 10136, value: 
key: 241745, value: 
key: 71333, value: 
key: 749645, value: 
key: 944772, value: 
key: 418316, value: 
key: 338216, value: 
key: 426654, value: 
key: 198009, value: 
key: 524778, value: 
key: 220951, value: 
key: 238, value: 
key: 936582, value: 
key: 73791, value: 
key: 788448, value: 
key: 44737, value: 
key: 192669, value: 
key: 93216, value: 
key: 223295, value: 
key: 447530, value: 
key: 185533, value: 
key: 185014, value: 
key: 749289, value: 
key: 412994, value: 
key: 745209, value: 
key: 451557, value: 
key: 192207, value: 
key: 949788, value: 
key: 991921, value: 
key: 904576, value: 
key: 637230, value: 
key: 798988, value: 
key: 152362, value: 
key: 739895, value: 
key: 46922, value: 
key: 849279, value: 
key: 208885, value: 
key: 12374, value: 
key: 864177, value: 
key: 4100, value: 
key: 32176, value: 
key: 857818, value: 
key: 110010, value: 
key: 115394, value: 
key: 577189, value: 
key: 400339, value: 
key: 26346, value: 
key: 8779, value: 
key: 970687, value: 
key: 529445, value: 
key: 102808, value: 
key: 955167, value: 
key: 205820, value: 
key: 584372, value: 
key: 641875, value: 
key: 16828, value: 
key: 581490, value: 
key: 25655, value: 
key: 823974, value: 
key: 540918, value: 
key: 357970, value: 
key: 971187, value: 
key: 425907, value: 
key: 70714, value: 
key: 503366, value: 
key: 511611, value: 
key: 260090, value: 
key: 895304, value: 
key: 324916, value: 
key: 222920, value: 
key: 710573, value: 
key: 119112, value: 
key: 736474, value: 
key: 395079, value: 
key: 2076, value: 
key: 74970, value: 
key: 421820, value: 
key: 92206, value: 
key: 487402, value: 
key: 935712, value: 
key: 728, value: 
key: 940200, value: 
key: 9497, value: 
key: 229286, value: 
key: 141333, value: 
key: 537479, value: 
key: 92907, value: 
key: 46537, value: 
key: 916483, value: 
key: 105049, value: 
key: 10097, value: 
key: 332751, value: 
key: 583650, value: 
key: 583058, value: 
key: 981160, value: 
key: 57755, value: 
key: 894224, value: 
key: 91328, value: 
key: 6371, value: 
key: 881015, value: 
key: 928176, value: 
key: 10848, value: 
key: 552159, value: 
key: 3149, value: 
key: 11632, value: 
key: 169508, value: 
key: 665653, value: 
key: 304239, value: 
key: 526246, value: 
key: 192315, value: 
key: 724475, value: 
key: 782367, value: 
key: 291344, value: 
key: 116247, value: 
key: 294455, value: 
key: 13010, value: 
key: 301713, value: 
key: 4779, value: 
key: 401769, value: 
key: 108527, value: 
key: 351017, value: 
key: 931826, value: 
key: 125742, value: 
key: 488850, value: 
key: 108927, value: 
key: 789890, value: 
key: 6278, value: 
key: 256459, value: 
key: 66579, value: 
key: 556276, value: 
key: 1323, value: 
key: 867985, value: 
key: 861, value: 
key: 485569, value: 
key: 413036, value: 
key: 3893, value: 
key: 270132, value: 
key: 206519, value: 
key: 114959, value: 
key: 420328, value: 
key: 14866, value: 
key: 32734, value: 
key: 31241, value: 
key: 688850, value: 
key: 880469, value: 
key: 13458, value: 
key: 60517, value: 
key: 87176, value: 
key: 535512, value: 
key: 163469, value: 
key: 97984, value: 
key: 98240, value: 
key: 487817, value: 
key: 182956, value: 
key: 514665, value: 
key: 154672, value: 
key: 38341, value: 
key: 215542, value: 
key: 290372, value: 
key: 30305, value: 
key: 626094, value: 
key: 18903, value: 
key: 766453, value: 
key: 312276, value: 
key: 12251, value: 
key: 82269, value: 
key: 64533, value: 
key: 559464, value: 
key: 446829, value: 
key: 360550, value: 
key: 793921, value: 
key: 451494, value: 
key: 303973, value: 
key: 20650, value: 
key: 748783, value: 
key: 31704, value: 
key: 8825, value: 
key: 337468, value: 
key: 477315, value: 
key: 427446, value: 
key: 146066, value: 
key: 835199, value: 
key: 85091, value: 
key: 697502, value: 
key: 678431, value: 
key: 402894, value: 
key: 38149, value: 
key: 915565, value: 
key: 195903, value: 
key: 421631, value: 
key: 333291, value: 
key: 6195, value: 
key: 659841, value: 
key: 6405, value: 
key: 927265, value: 
key: 719147, value: 
key: 641244, value: 
key: 992658, value: 
key: 502, value: 
key: 541300, value: 
key: 1671, value: 
key: 289101, value: 
key: 735253, value: 
key: 1303, value: 
key: 76471, value: 
key: 416262, value: 
key: 44870, value: 
key: 1682, value: 
key: 104747, value: 
key: 753895, value: 
key: 940422, value: 
key: 864902, value: 
key: 18598, value: 
key: 767340, value: 
key: 269585, value: 
key: 89844, value: 
key: 151796, value: 
key: 481471, value: 
key: 80605, value: 
key: 283918, value: 
key: 184736, value: 
key: 13520, value: 
key: 368673, value: 
key: 886816, value: 
key: 294952, value: 
key: 159611, value: 
key: 152867, value: 
key: 305726, value: 
key: 440490, value: 
key: 193949, value: 
key: 51652, value: 
key: 282799, value: 
key: 390757, value: 
key: 397235, value: 
key: 28320, value: 
key: 111110, value: 
key: 33344, value: 
key: 933828, value: 
key: 184828, value: 
key: 481671, value: 
key: 1338, value: 
key: 312667, value: 
key: 260616, value: 
key: 799903, value: 
key: 296936, value: 
key: 1705, value: 
key: 33298, value: 
key: 75511, value: 
key: 471319, value: 
key: 173440, value: 
key: 207648, value: 
key: 204267, value: 
key: 502091, value: 
key: 860847, value: 
key: 78264, value: 
key: 72941, value: 
key: 554960, value: 
key: 126149, value: 
key: 4980, value: 
key: 399008, value: 
key: 694206, value: 
key: 242959, value: 
key: 975433, value: 
key: 824773, value: 
key: 99274, value: 
key: 538739, value: 
key: 1299, value: 
key: 109287, value: 
key: 694044, value: 
key: 773110, value: 
key: 36642, value: 
key: 152508, value: 
key: 540228, value: 
key: 289356, value: 
key: 181634, value: 
key: 260137, value: 
key: 131561, value: 
key: 62564, value: 
key: 704879, value: 
key: 14606, value: 
key: 96550, value: 
key: 294246, value: 
key: 122158, value: 
key: 319372, value: 
key: 581593, value: 
key: 2180, value: 
key: 61046, value: 
key: 4232, value: 
key: 946390, value: 
key: 199390, value: 
key: 896844, value: 
key: 971321, value: 
key: 884951, value: 
key: 200401, value: 
key: 677685, value: 
key: 358397, value: 
key: 44379, value: 
key: 242823, value: 
key: 50350, value: 
key: 205682, value: 
key: 4997, value: 
key: 200386, value: 
key: 199006, value: 
key: 505212, value: 
key: 108325, value: 
key: 54417, value: 
key: 487077, value: 
key: 87547, value: 
key: 470321, value: 
key: 207329, value: 
key: 989861, value: 
key: 144486, value: 
key: 548006, value: 
key: 350104, value: 
key: 476792, value: 
key: 260207, value: 
key: 740305, value: 
key: 119316, value: 
key: 937206, value: 
key: 558098, value: 
key: 71496, value: 
key: 4704, value: 
key: 914203, value: 
key: 246210, value: 
key: 125515, value: 
key: 202780, value: 
key: 333222, value: 
key: 270675, value: 
key: 105443, value: 
key: 74198, value: 
key: 683831, value: 
key: 136393, value: 
key: 259302, value: 
key: 30334, value: 
key: 423, value: 
key: 8672, value: 
key: 454150, value: 
key: 565669, value: 
key: 17180, value: 
key: 33052, value: 
key: 991488, value: 
key: 817621, value: 
key: 623992, value: 
key: 8900, value: 
key: 193682, value: 
key: 90332, value: 
key: 522936, value: 
key: 59555, value: 
key: 961690, value: 
key: 978263, value: 
key: 862573, value: 
key: 864418, value: 
key: 270589, value: 
key: 85301, value: 
key: 258183, value: 
key: 39269, value: 
key: 15854, value: 
key: 187382, value: 
key: 43134, value: 
key: 316153, value: 
key: 590146, value: 
key: 527285, value: 
key: 61, value: 
key: 6081, value: 
key: 813096, value: 
key: 347568, value: 
key: 219324, value: 
key: 1718, value: 
key: 473900, value: 
key: 1035, value: 
key: 242977, value: 
key: 53818, value: 
key: 115794, value: 
key: 755330, value: 
key: 80375, value: 
key: 404919, value: 
key: 525656, value: 
key: 253542, value: 
key: 6326, value: 
key: 409172, value: 
key: 180712, value: 
key: 584161, value: 
key: 557879, value: 
key: 3134, value: 
key: 167313, value: 
key: 85523, value: 
key: 837564, value: 
key: 719510, value: 
key: 178711, value: 
key: 28483, value: 
key: 10590, value: 
key: 67491, value: 
key: 726392, value: 
key: 183412, value: 
key: 394289, value: 
key: 892585, value: 
key: 684441, value: 
key: 431012, value: 
key: 858743, value: 
key: 96941, value: 
key: 236754, value: 
key: 21763, value: 
key: 534146, value: 
key: 262858, value: 
key: 60962, value: 
key: 656220, value: 
key: 409255, value: 
key: 277777, value: 
key: 118829, value: 
key: 439595, value: 
key: 81457, value: 
key: 147577, value: 
key: 31885, value: 
key: 321494, value: 
key: 436587, value: 
key: 540121, value: 
key: 38725, value: 
key: 457018, value: 
key: 111170, value: 
key: 702761, value: 
key: 667088, value: 
key: 556193, value: 
key: 83091, value: 
key: 390153, value: 
key: 51430, value: 
key: 458073, value: 
key: 24551, value: 
key: 246403, value: 
key: 230134, value: 
key: 25376, value: 
key: 714704, value: 
key: 133790, value: 
key: 249617, value: 
key: 15308, value: 
key: 415467, value: 
key: 523641, value: 
key: 716870, value: 
key: 392526, value: 
key: 906774, value: 
key: 107052, value: 
key: 150816, value: 
key: 184905, value: 
key: 224399, value: 
key: 1134, value: 
key: 353141, value: 
key: 177516, value: 
key: 25514, value: 
key: 57168, value: 
key: 26393, value: 
key: 6243, value: 
key: 239900, value: 
key: 55801, value: 
key: 115329, value: 
key: 859573, value: 
key: 6704, value: 
key: 712041, value: 
key: 377893, value: 
key: 950160, value: 
key: 37621, value: 
key: 165140, value: 
key: 604513, value: 
key: 326907, value: 
key: 872644, value: 
key: 241736, value: 
key: 680496, value: 
key: 544, value: 
key: 409727, value: 
key: 17449, value: 
key: 1619, value: 
key: 247406, value: 
key: 4278, value: 
key: 289976, value: 
key: 74563, value: 
key: 613810, value: 
key: 685488, value: 
key: 500934, value: 
key: 114470, value: 
key: 140024, value: 
key: 966022, value: 
key: 98479, value: 
key: 673436, value: 
key: 401637, value: 
key: 530517, value: 
key: 314458, value: 
key: 761490, value: 
key: 262218, value: 
key: 746930, value: 
key: 531664, value: 
key: 164455, value: 
key: 356050, value: 
key: 13483, value: 
key: 1570, value: 
key: 318780, value: 
key: 507292, value: 
key: 174919, value: 
key: 276381, value: 
key: 938085, value: 
key: 502899, value: 
key: 609349, value: 
key: 42539, value: 
key: 12, value: 
key: 448395, value: 
key: 315824, value: 
key: 255191, value: 
key: 113691, value: 
key: 161269, value: 
key: 123638, value: 
key: 375493, value: 
key: 643082, value: 
key: 61105, value: 
key: 131914, value: 
key: 81, value: 
key: 146273, value: 
key: 915709, value: 
key: 219559, value: 
key: 18383, value: 
key: 814264, value: 
key: 226117, value: 
key: 341186, value: 
key: 531901, value: 
key: 135635, value: 
key: 967845, value: 
key: 869336, value: 
key: 6245, value: 
key: 291289, value: 
key: 114012, value: 
key: 383975, value: 
key: 639595, value: 
key: 43044, value: 
key: 25523, value: 
key: 601363, value: 
key: 288326, value: 
key: 77418, value: 
key: 23671, value: 
key: 50635, value: 
key: 35748, value: 
key: 394531, value: 
key: 991015, value: 
key: 208663, value: 
key: 76424, value: 
key: 338694, value: 
key: 197929, value: 
key: 134535, value: 
key: 1532, value: 
key: 483305, value: 
key: 605958, value: 
key: 22667, value: 
key: 798889, value: 
key: 184484, value: 
key: 297858, value: 
key: 307362, value: 
key: 233728, value: 
key: 85051, value: 
key: 661509, value: 
key: 587281, value: 
key: 80078, value: 
key: 360, value: 
key: 86630, value: 
key: 161935, value: 
key: 616459, value: 
key: 215285, value: 
key: 427, value: 
key: 794397, value: 
key: 918528, value: 
key: 521665, value: 
key: 407903, value: 
key: 579815, value: 
key: 580459, value: 
key: 121706, value: 
key: 814275, value: 
key: 910360, value: 
key: 2696, value: 
key: 888351, value: 
key: 701278, value: 
key: 69204, value: 
key: 23082, value: 
key: 248188, value: 
key: 576614, value: 
key: 519477, value: 
key: 946569, value: 
key: 34831, value: 
key: 164532, value: 
key: 261505, value: 
key: 903872, value: 
key: 277180, value: 
key: 289299, value: 
key: 40843, value: 
key: 112393, value: 
key: 983797, value: 
key: 42683, value: 
key: 31535, value: 
key: 245332, value: 
key: 176775, value: 
key: 203901, value: 
key: 270491, value: 
key: 447774, value: 
key: 442531, value: 
key: 678176, value: 
key: 112935, value: 
key: 463628, value: 
key: 188370, value: 
key: 383160, value: 
key: 786794, value: 
key: 113015, value: 
key: 378203, value: 
key: 441781, value: 
key: 815870, value: 
key: 210, value: 
key: 408355, value: 
key: 708996, value: 
key: 737932, value: 
key: 37113, value: 
key: 48513, value: 
key: 218226, value: 
key: 986769, value: 
key: 93441, value: 
key: 805314, value: 
key: 52581, value: 
key: 936928, value: 
key: 17986, value: 
key: 199895, value: 
key: 981579, value: 
key: 339349, value: 
key: 866940, value: 
key: 37827, value: 
key: 827028, value: 
key: 129515, value: 
key: 389520, value: 
key: 438228, value: 
key: 718133, value: 
key: 161401, value: 
key: 665396, value: 
key: 593866, value: 
key: 126237, value: 
key: 312490, value: 
key: 526257, value: 
key: 55676, value: 
key: 606665, value: 
key: 91546, value: 
key: 271300, value: 
key: 418602, value: 
key: 242069, value: 
key: 160712, value: 
key: 814099, value: 
key: 152715, value: 
key: 408382, value: 
key: 946136, value: 
key: 8977, value: 
key: 78028, value: 
key: 345850, value: 
key: 958180, value: 
key: 524411, value: 
key: 42931, value: 
key: 476925, value: 
key: 63675, value: 
key: 443356, value: 
key: 4364, value: 
key: 501692, value: 
key: 381955, value: 
key: 32895, value: 
key: 970717, value: 
key: 10828, value: 
key: 399114, value: 
key: 396092, value: 
key: 30970, value: 
key: 272646, value: 
key: 429352, value: 
key: 402405, value: 
key: 642018, value: 
key: 819115, value: 
key: 622946, value: 
key: 199949, value: 
key: 303430, value: 
key: 3336, value: 
key: 172083, value: 
key: 602559, value: 
key: 39290, value: 
key: 95186, value: 
key: 217241, value: 
key: 207624, value: 
key: 190096, value: 
key: 373721, value: 
key: 32662, value: 
key: 41941, value: 
key: 231636, value: 
key: 883909, value: 
key: 459803, value: 
key: 437405, value: 
key: 481949, value: 
key: 674, value: 
key: 679339, value: 
key: 93252, value: 
key: 307126, value: 
key: 840887, value: 
key: 381793, value: 
key: 346028, value: 
key: 2399, value: 
key: 24656, value: 
key: 249635, value: 
key: 182400, value: 
key: 90907, value: 
key: 359640, value: 
key: 868201, value: 
key: 300563, value: 
key: 321418, value: 
key: 6221, value: 
key: 154663, value: 
key: 793943, value: 
key: 432613, value: 
key: 713945, value: 
key: 413876, value: 
key: 909391, value: 
key: 175820, value: 
key: 6854, value: 
key: 243730, value: 
key: 633236, value: 
key: 53003, value: 
key: 14134, value: 
key: 423255, value: 
key: 898057, value: 
key: 173903, value: 
key: 654200, value: 
key: 41574, value: 
key: 13335, value: 
key: 939589, value: 
key: 172014, value: 
key: 552533, value: 
key: 588118, value: 
key: 112975, value: 
key: 771727, value: 
key: 395987, value: 
key: 425253, value: 
key: 507821, value: 
key: 589791, value: 
key: 500857, value: 
key: 184967, value: 
key: 400276, value: 
key: 408629, value: 
key: 166552, value: 
key: 627, value: 
key: 830224, value: 
key: 769531, value: 
key: 113936, value: 
key: 29310, value: 
key: 475098, value: 
key: 456266, value: 
key: 757800, value: 
key: 532890, value: 
key: 178739, value: 
key: 942734, value: 
key: 279049, value: 
key: 18569, value: 
key: 539750, value: 
key: 14882, value: 
key: 32930, value: 
key: 141847, value: 
key: 819870, value: 
key: 15270, value: 
key: 80788, value: 
key: 215537, value: 
key: 568477, value: 
key: 183089, value: 
key: 222492, value: 
key: 691751, value: 
key: 131893, value: 
key: 738629, value: 
key: 67701, value: 
key: 39663, value: 
key: 979413, value: 
key: 225556, value: 
key: 439847, value: 
key: 520804, value: 
key: 111165, value: 
key: 306, value: 
key: 126150, value: 
key: 340969, value: 
key: 233838, value: 
key: 89442, value: 
key: 238561, value: 
key: 705007, value: 
key: 28009, value: 
key: 865464, value: 
key: 577871, value: 
key: 464203, value: 
key: 206119, value: 
key: 327441, value: 
key: 755668, value: 
key: 669866, value: 
key: 10431, value: 
key: 718704, value: 
key: 726316, value: 
key: 6142, value: 
key: 14600, value: 
key: 407787, value: 
key: 369917, value: 
key: 445419, value: 
key: 7727, value: 
key: 320158, value: 
key: 376863, value: 
key: 165221, value: 
key: 88225, value: 
key: 548284, value: 
key: 874846, value: 
key: 160718, value: 
key: 614570, value: 
key: 303449, value: 
key: 415713, value: 
key: 334319, value: 
key: 519798, value: 
key: 28560, value: 
key: 8414, value: 
key: 821075, value: 
key: 64881, value: 
key: 137527, value: 
key: 42278, value: 
key: 538779, value: 
key: 3918, value: 
key: 62335, value: 
key: 792175, value: 
key: 665541, value: 
key: 116205, value: 
key: 687567, value: 
key: 731974, value: 
key: 119277, value: 
key: 92701, value: 
key: 939815, value: 
key: 428821, value: 
key: 331109, value: 
key: 670305, value: 
key: 116159, value: 
key: 900185, value: 
key: 741214, value: 
key: 371503, value: 
key: 689844, value: 
key: 38222, value: 
key: 20038, value: 
key: 403466, value: 
key: 844122, value: 
key: 20269, value: 
key: 419865, value: 
key: 204533, value: 
key: 281358, value: 
key: 548909, value: 
key: 898170, value: 
key: 514049, value: 
key: 547858, value: 
key: 198854, value: 
key: 938803, value: 
key: 503311, value: 
key: 925869, value: 
key: 721157, value: 
key: 722307, value: 
key: 211746, value: 
key: 363744, value: 
key: 232914, value: 
key: 71595, value: 
key: 301353, value: 
key: 403567, value: 
key: 18242, value: 
key: 398616, value: 
key: 64085, value: 
key: 52886, value: 
key: 343359, value: 
key: 210765, value: 
key: 122262, value: 
key: 402595, value: 
key: 34002, value: 
key: 301104, value: 
key: 338944, value: 
key: 87510, value: 
key: 597114, value: 
key: 362372, value: 
key: 67860, value: 
key: 539039, value: 
key: 285998, value: 
key: 2335, value: 
key: 78, value: 
key: 313370, value: 
key: 111646, value: 
key: 841914, value: 
key: 563502, value: 
key: 817322, value: 
key: 150726, value: 
key: 6968, value: 
key: 826768, value: 
key: 62188, value: 
key: 430329, value: 
key: 52712, value: 
key: 371350, value: 
key: 614640, value: 
key: 638938, value: 
key: 305423, value: 
key: 523555, value: 
key: 668427, value: 
key: 591488, value: 
key: 835340, value: 
key: 887, value: 
key: 64582, value: 
key: 61141, value: 
key: 32011, value: 
key: 417166, value: 
key: 762967, value: 
key: 688810, value: 
key: 767038, value: 
key: 642162, value: 
key: 766831, value: 
key: 603569, value: 
key: 600568, value: 
key: 530351, value: 
key: 28755, value: 
key: 183014, value: 
key: 442117, value: 
key: 244049, value: 
key: 181317, value: 
key: 137646, value: 
key: 152472, value: 
key: 311211, value: 
key: 283624, value: 
key: 209534, value: 
key: 202588, value: 
key: 491094, value: 
key: 931251, value: 
key: 406115, value: 
key: 250075, value: 
key: 518450, value: 
key: 360796, value: 
key: 230059, value: 
key: 82168, value: 
key: 764288, value: 
key: 787942, value: 
key: 198054, value: 
key: 35182, value: 
key: 22085, value: 
key: 169162, value: 
key: 18420, value: 
key: 471607, value: 
key: 732625, value: 
key: 811566, value: 
key: 672406, value: 
key: 30206, value: 
key: 86957, value: 
key: 269303, value: 
key: 443811, value: 
key: 770964, value: 
key: 932159, value: 
key: 597765, value: 
key: 737956, value: 
key: 264720, value: 
key: 3558, value: 
key: 42845, value: 
key: 11089, value: 
key: 321432, value: 
key: 27060, value: 
key: 591253, value: 
key: 172391, value: 
key: 39904, value: 
key: 97166, value: 
key: 2245, value: 
key: 67253, value: 
key: 563768, value: 
key: 92938, value: 
key: 771969, value: 
key: 926020, value: 
key: 989287, value: 
key: 34345, value: 
key: 19663, value: 
key: 603204, value: 
key: 8546, value: 
key: 6791, value: 
key: 220867, value: 
key: 15049, value: 
key: 252183, value: 
key: 352733, value: 
key: 530571, value: 
key: 656079, value: 
key: 433256, value: 
key: 671157, value: 
key: 56750, value: 
key: 33623, value: 
key: 535833, value: 
key: 145867, value: 
key: 147241, value: 
key: 921810, value: 
key: 364442, value: 
key: 25828, value: 
key: 267826, value: 
key: 489268, value: 
key: 276271, value: 
key: 126, value: 
key: 148776, value: 
key: 539183, value: 
key: 493357, value: 
key: 89110, value: 
key: 402764, value: 
key: 59009, value: 
key: 839115, value: 
key: 873151, value: 
key: 259476, value: 
key: 73384, value: 
key: 454699, value: 
key: 258073, value: 
key: 1062, value: 
key: 190399, value: 
key: 692606, value: 
key: 34505, value: 
key: 756911, value: 
key: 67950, value: 
key: 995338, value: 
key: 47440, value: 
key: 15353, value: 
key: 867828, value: 
key: 136315, value: 
key: 18129, value: 
key: 35793, value: 
key: 18330, value: 
key: 467905, value: 
key: 399220, value: 
key: 116760, value: 
key: 997756, value: 
key: 684423, value: 
key: 880799, value: 
key: 20975, value: 
key: 118263, value: 
key: 398768, value: 
key: 19113, value: 
key: 27505, value: 
key: 848155, value: 
key: 295625, value: 
key: 73362, value: 
key: 91504, value: 
key: 844625, value: 
key: 344, value: 
key: 935077, value: 
key: 981526, value: 
key: 136746, value: 
key: 6478, value: 
key: 73432, value: 
key: 180002, value: 
key: 259933, value: 
key: 10426, value: 
key: 658907, value: 
key: 497539, value: 
key: 122970, value: 
key: 435504, value: 
key: 294356, value: 
key: 304976, value: 
key: 659328, value: 
key: 26380, value: 
key: 146747, value: 
key: 122068, value: 
key: 345052, value: 
key: 63554, value: 
key: 372328, value: 
key: 515327, value: 
key: 256396, value: 
key: 184150, value: 
key: 142848, value: 
key: 34907, value: 
key: 161452, value: 
key: 129409, value: 
key: 495771, value: 
key: 232127, value: 
key: 476660, value: 
key: 58301, value: 
key: 383294, value: 
key: 11742, value: 
key: 24728, value: 
key: 1741, value: 
key: 465761, value: 
key: 142947, value: 
key: 3473, value: 
key: 942309, value: 
key: 131794, value: 
key: 157325, value: 
key: 377604, value: 
key: 2122, value: 
key: 71863, value: 
key: 54549, value: 
key: 611593, value: 
key: 100615, value: 
key: 62986, value: 
key: 264168, value: 
key: 26456, value: 
key: 833072, value: 
key: 14723, value: 
key: 630134, value: 
key: 483617, value: 
key: 90781, value: 
key: 132940, value: 
key: 600397, value: 
key: 18547, value: 
key: 773226, value: 
key: 35689, value: 
key: 925128, value: 
key: 676323, value: 
key: 57867, value: 
key: 617971, value: 
key: 3875, value: 
key: 11634, value: 
key: 300064, value: 
key: 454057, value: 
key: 600953, value: 
key: 222373, value: 
key: 398920, value: 
key: 212370, value: 
key: 909913, value: 
key: 203101, value: 
key: 1765, value: 
key: 776612, value: 
key: 36794, value: 
key: 822519, value: 
key: 507551, value: 
key: 147388, value: 
key: 123946, value: 
key: 423006, value: 
key: 421927, value: 
key: 522, value: 
key: 151563, value: 
key: 761386, value: 
key: 185393, value: 
key: 796247, value: 
key: 149386, value: 
key: 303052, value: 
key: 59230, value: 
key: 817463, value: 
key: 22317, value: 
key: 462207, value: 
key: 181609, value: 
key: 925863, value: 
key: 386251, value: 
key: 532935, value: 
key: 84094, value: 
key: 549999, value: 
key: 531688, value: 
key: 9020, value: 
key: 149207, value: 
key: 410264, value: 
key: 593710, value: 
key: 299328, value: 
key: 9899, value: 
key: 471340, value: 
key: 333129, value: 
key: 279333, value: 
key: 931778, value: 
key: 26889, value: 
key: 161388, value: 
key: 26270, value: 
key: 985155, value: 
key: 9219, value: 
key: 316843, value: 
key: 164130, value: 
key: 364345, value: 
key: 597936, value: 
key: 3257, value: 
key: 235375, value: 
key: 918306, value: 
key: 42890, value: 
key: 24492, value: 
key: 177189, value: 
key: 68805, value: 
key: 146666, value: 
key: 779013, value: 
key: 841145, value: 
key: 107706, value: 
key: 264562, value: 
key: 202663, value: 
key: 622911, value: 
key: 625901, value: 
key: 958238, value: 
key: 270396, value: 
key: 941540, value: 
key: 240870, value: 
key: 132445, value: 
key: 983793, value: 
key: 768808, value: 
key: 610439, value: 
key: 744183, value: 
key: 263840, value: 
key: 790074, value: 
key: 213878, value: 
key: 384451, value: 
key: 666045, value: 
key: 109748, value: 
key: 604964, value: 
key: 719280, value: 
key: 58464, value: 
key: 173981, value: 
key: 123201, value: 
key: 12703, value: 
key: 674091, value: 
key: 125726, value: 
key: 2007, value: 
key: 132063, value: 
key: 353, value: 
key: 886579, value: 
key: 630114, value: 
key: 579772, value: 
key: 211148, value: 
key: 72781, value: 
key: 445693, value: 
key: 7824, value: 
key: 296468, value: 
key: 164745, value: 
key: 179105, value: 
key: 691344, value: 
key: 209248, value: 
key: 66290, value: 
key: 543845, value: 
key: 927733, value: 
key: 347999, value: 
key: 735350, value: 
key: 2436, value: 
key: 411656, value: 
key: 630549, value: 
key: 334999, value: 
key: 892, value: 
key: 126103, value: 
key: 860108, value: 
key: 66647, value: 
key: 343984, value: 
key: 747319, value: 
key: 622649, value: 
key: 328763, value: 
key: 655737, value: 
key: 34231, value: 
key: 852, value: 
key: 427437, value: 
key: 95579, value: 
key: 322284, value: 
key: 979583, value: 
key: 303726, value: 
key: 224102, value: 
key: 84427, value: 
key: 252419, value: 
key: 56880, value: 
key: 193693, value: 
key: 479490, value: 
key: 326512, value: 
key: 124895, value: 
key: 10305, value: 
key: 588101, value: 
key: 20449, value: 
key: 185036, value: 
key: 7497, value: 
key: 120323, value: 
key: 285358, value: 
key: 391369, value: 
key: 1000, value: 
key: 114809, value: 
key: 69312, value: 
key: 635524, value: 
key: 609064, value: 
key: 374346, value: 
key: 145061, value: 
key: 152353, value: 
key: 741531, value: 
key: 11274, value: 
key: 758694, value: 
key: 462003, value: 
key: 724859, value: 
key: 414213, value: 
key: 60562, value: 
key: 878549, value: 
key: 289978, value: 
key: 333358, value: 
key: 141962, value: 
key: 613409, value: 
key: 523308, value: 
key: 621301, value: 
key: 553589, value: 
key: 86492, value: 
key: 206595, value: 
key: 109137, value: 
key: 725632, value: 
key: 123010, value: 
key: 34747, value: 
key: 208461, value: 
key: 29774, value: 
key: 237748, value: 
key: 146169, value: 
key: 75106, value: 
key: 510861, value: 
key: 882904, value: 
key: 334508, value: 
key: 38596, value: 
key: 130645, value: 
key: 844612, value: 
key: 694639, value: 
key: 487774, value: 
key: 182769, value: 
key: 775532, value: 
key: 319314, value: 
key: 773312, value: 
key: 712191, value: 
key: 73229, value: 
key: 401486, value: 
key: 29101, value: 
key: 460131, value: 
key: 194670, value: 
key: 182138, value: 
key: 287772, value: 
key: 633409, value: 
key: 208546, value: 
key: 12480, value: 
key: 420801, value: 
key: 102374, value: 
key: 436022, value: 
key: 143773, value: 
key: 71847, value: 
key: 37850, value: 
key: 107801, value: 
key: 225617, value: 
key: 45288, value: 
key: 51892, value: 
key: 441196, value: 
key: 595958, value: 
key: 693821, value: 
key: 622186, value: 
key: 228414, value: 
key: 22047, value: 
key: 742985, value: 
key: 28131, value: 
key: 2429, value: 
key: 310762, value: 
key: 14552, value: 
key: 593071, value: 
key: 9310, value: 
key: 159507, value: 
key: 9662, value: 
key: 125913, value: 
key: 48153, value: 
key: 122961, value: 
key: 199965, value: 
key: 749322, value: 
key: 491658, value: 
key: 52491, value: 
key: 225367, value: 
key: 167889, value: 
key: 633438, value: 
key: 1538, value: 
key: 886809, value: 
key: 186488, value: 
key: 122934, value: 
key: 37269, value: 
key: 73614, value: 
key: 101076, value: 
key: 3635, value: 
key: 147751, value: 
key: 146385, value: 
key: 77544, value: 
key: 955808, value: 
key: 220126, value: 
key: 48366, value: 
key: 33188, value: 
key: 1589, value: 
key: 872451, value: 
key: 28902, value: 
key: 700358, value: 
key: 400869, value: 
key: 923003, value: 
key: 792348, value: 
key: 47569, value: 
key: 943216, value: 
key: 11452, value: 
key: 413517, value: 
key: 334801, value: 
key: 898581, value: 
key: 840568, value: 
key: 309810, value: 
key: 701546, value: 
key: 155130, value: 
key: 33359, value: 
key: 403578, value: 
key: 805044, value: 
key: 8711, value: 
key: 714142, value: 
key: 87604, value: 
key: 890570, value: 
key: 434088, value: 
key: 294512, value: 
key: 58215, value: 
key: 266432, value: 
key: 960343, value: 
key: 144615, value: 
key: 16518, value: 
key: 25033, value: 
key: 558599, value: 
key: 308716, value: 
key: 140947, value: 
key: 216912, value: 
key: 17827, value: 
key: 4069, value: 
key: 346682, value: 
key: 509654, value: 
key: 120280, value: 
key: 728268, value: 
key: 788934, value: 
key: 61206, value: 
key: 242241, value: 
key: 754641, value: 
key: 286700, value: 
key: 366466, value: 
key: 169500, value: 
key: 276842, value: 
key: 81367, value: 
key: 29099, value: 
key: 356591, value: 
key: 293797, value: 
key: 7022, value: 
key: 262362, value: 
key: 179, value: 
key: 80087, value: 
key: 261873, value: 
key: 170809, value: 
key: 966020, value: 
key: 505289, value: 
key: 805365, value: 
key: 553284, value: 
key: 532643, value: 
key: 6683, value: 
key: 41075, value: 
key: 201592, value: 
key: 345579, value: 
key: 2922, value: 
key: 561852, value: 
key: 156687, value: 
key: 479597, value: 
key: 229275, value: 
key: 498682, value: 
key: 795903, value: 
key: 158643, value: 
key: 853760, value: 
key: 767564, value: 
key: 342945, value: 
key: 654220, value: 
key: 33324, value: 
key: 383458, value: 
key: 4391, value: 
key: 158254, value: 
key: 715277, value: 
key: 604090, value: 
key: 927182, value: 
key: 27464, value: 
key: 103120, value: 
key: 432183, value: 
key: 37823, value: 
key: 703063, value: 
key: 141654, value: 
key: 69415, value: 
key: 698314, value: 
key: 626098, value: 
key: 7897, value: 
key: 462780, value: 
key: 42487, value: 
key: 701599, value: 
key: 36817, value: 
key: 463619, value: 
key: 219432, value: 
key: 858817, value: 
key: 206656, value: 
key: 143100, value: 
key: 208850, value: 
key: 911363, value: 
key: 12747, value: 
key: 258822, value: 
key: 315541, value: 
key: 163533, value: 
key: 1990, value: 
key: 20948, value: 
key: 64777, value: 
key: 746424, value: 
key: 705742, value: 
key: 268106, value: 
key: 424137, value: 
key: 465903, value: 
key: 141278, value: 
key: 814596, value: 
key: 960921, value: 
key: 234611, value: 
key: 134807, value: 
key: 991514, value: 
key: 223466, value: 
key: 888955, value: 
key: 648397, value: 
key: 261358, value: 
key: 172221, value: 
key: 399943, value: 
key: 105254, value: 
key: 126772, value: 
key: 12497, value: 
key: 109142, value: 
key: 553277, value: 
key: 109469, value: 
key: 196898, value: 
key: 378742, value: 
key: 19465, value: 
key: 503951, value: 
key: 4209, value: 
key: 833113, value: 
key: 28823, value: 
key: 510919, value: 
key: 576489, value: 
key: 788181, value: 
key: 435263, value: 
key: 977000, value: 
key: 483075, value: 
key: 918034, value: 
key: 999402, value: 
key: 31786, value: 
key: 278268, value: 
key: 198098, value: 
key: 546639, value: 
key: 31647, value: 
key: 332715, value: 
key: 617104, value: 
key: 159082, value: 
key: 987621, value: 
key: 493906, value: 
key: 50253, value: 
key: 439618, value: 
key: 150159, value: 
key: 706907, value: 
key: 964455, value: 
key: 795116, value: 
key: 528372, value: 
key: 875553, value: 
key: 401873, value: 
key: 643149, value: 
key: 223215, value: 
key: 16617, value: 
key: 16015, value: 
key: 48184, value: 
key: 5152, value: 
key: 717, value: 
key: 586390, value: 
key: 11706, value: 
key: 451856, value: 
key: 644944, value: 
key: 120378, value: 
key: 977224, value: 
key: 374300, value: 
key: 949250, value: 
key: 861833, value: 
key: 119723, value: 
key: 22764, value: 
key: 209334, value: 
key: 259432, value: 
key: 162938, value: 
key: 251737, value: 
key: 665204, value: 
key: 26607, value: 
key: 91083, value: 
key: 931679, value: 
key: 665428, value: 
key: 160534, value: 
key: 630424, value: 
key: 910506, value: 
key: 959, value: 
key: 944, value: 
key: 275436, value: 
key: 120187, value: 
key: 170407, value: 
key: 398904, value: 
key: 51858, value: 
key: 65103, value: 
key: 608427, value: 
key: 342, value: 
key: 444962, value: 
key: 425194, value: 
key: 67846, value: 
key: 127209, value: 
key: 187467, value: 
key: 190771, value: 
key: 71489, value: 
key: 223408, value: 
key: 320165, value: 
key: 18675, value: 
key: 251302, value: 
key: 110755, value: 
key: 737859, value: 
key: 181821, value: 
key: 261844, value: 
key: 8537, value: 
key: 13324, value: 
key: 533747, value: 
key: 735525, value: 
key: 152544, value: 
key: 15292, value: 
key: 364426, value: 
key: 514353, value: 
key: 866791, value: 
key: 597385, value: 
key: 85710, value: 
key: 19582, value: 
key: 339125, value: 
key: 72529, value: 
key: 523872, value: 
key: 291580, value: 
key: 860362, value: 
key: 713987, value: 
key: 157794, value: 
key: 852963, value: 
key: 143674, value: 
key: 375798, value: 
key: 550902, value: 
key: 21893, value: 
key: 240854, value: 
key: 481091, value: 
key: 863440, value: 
key: 648995, value: 
key: 786602, value: 
key: 85811, value: 
key: 28803, value: 
key: 16659, value: 
key: 391705, value: 
key: 416978, value: 
key: 407839, value: 
key: 805729, value: 
key: 96181, value: 
key: 529195, value: 
key: 230042, value: 
key: 928701, value: 
key: 79229, value: 
key: 595716, value: 
key: 442148, value: 
key: 778243, value: 
key: 6821, value: 
key: 433098, value: 
key: 12400, value: 
key: 462832, value: 
key: 517682, value: 
key: 793279, value: 
key: 21228, value: 
key: 495395, value: 
key: 87039, value: 
key: 5080, value: 
key: 621570, value: 
key: 470316, value: 
key: 562763, value: 
key: 86582, value: 
key: 574746, value: 
key: 324684, value: 
key: 75009, value: 
key: 105216, value: 
key: 239768, value: 
key: 72891, value: 
key: 212398, value: 
key: 198261, value: 
key: 255779, value: 
key: 556221, value: 
key: 974566, value: 
key: 27460, value: 
key: 323649, value: 
key: 22362, value: 
key: 631977, value: 
key: 537, value: 
key: 614125, value: 
key: 603536, value: 
key: 292118, value: 
key: 870455, value: 
key: 989447, value: 
key: 279142, value: 
key: 380886, value: 
key: 4823, value: 
key: 813290, value: 
key: 191880, value: 
key: 306303, value: 
key: 3433, value: 
key: 391172, value: 
key: 112489, value: 
key: 78334, value: 
key: 201541, value: 
key: 663857, value: 
key: 477588, value: 
key: 607004, value: 
key: 135431, value: 
key: 10196, value: 
key: 49620, value: 
key: 548426, value: 
key: 42560, value: 
key: 436523, value: 
key: 607804, value: 
key: 433993, value: 
key: 515279, value: 
key: 336663, value: 
key: 196524, value: 
key: 671083, value: 
key: 480085, value: 
key: 743221, value: 
key: 160286, value: 
key: 28052, value: 
key: 127098, value: 
key: 238439, value: 
key: 432741, value: 
key: 46373, value: 
key: 825064, value: 
key: 297069, value: 
key: 425561, value: 
key: 214529, value: 
key: 398560, value: 
key: 63758, value: 
key: 570944, value: 
key: 758203, value: 
key: 62757, value: 
key: 871155, value: 
key: 323146, value: 
key: 678257, value: 
key: 311868, value: 
key: 398047, value: 
key: 758900, value: 
key: 350412, value: 
key: 258169, value: 
key: 69682, value: 
key: 75371, value: 
key: 93700, value: 
key: 258518, value: 
key: 868498, value: 
key: 199596, value: 
key: 491597, value: 
key: 149582, value: 
key: 114311, value: 
key: 58482, value: 
key: 430745, value: 
key: 24137, value: 
key: 481695, value: 
key: 467725, value: 
key: 975, value: 
key: 236655, value: 
key: 184239, value: 
key: 5, value: 
key: 585865, value: 
key: 570551, value: 
key: 762060, value: 
key: 260920, value: 
key: 68302, value: 
key: 1239, value: 
key: 73375, value: 
key: 149654, value: 
key: 624496, value: 
key: 447967, value: 
key: 417155, value: 
key: 644603, value: 
key: 782350, value: 
key: 6120, value: 
key: 634471, value: 
key: 403808, value: 
key: 29408, value: 
key: 870215, value: 
key: 684656, value: 
key: 915682, value: 
key: 11863, value: 
key: 9060, value: 
key: 14848, value: 
key: 65912, value: 
key: 969713, value: 
key: 185421, value: 
key: 541353, value: 
key: 5556, value: 
key: 908219, value: 
key: 159815, value: 
key: 497027, value: 
key: 104392, value: 
key: 45385, value: 
key: 901319, value: 
key: 809806, value: 
key: 8234, value: 
key: 188936, value: 
key: 141926, value: 
key: 2270, value: 
key: 643040, value: 
key: 365292, value: 
key: 369221, value: 
key: 784286, value: 
key: 195576, value: 
key: 85145, value: 
key: 319095, value: 
key: 434987, value: 
key: 260034, value: 
key: 712175, value: 
key: 560356, value: 
key: 23314, value: 
key: 105687, value: 
key: 121027, value: 
key: 496064, value: 
key: 498671, value: 
key: 2120, value: 
key: 93126, value: 
key: 279423, value: 
key: 27455, value: 
key: 5178, value: 
key: 424005, value: 
key: 4805, value: 
key: 222506, value: 
key: 468218, value: 
key: 29060, value: 
key: 127917, value: 
key: 81428, value: 
key: 48766, value: 
key: 8360, value: 
key: 101360, value: 
key: 385795, value: 
key: 327823, value: 
key: 69332, value: 
key: 18550, value: 
key: 360909, value: 
key: 364691, value: 
key: 68878, value: 
key: 115307, value: 
key: 175059, value: 
key: 850817, value: 
key: 370081, value: 
key: 838697, value: 
key: 9620, value: 
key: 42209, value: 
key: 22915, value: 
key: 586282, value: 
key: 363883, value: 
key: 8742, value: 
key: 502103, value: 
key: 452925, value: 
key: 157910, value: 
key: 686487, value: 
key: 155062, value: 
key: 2955, value: 
key: 497623, value: 
key: 16895, value: 
key: 72916, value: 
key: 609855, value: 
key: 647891, value: 
key: 34662, value: 
key: 12668, value: 
key: 731424, value: 
key: 15753, value: 
key: 253586, value: 
key: 692873, value: 
key: 1662, value: 
key: 1152, value: 
key: 849527, value: 
key: 26403, value: 
key: 695720, value: 
key: 661024, value: 
key: 9080, value: 
key: 453924, value: 
key: 698158, value: 
key: 905436, value: 
key: 238091, value: 
key: 447334, value: 
key: 14204, value: 
key: 458921, value: 
key: 27028, value: 
key: 165353, value: 
key: 8476, value: 
key: 292824, value: 
key: 21642, value: 
key: 588431, value: 
key: 619403, value: 
key: 221716, value: 
key: 491041, value: 
key: 237432, value: 
key: 603118, value: 
key: 551497, value: 
key: 29251, value: 
key: 755695, value: 
key: 293946, value: 
key: 24083, value: 
key: 587205, value: 
key: 403888, value: 
key: 42395, value: 
key: 966239, value: 
key: 307599, value: 
key: 46663, value: 
key: 347056, value: 
key: 889765, value: 
key: 80306, value: 
key: 26935, value: 
key: 21619, value: 
key: 620481, value: 
key: 50497, value: 
key: 637104, value: 
key: 67871, value: 
key: 562220, value: 
key: 608870, value: 
key: 927245, value: 
key: 41972, value: 
key: 257193, value: 
key: 318508, value: 
key: 58570, value: 
key: 661323, value: 
key: 519547, value: 
key: 559941, value: 
key: 30060, value: 
key: 591622, value: 
key: 969407, value: 
key: 755, value: 
key: 103087, value: 
key: 42478, value: 
key: 307742, value: 
key: 110216, value: 
key: 458, value: 
key: 46513, value: 
key: 321528, value: 
key: 669943, value: 
key: 7596, value: 
key: 325931, value: 
key: 135455, value: 
key: 792085, value: 
key: 291863, value: 
key: 215818, value: 
key: 17678, value: 
key: 274367, value: 
key: 708059, value: 
key: 709001, value: 
key: 461, value: 
key: 357600, value: 
key: 2825, value: 
key: 685002, value: 
key: 24100, value: 
key: 578177, value: 
key: 468920, value: 
key: 523960, value: 
key: 77531, value: 
key: 285444, value: 
key: 255575, value: 
key: 250332, value: 
key: 339437, value: 
key: 29462, value: 
key: 808043, value: 
key: 60706, value: 
key: 492842, value: 
key: 106754, value: 
key: 144310, value: 
key: 681277, value: 
key: 501780, value: 
key: 599662, value: 
key: 6856, value: 
key: 806133, value: 
key: 20104, value: 
key: 393, value: 
key: 15528, value: 
key: 357060, value: 
key: 299106, value: 
key: 974641, value: 
key: 661765, value: 
key: 937048, value: 
key: 122617, value: 
key: 544891, value: 
key: 413050, value: 
key: 80269, value: 
key: 365683, value: 
key: 2142, value: 
key: 453498, value: 
key: 4692, value: 
key: 951802, value: 
key: 362530, value: 
key: 529001, value: 
key: 298671, value: 
key: 5059, value: 
key: 23, value: 
key: 294237, value: 
key: 327588, value: 
key: 257869, value: 
key: 533624, value: 
key: 306475, value: 
key: 175945, value: 
key: 300662, value: 
key: 622023, value: 
key: 301490, value: 
key: 25521, value: 
key: 271928, value: 
key: 1734, value: 
key: 494956, value: 
key: 249925, value: 
key: 688915, value: 
key: 9925, value: 
key: 614110, value: 
key: 3897, value: 
key: 776827, value: 
key: 6984, value: 
key: 59205, value: 
key: 138951, value: 
key: 31571, value: 
key: 17021, value: 
key: 23101, value: 
key: 322941, value: 
key: 842694, value: 
key: 330999, value: 
key: 199372, value: 
key: 150290, value: 
key: 21000, value: 
key: 889868, value: 
key: 162105, value: 
key: 108398, value: 
key: 787526, value: 
key: 611917, value: 
key: 23648, value: 
key: 22388, value: 
key: 10686, value: 
key: 20205, value: 
key: 150649, value: 
key: 804090, value: 
key: 23730, value: 
key: 110168, value: 
key: 672202, value: 
key: 89965, value: 
key: 56, value: 
key: 233849, value: 
key: 242980, value: 
key: 245705, value: 
key: 511934, value: 
key: 761681, value: 
key: 383423, value: 
key: 264593, value: 
key: 846148, value: 
key: 139253, value: 
key: 192212, value: 
key: 937361, value: 
key: 306831, value: 
key: 17513, value: 
key: 2971, value: 
key: 141463, value: 
key: 937886, value: 
key: 247381, value: 
key: 236286, value: 
key: 811418, value: 
key: 196184, value: 
key: 401987, value: 
key: 251072, value: 
key: 846212, value: 
key: 1871, value: 
key: 47118, value: 
key: 145416, value: 
key: 608201, value: 
key: 560640, value: 
key: 84801, value: 
key: 196609, value: 
key: 246272, value: 
key: 342790, value: 
key: 240021, value: 
key: 64373, value: 
key: 698930, value: 
key: 296550, value: 
key: 426133, value: 
key: 526208, value: 
key: 561247, value: 
key: 170319, value: 
key: 2010, value: 
key: 74994, value: 
key: 102352, value: 
key: 5396, value: 
key: 84391, value: 
key: 76712, value: 
key: 581797, value: 
key: 189005, value: 
key: 131174, value: 
key: 395, value: 
key: 286193, value: 
key: 54460, value: 
key: 98, value: 
key: 348437, value: 
key: 149610, value: 
key: 838897, value: 
key: 98835, value: 
key: 182071, value: 
key: 37928, value: 
key: 631544, value: 
key: 158423, value: 
key: 877678, value: 
key: 909308, value: 
key: 143160, value: 
key: 1752, value: 
key: 186028, value: 
key: 582806, value: 
key: 340224, value: 
key: 548967, value: 
key: 866944, value: 
key: 198575, value: 
key: 309036, value: 
key: 69279, value: 
key: 228139, value: 
key: 992166, value: 
key: 463206, value: 
key: 255135, value: 
key: 139150, value: 
key: 941795, value: 
key: 798959, value: 
key: 76316, value: 
key: 343290, value: 
key: 11483, value: 
key: 333905, value: 
key: 8135, value: 
key: 556681, value: 
key: 1156, value: 
key: 611650, value: 
key: 203824, value: 
key: 19885, value: 
key: 585438, value: 
key: 3345, value: 
key: 120655, value: 
key: 296701, value: 
key: 23691, value: 
key: 338610, value: 
key: 915710, value: 
key: 762714, value: 
key: 222465, value: 
key: 853876, value: 
key: 722932, value: 
key: 150535, value: 
key: 698466, value: 
key: 87985, value: 
key: 2885, value: 
key: 68344, value: 
key: 257058, value: 
key: 45503, value: 
key: 4957, value: 
key: 50769, value: 
key: 744385, value: 
key: 644777, value: 
key: 644096, value: 
key: 908837, value: 
key: 589155, value: 
key: 174818, value: 
key: 293182, value: 
key: 872215, value: 
key: 23619, value: 
key: 448784, value: 
key: 908848, value: 
key: 101184, value: 
key: 928462, value: 
key: 139545, value: 
key: 514074, value: 
key: 46692, value: 
key: 131079, value: 
key: 23420, value: 
key: 142464, value: 
key: 293968, value: 
key: 776249, value: 
key: 191785, value: 
key: 16055, value: 
key: 492707, value: 
key: 153835, value: 
key: 26580, value: 
key: 307302, value: 
key: 201484, value: 
key: 6579, value: 
key: 650958, value: 
key: 228227, value: 
key: 400724, value: 
key: 855337, value: 
key: 73441, value: 
key: 738054, value: 
key: 4377, value: 
key: 43712, value: 
key: 750876, value: 
key: 335215, value: 
key: 13991, value: 
key: 586365, value: 
key: 87204, value: 
key: 56930, value: 
key: 265082, value: 
key: 17852, value: 
key: 180628, value: 
key: 622586, value: 
key: 968, value: 
key: 127023, value: 
key: 12208, value: 
key: 93209, value: 
key: 692066, value: 
key: 209631, value: 
key: 367674, value: 
key: 425637, value: 
key: 573839, value: 
key: 459623, value: 
key: 431834, value: 
key: 885204, value: 
key: 852813, value: 
key: 621972, value: 
key: 172991, value: 
key: 135037, value: 
key: 155994, value: 
key: 394450, value: 
key: 448320, value: 
key: 583939, value: 
key: 598401, value: 
key: 333, value: 
key: 77757, value: 
key: 118975, value: 
key: 558210, value: 
key: 264964, value: 
key: 493797, value: 
key: 419629, value: 
key: 520387, value: 
key: 391349, value: 
key: 340, value: 
key: 529771, value: 
key: 883734, value: 
key: 291906, value: 
key: 688520, value: 
key: 938250, value: 
key: 252486, value: 
key: 231096, value: 
key: 417980, value: 
key: 74761, value: 
key: 95641, value: 
key: 995204, value: 
key: 478015, value: 
key: 588505, value: 
key: 15306, value: 
key: 114711, value: 
key: 228492, value: 
key: 756104, value: 
key: 517206, value: 
key: 521926, value: 
key: 191594, value: 
key: 440096, value: 
key: 20843, value: 
key: 622377, value: 
key: 566363, value: 
key: 448706, value: 
key: 111886, value: 
key: 192140, value: 
key: 733552, value: 
key: 58792, value: 
key: 79991, value: 
key: 4342, value: 
key: 23048, value: 
key: 432145, value: 
key: 898732, value: 
key: 155413, value: 
key: 505566, value: 
key: 87093, value: 
key: 244041, value: 
key: 281031, value: 
key: 820274, value: 
key: 14006, value: 
key: 64308, value: 
key: 276080, value: 
key: 964675, value: 
key: 787760, value: 
key: 153758, value: 
key: 984224, value: 
key: 3817, value: 
key: 87415, value: 
key: 769591, value: 
key: 171420, value: 
key: 720040, value: 
key: 622047, value: 
key: 365665, value: 
key: 50211, value: 
key: 241, value: 
key: 829712, value: 
key: 195295, value: 
key: 940305, value: 
key: 126211, value: 
key: 133826, value: 
key: 741690, value: 
key: 790926, value: 
key: 235070, value: 
key: 630574, value: 
key: 113886, value: 
key: 352029, value: 
key: 461529, value: 
key: 712913, value: 
key: 706239, value: 
key: 157402, value: 
key: 121151, value: 
key: 952186, value: 
key: 838075, value: 
key: 156610, value: 
key: 858152, value: 
key: 172249, value: 
key: 482818, value: 
key: 74280, value: 
key: 29936, value: 
key: 264458, value: 
key: 441798, value: 
key: 544671, value: 
key: 235636, value: 
key: 228104, value: 
key: 81327, value: 
key: 381142, value: 
key: 43927, value: 
key: 2458, value: 
key: 912276, value: 
key: 593200, value: 
key: 220687, value: 
key: 680601, value: 
key: 782392, value: 
key: 311240, value: 
key: 221365, value: 
key: 285518, value: 
key: 35647, value: 
key: 568897, value: 
key: 19694, value: 
key: 457931, value: 
key: 485640, value: 
key: 39481, value: 
key: 32400, value: 
key: 234891, value: 
key: 18792, value: 
key: 955866, value: 
key: 953477, value: 
key: 758357, value: 
key: 50224, value: 
key: 166596, value: 
key: 384833, value: 
key: 9828, value: 
key: 137684, value: 
key: 155602, value: 
key: 312005, value: 
key: 614482, value: 
key: 829936, value: 
key: 29420, value: 
key: 429440, value: 
key: 921735, value: 
key: 845000, value: 
key: 88423, value: 
key: 469697, value: 
key: 16095, value: 
key: 779112, value: 
key: 145977, value: 
key: 11977, value: 
key: 61884, value: 
key: 18280, value: 
key: 133293, value: 
key: 673142, value: 
key: 671995, value: 
key: 23349, value: 
key: 385694, value: 
key: 37168, value: 
key: 514522, value: 
key: 244588, value: 
key: 223314, value: 
key: 340109, value: 
key: 250486, value: 
key: 69330, value: 
key: 75362, value: 
key: 528103, value: 
key: 584396, value: 
key: 337899, value: 
key: 467819, value: 
key: 826126, value: 
key: 677702, value: 
key: 337, value: 
key: 573941, value: 
key: 61123, value: 
key: 899926, value: 
key: 5251, value: 
key: 459609, value: 
key: 321067, value: 
key: 235890, value: 
key: 306240, value: 
key: 200564, value: 
key: 784064, value: 
key: 320215, value: 
key: 656778, value: 
key: 431153, value: 
key: 861402, value: 
key: 228702, value: 
key: 46843, value: 
key: 164312, value: 
key: 13997, value: 
key: 469990, value: 
key: 397840, value: 
key: 5495, value: 
key: 553747, value: 
key: 595772, value: 
key: 4856, value: 
key: 214785, value: 
key: 502590, value: 
key: 512418, value: 
key: 258826, value: 
key: 153655, value: 
key: 288193, value: 
key: 281927, value: 
key: 14305, value: 
key: 32770, value: 
key: 62591, value: 
key: 253067, value: 
key: 753480, value: 
key: 647363, value: 
key: 20894, value: 
key: 247787, value: 
key: 725092, value: 
key: 495544, value: 
key: 927920, value: 
key: 962514, value: 
key: 678756, value: 
key: 207730, value: 
key: 450507, value: 
key: 66748, value: 
key: 199077, value: 
key: 976698, value: 
key: 51728, value: 
key: 479256, value: 
key: 703764, value: 
key: 324877, value: 
key: 4184, value: 
key: 18943, value: 
key: 744565, value: 
key: 663495, value: 
key: 670004, value: 
key: 783920, value: 
key: 12028, value: 
key: 593644, value: 
key: 397783, value: 
key: 271973, value: 
key: 995105, value: 
key: 161416, value: 
key: 569182, value: 
key: 46825, value: 
key: 5141, value: 
key: 119666, value: 
key: 294712, value: 
key: 329614, value: 
key: 145863, value: 
key: 301740, value: 
key: 674321, value: 
key: 229277, value: 
key: 282618, value: 
key: 296732, value: 
key: 186927, value: 
key: 625453, value: 
key: 293320, value: 
key: 123708, value: 
key: 243576, value: 
key: 18169, value: 
key: 201, value: 
key: 100864, value: 
key: 410529, value: 
key: 1042, value: 
key: 231892, value: 
key: 179233, value: 
key: 885569, value: 
key: 493045, value: 
key: 324787, value: 
key: 472206, value: 
key: 149636, value: 
key: 76398, value: 
key: 464009, value: 
key: 111457, value: 
key: 243864, value: 
key: 283349, value: 
key: 765412, value: 
key: 383485, value: 
key: 993091, value: 
key: 468533, value: 
key: 804997, value: 
key: 2890, value: 
key: 181191, value: 
key: 147890, value: 
key: 62775, value: 
key: 24285, value: 
key: 26351, value: 
key: 78884, value: 
key: 109564, value: 
key: 9738, value: 
key: 758050, value: 
key: 124121, value: 
key: 23727, value: 
key: 677353, value: 
key: 384688, value: 
key: 644629, value: 
key: 970182, value: 
key: 196564, value: 
key: 87653, value: 
key: 125755, value: 
key: 539057, value: 
key: 200607, value: 
key: 64636, value: 
key: 742552, value: 
key: 39630, value: 
key: 748828, value: 
key: 75555, value: 
key: 77920, value: 
key: 536984, value: 
key: 210558, value: 
key: 71696, value: 
key: 343559, value: 
key: 159918, value: 
key: 182217, value: 
key: 126169, value: 
key: 450248, value: 
key: 939808, value: 
key: 388745, value: 
key: 770865, value: 
key: 84610, value: 
key: 392205, value: 
key: 60296, value: 
key: 178256, value: 
key: 636262, value: 
key: 403161, value: 
key: 921027, value: 
key: 109339, value: 
key: 739372, value: 
key: 152081, value: 
key: 846661, value: 
key: 463954, value: 
key: 251548, value: 
key: 38941, value: 
key: 853599, value: 
key: 402366, value: 
key: 2739, value: 
key: 48151, value: 
key: 881093, value: 
key: 141890, value: 
key: 350245, value: 
key: 268166, value: 
key: 44689, value: 
key: 33645, value: 
key: 37515, value: 
key: 34075, value: 
key: 6986, value: 
key: 5297, value: 
key: 356890, value: 
key: 301894, value: 
key: 198104, value: 
key: 28290, value: 
key: 945946, value: 
key: 711921, value: 
key: 518513, value: 
key: 160662, value: 
key: 8522, value: 
key: 16624, value: 
key: 531655, value: 
key: 77368, value: 
key: 363441, value: 
key: 827057, value: 
key: 39405, value: 
key: 586224, value: 
key: 829376, value: 
key: 683224, value: 
key: 104998, value: 
key: 248601, value: 
key: 64458, value: 
key: 251953, value: 
key: 417258, value: 
key: 7246, value: 
key: 960082, value: 
key: 949360, value: 
key: 866708, value: 
key: 24144, value: 
key: 245969, value: 
key: 20892, value: 
key: 149171, value: 
key: 718366, value: 
key: 947087, value: 
key: 402597, value: 
key: 80481, value: 
key: 286971, value: 
key: 843329, value: 
key: 229626, value: 
key: 975824, value: 
key: 138836, value: 
key: 10776, value: 
key: 684100, value: 
key: 762983, value: 
key: 345586, value: 
key: 346486, value: 
key: 739730, value: 
key: 564545, value: 
key: 746640, value: 
key: 512287, value: 
key: 229228, value: 
key: 294534, value: 
key: 329971, value: 
key: 1127, value: 
key: 61723, value: 
key: 951323, value: 
key: 716962, value: 
key: 332863, value: 
key: 201903, value: 
key: 143502, value: 
key: 59692, value: 
key: 252613, value: 
key: 268605, value: 
key: 120545, value: 
key: 265666, value: 
key: 327694, value: 
key: 258431, value: 
key: 391747, value: 
key: 20410, value: 
key: 150544, value: 
key: 66308, value: 
key: 416853, value: 
key: 30950, value: 
key: 126710, value: 
key: 133727, value: 
key: 387092, value: 
key: 20944, value: 
key: 297650, value: 
key: 711758, value: 
key: 637199, value: 
key: 578650, value: 
key: 702105, value: 
key: 74127, value: 
key: 942095, value: 
key: 977305, value: 
key: 7437, value: 
key: 157875, value: 
key: 784455, value: 
key: 638123, value: 
key: 363959, value: 
key: 887165, value: 
key: 397596, value: 
key: 103324, value: 
key: 2478, value: 
key: 156717, value: 
key: 1095, value: 
key: 809620, value: 
key: 198465, value: 
key: 805026, value: 
key: 409130, value: 
key: 285497, value: 
key: 276473, value: 
key: 245431, value: 
key: 189135, value: 
key: 939949, value: 
key: 342231, value: 
key: 899124, value: 
key: 189838, value: 
key: 270073, value: 
key: 956658, value: 
key: 878297, value: 
key: 113578, value: 
key: 18846, value: 
key: 158591, value: 
key: 410468, value: 
key: 682896, value: 
key: 13889, value: 
key: 202528, value: 
key: 57236, value: 
key: 4946, value: 
key: 689471, value: 
key: 275401, value: 
key: 153763, value: 
key: 165131, value: 
key: 142341, value: 
key: 258244, value: 
key: 53041, value: 
key: 858590, value: 
key: 25202, value: 
key: 77597, value: 
key: 319268, value: 
key: 287392, value: 
key: 640393, value: 
key: 557406, value: 
key: 119464, value: 
key: 335202, value: 
key: 398959, value: 
key: 6016, value: 
key: 176973, value: 
key: 74275, value: 
key: 223701, value: 
key: 1664, value: 
key: 927135, value: 
key: 165665, value: 
key: 614217, value: 
key: 330939, value: 
key: 801439, value: 
key: 44270, value: 
key: 839715, value: 
key: 20227, value: 
key: 6133, value: 
key: 12453, value: 
key: 104965, value: 
key: 37128, value: 
key: 440854, value: 
key: 549157, value: 
key: 20715, value: 
key: 328604, value: 
key: 967500, value: 
key: 106169, value: 
key: 112311, value: 
key: 920729, value: 
key: 360941, value: 
key: 48601, value: 
key: 343276, value: 
key: 95302, value: 
key: 26049, value: 
key: 23846, value: 
key: 46212, value: 
key: 183128, value: 
key: 210325, value: 
key: 306112, value: 
key: 559763, value: 
key: 30420, value: 
key: 339288, value: 
key: 412192, value: 
key: 896659, value: 
key: 416381, value: 
key: 427019, value: 
key: 516117, value: 
key: 471382, value: 
key: 703753, value: 
key: 114306, value: 
key: 375277, value: 
key: 182408, value: 
key: 120387, value: 
key: 252532, value: 
key: 888573, value: 
key: 105858, value: 
key: 228230, value: 
key: 332311, value: 
key: 384299, value: 
key: 2528, value: 
key: 22687, value: 
key: 1936, value: 
key: 335963, value: 
key: 491906, value: 
key: 235001, value: 
key: 259087, value: 
key: 256741, value: 
key: 24166, value: 
key: 872541, value: 
key: 709120, value: 
key: 418675, value: 
key: 292666, value: 
key: 571460, value: 
key: 204270, value: 
key: 429891, value: 
key: 42841, value: 
key: 544848, value: 
key: 704187, value: 
key: 215184, value: 
key: 313145, value: 
key: 812660, value: 
key: 988776, value: 
key: 23024, value: 
key: 314649, value: 
key: 16963, value: 
key: 795062, value: 
key: 694620, value: 
key: 669615, value: 
key: 32727, value: 
key: 133622, value: 
key: 41385, value: 
key: 509331, value: 
key: 15959, value: 
key: 745182, value: 
key: 149588, value: 
key: 50716, value: 
key: 493315, value: 
key: 149164, value: 
key: 464135, value: 
key: 751732, value: 
key: 415988, value: 
key: 25242, value: 
key: 38723, value: 
key: 20638, value: 
key: 381573, value: 
key: 79874, value: 
key: 384961, value: 
key: 43574, value: 
key: 44717, value: 
key: 418280, value: 
key: 184011, value: 
key: 63468, value: 
key: 122402, value: 
key: 1235, value: 
key: 284966, value: 
key: 547036, value: 
key: 681123, value: 
key: 8298, value: 
key: 138858, value: 
key: 85374, value: 
key: 806702, value: 
key: 238163, value: 
key: 748978, value: 
key: 105654, value: 
key: 193071, value: 
key: 52567, value: 
key: 112465, value: 
key: 65480, value: 
key: 281204, value: 
key: 145988, value: 
key: 652590, value: 
key: 408517, value: 
key: 642207, value: 
key: 155206, value: 
key: 11841, value: 
key: 292833, value: 
key: 90488, value: 
key: 276745, value: 
key: 50897, value: 
key: 102145, value: 
key: 243093, value: 
key: 562037, value: 
key: 100796, value: 
key: 71852, value: 
key: 90208, value: 
key: 322, value: 
key: 658206, value: 
key: 910535, value: 
key: 777176, value: 
key: 836037, value: 
key: 827945, value: 
key: 815966, value: 
key: 249675, value: 
key: 245435, value: 
key: 443011, value: 
key: 1446, value: 
key: 663150, value: 
key: 507991, value: 
key: 1510, value: 
key: 130155, value: 
key: 176887, value: 
key: 68971, value: 
key: 70268, value: 
key: 224650, value: 
key: 17845, value: 
key: 258549, value: 
key: 201590, value: 
key: 118814, value: 
key: 866757, value: 
key: 900710, value: 
key: 15236, value: 
key: 364, value: 
key: 146932, value: 
key: 248520, value: 
key: 442993, value: 
key: 156797, value: 
key: 989098, value: 
key: 349452, value: 
key: 10088, value: 
key: 897375, value: 
key: 176742, value: 
key: 481936, value: 
key: 24236, value: 
key: 9543, value: 
key: 3226, value: 
key: 696985, value: 
key: 710182, value: 
key: 271412, value: 
key: 30602, value: 
key: 980110, value: 
key: 482043, value: 
key: 87178, value: 
key: 410479, value: 
key: 231920, value: 
key: 590166, value: 
key: 352922, value: 
key: 124343, value: 
key: 640298, value: 
key: 489259, value: 
key: 20373, value: 
key: 478800, value: 
key: 98716, value: 
key: 79201, value: 
key: 904015, value: 
key: 831065, value: 
key: 591563, value: 
key: 826432, value: 
key: 179185, value: 
key: 901160, value: 
key: 35021, value: 
key: 999297, value: 
key: 295197, value: 
key: 22773, value: 
key: 664977, value: 
key: 210514, value: 
key: 380501, value: 
key: 640577, value: 
key: 738074, value: 
key: 8061, value: 
key: 58886, value: 
key: 988950, value: 
key: 485404, value: 
key: 908792, value: 
key: 940673, value: 
key: 188503, value: 
key: 290299, value: 
key: 434026, value: 
key: 901247, value: 
key: 313343, value: 
key: 465824, value: 
key: 630848, value: 
key: 470361, value: 
key: 705724, value: 
key: 241284, value: 
key: 119822, value: 
key: 192917, value: 
key: 82061, value: 
key: 333587, value: 
key: 305173, value: 
key: 925483, value: 
key: 3950, value: 
key: 587230, value: 
key: 231311, value: 
key: 53290, value: 
key: 528374, value: 
key: 822250, value: 
key: 130346, value: 
key: 354737, value: 
key: 37434, value: 
key: 1608, value: 
key: 176018, value: 
key: 12837, value: 
key: 234457, value: 
key: 32004, value: 
key: 545508, value: 
key: 14880, value: 
key: 42458, value: 
key: 226603, value: 
key: 107526, value: 
key: 7796, value: 
key: 635544, value: 
key: 634954, value: 
key: 480140, value: 
key: 707256, value: 
key: 138461, value: 
key: 477568, value: 
key: 982457, value: 
key: 229840, value: 
key: 9466, value: 
key: 160152, value: 
key: 168013, value: 
key: 164, value: 
key: 5547, value: 
key: 230079, value: 
key: 65974, value: 
key: 317617, value: 
key: 691946, value: 
key: 138014, value: 
key: 419023, value: 
key: 6546, value: 
key: 100222, value: 
key: 61732, value: 
key: 65107, value: 
key: 23675, value: 
key: 333772, value: 
key: 26247, value: 
key: 339947, value: 
key: 647059, value: 
key: 129627, value: 
key: 67392, value: 
key: 29402, value: 
key: 330005, value: 
key: 99313, value: 
key: 829701, value: 
key: 125719, value: 
key: 216411, value: 
key: 360871, value: 
key: 76891, value: 
key: 300598, value: 
key: 117569, value: 
key: 21338, value: 
key: 292527, value: 
key: 73768, value: 
key: 31584, value: 
key: 453801, value: 
key: 103625, value: 
key: 65169, value: 
key: 48098, value: 
key: 424049, value: 
key: 74075, value: 
key: 64832, value: 
key: 471603, value: 
key: 112056, value: 
key: 239225, value: 
key: 830350, value: 
key: 613632, value: 
key: 217081, value: 
key: 16952, value: 
key: 97537, value: 
key: 326439, value: 
key: 891300, value: 
key: 6351, value: 
key: 499470, value: 
key: 611771, value: 
key: 112012, value: 
key: 2173, value: 
key: 951365, value: 
key: 294804, value: 
key: 312650, value: 
key: 404382, value: 
key: 4133, value: 
key: 388035, value: 
key: 854561, value: 
key: 813238, value: 
key: 597110, value: 
key: 182783, value: 
key: 111835, value: 
key: 598766, value: 
key: 93519, value: 
key: 188181, value: 
key: 569386, value: 
key: 207990, value: 
key: 68283, value: 
key: 976249, value: 
key: 20351, value: 
key: 545092, value: 
key: 716740, value: 
key: 956405, value: 
key: 615636, value: 
key: 678961, value: 
key: 25598, value: 
key: 29240, value: 
key: 920879, value: 
key: 941845, value: 
key: 986347, value: 
key: 804199, value: 
key: 445945, value: 
key: 274244, value: 
key: 453281, value: 
key: 679056, value: 
key: 17847, value: 
key: 541403, value: 
key: 920419, value: 
key: 633788, value: 
key: 741524, value: 
key: 69299, value: 
key: 297663, value: 
key: 237519, value: 
key: 202180, value: 
key: 100868, value: 
key: 27107, value: 
key: 836840, value: 
key: 535990, value: 
key: 785070, value: 
key: 58862, value: 
key: 410, value: 
key: 203848, value: 
key: 133596, value: 
key: 86522, value: 
key: 528721, value: 
key: 80715, value: 
key: 60111, value: 
key: 12734, value: 
key: 299409, value: 
key: 744600, value: 
key: 22445, value: 
key: 113815, value: 
key: 974542, value: 
key: 674574, value: 
key: 268241, value: 
key: 313088, value: 
key: 295285, value: 
key: 380774, value: 
key: 5347, value: 
key: 217214, value: 
key: 201914, value: 
key: 464373, value: 
key: 291348, value: 
key: 267387, value: 
key: 985579, value: 
key: 177787, value: 
key: 298633, value: 
key: 607453, value: 
key: 656622, value: 
key: 204498, value: 
key: 550162, value: 
key: 820292, value: 
key: 615805, value: 
key: 36091, value: 
key: 471416, value: 
key: 37317, value: 
key: 863772, value: 
key: 97823, value: 
key: 144776, value: 
key: 143843, value: 
key: 148778, value: 
key: 128750, value: 
key: 88032, value: 
key: 998313, value: 
key: 63576, value: 
key: 31562, value: 
key: 755200, value: 
key: 969319, value: 
key: 7037, value: 
key: 675658, value: 
key: 3130, value: 
key: 146633, value: 
key: 56927, value: 
key: 44171, value: 
key: 943711, value: 
key: 599, value: 
key: 725434, value: 
key: 237018, value: 
key: 105681, value: 
key: 498031, value: 
key: 46447, value: 
key: 19287, value: 
key: 87, value: 
key: 7839, value: 
key: 203116, value: 
key: 85790, value: 
key: 191064, value: 
key: 733233, value: 
key: 562725, value: 
key: 163454, value: 
key: 593761, value: 
key: 658170, value: 
key: 103335, value: 
key: 7491, value: 
key: 727335, value: 
key: 36257, value: 
key: 376663, value: 
key: 95047, value: 
key: 1536, value: 
key: 623529, value: 
key: 260096, value: 
key: 339462, value: 
key: 656736, value: 
key: 79074, value: 
key: 329094, value: 
key: 75007, value: 
key: 112438, value: 
key: 67372, value: 
key: 535242, value: 
key: 323188, value: 
key: 562246, value: 
key: 3002, value: 
key: 191158, value: 
key: 307425, value: 
key: 938395, value: 
key: 611052, value: 
key: 340284, value: 
key: 1837, value: 
key: 967016, value: 
key: 177545, value: 
key: 682531, value: 
key: 108932, value: 
key: 129511, value: 
key: 32604, value: 
key: 115211, value: 
key: 355626, value: 
key: 11784, value: 
key: 946536, value: 
key: 42083, value: 
key: 687293, value: 
key: 506758, value: 
key: 645, value: 
key: 139138, value: 
key: 8223, value: 
key: 386208, value: 
key: 634488, value: 
key: 3271, value: 
key: 47682, value: 
key: 29448, value: 
key: 464304, value: 
key: 260537, value: 
key: 333462, value: 
key: 805813, value: 
key: 320048, value: 
key: 648001, value: 
key: 81068, value: 
key: 952315, value: 
key: 270541, value: 
key: 243631, value: 
key: 19690, value: 
key: 107113, value: 
key: 683905, value: 
key: 362172, value: 
key: 719, value: 
key: 188608, value: 
key: 268317, value: 
key: 67668, value: 
key: 150809, value: 
key: 58549, value: 
key: 65550, value: 
key: 653445, value: 
key: 781340, value: 
key: 174849, value: 
key: 84104, value: 
key: 501410, value: 
key: 3073, value: 
key: 292145, value: 
key: 333853, value: 
key: 263185, value: 
key: 343951, value: 
key: 253665, value: 
key: 564781, value: 
key: 314946, value: 
key: 800708, value: 
key: 825899, value: 
key: 49240, value: 
key: 76390, value: 
key: 69, value: 
key: 664166, value: 
key: 464337, value: 
key: 6483, value: 
key: 189272, value: 
key: 416, value: 
key: 228111, value: 
key: 86940, value: 
key: 533594, value: 
key: 75874, value: 
key: 7912, value: 
key: 695579, value: 
key: 6698, value: 
key: 225824, value: 
key: 814565, value: 
key: 435360, value: 
key: 33733, value: 
key: 316481, value: 
key: 409028, value: 
key: 151358, value: 
key: 705319, value: 
key: 449145, value: 
key: 38154, value: 
key: 327436, value: 
key: 192740, value: 
key: 38031, value: 
key: 97081, value: 
key: 333279, value: 
key: 81912, value: 
key: 215461, value: 
key: 267260, value: 
key: 441190, value: 
key: 23699, value: 
key: 17649, value: 
key: 743175, value: 
key: 813157, value: 
key: 176667, value: 
key: 641499, value: 
key: 261187, value: 
key: 939017, value: 
key: 87107, value: 
key: 183445, value: 
key: 274543, value: 
key: 16789, value: 
key: 332397, value: 
key: 11058, value: 
key: 413056, value: 
key: 18761, value: 
key: 719394, value: 
key: 43318, value: 
key: 99827, value: 
key: 728721, value: 
key: 43309, value: 
key: 121733, value: 
key: 536023, value: 
key: 23145, value: 
key: 2085, value: 
key: 403880, value: 
key: 799044, value: 
key: 447703, value: 
key: 249631, value: 
key: 669147, value: 
key: 330229, value: 
key: 797860, value: 
key: 857645, value: 
key: 7954, value: 
key: 202410, value: 
key: 8610, value: 
key: 273351, value: 
key: 505229, value: 
key: 375464, value: 
key: 19816, value: 
key: 499160, value: 
key: 714966, value: 
key: 81404, value: 
key: 694442, value: 
key: 795178, value: 
key: 574409, value: 
key: 156313, value: 
key: 888582, value: 
key: 331466, value: 
key: 566701, value: 
key: 11834, value: 
key: 501928, value: 
key: 765317, value: 
key: 256631, value: 
key: 343308, value: 
key: 43006, value: 
key: 249569, value: 
key: 297344, value: 
key: 642797, value: 
key: 330058, value: 
key: 670792, value: 
key: 166895, value: 
key: 88821, value: 
key: 74620, value: 
key: 4395, value: 
key: 18839, value: 
key: 921483, value: 
key: 211430, value: 
key: 266472, value: 
key: 477582, value: 
key: 915763, value: 
key: 509252, value: 
key: 876, value: 
key: 9552, value: 
key: 7514, value: 
key: 732485, value: 
key: 285592, value: 
key: 570621, value: 
key: 332997, value: 
key: 260867, value: 
key: 319800, value: 
key: 940291, value: 
key: 274804, value: 
key: 74097, value: 
key: 941948, value: 
key: 195930, value: 
key: 19122, value: 
key: 643305, value: 
key: 326, value: 
key: 492789, value: 
key: 806887, value: 
key: 282469, value: 
key: 53690, value: 
key: 250707, value: 
key: 177028, value: 
key: 839179, value: 
key: 100695, value: 
key: 11490, value: 
key: 3042, value: 
key: 24474, value: 
key: 506813, value: 
key: 93533, value: 
key: 690932, value: 
key: 57108, value: 
key: 377833, value: 
key: 379798, value: 
key: 267417, value: 
key: 816259, value: 
key: 165126, value: 
key: 69938, value: 
key: 422513, value: 
key: 262177, value: 
key: 205345, value: 
key: 119624, value: 
key: 2959, value: 
key: 968323, value: 
key: 3732, value: 
key: 83783, value: 
key: 571583, value: 
key: 319745, value: 
key: 70486, value: 
key: 41541, value: 
key: 97751, value: 
key: 325155, value: 
key: 854051, value: 
key: 6450, value: 
key: 120408, value: 
key: 151406, value: 
key: 69406, value: 
key: 645527, value: 
key: 508952, value: 
key: 58781, value: 
key: 225765, value: 
key: 849, value: 
key: 416482, value: 
key: 44551, value: 
key: 724396, value: 
key: 127720, value: 
key: 864502, value: 
key: 201071, value: 
key: 181557, value: 
key: 432129, value: 
key: 433375, value: 
key: 143913, value: 
key: 393228, value: 
key: 487271, value: 
key: 169214, value: 
key: 21727, value: 
key: 297032, value: 
key: 2218, value: 
key: 634268, value: 
key: 24890, value: 
key: 117891, value: 
key: 443646, value: 
key: 885709, value: 
key: 577888, value: 
key: 35234, value: 
key: 1383, value: 
key: 2823, value: 
key: 105285, value: 
key: 41273, value: 
key: 261655, value: 
key: 102053, value: 
key: 104408, value: 
key: 888029, value: 
key: 865183, value: 
key: 137101, value: 
key: 23150, value: 
key: 19995, value: 
key: 414950, value: 
key: 874255, value: 
key: 635816, value: 
key: 420597, value: 
key: 31595, value: 
key: 976278, value: 
key: 19199, value: 
key: 471179, value: 
key: 124112, value: 
key: 866524, value: 
key: 196320, value: 
key: 482537, value: 
key: 152087, value: 
key: 123407, value: 
key: 885149, value: 
key: 125465, value: 
key: 583975, value: 
key: 751884, value: 
key: 29897, value: 
key: 112443, value: 
key: 818071, value: 
key: 135303, value: 
key: 190290, value: 
key: 23284, value: 
key: 72145, value: 
key: 19430, value: 
key: 395107, value: 
key: 43790, value: 
key: 329500, value: 
key: 198715, value: 
key: 978210, value: 
key: 65725, value: 
key: 709551, value: 
key: 707021, value: 
key: 315295, value: 
key: 820326, value: 
key: 562479, value: 
key: 686669, value: 
key: 556742, value: 
key: 782990, value: 
key: 372320, value: 
key: 917330, value: 
key: 573402, value: 
key: 311428, value: 
key: 272947, value: 
key: 483233, value: 
key: 2603, value: 
key: 38477, value: 
key: 48199, value: 
key: 101003, value: 
key: 360978, value: 
key: 196166, value: 
key: 164378, value: 
key: 254451, value: 
key: 344864, value: 
key: 173516, value: 
key: 976661, value: 
key: 2087, value: 
key: 983692, value: 
key: 123759, value: 
key: 221123, value: 
key: 310872, value: 
key: 638587, value: 
key: 530429, value: 
key: 969029, value: 
key: 167247, value: 
key: 841622, value: 
key: 801068, value: 
key: 190568, value: 
key: 364909, value: 
key: 793514, value: 
key: 615782, value: 
key: 18691, value: 
key: 298617, value: 
key: 237324, value: 
key: 782347, value: 
key: 57638, value: 
key: 419007, value: 
key: 204061, value: 
key: 429752, value: 
key: 727715, value: 
key: 81738, value: 
key: 5369, value: 
key: 2481, value: 
key: 84575, value: 
key: 399736, value: 
key: 16598, value: 
key: 978511, value: 
key: 454275, value: 
key: 988136, value: 
key: 624692, value: 
key: 57977, value: 
key: 287927, value: 
key: 428845, value: 
key: 896677, value: 
key: 703779, value: 
key: 670385, value: 
key: 187104, value: 
key: 86432, value: 
key: 523243, value: 
key: 393435, value: 
key: 525658, value: 
key: 647941, value: 
key: 426137, value: 
key: 136269, value: 
key: 752078, value: 
key: 759123, value: 
key: 6355, value: 
key: 166264, value: 
key: 167465, value: 
key: 173352, value: 
key: 615816, value: 
key: 470457, value: 
key: 15351, value: 
key: 66764, value: 
key: 205004, value: 
key: 490514, value: 
key: 694468, value: 
key: 74, value: 
key: 64078, value: 
key: 245679, value: 
key: 460366, value: 
key: 509023, value: 
key: 825691, value: 
key: 963371, value: 
key: 56916, value: 
key: 319813, value: 
key: 149508, value: 
key: 880087, value: 
key: 51432, value: 
key: 183214, value: 
key: 494844, value: 
key: 509818, value: 
key: 294141, value: 
key: 371765, value: 
key: 784712, value: 
key: 9035, value: 
key: 656129, value: 
key: 544404, value: 
key: 259270, value: 
key: 89307, value: 
key: 182363, value: 
key: 425, value: 
key: 270024, value: 
key: 359804, value: 
key: 833643, value: 
key: 344336, value: 
key: 504705, value: 
key: 357044, value: 
key: 887174, value: 
key: 24986, value: 
key: 703452, value: 
key: 255661, value: 
key: 166789, value: 
key: 286180, value: 
key: 587690, value: 
key: 923807, value: 
key: 184312, value: 
key: 45370, value: 
key: 317394, value: 
key: 94844, value: 
key: 555244, value: 
key: 63149, value: 
key: 292778, value: 
key: 513097, value: 
key: 97913, value: 
key: 915116, value: 
key: 210268, value: 
key: 97661, value: 
key: 47235, value: 
key: 794616, value: 
key: 130830, value: 
key: 47288, value: 
key: 57119, value: 
key: 15290, value: 
key: 738544, value: 
key: 40450, value: 
key: 131529, value: 
key: 736890, value: 
key: 9200, value: 
key: 2658, value: 
key: 319602, value: 
key: 111338, value: 
key: 71094, value: 
key: 73551, value: 
key: 627912, value: 
key: 382648, value: 
key: 490796, value: 
key: 858415, value: 
key: 638569, value: 
key: 534148, value: 
key: 542, value: 
key: 335637, value: 
key: 223208, value: 
key: 147607, value: 
key: 51931, value: 
key: 121805, value: 
key: 3778, value: 
key: 20797, value: 
key: 111309, value: 
key: 263945, value: 
key: 994171, value: 
key: 212710, value: 
key: 559710, value: 
key: 858989, value: 
key: 467527, value: 
key: 991604, value: 
key: 48061, value: 
key: 5352, value: 
key: 217452, value: 
key: 13450, value: 
key: 505045, value: 
key: 199921, value: 
key: 435690, value: 
key: 339594, value: 
key: 266566, value: 
key: 111297, value: 
key: 960103, value: 
key: 12048, value: 
key: 4621, value: 
key: 77708, value: 
key: 24878, value: 
key: 313350, value: 
key: 705009, value: 
key: 646009, value: 
key: 86838, value: 
key: 942822, value: 
key: 17964, value: 
key: 542585, value: 
key: 153604, value: 
key: 165775, value: 
key: 995725, value: 
key: 38530, value: 
key: 6056, value: 
key: 269284, value: 
key: 140507, value: 
key: 156658, value: 
key: 770144, value: 
key: 567377, value: 
key: 29453, value: 
key: 4623, value: 
key: 96095, value: 
key: 381469, value: 
key: 53777, value: 
key: 404568, value: 
key: 331642, value: 
key: 23974, value: 
key: 394788, value: 
key: 829833, value: 
key: 15140, value: 
key: 6922, value: 
key: 48674, value: 
key: 74343, value: 
key: 38507, value: 
key: 209600, value: 
key: 5617, value: 
key: 117158, value: 
key: 267628, value: 
key: 142604, value: 
key: 125283, value: 
key: 828218, value: 
key: 726387, value: 
key: 1057, value: 
key: 15029, value: 
key: 43244, value: 
key: 748444, value: 
key: 875061, value: 
key: 433344, value: 
key: 175480, value: 
key: 695128, value: 
key: 464476, value: 
key: 934702, value: 
key: 89990, value: 
key: 845345, value: 
key: 1422, value: 
key: 335, value: 
key: 988673, value: 
key: 574737, value: 
key: 820137, value: 
key: 276754, value: 
key: 222083, value: 
key: 751305, value: 
key: 218233, value: 
key: 80274, value: 
key: 505180, value: 
key: 294693, value: 
key: 370245, value: 
key: 85509, value: 
key: 287741, value: 
key: 6346, value: 
key: 372212, value: 
key: 13265, value: 
key: 61390, value: 
key: 595820, value: 
key: 851137, value: 
key: 999918, value: 
key: 73155, value: 
key: 13911, value: 
key: 84298, value: 
key: 137857, value: 
key: 6656, value: 
key: 16927, value: 
key: 41183, value: 
key: 267969, value: 
key: 371086, value: 
key: 39605, value: 
key: 1826, value: 
key: 11405, value: 
key: 76875, value: 
key: 376252, value: 
key: 911709, value: 
key: 357558, value: 
key: 271584, value: 
key: 634255, value: 
key: 923845, value: 
key: 762112, value: 
key: 565056, value: 
key: 38453, value: 
key: 70798, value: 
key: 176429, value: 
key: 371622, value: 
key: 960356, value: 
key: 709322, value: 
key: 404436, value: 
key: 15070, value: 
key: 891612, value: 
key: 561836, value: 
key: 97959, value: 
key: 775987, value: 
key: 749607, value: 
key: 835483, value: 
key: 21709, value: 
key: 383377, value: 
key: 121049, value: 
key: 2812, value: 
key: 995477, value: 
key: 489383, value: 
key: 407190, value: 
key: 944716, value: 
key: 42599, value: 
key: 194069, value: 
key: 553594, value: 
key: 431498, value: 
key: 110717, value: 
key: 148165, value: 
key: 144422, value: 
key: 104833, value: 
key: 273294, value: 
key: 296471, value: 
key: 71720, value: 
key: 9567, value: 
key: 359178, value: 
key: 904695, value: 
key: 392326, value: 
key: 132852, value: 
key: 908415, value: 
key: 192553, value: 
key: 16552, value: 
key: 872172, value: 
key: 65569, value: 
key: 5611, value: 
key: 25965, value: 
key: 38312, value: 
key: 898, value: 
key: 644117, value: 
key: 831982, value: 
key: 206256, value: 
key: 21831, value: 
key: 22799, value: 
key: 191183, value: 
key: 688465, value: 
key: 123940, value: 
key: 995510, value: 
key: 647943, value: 
key: 140026, value: 
key: 56967, value: 
key: 58, value: 
key: 352250, value: 
key: 957662, value: 
key: 709663, value: 
key: 762420, value: 
key: 14486, value: 
key: 141788, value: 
key: 283318, value: 
key: 114342, value: 
key: 298790, value: 
key: 618811, value: 
key: 859788, value: 
key: 45431, value: 
key: 958276, value: 
key: 77830, value: 
key: 128141, value: 
key: 769526, value: 
key: 802562, value: 
key: 800287, value: 
key: 552191, value: 
key: 177017, value: 
key: 20058, value: 
key: 370708, value: 
key: 860043, value: 
key: 162273, value: 
key: 205653, value: 
key: 563076, value: 
key: 95322, value: 
key: 174425, value: 
key: 146417, value: 
key: 335107, value: 
key: 22973, value: 
key: 787908, value: 
key: 17151, value: 
key: 57717, value: 
key: 545526, value: 
key: 708286, value: 
key: 944480, value: 
key: 911622, value: 
key: 115172, value: 
key: 536122, value: 
key: 277715, value: 
key: 651359, value: 
key: 224445, value: 
key: 47909, value: 
key: 379262, value: 
key: 823604, value: 
key: 504484, value: 
key: 221392, value: 
key: 144824, value: 
key: 740394, value: 
key: 80845, value: 
key: 56994, value: 
key: 102071, value: 
key: 315332, value: 
key: 425080, value: 
key: 273386, value: 
key: 687228, value: 
key: 313699, value: 
key: 200467, value: 
key: 646829, value: 
key: 3758, value: 
key: 31766, value: 
key: 243, value: 
key: 656776, value: 
key: 14156, value: 
key: 203273, value: 
key: 139710, value: 
key: 2627, value: 
key: 848968, value: 
key: 161722, value: 
key: 49679, value: 
key: 195732, value: 
key: 621176, value: 
key: 208557, value: 
key: 979729, value: 
key: 272969, value: 
key: 288861, value: 
key: 117330, value: 
key: 315774, value: 
key: 37153, value: 
key: 107577, value: 
key: 865404, value: 
key: 414163, value: 
key: 34277, value: 
key: 803767, value: 
key: 21930, value: 
key: 424591, value: 
key: 535121, value: 
key: 35298, value: 
key: 902525, value: 
key: 195329, value: 
key: 8878, value: 
key: 532683, value: 
key: 603567, value: 
key: 527492, value: 
key: 744552, value: 
key: 1529, value: 
key: 962086, value: 
key: 399488, value: 
key: 998164, value: 
key: 121467, value: 
key: 389582, value: 
key: 895285, value: 
key: 712937, value: 
key: 2751, value: 
key: 84670, value: 
key: 996728, value: 
key: 384165, value: 
key: 141773, value: 
key: 277649, value: 
key: 751158, value: 
key: 942464, value: 
key: 692912, value: 
key: 432365, value: 
key: 410765, value: 
key: 398469, value: 
key: 307973, value: 
key: 126640, value: 
key: 682461, value: 
key: 213175, value: 
key: 368655, value: 
key: 282357, value: 
key: 78947, value: 
key: 928897, value: 
key: 11988, value: 
key: 57247, value: 
key: 241361, value: 
key: 251788, value: 
key: 729722, value: 
key: 94981, value: 
key: 1208, value: 
key: 62339, value: 
key: 925568, value: 
key: 871603, value: 
key: 557596, value: 
key: 513657, value: 
key: 321489, value: 
key: 74853, value: 
key: 388907, value: 
key: 899034, value: 
key: 643253, value: 
key: 209286, value: 
key: 35421, value: 
key: 7400, value: 
key: 205903, value: 
key: 595831, value: 
key: 744673, value: 
key: 804407, value: 
key: 308055, value: 
key: 245404, value: 
key: 18307, value: 
key: 778670, value: 
key: 135309, value: 
key: 555712, value: 
key: 800285, value: 
key: 792117, value: 
key: 388594, value: 
key: 50206, value: 
key: 115341, value: 
key: 348190, value: 
key: 291142, value: 
key: 137185, value: 
key: 796483, value: 
key: 165142, value: 
key: 771, value: 
key: 178724, value: 
key: 969322, value: 
key: 517369, value: 
key: 117282, value: 
key: 15698, value: 
key: 57920, value: 
key: 986558, value: 
key: 331116, value: 
key: 587438, value: 
key: 955567, value: 
key: 438446, value: 
key: 693012, value: 
key: 35236, value: 
key: 67527, value: 
key: 439155, value: 
key: 293265, value: 
key: 367603, value: 
key: 696101, value: 
key: 14651, value: 
key: 4434, value: 
key: 258813, value: 
key: 85316, value: 
key: 144086, value: 
key: 541166, value: 
key: 9529, value: 
key: 402029, value: 
key: 187533, value: 
key: 999408, value: 
key: 312979, value: 
key: 108132, value: 
key: 407574, value: 
key: 417199, value: 
key: 342103, value: 
key: 794445, value: 
key: 287644, value: 
key: 550429, value: 
key: 801143, value: 
key: 38194, value: 
key: 24175, value: 
key: 7206, value: 
key: 158072, value: 
key: 146008, value: 
key: 148174, value: 
key: 925771, value: 
key: 286593, value: 
key: 698721, value: 
key: 675672, value: 
key: 206975, value: 
key: 452732, value: 
key: 24599, value: 
key: 200223, value: 
key: 327959, value: 
key: 928769, value: 
key: 294233, value: 
key: 785546, value: 
key: 61392, value: 
key: 216361, value: 
key: 223734, value: 
key: 283671, value: 
key: 104071, value: 
key: 322886, value: 
key: 168545, value: 
key: 280852, value: 
key: 543922, value: 
key: 349342, value: 
key: 352836, value: 
key: 253995, value: 
key: 743324, value: 
key: 47424, value: 
key: 160378, value: 
key: 772649, value: 
key: 72879, value: 
key: 8731, value: 
key: 362107, value: 
key: 215577, value: 
key: 708851, value: 
key: 584673, value: 
key: 962156, value: 
key: 145205, value: 
key: 169454, value: 
key: 92235, value: 
key: 24018, value: 
key: 779503, value: 
key: 480355, value: 
key: 351217, value: 
key: 944987, value: 
key: 215364, value: 
key: 51933, value: 
key: 1891, value: 
key: 545320, value: 
key: 21266, value: 
key: 5196, value: 
key: 197855, value: 
key: 771756, value: 
key: 134962, value: 
key: 161630, value: 
key: 104459, value: 
key: 739749, value: 
key: 425518, value: 
key: 237397, value: 
key: 776988, value: 
key: 234295, value: 
key: 388406, value: 
key: 73120, value: 
key: 748493, value: 
key: 4087, value: 
key: 643365, value: 
key: 887556, value: 
key: 382330, value: 
key: 503935, value: 
key: 210990, value: 
key: 976272, value: 
key: 924233, value: 
key: 970531, value: 
key: 195424, value: 
key: 309575, value: 
key: 2861, value: 
key: 267307, value: 
key: 548352, value: 
key: 889703, value: 
key: 101487, value: 
key: 946132, value: 
key: 67699, value: 
key: 16396, value: 
key: 359701, value: 
key: 803974, value: 
key: 312410, value: 
key: 164174, value: 
key: 7240, value: 
key: 799079, value: 
key: 231254, value: 
key: 824016, value: 
key: 222715, value: 
key: 93810, value: 
key: 222517, value: 
key: 586048, value: 
key: 34262, value: 
key: 660795, value: 
key: 34033, value: 
key: 80494, value: 
key: 3385, value: 
key: 433986, value: 
key: 11607, value: 
key: 369061, value: 
key: 827279, value: 
key: 77979, value: 
key: 927034, value: 
key: 9611, value: 
key: 4755, value: 
key: 572043, value: 
key: 110522, value: 
key: 598452, value: 
key: 647497, value: 
key: 344228, value: 
key: 521102, value: 
key: 291935, value: 
key: 336654, value: 
key: 691274, value: 
key: 52589, value: 
key: 689329, value: 
key: 74305, value: 
key: 159880, value: 
key: 381472, value: 
key: 549991, value: 
key: 113442, value: 
key: 68124, value: 
key: 69842, value: 
key: 33649, value: 
key: 516690, value: 
key: 105155, value: 
key: 936351, value: 
key: 324882, value: 
key: 449880, value: 
key: 156328, value: 
key: 94077, value: 
key: 608320, value: 
key: 253050, value: 
key: 275827, value: 
key: 36774, value: 
key: 631616, value: 
key: 222122, value: 
key: 488036, value: 
key: 21833, value: 
key: 855126, value: 
key: 21145, value: 
key: 199480, value: 
key: 79751, value: 
key: 30165, value: 
key: 724183, value: 
key: 3411, value: 
key: 726653, value: 
key: 31300, value: 
key: 782217, value: 
key: 1451, value: 
key: 229857, value: 
key: 28522, value: 
key: 214721, value: 
key: 837876, value: 
key: 298882, value: 
key: 963948, value: 
key: 77014, value: 
key: 249066, value: 
key: 676637, value: 
key: 668256, value: 
key: 164790, value: 
key: 955, value: 
key: 148615, value: 
key: 53410, value: 
key: 495722, value: 
key: 12714, value: 
key: 30187, value: 
key: 548655, value: 
key: 331569, value: 
key: 142017, value: 
key: 714566, value: 
key: 250345, value: 
key: 18808, value: 
key: 45796, value: 
key: 120572, value: 
key: 883770, value: 
key: 217236, value: 
key: 146361, value: 
key: 991158, value: 
key: 3598, value: 
key: 802362, value: 
key: 10622, value: 
key: 67343, value: 
key: 45532, value: 
key: 107153, value: 
key: 312272, value: 
key: 8160, value: 
key: 463668, value: 
key: 439421, value: 
key: 813359, value: 
key: 343856, value: 
key: 18851, value: 
key: 683567, value: 
key: 751648, value: 
key: 32589, value: 
key: 403929, value: 
key: 237476, value: 
key: 267505, value: 
key: 563744, value: 
key: 200896, value: 
key: 173163, value: 
key: 23738, value: 
key: 85150, value: 
key: 143296, value: 
key: 636804, value: 
key: 73348, value: 
key: 39465, value: 
key: 333914, value: 
key: 422032, value: 
key: 283941, value: 
key: 877515, value: 
key: 346206, value: 
key: 537196, value: 
key: 184570, value: 
key: 439012, value: 
key: 803378, value: 
key: 258233, value: 
key: 910681, value: 
key: 305791, value: 
key: 304787, value: 
key: 18763, value: 
key: 572526, value: 
key: 110056, value: 
key: 811072, value: 
key: 172922, value: 
key: 218569, value: 
key: 323658, value: 
key: 947919, value: 
key: 23781, value: 
key: 167265, value: 
key: 470275, value: 
key: 246531, value: 
key: 938744, value: 
key: 15593, value: 
key: 142170, value: 
key: 1763, value: 
key: 35122, value: 
key: 347672, value: 
key: 482524, value: 
key: 903771, value: 
key: 73096, value: 
key: 427516, value: 
key: 177569, value: 
key: 7040, value: 
key: 736205, value: 
key: 506, value: 
key: 704497, value: 
key: 783870, value: 
key: 35537, value: 
key: 548851, value: 
key: 393945, value: 
key: 280580, value: 
key: 40278, value: 
key: 22119, value: 
key: 882614, value: 
key: 846119, value: 
key: 702332, value: 
key: 261473, value: 
key: 13304, value: 
key: 726037, value: 
key: 59346, value: 
key: 300291, value: 
key: 5031, value: 
key: 22175, value: 
key: 389876, value: 
key: 531035, value: 
key: 463644, value: 
key: 35199, value: 
key: 145254, value: 
key: 591918, value: 
key: 361706, value: 
key: 417944, value: 
key: 107814, value: 
key: 332344, value: 
key: 292750, value: 
key: 66085, value: 
key: 754137, value: 
key: 693575, value: 
key: 10716, value: 
key: 751596, value: 
key: 890280, value: 
key: 622827, value: 
key: 122543, value: 
key: 872187, value: 
key: 3268, value: 
key: 748185, value: 
key: 676, value: 
key: 587717, value: 
key: 664496, value: 
key: 3684, value: 
key: 330467, value: 
key: 14837, value: 
key: 627730, value: 
key: 140978, value: 
key: 2498, value: 
key: 7220, value: 
key: 488694, value: 
key: 114632, value: 
key: 872088, value: 
key: 650325, value: 
key: 550223, value: 
key: 248766, value: 
key: 144947, value: 
key: 291496, value: 
key: 176533, value: 
key: 664560, value: 
key: 3129, value: 
key: 312209, value: 
key: 432396, value: 
key: 670040, value: 
key: 161898, value: 
key: 994878, value: 
key: 366550, value: 
key: 207662, value: 
key: 45581, value: 
key: 251010, value: 
key: 454989, value: 
key: 13391, value: 
key: 229462, value: 
key: 67141, value: 
key: 679809, value: 
key: 135547, value: 
key: 43741, value: 
key: 53638, value: 
key: 20645, value: 
key: 7062, value: 
key: 2447, value: 
key: 444180, value: 
key: 18015, value: 
key: 150942, value: 
key: 384031, value: 
key: 191590, value: 
key: 4203, value: 
key: 10589, value: 
key: 166866, value: 
key: 34769, value: 
key: 879841, value: 
key: 14781, value: 
key: 257991, value: 
key: 50549, value: 
key: 971785, value: 
key: 2184, value: 
key: 738469, value: 
key: 45442, value: 
key: 345348, value: 
key: 53650, value: 
key: 629701, value: 
key: 19085, value: 
key: 548237, value: 
key: 677597, value: 
key: 9176, value: 
key: 622456, value: 
key: 276851, value: 
key: 863990, value: 
key: 423170, value: 
key: 787461, value: 
key: 581436, value: 
key: 29839, value: 
key: 328240, value: 
key: 124, value: 
key: 7130, value: 
key: 662690, value: 
key: 327658, value: 
key: 222229, value: 
key: 390456, value: 
key: 387269, value: 
key: 985461, value: 
key: 274741, value: 
key: 130353, value: 
key: 123944, value: 
key: 136685, value: 
key: 467026, value: 
key: 262201, value: 
key: 867, value: 
key: 733196, value: 
key: 4337, value: 
key: 519752, value: 
key: 589467, value: 
key: 9468, value: 
key: 70248, value: 
key: 380585, value: 
key: 41028, value: 
key: 298486, value: 
key: 65240, value: 
key: 789780, value: 
key: 6649, value: 
key: 420777, value: 
key: 235342, value: 
key: 644791, value: 
key: 727144, value: 
key: 983104, value: 
key: 721863, value: 
key: 4038, value: 
key: 175051, value: 
key: 308251, value: 
key: 214318, value: 
key: 4452, value: 
key: 361438, value: 
key: 789847, value: 
key: 36394, value: 
key: 559, value: 
key: 10884, value: 
key: 169548, value: 
key: 780888, value: 
key: 126202, value: 
key: 946039, value: 
key: 132515, value: 
key: 339291, value: 
key: 468115, value: 
key: 532485, value: 
key: 403167, value: 
key: 662182, value: 
key: 41154, value: 
key: 112337, value: 
key: 944240, value: 
key: 818336, value: 
key: 706912, value: 
key: 438839, value: 
key: 556584, value: 
key: 14754, value: 
key: 51351, value: 
key: 190094, value: 
key: 220971, value: 
key: 1934, value: 
key: 473773, value: 
key: 515653, value: 
key: 610822, value: 
key: 19463, value: 
key: 2740, value: 
key: 5091, value: 
key: 587955, value: 
key: 23552, value: 
key: 67349, value: 
key: 257267, value: 
key: 600533, value: 
key: 439364, value: 
key: 367551, value: 
key: 2344, value: 
key: 707632, value: 
key: 603392, value: 
key: 188, value: 
key: 721629, value: 
key: 430761, value: 
key: 981005, value: 
key: 648337, value: 
key: 249226, value: 
key: 331471, value: 
key: 57629, value: 
key: 75988, value: 
key: 3590, value: 
key: 796827, value: 
key: 654057, value: 
key: 619227, value: 
key: 322303, value: 
key: 75577, value: 
key: 141667, value: 
key: 159297, value: 
key: 66283, value: 
key: 925203, value: 
key: 592854, value: 
key: 71007, value: 
key: 686951, value: 
key: 760677, value: 
key: 219977, value: 
key: 3011, value: 
key: 461473, value: 
key: 484656, value: 
key: 889547, value: 
key: 4588, value: 
key: 216424, value: 
key: 826364, value: 
key: 7697, value: 
key: 214787, value: 
key: 842577, value: 
key: 842339, value: 
key: 287680, value: 
key: 791039, value: 
key: 217917, value: 
key: 394245, value: 
key: 259689, value: 
key: 678938, value: 
key: 71827, value: 
key: 599653, value: 
key: 11900, value: 
key: 429558, value: 
key: 310229, value: 
key: 41448, value: 
key: 443736, value: 
key: 82458, value: 
key: 220342, value: 
key: 15975, value: 
key: 253100, value: 
key: 267329, value: 
key: 429523, value: 
key: 358289, value: 
key: 266304, value: 
key: 117741, value: 
key: 541012, value: 
key: 874958, value: 
key: 138346, value: 
key: 461440, value: 
key: 208980, value: 
key: 424641, value: 
key: 68595, value: 
key: 931097, value: 
key: 10147, value: 
key: 472967, value: 
key: 2946, value: 
key: 26995, value: 
key: 962433, value: 
key: 640131, value: 
key: 268135, value: 
key: 31120, value: 
key: 200595, value: 
key: 5963, value: 
key: 330966, value: 
key: 389841, value: 
key: 105346, value: 
key: 789980, value: 
key: 761119, value: 
key: 105652, value: 
key: 929247, value: 
key: 63596, value: 
key: 387902, value: 
key: 52002, value: 
key: 1330, value: 
key: 359231, value: 
key: 85, value: 
key: 719749, value: 
key: 13542, value: 
key: 110007, value: 
key: 16633, value: 
key: 273672, value: 
key: 115875, value: 
key: 237522, value: 
key: 980237, value: 
key: 170768, value: 
key: 3895, value: 
key: 665309, value: 
key: 66793, value: 
key: 12376, value: 
key: 479869, value: 
key: 391691, value: 
key: 598128, value: 
key: 918807, value: 
key: 828874, value: 
key: 1512, value: 
key: 824414, value: 
key: 109210, value: 
key: 387465, value: 
key: 914856, value: 
key: 285633, value: 
key: 520284, value: 
key: 9378, value: 
key: 320783, value: 
key: 14309, value: 
key: 365513, value: 
key: 166585, value: 
key: 328084, value: 
key: 367748, value: 
key: 455270, value: 
key: 413476, value: 
key: 316319, value: 
key: 226287, value: 
key: 544385, value: 
key: 683091, value: 
key: 236215, value: 
key: 5062, value: 
key: 31115, value: 
key: 753686, value: 
key: 74727, value: 
key: 96112, value: 
key: 130775, value: 
key: 325115, value: 
key: 254495, value: 
key: 65248, value: 
key: 7725, value: 
key: 810682, value: 
key: 631267, value: 
key: 10783, value: 
key: 332269, value: 
key: 460641, value: 
key: 385889, value: 
key: 397785, value: 
key: 199572, value: 
key: 384, value: 
key: 213216, value: 
key: 169362, value: 
key: 79162, value: 
key: 539154, value: 
key: 581153, value: 
key: 61789, value: 
key: 518999, value: 
key: 79852, value: 
key: 469277, value: 
key: 19845, value: 
key: 12363, value: 
key: 137493, value: 
key: 743830, value: 
key: 30390, value: 
key: 111220, value: 
key: 1972, value: 
key: 779000, value: 
key: 1749, value: 
key: 893724, value: 
key: 728596, value: 
key: 533279, value: 
key: 35391, value: 
key: 33841, value: 
key: 818662, value: 
key: 245765, value: 
key: 19801, value: 
key: 336030, value: 
key: 279096, value: 
key: 863066, value: 
key: 31144, value: 
key: 1080, value: 
key: 624997, value: 
key: 108219, value: 
key: 167649, value: 
key: 221840, value: 
key: 783153, value: 
key: 808182, value: 
key: 321968, value: 
key: 799925, value: 
key: 491603, value: 
key: 157413, value: 
key: 900688, value: 
key: 730205, value: 
key: 41451, value: 
key: 349070, value: 
key: 642362, value: 
key: 41549, value: 
key: 86171, value: 
key: 494194, value: 
key: 107517, value: 
key: 9527, value: 
key: 333039, value: 
key: 422902, value: 
key: 11757, value: 
key: 887736, value: 
key: 656185, value: 
key: 610330, value: 
key: 703106, value: 
key: 15766, value: 
key: 709427, value: 
key: 862890, value: 
key: 837096, value: 
key: 94884, value: 
key: 573172, value: 
key: 724505, value: 
key: 832428, value: 
key: 330689, value: 
key: 185120, value: 
key: 15094, value: 
key: 89725, value: 
key: 88010, value: 
key: 91634, value: 
key: 915181, value: 
key: 8313, value: 
key: 199008, value: 
key: 607518, value: 
key: 75845, value: 
key: 1219, value: 
key: 386363, value: 
key: 301610, value: 
key: 866911, value: 
key: 237698, value: 
key: 430600, value: 
key: 251986, value: 
key: 6892, value: 
key: 533392, value: 
key: 464254, value: 
key: 122800, value: 
key: 365829, value: 
key: 75564, value: 
key: 733110, value: 
key: 637863, value: 
key: 731486, value: 
key: 323685, value: 
key: 102060, value: 
key: 89, value: 
key: 349715, value: 
key: 25147, value: 
key: 12981, value: 
key: 396496, value: 
key: 277939, value: 
key: 414376, value: 
key: 302268, value: 
key: 961656, value: 
key: 655816, value: 
key: 456196, value: 
key: 1622, value: 
key: 828289, value: 
key: 798308, value: 
key: 19142, value: 
key: 208199, value: 
key: 74907, value: 
key: 195, value: 
key: 129942, value: 
key: 33355, value: 
key: 961966, value: 
key: 44526, value: 
key: 147540, value: 
key: 40854, value: 
key: 461510, value: 
key: 362938, value: 
key: 8603, value: 
key: 564338, value: 
key: 351736, value: 
key: 84742, value: 
key: 145285, value: 
key: 293058, value: 
key: 989485, value: 
key: 823431, value: 
key: 382031, value: 
key: 149465, value: 
key: 85239, value: 
key: 714942, value: 
key: 717622, value: 
key: 695131, value: 
key: 17896, value: 
key: 50901, value: 
key: 126051, value: 
key: 44775, value: 
key: 13847, value: 
key: 89972, value: 
key: 573640, value: 
key: 302884, value: 
key: 864294, value: 
key: 15775, value: 
key: 128046, value: 
key: 284551, value: 
key: 261756, value: 
key: 44308, value: 
key: 92839, value: 
key: 474192, value: 
key: 65389, value: 
key: 12686, value: 
key: 622384, value: 
key: 64029, value: 
key: 993994, value: 
key: 335136, value: 
key: 136805, value: 
key: 204982, value: 
key: 27646, value: 
key: 1572, value: 
key: 604610, value: 
key: 847330, value: 
key: 671867, value: 
key: 636176, value: 
key: 201750, value: 
key: 2371, value: 
key: 533895, value: 
key: 44067, value: 
key: 994270, value: 
key: 317396, value: 
key: 94802, value: 
key: 785667, value: 
key: 176425, value: 
key: 61730, value: 
key: 311615, value: 
key: 580895, value: 
key: 78967, value: 
key: 457410, value: 
key: 464850, value: 
key: 17100, value: 
key: 117363, value: 
key: 393271, value: 
key: 281275, value: 
key: 99931, value: 
key: 929678, value: 
key: 52343, value: 
key: 88546, value: 
key: 376791, value: 
key: 365195, value: 
key: 559374, value: 
key: 559332, value: 
key: 647015, value: 
key: 3310, value: 
key: 381368, value: 
key: 210387, value: 
key: 91933, value: 
key: 26801, value: 
key: 845130, value: 
key: 97425, value: 
key: 737503, value: 
key: 37971, value: 
key: 10747, value: 
key: 5891, value: 
key: 436622, value: 
key: 229453, value: 
key: 744215, value: 
key: 15160, value: 
key: 407493, value: 
key: 784534, value: 
key: 8919, value: 
key: 476581, value: 
key: 257999, value: 
key: 449802, value: 
key: 12239, value: 
key: 16235, value: 
key: 437122, value: 
key: 357743, value: 
key: 302664, value: 
key: 999, value: 
key: 162338, value: 
key: 89387, value: 
key: 2065, value: 
key: 171268, value: 
key: 491744, value: 
key: 25572, value: 
key: 454655, value: 
key: 99225, value: 
key: 37531, value: 
key: 514175, value: 
key: 332625, value: 
key: 20854, value: 
key: 103557, value: 
key: 110678, value: 
key: 736593, value: 
key: 724709, value: 
key: 838398, value: 
key: 649570, value: 
key: 4982, value: 
key: 476688, value: 
key: 570122, value: 
key: 738665, value: 
key: 2069, value: 
key: 74303, value: 
key: 388479, value: 
key: 204342, value: 
key: 428313, value: 
key: 458235, value: 
key: 947173, value: 
key: 965412, value: 
key: 251618, value: 
key: 204319, value: 
key: 372830, value: 
key: 173345, value: 
key: 147399, value: 
key: 142455, value: 
key: 384952, value: 
key: 302376, value: 
key: 4034, value: 
key: 608522, value: 
key: 308286, value: 
key: 76196, value: 
key: 271180, value: 
key: 516809, value: 
key: 654233, value: 
key: 2838, value: 
key: 197864, value: 
key: 6788, value: 
key: 269828, value: 
key: 796717, value: 
key: 867439, value: 
key: 203910, value: 
key: 455269, value: 
key: 669802, value: 
key: 452817, value: 
key: 400616, value: 
key: 2393, value: 
key: 9743, value: 
key: 113101, value: 
key: 85587, value: 
key: 438589, value: 
key: 228656, value: 
key: 203796, value: 
key: 431373, value: 
key: 721445, value: 
key: 696017, value: 
key: 538418, value: 
key: 301667, value: 
key: 119307, value: 
key: 333273, value: 
key: 146176, value: 
key: 967355, value: 
key: 197853, value: 
key: 925647, value: 
key: 327768, value: 
key: 483817, value: 
key: 157156, value: 
key: 27251, value: 
key: 956678, value: 
key: 428847, value: 
key: 105571, value: 
key: 500178, value: 
key: 183618, value: 
key: 245950, value: 
key: 246568, value: 
key: 512098, value: 
key: 43176, value: 
key: 950120, value: 
key: 50013, value: 
key: 14415, value: 
key: 872053, value: 
key: 113745, value: 
key: 746815, value: 
key: 651290, value: 
key: 315053, value: 
key: 1716, value: 
key: 451465, value: 
key: 278657, value: 
key: 27086, value: 
key: 3556, value: 
key: 1280, value: 
key: 7648, value: 
key: 1026, value: 
key: 31281, value: 
key: 123146, value: 
key: 303629, value: 
key: 485578, value: 
key: 737150, value: 
key: 290653, value: 
key: 200890, value: 
key: 115695, value: 
key: 770708, value: 
key: 202940, value: 
key: 729515, value: 
key: 709300, value: 
key: 792522, value: 
key: 677490, value: 
key: 675452, value: 
key: 145294, value: 
key: 121401, value: 
key: 372557, value: 
key: 849859, value: 
key: 567997, value: 
key: 64223, value: 
key: 901407, value: 
key: 499580, value: 
key: 39438, value: 
key: 119073, value: 
key: 425381, value: 
key: 666757, value: 
key: 815171, value: 
key: 446173, value: 
key: 676859, value: 
key: 161832, value: 
key: 172232, value: 
key: 328846, value: 
key: 412785, value: 
key: 85451, value: 
key: 156340, value: 
key: 389032, value: 
key: 71429, value: 
key: 238097, value: 
key: 545997, value: 
key: 122451, value: 
key: 74763, value: 
key: 4634, value: 
key: 772414, value: 
key: 15489, value: 
key: 728343, value: 
key: 20322, value: 
key: 160055, value: 
key: 10996, value: 
key: 321146, value: 
key: 240649, value: 
key: 223310, value: 
key: 1790, value: 
key: 983632, value: 
key: 332748, value: 
key: 693832, value: 
key: 111516, value: 
key: 66294, value: 
key: 143029, value: 
key: 965320, value: 
key: 31777, value: 
key: 465288, value: 
key: 5222, value: 
key: 69134, value: 
key: 939222, value: 
key: 159488, value: 
key: 106776, value: 
key: 441, value: 
key: 638321, value: 
key: 714247, value: 
key: 68441, value: 
key: 807868, value: 
key: 16118, value: 
key: 8667, value: 
key: 24519, value: 
key: 118672, value: 
key: 371282, value: 
key: 14071, value: 
key: 525300, value: 
key: 415724, value: 
key: 182781, value: 
key: 326192, value: 
key: 587696, value: 
key: 113943, value: 
key: 13461, value: 
key: 169753, value: 
key: 628258, value: 
key: 486980, value: 
key: 966646, value: 
key: 325760, value: 
key: 999864, value: 
key: 656019, value: 
key: 605365, value: 
key: 505878, value: 
key: 212594, value: 
key: 688395, value: 
key: 30228, value: 
key: 13621, value: 
key: 8421, value: 
key: 18211, value: 
key: 472031, value: 
key: 63301, value: 
key: 760358, value: 
key: 380466, value: 
key: 873812, value: 
key: 699801, value: 
key: 182857, value: 
key: 653511, value: 
key: 131349, value: 
key: 902011, value: 
key: 223703, value: 
key: 282472, value: 
key: 127306, value: 
key: 39788, value: 
key: 29648, value: 
key: 946527, value: 
key: 549647, value: 
key: 365463, value: 
key: 82650, value: 
key: 143182, value: 
key: 2832, value: 
key: 23446, value: 
key: 90675, value: 
key: 353839, value: 
key: 499207, value: 
key: 621516, value: 
key: 6290, value: 
key: 83279, value: 
key: 8177, value: 
key: 48485, value: 
key: 4793, value: 
key: 924783, value: 
key: 17744, value: 
key: 467729, value: 
key: 80106, value: 
key: 967391, value: 
key: 889460, value: 
key: 250460, value: 
key: 218237, value: 
key: 116191, value: 
key: 197808, value: 
key: 70363, value: 
key: 502648, value: 
key: 394946, value: 
key: 253418, value: 
key: 263512, value: 
key: 701111, value: 
key: 623163, value: 
key: 326950, value: 
key: 50761, value: 
key: 13340, value: 
key: 460834, value: 
key: 7798, value: 
key: 604715, value: 
key: 15856, value: 
key: 24900, value: 
key: 624849, value: 
key: 903621, value: 
key: 11063, value: 
key: 491160, value: 
key: 73186, value: 
key: 866265, value: 
key: 702167, value: 
key: 838190, value: 
key: 653421, value: 
key: 157666, value: 
key: 37849, value: 
key: 67992, value: 
key: 73153, value: 
key: 726420, value: 
key: 207208, value: 
key: 325003, value: 
key: 38871, value: 
key: 194030, value: 
key: 455425, value: 
key: 386794, value: 
key: 595886, value: 
key: 573660, value: 
key: 45996, value: 
key: 73326, value: 
key: 208986, value: 
key: 609187, value: 
key: 138647, value: 
key: 559499, value: 
key: 11124, value: 
key: 192461, value: 
key: 44711, value: 
key: 669390, value: 
key: 493560, value: 
key: 10129, value: 
key: 135325, value: 
key: 128431, value: 
key: 55494, value: 
key: 807622, value: 
key: 114834, value: 
key: 460373, value: 
key: 259919, value: 
key: 49150, value: 
key: 566318, value: 
key: 528785, value: 
key: 22641, value: 
key: 155666, value: 
key: 966028, value: 
key: 896606, value: 
key: 20876, value: 
key: 608337, value: 
key: 330030, value: 
key: 148431, value: 
key: 224229, value: 
key: 547201, value: 
key: 95861, value: 
key: 29824, value: 
key: 133048, value: 
key: 511040, value: 
key: 53180, value: 
key: 44283, value: 
key: 75146, value: 
key: 356928, value: 
key: 64155, value: 
key: 625899, value: 
key: 18192, value: 
key: 372977, value: 
key: 38914, value: 
key: 11102, value: 
key: 707515, value: 
key: 18969, value: 
key: 553558, value: 
key: 392829, value: 
key: 965661, value: 
key: 485903, value: 
key: 642915, value: 
key: 259706, value: 
key: 963555, value: 
key: 276, value: 
key: 699913, value: 
key: 13300, value: 
key: 493856, value: 
key: 358717, value: 
key: 722314, value: 
key: 32408, value: 
key: 747456, value: 
key: 45424, value: 
key: 1273, value: 
key: 119127, value: 
key: 242490, value: 
key: 172863, value: 
key: 223163, value: 
key: 329900, value: 
key: 270884, value: 
key: 563393, value: 
key: 602577, value: 
key: 646531, value: 
key: 146068, value: 
key: 446399, value: 
key: 148284, value: 
key: 112849, value: 
key: 820254, value: 
key: 225132, value: 
key: 410842, value: 
key: 717138, value: 
key: 445239, value: 
key: 600438, value: 
key: 6487, value: 
key: 482229, value: 
key: 3707, value: 
key: 609905, value: 
key: 218729, value: 
key: 74105, value: 
key: 514302, value: 
key: 29893, value: 
key: 651845, value: 
key: 97142, value: 
key: 616152, value: 
key: 137752, value: 
key: 315899, value: 
key: 605534, value: 
key: 125401, value: 
key: 2283, value: 
key: 43594, value: 
key: 92, value: 
key: 94101, value: 
key: 396452, value: 
key: 151277, value: 
key: 65062, value: 
key: 49211, value: 
key: 11052, value: 
key: 61068, value: 
key: 370230, value: 
key: 49305, value: 
key: 662238, value: 
key: 151309, value: 
key: 2634, value: 
key: 803314, value: 
key: 26658, value: 
key: 76668, value: 
key: 430123, value: 
key: 354988, value: 
key: 348, value: 
key: 335163, value: 
key: 1578, value: 
key: 502316, value: 
key: 655988, value: 
key: 571462, value: 
key: 75414, value: 
key: 293975, value: 
key: 400285, value: 
key: 409015, value: 
key: 951688, value: 
key: 263907, value: 
key: 974935, value: 
key: 549825, value: 
key: 39654, value: 
key: 173196, value: 
key: 301553, value: 
key: 66353, value: 
key: 890747, value: 
key: 920390, value: 
key: 950485, value: 
key: 5561, value: 
key: 786055, value: 
key: 218145, value: 
key: 399172, value: 
key: 21163, value: 
key: 153802, value: 
key: 72930, value: 
key: 5569, value: 
key: 15126, value: 
key: 266216, value: 
key: 58321, value: 
key: 24676, value: 
key: 38851, value: 
key: 240012, value: 
key: 859999, value: 
key: 65507, value: 
key: 703834, value: 
key: 819467, value: 
key: 44698, value: 
key: 454206, value: 
key: 881725, value: 
key: 778498, value: 
key: 113596, value: 
key: 4294, value: 
key: 456462, value: 
key: 16231, value: 
key: 100653, value: 
key: 185775, value: 
key: 44234, value: 
key: 337727, value: 
key: 11573, value: 
key: 867459, value: 
key: 20942, value: 
key: 394522, value: 
key: 332100, value: 
key: 200584, value: 
key: 238675, value: 
key: 247677, value: 
key: 643259, value: 
key: 1981, value: 
key: 815816, value: 
key: 813094, value: 
key: 274901, value: 
key: 923302, value: 
key: 97577, value: 
key: 422016, value: 
key: 227457, value: 
key: 279779, value: 
key: 463343, value: 
key: 456664, value: 
key: 345610, value: 
key: 944338, value: 
key: 276440, value: 
key: 17230, value: 
key: 399701, value: 
key: 686814, value: 
key: 974737, value: 
key: 298213, value: 
key: 3929, value: 
key: 568657, value: 
key: 963384, value: 
key: 84272, value: 
key: 734218, value: 
key: 198937, value: 
key: 625103, value: 
key: 605974, value: 
key: 594410, value: 
key: 411690, value: 
key: 367685, value: 
key: 893322, value: 
key: 595286, value: 
key: 320075, value: 
key: 205453, value: 
key: 560767, value: 
key: 512782, value: 
key: 154984, value: 
key: 357204, value: 
key: 384376, value: 
key: 395242, value: 
key: 634266, value: 
key: 411399, value: 
key: 675580, value: 
key: 513880, value: 
key: 302752, value: 
key: 7408, value: 
key: 102815, value: 
key: 98518, value: 
key: 870037, value: 
key: 39999, value: 
key: 855623, value: 
key: 465451, value: 
key: 643262, value: 
key: 269617, value: 
key: 184, value: 
key: 391080, value: 
key: 523964, value: 
key: 45084, value: 
key: 893706, value: 
key: 83714, value: 
key: 16358, value: 
key: 129757, value: 
key: 66652, value: 
key: 42988, value: 
key: 937400, value: 
key: 949546, value: 
key: 18712, value: 
key: 841206, value: 
key: 824368, value: 
key: 72745, value: 
key: 980282, value: 
key: 50365, value: 
key: 322321, value: 
key: 4276, value: 
key: 773107, value: 
key: 233931, value: 
key: 8740, value: 
key: 700565, value: 
key: 9314, value: 
key: 90291, value: 
key: 374188, value: 
key: 501669, value: 
key: 204913, value: 
key: 377293, value: 
key: 392315, value: 
key: 21220, value: 
key: 229879, value: 
key: 109401, value: 
key: 68571, value: 
key: 15463, value: 
key: 454581, value: 
key: 5790, value: 
key: 10192, value: 
key: 223316, value: 
key: 73665, value: 
key: 524224, value: 
key: 784981, value: 
key: 25121, value: 
key: 724064, value: 
key: 3521, value: 
key: 638644, value: 
key: 771743, value: 
key: 264692, value: 
key: 191051, value: 
key: 53762, value: 
key: 98967, value: 
key: 473128, value: 
key: 990175, value: 
key: 42883, value: 
key: 423417, value: 
key: 466218, value: 
key: 82036, value: 
key: 28986, value: 
key: 555945, value: 
key: 32608, value: 
key: 270563, value: 
key: 452404, value: 
key: 330566, value: 
key: 53467, value: 
key: 391147, value: 
key: 158252, value: 
key: 124910, value: 
key: 850404, value: 
key: 209004, value: 
key: 239342, value: 
key: 91748, value: 
key: 879869, value: 
key: 207934, value: 
key: 466102, value: 
key: 50741, value: 
key: 478372, value: 
key: 17768, value: 
key: 919011, value: 
key: 498022, value: 
key: 370908, value: 
key: 8719, value: 
key: 829512, value: 
key: 981911, value: 
key: 9257, value: 
key: 319752, value: 
key: 430392, value: 
key: 132175, value: 
key: 74736, value: 
key: 2577, value: 
key: 468432, value: 
key: 921674, value: 
key: 40409, value: 
key: 350566, value: 
key: 642814, value: 
key: 733479, value: 
key: 113332, value: 
key: 63903, value: 
key: 747726, value: 
key: 896798, value: 
key: 878691, value: 
key: 7750, value: 
key: 57694, value: 
key: 193594, value: 
key: 559701, value: 
key: 5057, value: 
key: 325698, value: 
key: 213654, value: 
key: 359318, value: 
key: 595323, value: 
key: 128091, value: 
key: 278143, value: 
key: 979453, value: 
key: 53702, value: 
key: 788644, value: 
key: 882337, value: 
key: 991044, value: 
key: 293511, value: 
key: 541241, value: 
key: 991437, value: 
key: 372984, value: 
key: 577097, value: 
key: 962204, value: 
key: 283967, value: 
key: 411421, value: 
key: 144233, value: 
key: 225578, value: 
key: 641420, value: 
key: 212664, value: 
key: 138258, value: 
key: 62568, value: 
key: 323212, value: 
key: 122097, value: 
key: 314368, value: 
key: 936434, value: 
key: 405215, value: 
key: 692048, value: 
key: 550638, value: 
key: 37447, value: 
key: 616176, value: 
key: 36556, value: 
key: 428030, value: 
key: 966468, value: 
key: 942, value: 
key: 355653, value: 
key: 261110, value: 
key: 24935, value: 
key: 392461, value: 
key: 3174, value: 
key: 659498, value: 
key: 565456, value: 
key: 963892, value: 
key: 427624, value: 
key: 156913, value: 
key: 484544, value: 
key: 322244, value: 
key: 60270, value: 
key: 669121, value: 
key: 226094, value: 
key: 2975, value: 
key: 265310, value: 
key: 121375, value: 
key: 126787, value: 
key: 63664, value: 
key: 638686, value: 
key: 937668, value: 
key: 602896, value: 
key: 48519, value: 
key: 250923, value: 
key: 35524, value: 
key: 515958, value: 
key: 950799, value: 
key: 519060, value: 
key: 41606, value: 
key: 534201, value: 
key: 32969, value: 
key: 455238, value: 
key: 951970, value: 
key: 25921, value: 
key: 27998, value: 
key: 501429, value: 
key: 95388, value: 
key: 748857, value: 
key: 104125, value: 
key: 725610, value: 
key: 168488, value: 
key: 27064, value: 
key: 694082, value: 
key: 90521, value: 
key: 440113, value: 
key: 212, value: 
key: 772537, value: 
key: 1, value: 
key: 87839, value: 
key: 45040, value: 
key: 75157, value: 
key: 10275, value: 
key: 634936, value: 
key: 224830, value: 
key: 337963, value: 
key: 30293, value: 
key: 711589, value: 
key: 308637, value: 
key: 144002, value: 
key: 552425, value: 
key: 870376, value: 
key: 163098, value: 
key: 386239, value: 
key: 133194, value: 
key: 72905, value: 
key: 58378, value: 
key: 263509, value: 
key: 676817, value: 
key: 361928, value: 
key: 979972, value: 
key: 883860, value: 
key: 97232, value: 
key: 188628, value: 
key: 116858, value: 
key: 13359, value: 
key: 467880, value: 
key: 35612, value: 
key: 528082, value: 
key: 409701, value: 
key: 2476, value: 
key: 11362, value: 
key: 474200, value: 
key: 37759, value: 
key: 43761, value: 
key: 375550, value: 
key: 38895, value: 
key: 429, value: 
key: 66010, value: 
key: 321805, value: 
key: 72813, value: 
key: 255045, value: 
key: 228926, value: 
key: 302622, value: 
key: 81509, value: 
key: 265877, value: 
key: 607196, value: 
key: 328642, value: 
key: 607598, value: 
key: 248283, value: 
key: 95003, value: 
key: 101739, value: 
key: 129694, value: 
key: 319, value: 
key: 805242, value: 
key: 664335, value: 
key: 140640, value: 
key: 365298, value: 
key: 119301, value: 
key: 859414, value: 
key: 614899, value: 
key: 744934, value: 
key: 357992, value: 
key: 985317, value: 
key: 19452, value: 
key: 1275, value: 
key: 534816, value: 
key: 927366, value: 
key: 55272, value: 
key: 28502, value: 
key: 39982, value: 
key: 219630, value: 
key: 657924, value: 
key: 682410, value: 
key: 324404, value: 
key: 572395, value: 
key: 782141, value: 
key: 26205, value: 
key: 25080, value: 
key: 872497, value: 
key: 406649, value: 
key: 577411, value: 
key: 268986, value: 
key: 104622, value: 
key: 980459, value: 
key: 479252, value: 
key: 27639, value: 
key: 63927, value: 
key: 98686, value: 
key: 869994, value: 
key: 188398, value: 
key: 346804, value: 
key: 408911, value: 
key: 356465, value: 
key: 357394, value: 
key: 138032, value: 
key: 987829, value: 
key: 31874, value: 
key: 186727, value: 
key: 38907, value: 
key: 542781, value: 
key: 414806, value: 
key: 7680, value: 
key: 157008, value: 
key: 432639, value: 
key: 261620, value: 
key: 37214, value: 
key: 463264, value: 
key: 371213, value: 
key: 2487, value: 
key: 217685, value: 
key: 69055, value: 
key: 345339, value: 
key: 355545, value: 
key: 432879, value: 
key: 87477, value: 
key: 31377, value: 
key: 943197, value: 
key: 33300, value: 
key: 251692, value: 
key: 735716, value: 
key: 39838, value: 
key: 73607, value: 
key: 945058, value: 
key: 776915, value: 
key: 22434, value: 
key: 459418, value: 
key: 80157, value: 
key: 80674, value: 
key: 571389, value: 
key: 569470, value: 
key: 6458, value: 
key: 878932, value: 
key: 29451, value: 
key: 5284, value: 
key: 146370, value: 
key: 972540, value: 
key: 1352, value: 
key: 110175, value: 
key: 828447, value: 
key: 17573, value: 
key: 83189, value: 
key: 854941, value: 
key: 43064, value: 
key: 29532, value: 
key: 690738, value: 
key: 826481, value: 
key: 426911, value: 
key: 995118, value: 
key: 100493, value: 
key: 869871, value: 
key: 91614, value: 
key: 90914, value: 
key: 304565, value: 
key: 659209, value: 
key: 546585, value: 
key: 98297, value: 
key: 284614, value: 
key: 58109, value: 
key: 341359, value: 
key: 759062, value: 
key: 167326, value: 
key: 975833, value: 
key: 146815, value: 
key: 102233, value: 
key: 87008, value: 
key: 166864, value: 
key: 299229, value: 
key: 104893, value: 
key: 56246, value: 
key: 6782, value: 
key: 226902, value: 
key: 260322, value: 
key: 141393, value: 
key: 240003, value: 
key: 49321, value: 
key: 578212, value: 
key: 31476, value: 
key: 424131, value: 
key: 159460, value: 
key: 2614, value: 
key: 593743, value: 
key: 805721, value: 
key: 15515, value: 
key: 337730, value: 
key: 645277, value: 
key: 661594, value: 
key: 995686, value: 
key: 705939, value: 
key: 222032, value: 
key: 144156, value: 
key: 972166, value: 
key: 529832, value: 
key: 562082, value: 
key: 78905, value: 
key: 398287, value: 
key: 25426, value: 
key: 952108, value: 
key: 644670, value: 
key: 575011, value: 
key: 787036, value: 
key: 30581, value: 
key: 503540, value: 
key: 555420, value: 
key: 315501, value: 
key: 41765, value: 
key: 23301, value: 
key: 67024, value: 
key: 605918, value: 
key: 413023, value: 
key: 218561, value: 
key: 134982, value: 
key: 341704, value: 
key: 861899, value: 
key: 171709, value: 
key: 461154, value: 
key: 77227, value: 
key: 655012, value: 
key: 206885, value: 
key: 439089, value: 
key: 4689, value: 
key: 311020, value: 
key: 148477, value: 
key: 168242, value: 
key: 696187, value: 
key: 19849, value: 
key: 578597, value: 
key: 696837, value: 
key: 135132, value: 
key: 829514, value: 
key: 433285, value: 
key: 51397, value: 
key: 57469, value: 
key: 869840, value: 
key: 942592, value: 
key: 345931, value: 
key: 19353, value: 
key: 119, value: 
key: 30655, value: 
key: 583346, value: 
key: 189519, value: 
key: 2847, value: 
key: 4757, value: 
key: 80047, value: 
key: 93067, value: 
key: 647820, value: 
key: 661035, value: 
key: 797853, value: 
key: 318878, value: 
key: 124653, value: 
key: 192696, value: 
key: 133660, value: 
key: 501368, value: 
key: 890534, value: 
key: 470358, value: 
key: 512278, value: 
key: 17553, value: 
key: 100659, value: 
key: 884368, value: 
key: 41031, value: 
key: 626636, value: 
key: 319547, value: 
key: 255593, value: 
key: 437881, value: 
key: 286179, value: 
key: 371682, value: 
key: 10064, value: 
key: 55991, value: 
key: 640126, value: 
key: 160578, value: 
key: 841037, value: 
key: 5862, value: 
key: 925429, value: 
key: 105403, value: 
key: 905241, value: 
key: 356951, value: 
key: 946729, value: 
key: 649084, value: 
key: 334452, value: 
key: 527160, value: 
key: 860731, value: 
key: 28571, value: 
key: 450581, value: 
key: 49507, value: 
key: 515198, value: 
key: 522273, value: 
key: 48850, value: 
key: 508783, value: 
key: 55621, value: 
key: 831430, value: 
key: 569672, value: 
key: 58789, value: 
key: 306215, value: 
key: 25336, value: 
key: 151323, value: 
key: 842724, value: 
key: 205860, value: 
key: 3105, value: 
key: 948413, value: 
key: 97669, value: 
key: 168497, value: 
key: 561166, value: 
key: 75227, value: 
key: 186691, value: 
key: 195587, value: 
key: 826470, value: 
key: 103274, value: 
key: 34404, value: 
key: 913314, value: 
key: 86878, value: 
key: 529733, value: 
key: 92437, value: 
key: 62766, value: 
key: 34677, value: 
key: 832123, value: 
key: 138319, value: 
key: 481169, value: 
key: 322396, value: 
key: 2269, value: 
key: 193613, value: 
key: 155866, value: 
key: 128679, value: 
key: 9622, value: 
key: 445974, value: 
key: 194584, value: 
key: 127072, value: 
key: 585760, value: 
key: 535231, value: 
key: 15843, value: 
key: 492954, value: 
key: 73245, value: 
key: 764204, value: 
key: 114300, value: 
key: 167438, value: 
key: 50738, value: 
key: 242306, value: 
key: 279438, value: 
key: 193727, value: 
key: 12417, value: 
key: 582198, value: 
key: 897795, value: 
key: 2940, value: 
key: 637298, value: 
key: 216868, value: 
key: 7657, value: 
key: 18835, value: 
key: 18718, value: 
key: 306758, value: 
key: 980785, value: 
key: 173383, value: 
key: 38541, value: 
key: 406135, value: 
key: 976384, value: 
key: 326455, value: 
key: 924691, value: 
key: 436525, value: 
key: 859223, value: 
key: 396838, value: 
key: 331060, value: 
key: 82946, value: 
key: 5585, value: 
key: 11621, value: 
key: 962505, value: 
key: 105591, value: 
key: 67594, value: 
key: 292358, value: 
key: 634453, value: 
key: 390489, value: 
key: 115862, value: 
key: 183225, value: 
key: 320712, value: 
key: 81484, value: 
key: 466407, value: 
key: 8441, value: 
key: 67280, value: 
key: 398584, value: 
key: 880458, value: 
key: 15564, value: 
key: 629415, value: 
key: 594304, value: 
key: 795158, value: 
key: 854909, value: 
key: 771459, value: 
key: 601732, value: 
key: 404595, value: 
key: 901393, value: 
key: 71317, value: 
key: 146765, value: 
key: 667699, value: 
key: 225204, value: 
key: 61615, value: 
key: 525971, value: 
key: 937891, value: 
key: 377662, value: 
key: 30468, value: 
key: 99869, value: 
key: 97173, value: 
key: 997011, value: 
key: 30095, value: 
key: 186831, value: 
key: 437841, value: 
key: 45239, value: 
key: 92912, value: 
key: 383193, value: 
key: 178827, value: 
key: 74910, value: 
key: 125063, value: 
key: 361773, value: 
key: 447358, value: 
key: 100088, value: 
key: 767870, value: 
key: 461079, value: 
key: 213889, value: 
key: 119200, value: 
key: 301274, value: 
key: 39348, value: 
key: 117950, value: 
key: 518221, value: 
key: 878398, value: 
key: 449785, value: 
key: 9288, value: 
key: 533, value: 
key: 562, value: 
key: 291087, value: 
key: 410738, value: 
key: 3819, value: 
key: 733093, value: 
key: 102343, value: 
key: 332805, value: 
key: 37791, value: 
key: 828948, value: 
key: 775604, value: 
key: 691076, value: 
key: 408487, value: 
key: 323119, value: 
key: 138074, value: 
key: 47284, value: 
key: 4214, value: 
key: 952791, value: 
key: 795060, value: 
key: 1503, value: 
key: 267987, value: 
key: 466173, value: 
key: 812879, value: 
key: 387894, value: 
key: 399198, value: 
key: 607918, value: 
key: 647714, value: 
key: 27288, value: 
key: 688166, value: 
key: 264740, value: 
key: 8870, value: 
key: 38082, value: 
key: 400335, value: 
key: 506390, value: 
key: 909421, value: 
key: 18558, value: 
key: 38417, value: 
key: 416895, value: 
key: 66980, value: 
key: 461545, value: 
key: 496235, value: 
key: 213135, value: 
key: 344978, value: 
key: 373372, value: 
key: 696316, value: 
key: 820971, value: 
key: 15643, value: 
key: 950577, value: 
key: 949793, value: 
key: 25046, value: 
key: 156812, value: 
key: 521632, value: 
key: 634390, value: 
key: 88030, value: 
key: 180266, value: 
key: 205790, value: 
key: 95353, value: 
key: 421349, value: 
key: 682843, value: 
key: 158605, value: 
key: 162235, value: 
key: 714393, value: 
key: 905937, value: 
key: 93487, value: 
key: 884722, value: 
key: 221721, value: 
key: 258170, value: 
key: 554939, value: 
key: 208414, value: 
key: 476101, value: 
key: 636134, value: 
key: 54222, value: 
key: 88100, value: 
key: 522000, value: 
key: 651607, value: 
key: 72934, value: 
key: 350618, value: 
key: 576773, value: 
key: 6849, value: 
key: 311611, value: 
key: 903102, value: 
key: 70099, value: 
key: 30606, value: 
key: 924307, value: 
key: 5154, value: 
key: 18080, value: 
key: 722132, value: 
key: 415696, value: 
key: 872916, value: 
key: 108244, value: 
key: 350669, value: 
key: 311165, value: 
key: 120769, value: 
key: 98194, value: 
key: 200526, value: 
key: 632055, value: 
key: 87189, value: 
key: 50785, value: 
key: 223981, value: 
key: 11971, value: 
key: 576656, value: 
key: 708370, value: 
key: 802449, value: 
key: 519435, value: 
key: 128372, value: 
key: 779611, value: 
key: 785908, value: 
key: 899137, value: 
key: 153837, value: 
key: 111653, value: 
key: 153626, value: 
key: 51957, value: 
key: 880407, value: 
key: 963632, value: 
key: 30576, value: 
key: 10879, value: 
key: 841233, value: 
key: 183674, value: 
key: 973275, value: 
key: 445877, value: 
key: 138698, value: 
key: 86447, value: 
key: 107652, value: 
key: 190661, value: 
key: 246320, value: 
key: 454145, value: 
key: 104770, value: 
key: 85442, value: 
key: 849910, value: 
key: 32040, value: 
key: 5338, value: 
key: 12323, value: 
key: 779301, value: 
key: 933039, value: 
key: 531, value: 
key: 749704, value: 
key: 25796, value: 
key: 806683, value: 
key: 87251, value: 
key: 339772, value: 
key: 92822, value: 
key: 237148, value: 
key: 56125, value: 
key: 858103, value: 
key: 446319, value: 
key: 152193, value: 
key: 651218, value: 
key: 344701, value: 
key: 6845, value: 
key: 916876, value: 
key: 111806, value: 
key: 982, value: 
key: 706015, value: 
key: 80607, value: 
key: 969795, value: 
key: 212035, value: 
key: 203750, value: 
key: 63455, value: 
key: 64058, value: 
key: 579237, value: 
key: 63271, value: 
key: 770289, value: 
key: 3934, value: 
key: 7282, value: 
key: 314102, value: 
key: 147229, value: 
key: 306152, value: 
key: 143159, value: 
key: 723960, value: 
key: 865905, value: 
key: 361159, value: 
key: 242209, value: 
key: 187159, value: 
key: 566028, value: 
key: 7396, value: 
key: 861756, value: 
key: 200775, value: 
key: 529946, value: 
key: 194328, value: 
key: 180156, value: 
key: 678871, value: 
key: 231687, value: 
key: 853737, value: 
key: 735817, value: 
key: 77463, value: 
key: 10202, value: 
key: 90314, value: 
key: 546518, value: 
key: 8568, value: 
key: 561203, value: 
key: 11030, value: 
key: 619601, value: 
key: 426250, value: 
key: 335536, value: 
key: 823954, value: 
key: 203202, value: 
key: 766217, value: 
key: 357961, value: 
key: 111927, value: 
key: 945047, value: 
key: 522633, value: 
key: 485194, value: 
key: 2025, value: 
key: 595297, value: 
key: 873902, value: 
key: 754625, value: 
key: 149005, value: 
key: 18143, value: 
key: 731923, value: 
key: 84832, value: 
key: 5815, value: 
key: 310980, value: 
key: 101188, value: 
key: 761632, value: 
key: 747904, value: 
key: 227619, value: 
key: 199428, value: 
key: 23772, value: 
key: 137, value: 
key: 131677, value: 
key: 17962, value: 
key: 8281, value: 
key: 568141, value: 
key: 252668, value: 
key: 5871, value: 
key: 472, value: 
key: 649466, value: 
key: 465567, value: 
key: 701388, value: 
key: 15579, value: 
key: 840496, value: 
key: 86906, value: 
key: 10299, value: 
key: 706862, value: 
key: 693476, value: 
key: 72037, value: 
key: 607732, value: 
key: 859531, value: 
key: 340349, value: 
key: 28094, value: 
key: 212808, value: 
key: 193312, value: 
key: 163041, value: 
key: 31171, value: 
key: 85929, value: 
key: 191149, value: 
key: 232431, value: 
key: 575899, value: 
key: 484355, value: 
key: 12316, value: 
key: 504455, value: 
key: 617487, value: 
key: 769986, value: 
key: 972546, value: 
key: 27923, value: 
key: 106150, value: 
key: 160950, value: 
key: 1484, value: 
key: 353798, value: 
key: 595431, value: 
key: 72572, value: 
key: 120226, value: 
key: 456314, value: 
key: 3460, value: 
key: 73979, value: 
key: 183706, value: 
key: 31887, value: 
key: 7231, value: 
key: 120196, value: 
key: 882748, value: 
key: 52817, value: 
key: 260786, value: 
key: 21750, value: 
key: 528587, value: 
key: 431580, value: 
key: 4843, value: 
key: 824290, value: 
key: 695003, value: 
key: 29536, value: 
key: 117013, value: 
key: 191633, value: 
key: 411847, value: 
key: 127317, value: 
key: 330704, value: 
key: 6236, value: 
key: 44399, value: 
key: 221660, value: 
key: 14699, value: 
key: 103678, value: 
key: 761690, value: 
key: 536641, value: 
key: 109658, value: 
key: 569647, value: 
key: 35227, value: 
key: 437106, value: 
key: 73166, value: 
key: 141616, value: 
key: 547313, value: 
key: 393785, value: 
key: 618282, value: 
key: 699476, value: 
key: 506127, value: 
key: 72055, value: 
key: 369582, value: 
key: 882630, value: 
key: 347133, value: 
key: 10611, value: 
key: 652707, value: 
key: 162723, value: 
key: 364819, value: 
key: 174342, value: 
key: 4894, value: 
key: 427293, value: 
key: 726536, value: 
key: 378089, value: 
key: 867031, value: 
key: 723825, value: 
key: 10385, value: 
key: 506765, value: 
key: 70594, value: 
key: 912548, value: 
key: 126701, value: 
key: 61143, value: 
key: 370197, value: 
key: 562600, value: 
key: 437506, value: 
key: 25987, value: 
key: 655883, value: 
key: 4520, value: 
key: 60399, value: 
key: 61264, value: 
key: 108, value: 
key: 486489, value: 
key: 1730, value: 
key: 296882, value: 
key: 121483, value: 
key: 604962, value: 
key: 390658, value: 
key: 487505, value: 
key: 3248, value: 
key: 863978, value: 
key: 276679, value: 
key: 523230, value: 
key: 316612, value: 
key: 873502, value: 
key: 66188, value: 
key: 559468, value: 
key: 588507, value: 
key: 171574, value: 
key: 152928, value: 
key: 536777, value: 
key: 349472, value: 
key: 214453, value: 
key: 113415, value: 
key: 844726, value: 
key: 485231, value: 
key: 836516, value: 
key: 620830, value: 
key: 32088, value: 
key: 89727, value: 
key: 671809, value: 
key: 6595, value: 
key: 212608, value: 
key: 398340, value: 
key: 450059, value: 
key: 708020, value: 
key: 321241, value: 
key: 193659, value: 
key: 36552, value: 
key: 18996, value: 
key: 546538, value: 
key: 848021, value: 
key: 606933, value: 
key: 198551, value: 
key: 975408, value: 
key: 221075, value: 
key: 58136, value: 
key: 19773, value: 
key: 551310, value: 
key: 690525, value: 
key: 6274, value: 
key: 376126, value: 
key: 3402, value: 
key: 149410, value: 
key: 27367, value: 
key: 390962, value: 
key: 974548, value: 
key: 202270, value: 
key: 5989, value: 
key: 13942, value: 
key: 291791, value: 
key: 187292, value: 
key: 496, value: 
key: 82254, value: 
key: 62108, value: 
key: 175954, value: 
key: 178610, value: 
key: 44098, value: 
key: 296064, value: 
key: 854734, value: 
key: 99131, value: 
key: 540525, value: 
key: 6827, value: 
key: 10363, value: 
key: 99434, value: 
key: 45767, value: 
key: 437568, value: 
key: 210631, value: 
key: 266326, value: 
key: 58451, value: 
key: 374247, value: 
key: 526550, value: 
key: 28780, value: 
key: 57986, value: 
key: 483341, value: 
key: 95526, value: 
key: 953066, value: 
key: 714591, value: 
key: 190520, value: 
key: 39403, value: 
key: 361090, value: 
key: 678, value: 
key: 752658, value: 
key: 4418, value: 
key: 229732, value: 
key: 682384, value: 
key: 203666, value: 
key: 359594, value: 
key: 43635, value: 
key: 796346, value: 
key: 941081, value: 
key: 21206, value: 
key: 308945, value: 
key: 435292, value: 
key: 44533, value: 
key: 161337, value: 
key: 383393, value: 
key: 56705, value: 
key: 459917, value: 
key: 40496, value: 
key: 386552, value: 
key: 665, value: 
key: 903331, value: 
key: 682463, value: 
key: 136816, value: 
key: 31625, value: 
key: 139859, value: 
key: 980637, value: 
key: 59087, value: 
key: 66177, value: 
key: 274626, value: 
key: 246698, value: 
key: 643398, value: 
key: 44726, value: 
key: 80065, value: 
key: 151701, value: 
key: 6146, value: 
key: 540219, value: 
key: 727630, value: 
key: 77416, value: 
key: 81972, value: 
key: 399851, value: 
key: 836846, value: 
key: 5066, value: 
key: 14183, value: 
key: 893980, value: 
key: 14068, value: 
key: 560558, value: 
key: 68676, value: 
key: 544440, value: 
key: 172555, value: 
key: 225699, value: 
key: 102273, value: 
key: 409, value: 
key: 1417, value: 
key: 392788, value: 
key: 359840, value: 
key: 8409, value: 
key: 132915, value: 
key: 12583, value: 
key: 61280, value: 
key: 977569, value: 
key: 305960, value: 
key: 964877, value: 
key: 953123, value: 
key: 314533, value: 
key: 47297, value: 
key: 28481, value: 
key: 452, value: 
key: 359097, value: 
key: 63091, value: 
key: 860016, value: 
key: 318304, value: 
key: 829673, value: 
key: 606159, value: 
key: 844821, value: 
key: 598740, value: 
key: 150740, value: 
key: 223622, value: 
key: 862296, value: 
key: 684225, value: 
key: 398179, value: 
key: 224140, value: 
key: 156933, value: 
key: 990588, value: 
key: 53829, value: 
key: 448513, value: 
key: 186358, value: 
key: 864850, value: 
key: 51140, value: 
key: 800797, value: 
key: 283240, value: 
key: 98660, value: 
key: 735006, value: 
key: 837443, value: 
key: 125050, value: 
key: 712573, value: 
key: 68186, value: 
key: 137446, value: 
key: 116210, value: 
key: 393136, value: 
key: 123559, value: 
key: 22689, value: 
key: 516144, value: 
key: 354441, value: 
key: 359176, value: 
key: 871564, value: 
key: 20773, value: 
key: 2193, value: 
key: 82704, value: 
key: 15618, value: 
key: 276082, value: 
key: 29064, value: 
key: 152322, value: 
key: 241727, value: 
key: 986738, value: 
key: 71791, value: 
key: 509807, value: 
key: 15089, value: 
key: 581553, value: 
key: 752458, value: 
key: 250842, value: 
key: 297711, value: 
key: 39823, value: 
key: 5877, value: 
key: 649264, value: 
key: 764628, value: 
key: 421770, value: 
key: 120761, value: 
key: 43, value: 
key: 973459, value: 
key: 159651, value: 
key: 520600, value: 
key: 75210, value: 
key: 948345, value: 
key: 28472, value: 
key: 775385, value: 
key: 146648, value: 
key: 507227, value: 
key: 133, value: 
key: 215076, value: 
key: 300095, value: 
key: 936289, value: 
key: 315897, value: 
key: 635690, value: 
key: 139433, value: 
key: 650312, value: 
key: 444290, value: 
key: 828058, value: 
key: 372432, value: 
key: 393635, value: 
key: 404148, value: 
key: 25479, value: 
key: 418266, value: 
key: 300901, value: 
key: 210323, value: 
key: 97948, value: 
key: 52716, value: 
key: 816165, value: 
key: 3712, value: 
key: 278075, value: 
key: 221019, value: 
key: 6885, value: 
key: 857171, value: 
key: 752256, value: 
key: 137578, value: 
key: 183012, value: 
key: 22081, value: 
key: 2571, value: 
key: 66513, value: 
key: 510575, value: 
key: 246931, value: 
key: 453238, value: 
key: 699764, value: 
key: 54824, value: 
key: 13467, value: 
key: 211678, value: 
key: 13625, value: 
key: 20744, value: 
key: 169700, value: 
key: 475557, value: 
key: 121814, value: 
key: 866234, value: 
key: 302756, value: 
key: 81547, value: 
key: 968721, value: 
key: 113112, value: 
key: 294956, value: 
key: 5246, value: 
key: 20481, value: 
key: 1028, value: 
key: 252549, value: 
key: 649668, value: 
key: 41851, value: 
key: 229996, value: 
key: 46814, value: 
key: 925096, value: 
key: 147153, value: 
key: 130890, value: 
key: 704527, value: 
key: 260696, value: 
key: 485587, value: 
key: 116735, value: 
key: 361810, value: 
key: 940505, value: 
key: 166723, value: 
key: 159978, value: 
key: 928202, value: 
key: 266557, value: 
key: 243729, value: 
key: 749283, value: 
key: 111907, value: 
key: 54082, value: 
key: 928642, value: 
key: 915440, value: 
key: 834480, value: 
key: 53157, value: 
key: 36954, value: 
key: 710452, value: 
key: 183782, value: 
key: 7583, value: 
key: 639391, value: 
key: 82971, value: 
key: 11289, value: 
key: 120798, value: 
key: 24724, value: 
key: 630440, value: 
key: 782752, value: 
key: 299430, value: 
key: 531532, value: 
key: 526611, value: 
key: 970849, value: 
key: 722291, value: 
key: 693568, value: 
key: 934762, value: 
key: 17049, value: 
key: 660966, value: 
key: 834859, value: 
key: 26946, value: 
key: 340523, value: 
key: 662058, value: 
key: 845396, value: 
key: 881152, value: 
key: 767470, value: 
key: 443246, value: 
key: 7819, value: 
key: 269365, value: 
key: 25620, value: 
key: 203615, value: 
key: 184208, value: 
key: 13887, value: 
key: 72541, value: 
key: 115044, value: 
key: 680771, value: 
key: 963887, value: 
key: 426823, value: 
key: 19087, value: 
key: 330508, value: 
key: 851775, value: 
key: 990555, value: 
key: 418011, value: 
key: 30639, value: 
key: 523272, value: 
key: 114289, value: 
key: 854662, value: 
key: 327593, value: 
key: 636086, value: 
key: 931660, value: 
key: 181160, value: 
key: 409990, value: 
key: 180097, value: 
key: 16749, value: 
key: 2078, value: 
key: 129533, value: 
key: 962859, value: 
key: 43590, value: 
key: 484300, value: 
key: 735086, value: 
key: 538023, value: 
key: 763827, value: 
key: 533394, value: 
key: 190663, value: 
key: 99139, value: 
key: 439663, value: 
key: 558281, value: 
key: 37797, value: 
key: 882582, value: 
key: 54435, value: 
key: 605611, value: 
key: 146277, value: 
key: 184486, value: 
key: 132762, value: 
key: 7, value: 
key: 378975, value: 
key: 638527, value: 
key: 863183, value: 
key: 181960, value: 
key: 87493, value: 
key: 625912, value: 
key: 353440, value: 
key: 254727, value: 
key: 348439, value: 
key: 572908, value: 
key: 264465, value: 
key: 401240, value: 
key: 64337, value: 
key: 12949, value: 
key: 400906, value: 
key: 889268, value: 
key: 920282, value: 
key: 172975, value: 
key: 3567, value: 
key: 984664, value: 
key: 22735, value: 
key: 179352, value: 
key: 402061, value: 
key: 18181, value: 
key: 133754, value: 
key: 63060, value: 
key: 260782, value: 
key: 36668, value: 
key: 846221, value: 
key: 456532, value: 
key: 855173, value: 
key: 11348, value: 
key: 675241, value: 
key: 71209, value: 
key: 129595, value: 
key: 458457, value: 
key: 91386, value: 
key: 108961, value: 
key: 477711, value: 
key: 560488, value: 
key: 11412, value: 
key: 209923, value: 
key: 33618, value: 
key: 443947, value: 
key: 486229, value: 
key: 564444, value: 
key: 89059, value: 
key: 33018, value: 
key: 790100, value: 
key: 460199, value: 
key: 1660, value: 
key: 645169, value: 
key: 461431, value: 
key: 100970, value: 
key: 1051, value: 
key: 150760, value: 
key: 320509, value: 
key: 792830, value: 
key: 970245, value: 
key: 11700, value: 
key: 948790, value: 
key: 109313, value: 
key: 702299, value: 
key: 126385, value: 
key: 553219, value: 
key: 797130, value: 
key: 334229, value: 
key: 71502, value: 
key: 377055, value: 
key: 740503, value: 
key: 339, value: 
key: 139004, value: 
key: 1576, value: 
key: 63967, value: 
key: 502761, value: 
key: 337121, value: 
key: 293788, value: 
key: 4935, value: 
key: 150661, value: 
key: 253892, value: 
key: 308413, value: 
key: 276956, value: 
key: 871311, value: 
key: 20258, value: 
key: 605824, value: 
key: 927519, value: 
key: 134184, value: 
key: 11380, value: 
key: 353042, value: 
key: 612103, value: 
key: 449006, value: 
key: 89877, value: 
key: 707180, value: 
key: 26230, value: 
key: 124381, value: 
key: 33571, value: 
key: 66005, value: 
key: 191558, value: 
key: 520181, value: 
key: 117770, value: 
key: 296132, value: 
key: 400896, value: 
key: 59243, value: 
key: 777523, value: 
key: 58989, value: 
key: 1835, value: 
key: 422300, value: 
key: 323117, value: 
key: 62324, value: 
key: 581087, value: 
key: 18822, value: 
key: 871863, value: 
key: 101997, value: 
key: 83590, value: 
key: 843044, value: 
key: 107014, value: 
key: 1585, value: 
key: 262461, value: 
key: 953679, value: 
key: 171549, value: 
key: 50679, value: 
key: 6357, value: 
key: 871829, value: 
key: 930939, value: 
key: 125898, value: 
key: 48975, value: 
key: 748145, value: 
key: 596610, value: 
key: 224625, value: 
key: 462432, value: 
key: 6188, value: 
key: 124365, value: 
key: 547586, value: 
key: 814695, value: 
key: 718696, value: 
key: 862540, value: 
key: 454282, value: 
key: 250844, value: 
key: 309102, value: 
key: 328572, value: 
key: 980, value: 
key: 341568, value: 
key: 630804, value: 
key: 299850, value: 
key: 32163, value: 
key: 3491, value: 
key: 33937, value: 
key: 94129, value: 
key: 110962, value: 
key: 179837, value: 
key: 215920, value: 
key: 644256, value: 
key: 980563, value: 
key: 83266, value: 
key: 690831, value: 
key: 138177, value: 
key: 117361, value: 
key: 451722, value: 
key: 3156, value: 
key: 58909, value: 
key: 678066, value: 
key: 12190, value: 
key: 596537, value: 
key: 136313, value: 
key: 643561, value: 
key: 73692, value: 
key: 705979, value: 
key: 488618, value: 
key: 2160, value: 
key: 546, value: 
key: 334755, value: 
key: 656916, value: 
key: 218314, value: 
key: 73027, value: 
key: 610185, value: 
key: 736072, value: 
key: 933271, value: 
key: 1509, value: 
key: 131138, value: 
key: 877173, value: 
key: 267741, value: 
key: 341333, value: 
key: 632266, value: 
key: 816956, value: 
key: 277599, value: 
key: 681677, value: 
key: 3855, value: 
key: 143157, value: 
key: 158250, value: 
key: 920567, value: 
key: 609279, value: 
key: 371581, value: 
key: 331534, value: 
key: 7343, value: 
key: 29996, value: 
key: 811388, value: 
key: 544723, value: 
key: 63930, value: 
key: 200988, value: 
key: 46430, value: 
key: 643426, value: 
key: 191097, value: 
key: 630486, value: 
key: 100068, value: 
key: 296224, value: 
key: 563133, value: 
key: 528325, value: 
key: 198863, value: 
key: 952285, value: 
key: 389544, value: 
key: 972948, value: 
key: 22759, value: 
key: 645725, value: 
key: 577448, value: 
key: 355396, value: 
key: 980613, value: 
key: 5316, value: 
key: 2276, value: 
key: 20236, value: 
key: 677957, value: 
key: 128242, value: 
key: 126925, value: 
key: 334410, value: 
key: 540996, value: 
key: 310584, value: 
key: 309654, value: 
key: 931361, value: 
key: 45046, value: 
key: 746138, value: 
key: 135828, value: 
key: 17094, value: 
key: 108471, value: 
key: 11542, value: 
key: 6199, value: 
key: 354450, value: 
key: 25079, value: 
key: 49134, value: 
key: 38318, value: 
key: 717934, value: 
key: 929876, value: 
key: 402115, value: 
key: 96367, value: 
key: 665639, value: 
key: 289219, value: 
key: 623303, value: 
key: 473119, value: 
key: 12620, value: 
key: 393862, value: 
key: 379439, value: 
key: 275238, value: 
key: 598986, value: 
key: 5415, value: 
key: 198436, value: 
key: 12545, value: 
key: 905771, value: 
key: 156117, value: 
key: 103524, value: 
key: 180718, value: 
key: 471317, value: 
key: 192579, value: 
key: 240319, value: 
key: 82436, value: 
key: 288485, value: 
key: 62443, value: 
key: 137088, value: 
key: 959725, value: 
key: 413913, value: 
key: 174568, value: 
key: 595914, value: 
key: 33414, value: 
key: 648218, value: 
key: 17155, value: 
key: 23468, value: 
key: 266661, value: 
key: 174694, value: 
key: 374786, value: 
key: 926749, value: 
key: 290530, value: 
key: 265730, value: 
key: 45800, value: 
key: 101711, value: 
key: 34329, value: 
key: 512304, value: 
key: 373941, value: 
key: 444032, value: 
key: 3974, value: 
key: 111370, value: 
key: 521056, value: 
key: 464698, value: 
key: 479887, value: 
key: 30062, value: 
key: 557271, value: 
key: 129708, value: 
key: 12688, value: 
key: 968723, value: 
key: 543995, value: 
key: 566981, value: 
key: 20856, value: 
key: 248564, value: 
key: 308956, value: 
key: 31809, value: 
key: 501043, value: 
key: 1215, value: 
key: 138753, value: 
key: 333404, value: 
key: 143470, value: 
key: 127199, value: 
key: 534092, value: 
key: 59290, value: 
key: 233306, value: 
key: 459878, value: 
key: 553305, value: 
key: 125032, value: 
key: 928235, value: 
key: 63062, value: 
key: 367634, value: 
key: 243532, value: 
key: 522594, value: 
key: 124077, value: 
key: 374920, value: 
key: 568095, value: 
key: 180864, value: 
key: 121205, value: 
key: 698163, value: 
key: 484993, value: 
key: 14556, value: 
key: 141555, value: 
key: 217997, value: 
key: 232170, value: 
key: 221729, value: 
key: 307414, value: 
key: 294433, value: 
key: 276503, value: 
key: 803372, value: 
key: 469880, value: 
key: 964424, value: 
key: 163825, value: 
key: 453962, value: 
key: 772531, value: 
key: 238655, value: 
key: 576799, value: 
key: 216879, value: 
key: 533659, value: 
key: 79571, value: 
key: 23060, value: 
key: 83488, value: 
key: 524226, value: 
key: 224702, value: 
key: 416095, value: 
key: 13627, value: 
key: 350072, value: 
key: 441877, value: 
key: 285327, value: 
key: 808304, value: 
key: 709962, value: 
key: 235876, value: 
key: 124877, value: 
key: 340534, value: 
key: 532089, value: 
key: 192704, value: 
key: 44669, value: 
key: 331268, value: 
key: 407938, value: 
key: 224931, value: 
key: 17610, value: 
key: 35797, value: 
key: 83798, value: 
key: 30578, value: 
key: 2865, value: 
key: 161425, value: 
key: 786372, value: 
key: 293179, value: 
key: 54385, value: 
key: 238174, value: 
key: 280632, value: 
key: 344642, value: 
key: 83145, value: 
key: 106358, value: 
key: 490903, value: 
key: 159358, value: 
key: 629815, value: 
key: 771204, value: 
key: 792353, value: 
key: 69734, value: 
key: 504925, value: 
key: 119392, value: 
key: 1770, value: 
key: 95317, value: 
key: 879427, value: 
key: 231258, value: 
key: 652765, value: 
key: 343696, value: 
key: 265303, value: 
key: 177248, value: 
key: 183311, value: 
key: 436378, value: 
key: 33221, value: 
key: 685558, value: 
key: 152463, value: 
key: 836499, value: 
key: 32204, value: 
key: 572821, value: 
key: 936485, value: 
key: 79209, value: 
key: 90772, value: 
key: 122293, value: 
key: 9251, value: 
key: 429943, value: 
key: 142592, value: 
key: 241732, value: 
key: 243400, value: 
key: 222100, value: 
key: 460100, value: 
key: 5666, value: 
key: 23723, value: 
key: 211227, value: 
key: 963870, value: 
key: 837724, value: 
key: 576342, value: 
key: 179718, value: 
key: 36613, value: 
key: 160839, value: 
key: 670370, value: 
key: 883291, value: 
key: 834664, value: 
key: 44029, value: 
key: 68708, value: 
key: 547030, value: 
key: 481596, value: 
key: 212255, value: 
key: 344743, value: 
key: 52499, value: 
key: 936184, value: 
key: 276947, value: 
key: 225091, value: 
key: 605695, value: 
key: 63950, value: 
key: 51881, value: 
key: 344224, value: 
key: 35816, value: 
key: 886869, value: 
key: 808326, value: 
key: 75061, value: 
key: 777769, value: 
key: 400694, value: 
key: 892301, value: 
key: 318182, value: 
key: 9871, value: 
key: 288665, value: 
key: 561524, value: 
key: 27408, value: 
key: 592731, value: 
key: 106268, value: 
key: 621741, value: 
key: 346468, value: 
key: 733705, value: 
key: 366727, value: 
key: 409350, value: 
key: 795657, value: 
key: 608735, value: 
key: 322932, value: 
key: 704989, value: 
key: 10338, value: 
key: 31515, value: 
key: 244470, value: 
key: 104033, value: 
key: 967614, value: 
key: 266829, value: 
key: 13104, value: 
key: 549687, value: 
key: 53221, value: 
key: 71890, value: 
key: 521122, value: 
key: 34149, value: 
key: 592357, value: 
key: 998052, value: 
key: 766646, value: 
key: 96853, value: 
key: 345351, value: 
key: 11953, value: 
key: 657760, value: 
key: 230480, value: 
key: 520459, value: 
key: 552050, value: 
key: 588239, value: 
key: 753996, value: 
key: 387531, value: 
key: 2575, value: 
key: 709715, value: 
key: 324271, value: 
key: 116485, value: 
key: 95568, value: 
key: 398553, value: 
key: 230174, value: 
key: 612062, value: 
key: 120192, value: 
key: 67037, value: 
key: 903995, value: 
key: 975705, value: 
key: 807170, value: 
key: 72448, value: 
key: 14462, value: 
key: 608634, value: 
key: 210536, value: 
key: 686513, value: 
key: 326132, value: 
key: 853618, value: 
key: 626645, value: 
key: 108644, value: 
key: 435384, value: 
key: 801846, value: 
key: 722026, value: 
key: 382286, value: 
key: 20487, value: 
key: 9068, value: 
key: 197217, value: 
key: 380084, value: 
key: 12305, value: 
key: 161212, value: 
key: 59601, value: 
key: 4544, value: 
key: 27507, value: 
key: 514427, value: 
key: 370029, value: 
key: 963629, value: 
key: 32341, value: 
key: 4782, value: 
key: 481228, value: 
key: 24959, value: 
key: 12039, value: 
key: 161324, value: 
key: 51122, value: 
key: 460874, value: 
key: 624191, value: 
key: 456633, value: 
key: 351516, value: 
key: 138227, value: 
key: 278444, value: 
key: 43798, value: 
key: 406449, value: 
key: 321948, value: 
key: 593080, value: 
key: 473375, value: 
key: 49491, value: 
key: 157167, value: 
key: 251683, value: 
key: 91498, value: 
key: 710610, value: 
key: 609174, value: 
key: 510629, value: 
key: 147676, value: 
key: 47, value: 
key: 319565, value: 
key: 170001, value: 
key: 7417, value: 
key: 302145, value: 
key: 172535, value: 
key: 29938, value: 
key: 322288, value: 
key: 228821, value: 
key: 316128, value: 
key: 591833, value: 
key: 14776, value: 
key: 710892, value: 
key: 202818, value: 
key: 653584, value: 
key: 226984, value: 
key: 399066, value: 
key: 788, value: 
key: 896453, value: 
key: 203028, value: 
key: 595, value: 
key: 326118, value: 
key: 19201, value: 
key: 97069, value: 
key: 278138, value: 
key: 626272, value: 
key: 101168, value: 
key: 116450, value: 
key: 546884, value: 
key: 177239, value: 
key: 194980, value: 
key: 751679, value: 
key: 24429, value: 
key: 33742, value: 
key: 12552, value: 
key: 32886, value: 
key: 425158, value: 
key: 9758, value: 
key: 958124, value: 
key: 888733, value: 
key: 968088, value: 
key: 283923, value: 
key: 38170, value: 
key: 81370, value: 
key: 552010, value: 
key: 224001, value: 
key: 29787, value: 
key: 2357, value: 
key: 241730, value: 
key: 168556, value: 
key: 353758, value: 
key: 461202, value: 
key: 544518, value: 
key: 46841, value: 
key: 864658, value: 
key: 680214, value: 
key: 695795, value: 
key: 557400, value: 
key: 667646, value: 
key: 2618, value: 
key: 832413, value: 
key: 572209, value: 
key: 472718, value: 
key: 690, value: 
key: 230785, value: 
key: 504891, value: 
key: 141412, value: 
key: 22991, value: 
key: 977871, value: 
key: 320028, value: 
key: 353419, value: 
key: 877674, value: 
key: 216644, value: 
key: 89475, value: 
key: 675300, value: 
key: 630938, value: 
key: 321436, value: 
key: 280599, value: 
key: 120231, value: 
key: 36431, value: 
key: 954168, value: 
key: 6384, value: 
key: 49725, value: 
key: 315817, value: 
key: 723843, value: 
key: 120765, value: 
key: 359002, value: 
key: 912483, value: 
key: 958612, value: 
key: 483, value: 
key: 287239, value: 
key: 164323, value: 
key: 28245, value: 
key: 56781, value: 
key: 12246, value: 
key: 24555, value: 
key: 528035, value: 
key: 808115, value: 
key: 233229, value: 
key: 962170, value: 
key: 470680, value: 
key: 376227, value: 
key: 665947, value: 
key: 591859, value: 
key: 290565, value: 
key: 611203, value: 
key: 728541, value: 
key: 199101, value: 
key: 30817, value: 
key: 390609, value: 
key: 58222, value: 
key: 315475, value: 
key: 362666, value: 
key: 653177, value: 
key: 463941, value: 
key: 875588, value: 
key: 315327, value: 
key: 863561, value: 
key: 73010, value: 
key: 33661, value: 
key: 491461, value: 
key: 174085, value: 
key: 711811, value: 
key: 206272, value: 
key: 172360, value: 
key: 34194, value: 
key: 724808, value: 
key: 607044, value: 
key: 175899, value: 
key: 1668, value: 
key: 588529, value: 
key: 236028, value: 
key: 233209, value: 
key: 3266, value: 
key: 541269, value: 
key: 119192, value: 
key: 370324, value: 
key: 310447, value: 
key: 938593, value: 
key: 85464, value: 
key: 311624, value: 
key: 407226, value: 
key: 548174, value: 
key: 65808, value: 
key: 180875, value: 
key: 855542, value: 
key: 48092, value: 
key: 739837, value: 
key: 995606, value: 
key: 773, value: 
key: 155273, value: 
key: 216659, value: 
key: 111132, value: 
key: 811344, value: 
key: 362222, value: 
key: 751817, value: 
key: 800854, value: 
key: 241479, value: 
key: 30358, value: 
key: 432822, value: 
key: 169803, value: 
key: 358414, value: 
key: 502684, value: 
key: 621796, value: 
key: 183731, value: 
key: 661785, value: 
key: 11759, value: 
key: 355073, value: 
key: 95201, value: 
key: 192487, value: 
key: 52013, value: 
key: 33919, value: 
key: 122552, value: 
key: 25927, value: 
key: 8193, value: 
key: 254000, value: 
key: 94086, value: 
key: 131749, value: 
key: 814705, value: 
key: 166482, value: 
key: 15849, value: 
key: 97281, value: 
key: 462212, value: 
key: 310694, value: 
key: 612974, value: 
key: 866450, value: 
key: 572524, value: 
key: 586518, value: 
key: 104215, value: 
key: 374201, value: 
key: 449198, value: 
key: 50190, value: 
key: 21952, value: 
key: 6959, value: 
key: 424045, value: 
key: 753084, value: 
key: 92673, value: 
key: 15782, value: 
key: 877492, value: 
key: 527892, value: 
key: 48201, value: 
key: 405822, value: 
key: 214372, value: 
key: 15724, value: 
key: 89716, value: 
key: 59256, value: 
key: 872031, value: 
key: 12444, value: 
key: 9699, value: 
key: 544035, value: 
key: 153231, value: 
key: 47301, value: 
key: 144040, value: 
key: 24234, value: 
key: 11720, value: 
key: 714036, value: 
key: 446465, value: 
key: 50507, value: 
key: 549849, value: 
key: 1178, value: 
key: 922787, value: 
key: 157529, value: 
key: 429174, value: 
key: 389894, value: 
key: 862519, value: 
key: 206674, value: 
key: 704046, value: 
key: 768235, value: 
key: 245226, value: 
key: 39959, value: 
key: 756733, value: 
key: 70541, value: 
key: 4618, value: 
key: 86618, value: 
key: 934498, value: 
key: 409811, value: 
key: 79016, value: 
key: 428681, value: 
key: 251711, value: 
key: 505395, value: 
key: 2757, value: 
key: 98301, value: 
key: 906745, value: 
key: 175246, value: 
key: 352887, value: 
key: 883097, value: 
key: 741810, value: 
key: 55962, value: 
key: 313114, value: 
key: 185762, value: 
key: 742053, value: 
key: 276749, value: 
key: 722958, value: 
key: 273979, value: 
key: 525968, value: 
key: 479665, value: 
key: 28841, value: 
key: 171332, value: 
key: 480522, value: 
key: 26728, value: 
key: 943272, value: 
key: 457937, value: 
key: 401426, value: 
key: 8355, value: 
key: 982604, value: 
key: 321366, value: 
key: 109089, value: 
key: 744451, value: 
key: 82049, value: 
key: 309993, value: 
key: 765353, value: 
key: 630910, value: 
key: 377671, value: 
key: 89028, value: 
key: 703759, value: 
key: 58635, value: 
key: 10886, value: 
key: 103445, value: 
key: 563434, value: 
key: 37799, value: 
key: 89149, value: 
key: 929979, value: 
key: 489330, value: 
key: 16132, value: 
key: 33650, value: 
key: 107427, value: 
key: 372902, value: 
key: 60986, value: 
key: 101319, value: 
key: 847, value: 
key: 17388, value: 
key: 401228, value: 
key: 825, value: 
key: 210828, value: 
key: 13434, value: 
key: 16705, value: 
key: 235735, value: 
key: 168770, value: 
key: 939185, value: 
key: 363667, value: 
key: 789311, value: 
key: 416208, value: 
key: 315859, value: 
key: 693830, value: 
key: 460920, value: 
key: 796762, value: 
key: 108813, value: 
key: 2029, value: 
key: 35344, value: 
key: 485503, value: 
key: 942044, value: 
key: 417380, value: 
key: 320743, value: 
key: 965740, value: 
key: 54240, value: 
key: 495366, value: 
key: 317136, value: 
key: 287716, value: 
key: 548114, value: 
key: 22104, value: 
key: 376287, value: 
key: 83680, value: 
key: 100374, value: 
key: 750814, value: 
key: 190555, value: 
key: 157710, value: 
key: 817391, value: 
key: 47240, value: 
key: 552470, value: 
key: 38158, value: 
key: 153860, value: 
key: 56727, value: 
key: 25208, value: 
key: 714090, value: 
key: 5758, value: 
key: 518939, value: 
key: 998795, value: 
key: 344907, value: 
key: 460036, value: 
key: 440023, value: 
key: 379431, value: 
key: 473094, value: 
key: 921652, value: 
key: 18990, value: 
key: 461749, value: 
key: 840955, value: 
key: 926215, value: 
key: 225691, value: 
key: 799435, value: 
key: 595837, value: 
key: 689185, value: 
key: 24788, value: 
key: 183926, value: 
key: 838082, value: 
key: 830929, value: 
key: 888683, value: 
key: 43554, value: 
key: 294710, value: 
key: 884485, value: 
key: 31407, value: 
key: 37423, value: 
key: 52329, value: 
key: 89547, value: 
key: 974766, value: 
key: 818080, value: 
key: 504729, value: 
key: 604218, value: 
key: 796236, value: 
key: 443091, value: 
key: 263541, value: 
key: 345766, value: 
key: 90114, value: 
key: 115413, value: 
key: 150722, value: 
key: 35032, value: 
key: 323496, value: 
key: 58897, value: 
key: 26537, value: 
key: 633791, value: 
key: 486711, value: 
key: 197581, value: 
key: 517574, value: 
key: 316568, value: 
key: 311925, value: 
key: 1497, value: 
key: 231520, value: 
key: 248975, value: 
key: 840414, value: 
key: 216729, value: 
key: 178012, value: 
key: 65150, value: 
key: 345629, value: 
key: 234668, value: 
key: 835838, value: 
key: 641727, value: 
key: 129410, value: 
key: 1103, value: 
key: 249358, value: 
key: 400883, value: 
key: 246456, value: 
key: 312812, value: 
key: 169551, value: 
key: 202254, value: 
key: 169292, value: 
key: 467192, value: 
key: 469239, value: 
key: 22748, value: 
key: 215874, value: 
key: 15939, value: 
key: 568956, value: 
key: 738593, value: 
key: 83534, value: 
key: 265680, value: 
key: 252828, value: 
key: 248227, value: 
key: 128921, value: 
key: 76369, value: 
key: 106066, value: 
key: 52, value: 
key: 96363, value: 
key: 792720, value: 
key: 159053, value: 
key: 460025, value: 
key: 895050, value: 
key: 400003, value: 
key: 431179, value: 
key: 894091, value: 
key: 532065, value: 
key: 219692, value: 
key: 337909, value: 
key: 6993, value: 
key: 721885, value: 
key: 5972, value: 
key: 401206, value: 
key: 474893, value: 
key: 922255, value: 
key: 518526, value: 
key: 55436, value: 
key: 963746, value: 
key: 745052, value: 
key: 487, value: 
key: 7707, value: 
key: 82379, value: 
key: 181212, value: 
key: 17517, value: 
key: 929573, value: 
key: 7653, value: 
key: 80977, value: 
key: 266418, value: 
key: 138559, value: 
key: 402678, value: 
key: 143010, value: 
key: 555640, value: 
key: 23943, value: 
key: 760792, value: 
key: 38903, value: 
key: 97218, value: 
key: 38356, value: 
key: 895238, value: 
key: 499898, value: 
key: 116540, value: 
key: 67336, value: 
key: 105601, value: 
key: 17122, value: 
key: 405695, value: 
key: 557974, value: 
key: 410657, value: 
key: 454426, value: 
key: 977208, value: 
key: 30956, value: 
key: 191820, value: 
key: 808609, value: 
key: 109726, value: 
key: 227367, value: 
key: 190214, value: 
key: 273250, value: 
key: 847060, value: 
key: 967441, value: 
key: 58316, value: 
key: 476293, value: 
key: 234686, value: 
key: 866113, value: 
key: 161995, value: 
key: 198023, value: 
key: 170115, value: 
key: 31317, value: 
key: 467512, value: 
key: 86520, value: 
key: 427947, value: 
key: 706806, value: 
key: 35311, value: 
key: 729106, value: 
key: 551521, value: 
key: 58668, value: 
key: 972971, value: 
key: 543610, value: 
key: 104886, value: 
key: 513073, value: 
key: 817362, value: 
key: 658509, value: 
key: 180536, value: 
key: 566761, value: 
key: 173150, value: 
key: 704323, value: 
key: 969085, value: 
key: 7376, value: 
key: 497399, value: 
key: 21341, value: 
key: 404418, value: 
key: 6292, value: 
key: 24302, value: 
key: 187106, value: 
key: 2858, value: 
key: 2038, value: 
key: 852936, value: 
key: 776605, value: 
key: 128167, value: 
key: 32431, value: 
key: 394272, value: 
key: 154944, value: 
key: 5657, value: 
key: 808894, value: 
key: 30479, value: 
key: 497430, value: 
key: 334849, value: 
key: 122248, value: 
key: 156731, value: 
key: 465, value: 
key: 219342, value: 
key: 12697, value: 
key: 739, value: 
key: 517594, value: 
key: 476202, value: 
key: 335543, value: 
key: 48544, value: 
key: 588048, value: 
key: 451964, value: 
key: 64980, value: 
key: 257139, value: 
key: 548990, value: 
key: 875366, value: 
key: 21093, value: 
key: 331037, value: 
key: 304211, value: 
key: 103544, value: 
key: 408630, value: 
key: 497788, value: 
key: 6043, value: 
key: 425576, value: 
key: 588798, value: 
key: 247228, value: 
key: 201268, value: 
key: 131422, value: 
key: 571668, value: 
key: 685127, value: 
key: 37229, value: 
key: 14673, value: 
key: 40429, value: 
key: 11898, value: 
key: 620959, value: 
key: 525128, value: 
key: 689558, value: 
key: 17830, value: 
key: 882067, value: 
key: 871762, value: 
key: 80711, value: 
key: 175309, value: 
key: 194551, value: 
key: 403299, value: 
key: 742837, value: 
key: 321065, value: 
key: 200836, value: 
key: 397677, value: 
key: 401781, value: 
key: 85640, value: 
key: 303984, value: 
key: 71302, value: 
key: 892729, value: 
key: 972496, value: 
key: 700606, value: 
key: 48377, value: 
key: 17728, value: 
key: 23925, value: 
key: 403141, value: 
key: 133462, value: 
key: 477155, value: 
key: 252323, value: 
key: 280124, value: 
key: 15403, value: 
key: 290778, value: 
key: 240096, value: 
key: 529412, value: 
key: 348246, value: 
key: 611829, value: 
key: 2917, value: 
key: 504721, value: 
key: 391, value: 
key: 775501, value: 
key: 228911, value: 
key: 281839, value: 
key: 636, value: 
key: 32156, value: 
key: 504554, value: 
key: 12321, value: 
key: 60676, value: 
key: 157165, value: 
key: 520008, value: 
key: 318520, value: 
key: 69455, value: 
key: 5389, value: 
key: 44647, value: 
key: 425345, value: 
key: 892082, value: 
key: 98367, value: 
key: 387300, value: 
key: 118577, value: 
key: 918717, value: 
key: 27495, value: 
key: 314276, value: 
key: 172526, value: 
key: 298752, value: 
key: 151707, value: 
key: 111246, value: 
key: 247707, value: 
key: 152890, value: 
key: 189908, value: 
key: 366923, value: 
key: 3392, value: 
key: 426344, value: 
key: 146769, value: 
key: 256624, value: 
key: 958287, value: 
key: 120163, value: 
key: 535936, value: 
key: 444203, value: 
key: 191752, value: 
key: 283851, value: 
key: 100150, value: 
key: 577806, value: 
key: 126048, value: 
key: 134678, value: 
key: 226018, value: 
key: 170069, value: 
key: 415876, value: 
key: 498, value: 
key: 33933, value: 
key: 104110, value: 
key: 217885, value: 
key: 524150, value: 
key: 595154, value: 
key: 502741, value: 
key: 441804, value: 
key: 20687, value: 
key: 824616, value: 
key: 617544, value: 
key: 852170, value: 
key: 952719, value: 
key: 262007, value: 
key: 940585, value: 
key: 748042, value: 
key: 377332, value: 
key: 537202, value: 
key: 497249, value: 
key: 772324, value: 
key: 531493, value: 
key: 597259, value: 
key: 606827, value: 
key: 691571, value: 
key: 641776, value: 
key: 7866, value: 
key: 465244, value: 
key: 824382, value: 
key: 31234, value: 
key: 796380, value: 
key: 121867, value: 
key: 854020, value: 
key: 923920, value: 
key: 622748, value: 
key: 181223, value: 
key: 901443, value: 
key: 415250, value: 
key: 140110, value: 
key: 189650, value: 
key: 22137, value: 
key: 625411, value: 
key: 58060, value: 
key: 103845, value: 
key: 85165, value: 
key: 4476, value: 
key: 765742, value: 
key: 143209, value: 
key: 7235, value: 
key: 370234, value: 
key: 480847, value: 
key: 995077, value: 
key: 822913, value: 
key: 197617, value: 
key: 235922, value: 
key: 469071, value: 
key: 429349, value: 
key: 974382, value: 
key: 32646, value: 
key: 778520, value: 
key: 653715, value: 
key: 1521, value: 
key: 173871, value: 
key: 699359, value: 
key: 958072, value: 
key: 984866, value: 
key: 298871, value: 
key: 608124, value: 
key: 478741, value: 
key: 99375, value: 
key: 312627, value: 
key: 338221, value: 
key: 115039, value: 
key: 163528, value: 
key: 62001, value: 
key: 294019, value: 
key: 958975, value: 
key: 587399, value: 
key: 189940, value: 
key: 974517, value: 
key: 244489, value: 
key: 765957, value: 
key: 739257, value: 
key: 311507, value: 
key: 360989, value: 
key: 906446, value: 
key: 1844, value: 
key: 733372, value: 
key: 264700, value: 
key: 327993, value: 
key: 551064, value: 
key: 304763, value: 
key: 372256, value: 
key: 59753, value: 
key: 119105, value: 
key: 408609, value: 
key: 248065, value: 
key: 801828, value: 
key: 931103, value: 
key: 607857, value: 
key: 224366, value: 
key: 75614, value: 
key: 490503, value: 
key: 694329, value: 
key: 117989, value: 
key: 494558, value: 
key: 384552, value: 
key: 854853, value: 
key: 500839, value: 
key: 651368, value: 
key: 261172, value: 
key: 712500, value: 
key: 146316, value: 
key: 715796, value: 
key: 260126, value: 
key: 282807, value: 
key: 276228, value: 
key: 736050, value: 
key: 431540, value: 
key: 115943, value: 
key: 533088, value: 
key: 16925, value: 
key: 703140, value: 
key: 36251, value: 
key: 14240, value: 
key: 347887, value: 
key: 135354, value: 
key: 520213, value: 
key: 120479, value: 
key: 153079, value: 
key: 773459, value: 
key: 114052, value: 
key: 863596, value: 
key: 41497, value: 
key: 833678, value: 
key: 964567, value: 
key: 159033, value: 
key: 243194, value: 
key: 69327, value: 
key: 498617, value: 
key: 17638, value: 
key: 219030, value: 
key: 76037, value: 
key: 8427, value: 
key: 15449, value: 
key: 45244, value: 
key: 1967, value: 
key: 166194, value: 
key: 95625, value: 
key: 142806, value: 
key: 326675, value: 
key: 872697, value: 
key: 243084, value: 
key: 131745, value: 
key: 737277, value: 
key: 263921, value: 
key: 616772, value: 
key: 6898, value: 
key: 612758, value: 
key: 478927, value: 
key: 49466, value: 
key: 306291, value: 
key: 431485, value: 
key: 192443, value: 
key: 730726, value: 
key: 67811, value: 
key: 33247, value: 
key: 76233, value: 
key: 159891, value: 
key: 47468, value: 
key: 25541, value: 
key: 429765, value: 
key: 388774, value: 
key: 77674, value: 
key: 134412, value: 
key: 113680, value: 
key: 781557, value: 
key: 373299, value: 
key: 9721, value: 
key: 885563, value: 
key: 13821, value: 
key: 364879, value: 
key: 266441, value: 
key: 190821, value: 
key: 27996, value: 
key: 741184, value: 
key: 186941, value: 
key: 3000, value: 
key: 724613, value: 
key: 571611, value: 
key: 960493, value: 
key: 209, value: 
key: 76792, value: 
key: 115330, value: 
key: 536449, value: 
key: 210585, value: 
key: 992346, value: 
key: 20508, value: 
key: 2957, value: 
key: 17212, value: 
key: 265716, value: 
key: 105449, value: 
key: 17498, value: 
key: 921630, value: 
key: 668933, value: 
key: 914742, value: 
key: 92141, value: 
key: 30701, value: 
key: 14251, value: 
key: 104361, value: 
key: 699454, value: 
key: 147397, value: 
key: 581825, value: 
key: 99368, value: 
key: 53843, value: 
key: 263097, value: 
key: 1365, value: 
key: 455186, value: 
key: 18684, value: 
key: 213326, value: 
key: 272165, value: 
key: 867538, value: 
key: 321135, value: 
key: 36747, value: 
key: 18895, value: 
key: 915750, value: 
key: 830662, value: 
key: 138922, value: 
key: 78178, value: 
key: 8975, value: 
key: 181463, value: 
key: 233197, value: 
key: 13560, value: 
key: 905047, value: 
key: 912188, value: 
key: 359819, value: 
key: 92466, value: 
key: 663549, value: 
key: 215481, value: 
key: 774173, value: 
key: 96271, value: 
key: 2830, value: 
key: 497845, value: 
key: 88715, value: 
key: 12639, value: 
key: 334058, value: 
key: 174193, value: 
key: 6940, value: 
key: 305607, value: 
key: 975691, value: 
key: 751398, value: 
key: 165289, value: 
key: 677315, value: 
key: 38426, value: 
key: 319134, value: 
key: 148, value: 
key: 443394, value: 
key: 363009, value: 
key: 242681, value: 
key: 38303, value: 
key: 255014, value: 
key: 54, value: 
key: 59649, value: 
key: 397073, value: 
key: 4010, value: 
key: 267, value: 
key: 310603, value: 
key: 745771, value: 
key: 244997, value: 
key: 160279, value: 
key: 798847, value: 
key: 267064, value: 
key: 725098, value: 
key: 800953, value: 
key: 92707, value: 
key: 641200, value: 
key: 713172, value: 
key: 134874, value: 
key: 180721, value: 
key: 558557, value: 
key: 7378, value: 
key: 47695, value: 
key: 149487, value: 
key: 159288, value: 
key: 414938, value: 
key: 130821, value: 
key: 3220, value: 
key: 75306, value: 
key: 32017, value: 
key: 288205, value: 
key: 109537, value: 
key: 83231, value: 
key: 588149, value: 
key: 235874, value: 
key: 274, value: 
key: 333637, value: 
key: 97649, value: 
key: 23576, value: 
key: 949405, value: 
key: 260225, value: 
key: 748567, value: 
key: 759822, value: 
key: 148415, value: 
key: 5563, value: 
key: 714276, value: 
key: 71515, value: 
key: 543210, value: 
key: 107869, value: 
key: 503465, value: 
key: 252907, value: 
key: 516678, value: 
key: 587896, value: 
key: 47408, value: 
key: 249680, value: 
key: 183427, value: 
key: 81789, value: 
key: 148891, value: 
key: 265, value: 
key: 272035, value: 
key: 111257, value: 
key: 552065, value: 
key: 114184, value: 
key: 38, value: 
key: 310212, value: 
key: 83978, value: 
key: 147920, value: 
key: 321544, value: 
key: 893955, value: 
key: 635784, value: 
key: 468078, value: 
key: 220492, value: 
key: 677283, value: 
key: 8322, value: 
key: 189023, value: 
key: 251940, value: 
key: 249165, value: 
key: 776874, value: 
key: 30563, value: 
key: 381555, value: 
key: 743757, value: 
key: 7967, value: 
key: 89464, value: 
key: 858886, value: 
key: 268621, value: 
key: 636402, value: 
key: 50925, value: 
key: 940594, value: 
key: 17540, value: 
key: 468906, value: 
key: 113109, value: 
key: 361054, value: 
key: 587467, value: 
key: 190139, value: 
key: 316261, value: 
key: 388806, value: 
key: 132337, value: 
key: 175383, value: 
key: 368376, value: 
key: 87743, value: 
key: 741085, value: 
key: 515154, value: 
key: 240605, value: 
key: 142752, value: 
key: 480320, value: 
key: 257780, value: 
key: 268498, value: 
key: 986420, value: 
key: 127245, value: 
key: 50846, value: 
key: 291120, value: 
key: 705177, value: 
key: 4344, value: 
key: 302, value: 
key: 221833, value: 
key: 238149, value: 
key: 76446, value: 
key: 49974, value: 
key: 770296, value: 
key: 153255, value: 
key: 53412, value: 
key: 969447, value: 
key: 552104, value: 
key: 432408, value: 
key: 52187, value: 
key: 192612, value: 
key: 448470, value: 
key: 294697, value: 
key: 654477, value: 
key: 481246, value: 
key: 143313, value: 
key: 84049, value: 
key: 169830, value: 
key: 623444, value: 
key: 794702, value: 
key: 200250, value: 
key: 467747, value: 
key: 634963, value: 
key: 270457, value: 
key: 376823, value: 
key: 934326, value: 
key: 68991, value: 
key: 403938, value: 
key: 577, value: 
key: 70648, value: 
key: 13566, value: 
key: 134391, value: 
key: 380680, value: 
key: 493294, value: 
key: 726666, value: 
key: 935828, value: 
key: 46423, value: 
key: 715738, value: 
key: 123254, value: 
key: 30024, value: 
key: 408854, value: 
key: 927854, value: 
key: 565836, value: 
key: 21279, value: 
key: 904745, value: 
key: 582826, value: 
key: 774171, value: 
key: 465178, value: 
key: 63615, value: 
key: 27879, value: 
key: 323430, value: 
key: 100585, value: 
key: 208043, value: 
key: 8650, value: 
key: 3293, value: 
key: 169054, value: 
key: 26027, value: 
key: 205673, value: 
key: 392890, value: 
key: 687631, value: 
key: 101014, value: 
key: 205112, value: 
key: 751147, value: 
key: 899184, value: 
key: 460575, value: 
key: 551145, value: 
key: 551400, value: 
key: 313202, value: 
key: 46733, value: 
key: 299234, value: 
key: 430, value: 
key: 887936, value: 
key: 723674, value: 
key: 141603, value: 
key: 632891, value: 
key: 1251, value: 
key: 110133, value: 
key: 60416, value: 
key: 109496, value: 
key: 667475, value: 
key: 989502, value: 
key: 237919, value: 
key: 744981, value: 
key: 66502, value: 
key: 295405, value: 
key: 331125, value: 
key: 30611, value: 
key: 808311, value: 
key: 358333, value: 
key: 39179, value: 
key: 90691, value: 
key: 7888, value: 
key: 386011, value: 
key: 512074, value: 
key: 245680, value: 
key: 231733, value: 
key: 10280, value: 
key: 578645, value: 
key: 2544, value: 
key: 724345, value: 
key: 579497, value: 
key: 383375, value: 
key: 4739, value: 
key: 131743, value: 
key: 86951, value: 
key: 426302, value: 
key: 111325, value: 
key: 969229, value: 
key: 54338, value: 
key: 778403, value: 
key: 34653, value: 
key: 3084, value: 
key: 11779, value: 
key: 212761, value: 
key: 856619, value: 
key: 230813, value: 
key: 271476, value: 
key: 41398, value: 
key: 393532, value: 
key: 429248, value: 
key: 87323, value: 
key: 211591, value: 
key: 994081, value: 
key: 828186, value: 
key: 63824, value: 
key: 3976, value: 
key: 498864, value: 
key: 475728, value: 
key: 87855, value: 
key: 135835, value: 
key: 198676, value: 
key: 984341, value: 
key: 10954, value: 
key: 174834, value: 
key: 75313, value: 
key: 650910, value: 
key: 359495, value: 
key: 644537, value: 
key: 350502, value: 
key: 546242, value: 
key: 437133, value: 
key: 166097, value: 
key: 63480, value: 
key: 14536, value: 
key: 133389, value: 
key: 932603, value: 
key: 134755, value: 
key: 397974, value: 
key: 13571, value: 
key: 315172, value: 
key: 340310, value: 
key: 10958, value: 
key: 1143, value: 
key: 62702, value: 
key: 8324, value: 
key: 47871, value: 
key: 958759, value: 
key: 19399, value: 
key: 211740, value: 
key: 807660, value: 
key: 466159, value: 
key: 433463, value: 
key: 20933, value: 
key: 392832, value: 
key: 93625, value: 
key: 300510, value: 
key: 67008, value: 
key: 171808, value: 
key: 11188, value: 
key: 142220, value: 
key: 2089, value: 
key: 27530, value: 
key: 133693, value: 
key: 612969, value: 
key: 267451, value: 
key: 456363, value: 
key: 126370, value: 
key: 756353, value: 
key: 619449, value: 
key: 218112, value: 
key: 797695, value: 
key: 509991, value: 
key: 15687, value: 
key: 218640, value: 
key: 894, value: 
key: 219115, value: 
key: 979039, value: 
key: 96576, value: 
key: 501744, value: 
key: 6425, value: 
key: 964233, value: 
key: 339662, value: 
key: 198870, value: 
key: 6249, value: 
key: 178333, value: 
key: 306338, value: 
key: 56567, value: 
key: 748370, value: 
key: 263396, value: 
key: 69361, value: 
key: 280953, value: 
key: 258356, value: 
key: 150621, value: 
key: 48656, value: 
key: 56585, value: 
key: 68045, value: 
key: 22126, value: 
key: 21239, value: 
key: 50028, value: 
key: 148941, value: 
key: 537602, value: 
key: 526905, value: 
key: 485150, value: 
key: 591709, value: 
key: 352470, value: 
key: 257618, value: 
key: 46612, value: 
key: 860922, value: 
key: 128316, value: 
key: 924462, value: 
key: 11283, value: 
key: 510999, value: 
key: 656, value: 
key: 505629, value: 
key: 447312, value: 
key: 66816, value: 
key: 877463, value: 
key: 2153, value: 
key: 10307, value: 
key: 292066, value: 
key: 157259, value: 
key: 102691, value: 
key: 659445, value: 
key: 55315, value: 
key: 26418, value: 
key: 621062, value: 
key: 22807, value: 
key: 251920, value: 
key: 358858, value: 
key: 61024, value: 
key: 970041, value: 
key: 845781, value: 
key: 369162, value: 
key: 334238, value: 
key: 12990, value: 
key: 494774, value: 
key: 468188, value: 
key: 1583, value: 
key: 982688, value: 
key: 31719, value: 
key: 290907, value: 
key: 279267, value: 
key: 549926, value: 
key: 243329, value: 
key: 461523, value: 
key: 16, value: 
key: 242979, value: 
key: 490518, value: 
key: 26120, value: 
key: 512766, value: 
key: 97917, value: 
key: 367780, value: 
key: 283123, value: 
key: 70390, value: 
key: 540240, value: 
key: 512100, value: 
key: 220502, value: 
key: 758263, value: 
key: 48629, value: 
key: 827725, value: 
key: 666838, value: 
key: 784190, value: 
key: 116421, value: 
key: 65657, value: 
key: 356119, value: 
key: 21882, value: 
key: 523018, value: 
key: 32437, value: 
key: 290345, value: 
key: 117585, value: 
key: 183416, value: 
key: 36547, value: 
key: 457993, value: 
key: 5204, value: 
key: 158612, value: 
key: 912683, value: 
key: 327313, value: 
key: 553286, value: 
key: 325056, value: 
key: 2126, value: 
key: 81215, value: 
key: 498947, value: 
key: 38150, value: 
key: 120796, value: 
key: 534827, value: 
key: 328974, value: 
key: 441895, value: 
key: 681600, value: 
key: 337163, value: 
key: 51726, value: 
key: 2593, value: 
key: 76464, value: 
key: 747979, value: 
key: 95340, value: 
key: 232600, value: 
key: 241211, value: 
key: 238798, value: 
key: 89237, value: 
key: 674222, value: 
key: 218909, value: 
key: 79160, value: 
key: 590083, value: 
key: 93205, value: 
key: 996364, value: 
key: 13313, value: 
key: 265055, value: 
key: 123492, value: 
key: 743436, value: 
key: 172412, value: 
key: 854866, value: 
key: 141980, value: 
key: 525986, value: 
key: 155457, value: 
key: 1185, value: 
key: 245075, value: 
key: 43073, value: 
key: 70424, value: 
key: 705241, value: 
key: 24485, value: 
key: 637094, value: 
key: 74859, value: 
key: 4898, value: 
key: 560550, value: 
key: 250006, value: 
key: 71089, value: 
key: 24386, value: 
key: 2717, value: 
key: 731837, value: 
key: 73852, value: 
key: 14727, value: 
key: 89860, value: 
key: 216822, value: 
key: 908686, value: 
key: 609563, value: 
key: 66045, value: 
key: 807699, value: 
key: 219883, value: 
key: 41695, value: 
key: 534508, value: 
key: 252130, value: 
key: 219148, value: 
key: 189258, value: 
key: 26548, value: 
key: 153460, value: 
key: 180244, value: 
key: 3989, value: 
key: 249484, value: 
key: 319215, value: 
key: 101663, value: 
key: 972405, value: 
key: 102824, value: 
key: 796535, value: 
key: 221484, value: 
key: 25152, value: 
key: 97335, value: 
key: 122983, value: 
key: 294035, value: 
key: 64643, value: 
key: 950922, value: 
key: 32196, value: 
key: 372357, value: 
key: 475351, value: 
key: 776311, value: 
key: 2388, value: 
key: 358872, value: 
key: 203507, value: 
key: 401916, value: 
key: 9844, value: 
key: 5282, value: 
key: 736621, value: 
key: 144659, value: 
key: 673164, value: 
key: 214824, value: 
key: 860421, value: 
key: 686401, value: 
key: 1499, value: 
key: 723153, value: 
key: 845930, value: 
key: 359563, value: 
key: 373538, value: 
key: 293809, value: 
key: 771736, value: 
key: 438723, value: 
key: 5169, value: 
key: 374403, value: 
key: 137626, value: 
key: 71812, value: 
key: 536287, value: 
key: 283516, value: 
key: 251834, value: 
key: 1862, value: 
key: 22544, value: 
key: 6160, value: 
key: 471698, value: 
key: 127687, value: 
key: 3198, value: 
key: 73443, value: 
key: 197501, value: 
key: 561740, value: 
key: 632079, value: 
key: 969630, value: 
key: 232826, value: 
key: 931321, value: 
key: 679948, value: 
key: 394667, value: 
key: 153488, value: 
key: 571286, value: 
key: 28717, value: 
key: 126813, value: 
key: 239645, value: 
key: 7567, value: 
key: 169643, value: 
key: 35669, value: 
key: 540985, value: 
key: 82627, value: 
key: 675467, value: 
key: 495045, value: 
key: 303649, value: 
key: 271366, value: 
key: 943766, value: 
key: 77788, value: 
key: 124518, value: 
key: 47886, value: 
key: 44612, value: 
key: 887411, value: 
key: 4124, value: 
key: 3774, value: 
key: 238185, value: 
key: 7790, value: 
key: 650639, value: 
key: 209091, value: 
key: 875670, value: 
key: 445668, value: 
key: 282580, value: 
key: 124170, value: 
key: 68816, value: 
key: 501799, value: 
key: 478929, value: 
key: 531266, value: 
key: 5145, value: 
key: 78181, value: 
key: 693999, value: 
key: 683297, value: 
key: 158784, value: 
key: 47455, value: 
key: 374418, value: 
key: 550470, value: 
key: 854235, value: 
key: 1242, value: 
key: 178292, value: 
key: 692857, value: 
key: 566442, value: 
key: 884212, value: 
key: 121304, value: 
key: 620887, value: 
key: 40216, value: 
key: 620058, value: 
key: 121755, value: 
key: 7853, value: 
key: 664034, value: 
key: 886351, value: 
key: 31861, value: 
key: 105045, value: 
key: 899801, value: 
key: 389120, value: 
key: 371123, value: 
key: 14534, value: 
key: 11856, value: 
key: 667989, value: 
key: 158375, value: 
key: 168073, value: 
key: 191839, value: 
key: 141762, value: 
key: 995316, value: 
key: 466384, value: 
key: 371729, value: 
key: 302422, value: 
key: 208171, value: 
key: 226953, value: 
key: 962736, value: 
key: 225639, value: 
key: 722075, value: 
key: 934900, value: 
key: 2788, value: 
key: 359486, value: 
key: 464746, value: 
key: 61633, value: 
key: 369038, value: 
key: 958711, value: 
key: 79685, value: 
key: 658565, value: 
key: 57555, value: 
key: 255476, value: 
key: 176953, value: 
key: 10226, value: 
key: 352359, value: 
key: 11234, value: 
key: 397325, value: 
key: 366510, value: 
key: 25950, value: 
key: 18044, value: 
key: 157222, value: 
key: 316108, value: 
key: 616826, value: 
key: 686773, value: 
key: 195589, value: 
key: 301418, value: 
key: 7644, value: 
key: 32848, value: 
key: 607046, value: 
key: 121519, value: 
key: 217120, value: 
key: 543395, value: 
key: 727645, value: 
key: 52073, value: 
key: 698516, value: 
key: 386727, value: 
key: 590131, value: 
key: 98750, value: 
key: 892457, value: 
key: 378898, value: 
key: 212880, value: 
key: 731064, value: 
key: 211106, value: 
key: 371185, value: 
key: 504585, value: 
key: 87213, value: 
key: 610644, value: 
key: 362130, value: 
key: 261901, value: 
key: 54471, value: 
key: 675337, value: 
key: 653504, value: 
key: 627505, value: 
key: 540789, value: 
key: 448807, value: 
key: 864883, value: 
key: 267439, value: 
key: 342842, value: 
key: 310045, value: 
key: 344712, value: 
key: 736296, value: 
key: 147452, value: 
key: 133040, value: 
key: 2883, value: 
key: 228432, value: 
key: 3367, value: 
key: 908787, value: 
key: 476864, value: 
key: 349942, value: 
key: 933611, value: 
key: 338821, value: 
key: 627066, value: 
key: 85992, value: 
key: 3873, value: 
key: 323733, value: 
key: 881848, value: 
key: 417711, value: 
key: 127407, value: 
key: 993800, value: 
key: 83105, value: 
key: 321274, value: 
key: 212802, value: 
key: 635166, value: 
key: 231379, value: 
key: 1367, value: 
key: 19089, value: 
key: 15256, value: 
key: 917882, value: 
key: 893308, value: 
key: 491207, value: 
key: 804375, value: 
key: 615063, value: 
key: 267215, value: 
key: 13795, value: 
key: 493658, value: 
key: 681343, value: 
key: 62788, value: 
key: 126310, value: 
key: 199916, value: 
key: 5033, value: 
key: 373093, value: 
key: 206175, value: 
key: 313251, value: 
key: 943832, value: 
key: 32299, value: 
key: 103933, value: 
key: 49905, value: 
key: 861190, value: 
key: 575637, value: 
key: 509115, value: 
key: 410022, value: 
key: 317725, value: 
key: 923371, value: 
key: 633519, value: 
key: 443754, value: 
key: 837975, value: 
key: 508516, value: 
key: 966543, value: 
key: 1411, value: 
key: 6957, value: 
key: 111936, value: 
key: 230103, value: 
key: 35850, value: 
key: 2391, value: 
key: 87886, value: 
key: 342659, value: 
key: 16295, value: 
key: 56200, value: 
key: 185568, value: 
key: 20979, value: 
key: 219553, value: 
key: 587630, value: 
key: 392562, value: 
key: 690576, value: 
key: 626650, value: 
key: 320974, value: 
key: 972926, value: 
key: 105247, value: 
key: 3831, value: 
key: 776892, value: 
key: 961092, value: 
key: 487662, value: 
key: 269705, value: 
key: 52044, value: 
key: 116317, value: 
key: 383205, value: 
key: 283400, value: 
key: 168433, value: 
key: 556977, value: 
key: 75984, value: 
key: 69202, value: 
key: 477498, value: 
key: 55580, value: 
key: 682854, value: 
key: 514133, value: 
key: 446652, value: 
key: 639845, value: 
key: 59784, value: 
key: 17089, value: 
key: 641413, value: 
key: 311174, value: 
key: 866155, value: 
key: 72840, value: 
key: 995428, value: 
key: 39924, value: 
key: 415207, value: 
key: 683417, value: 
key: 253102, value: 
key: 105016, value: 
key: 144651, value: 
key: 203789, value: 
key: 920936, value: 
key: 469349, value: 
key: 41682, value: 
key: 73869, value: 
key: 57634, value: 
key: 203640, value: 
key: 117615, value: 
key: 519633, value: 
key: 10583, value: 
key: 3424, value: 
key: 12501, value: 
key: 66247, value: 
key: 281006, value: 
key: 33494, value: 
key: 389078, value: 
key: 545610, value: 
key: 46616, value: 
key: 528608, value: 
key: 43842, value: 
key: 175884, value: 
key: 125269, value: 
key: 489543, value: 
key: 674466, value: 
key: 39939, value: 
key: 273265, value: 
key: 864094, value: 
key: 164831, value: 
key: 361418, value: 
key: 830118, value: 
key: 726442, value: 
key: 17317, value: 
key: 85493, value: 
key: 244807, value: 
key: 356908, value: 
key: 940882, value: 
key: 86148, value: 
key: 33786, value: 
key: 716423, value: 
key: 644207, value: 
key: 93764, value: 
key: 867127, value: 
key: 469369, value: 
key: 634073, value: 
key: 387409, value: 
key: 735642, value: 
key: 18291, value: 
key: 8692, value: 
key: 870956, value: 
key: 764345, value: 
key: 164741, value: 
key: 889439, value: 
key: 28281, value: 
key: 873906, value: 
key: 543858, value: 
key: 276552, value: 
key: 146387, value: 
key: 96475, value: 
key: 332234, value: 
key: 48326, value: 
key: 67312, value: 
key: 25165, value: 
key: 943674, value: 
key: 98332, value: 
key: 831115, value: 
key: 532812, value: 
key: 885321, value: 
key: 960435, value: 
key: 88124, value: 
key: 715152, value: 
key: 339402, value: 
key: 20403, value: 
key: 888890, value: 
key: 224029, value: 
key: 112814, value: 
key: 232037, value: 
key: 258365, value: 
key: 55760, value: 
key: 132854, value: 
key: 707250, value: 
key: 184066, value: 
key: 12855, value: 
key: 133938, value: 
key: 161665, value: 
key: 256541, value: 
key: 679043, value: 
key: 492288, value: 
key: 10907, value: 
key: 114728, value: 
key: 526, value: 
key: 170355, value: 
key: 160288, value: 
key: 48081, value: 
key: 565083, value: 
key: 92161, value: 
key: 136009, value: 
key: 13218, value: 
key: 860894, value: 
key: 192636, value: 
key: 707186, value: 
key: 616, value: 
key: 457047, value: 
key: 295591, value: 
key: 202715, value: 
key: 15184, value: 
key: 210996, value: 
key: 248102, value: 
key: 118931, value: 
key: 131439, value: 
key: 26085, value: 
key: 764312, value: 
key: 435575, value: 
key: 123647, value: 
key: 75638, value: 
key: 176346, value: 
key: 64346, value: 
key: 451179, value: 
key: 130498, value: 
key: 107928, value: 
key: 31690, value: 
key: 6724, value: 
key: 456811, value: 
key: 117587, value: 
key: 599042, value: 
key: 83877, value: 
key: 18411, value: 
key: 199936, value: 
key: 97430, value: 
key: 426726, value: 
key: 71928, value: 
key: 17003, value: 
key: 196205, value: 
key: 19407, value: 
key: 891227, value: 
key: 756469, value: 
key: 579, value: 
key: 193983, value: 
key: 50390, value: 
key: 73090, value: 
key: 303003, value: 
key: 966163, value: 
key: 68689, value: 
key: 11773, value: 
key: 313187, value: 
key: 133143, value: 
key: 763793, value: 
key: 787418, value: 
key: 374157, value: 
key: 642344, value: 
key: 669372, value: 
key: 428238, value: 
key: 97614, value: 
key: 86412, value: 
key: 444939, value: 
key: 542040, value: 
key: 661978, value: 
key: 15531, value: 
key: 629617, value: 
key: 67235, value: 
key: 428544, value: 
key: 489354, value: 
key: 89172, value: 
key: 111532, value: 
key: 4348, value: 
key: 96596, value: 
key: 550892, value: 
key: 462111, value: 
key: 663253, value: 
key: 66445, value: 
key: 231937, value: 
key: 1224, value: 
key: 423174, value: 
key: 403297, value: 
key: 14053, value: 
key: 21204, value: 
key: 275106, value: 
key: 18923, value: 
key: 575501, value: 
key: 742073, value: 
key: 252394, value: 
key: 295801, value: 
key: 347755, value: 
key: 939341, value: 
key: 662951, value: 
key: 687972, value: 
key: 90217, value: 
key: 947401, value: 
key: 915927, value: 
key: 27279, value: 
key: 449794, value: 
key: 121410, value: 
key: 71946, value: 
key: 4546, value: 
key: 358263, value: 
key: 11771, value: 
key: 417159, value: 
key: 909195, value: 
key: 262779, value: 
key: 142323, value: 
key: 281994, value: 
key: 757282, value: 
key: 32868, value: 
key: 856970, value: 
key: 535370, value: 
key: 114188, value: 
key: 413261, value: 
key: 8083, value: 
key: 20919, value: 
key: 22861, value: 
key: 889732, value: 
key: 136201, value: 
key: 92334, value: 
key: 7105, value: 
key: 25893, value: 
key: 441651, value: 
key: 376018, value: 
key: 12853, value: 
key: 194946, value: 
key: 314344, value: 
key: 141157, value: 
key: 13733, value: 
key: 294, value: 
key: 269699, value: 
key: 17584, value: 
key: 40322, value: 
key: 747508, value: 
key: 72404, value: 
key: 482937, value: 
key: 21547, value: 
key: 838701, value: 
key: 214307, value: 
key: 835078, value: 
key: 2670, value: 
key: 262760, value: 
key: 68896, value: 
key: 195495, value: 
key: 108316, value: 
key: 14064, value: 
key: 106068, value: 
key: 73830, value: 
key: 673795, value: 
key: 133543, value: 
key: 769122, value: 
key: 175792, value: 
key: 714052, value: 
key: 933459, value: 
key: 608872, value: 
key: 203839, value: 
key: 16323, value: 
key: 477713, value: 
key: 60144, value: 
key: 25967, value: 
key: 314388, value: 
key: 243769, value: 
key: 31045, value: 
key: 73920, value: 
key: 57524, value: 
key: 287884, value: 
key: 89459, value: 
key: 640483, value: 
key: 198793, value: 
key: 213955, value: 
key: 244968, value: 
key: 573778, value: 
key: 5570, value: 
key: 753969, value: 
key: 245534, value: 
key: 68883, value: 
key: 801507, value: 
key: 589951, value: 
key: 638475, value: 
key: 669743, value: 
key: 570050, value: 
key: 242559, value: 
key: 501302, value: 
key: 348462, value: 
key: 410778, value: 
key: 198005, value: 
key: 213351, value: 
key: 145430, value: 
key: 396054, value: 
key: 626023, value: 
key: 423279, value: 
key: 292, value: 
key: 233678, value: 
key: 1389, value: 
key: 76323, value: 
key: 726581, value: 
key: 972478, value: 
key: 183421, value: 
key: 703917, value: 
key: 971789, value: 
key: 58279, value: 
key: 4915, value: 
key: 225392, value: 
key: 792456, value: 
key: 507302, value: 
key: 414059, value: 
key: 168152, value: 
key: 226320, value: 
key: 873212, value: 
key: 304864, value: 
key: 92406, value: 
key: 81189, value: 
key: 225774, value: 
key: 457867, value: 
key: 234303, value: 
key: 131583, value: 
key: 692697, value: 
key: 13452, value: 
key: 889, value: 
key: 372409, value: 
key: 201402, value: 
key: 344486, value: 
key: 58097, value: 
key: 25495, value: 
key: 287839, value: 
key: 279531, value: 
key: 14949, value: 
key: 135538, value: 
key: 298, value: 
key: 1129, value: 
key: 484047, value: 
key: 838835, value: 
key: 11078, value: 
key: 466144, value: 
key: 40290, value: 
key: 75595, value: 
key: 296, value: 
key: 168246, value: 
key: 75465, value: 
key: 10459, value: 
key: 592027, value: 
key: 906941, value: 
key: 532203, value: 
key: 225925, value: 
key: 355824, value: 
key: 379873, value: 
key: 114643, value: 
key: 815496, value: 
key: 987113, value: 
key: 216596, value: 
key: 5165, value: 
key: 102970, value: 
key: 123195, value: 
key: 618822, value: 
key: 342624, value: 
key: 37490, value: 
key: 875089, value: 
key: 265062, value: 
key: 661026, value: 
key: 94556, value: 
key: 39470, value: 
key: 750159, value: 
key: 121632, value: 
key: 126798, value: 
key: 116276, value: 
key: 310098, value: 
key: 475823, value: 
key: 241604, value: 
key: 78336, value: 
key: 22373, value: 
key: 247127, value: 
key: 921241, value: 
key: 205, value: 
key: 206634, value: 
key: 97234, value: 
key: 863682, value: 
key: 348684, value: 
key: 517402, value: 
key: 524321, value: 
key: 69912, value: 
key: 538142, value: 
key: 432185, value: 
key: 51517, value: 
key: 764262, value: 
key: 68049, value: 
key: 4092, value: 
key: 885604, value: 
key: 114599, value: 
key: 762266, value: 
key: 170937, value: 
key: 159851, value: 
key: 896446, value: 
key: 41035, value: 
key: 721452, value: 
key: 155958, value: 
key: 45127, value: 
key: 40647, value: 
key: 1518, value: 
key: 153, value: 
key: 311208, value: 
key: 766228, value: 
key: 85626, value: 
key: 804726, value: 
key: 16893, value: 
key: 23859, value: 
key: 25, value: 
key: 923632, value: 
key: 285664, value: 
key: 107278, value: 
key: 130221, value: 
key: 109913, value: 
key: 654778, value: 
key: 67648, value: 
key: 196883, value: 
key: 32136, value: 
key: 88937, value: 
key: 43316, value: 
key: 697630, value: 
key: 513802, value: 
key: 183261, value: 
key: 64289, value: 
key: 8331, value: 
key: 310056, value: 
key: 9888, value: 
key: 446489, value: 
key: 4173, value: 
key: 212886, value: 
key: 947364, value: 
key: 519842, value: 
key: 29378, value: 
key: 183281, value: 
key: 265941, value: 
key: 30796, value: 
key: 36824, value: 
key: 185353, value: 
key: 671823, value: 
key: 580255, value: 
key: 341708, value: 
key: 130977, value: 
key: 396346, value: 
key: 493199, value: 
key: 356799, value: 
key: 982543, value: 
key: 657533, value: 
key: 53634, value: 
key: 286579, value: 
key: 7066, value: 
key: 403044, value: 
key: 75960, value: 
key: 297157, value: 
key: 147995, value: 
key: 18642, value: 
key: 321975, value: 
key: 100448, value: 
key: 808731, value: 
key: 882500, value: 
key: 205549, value: 
key: 701287, value: 
key: 173121, value: 
key: 105993, value: 
key: 270150, value: 
key: 179703, value: 
key: 661259, value: 
key: 573590, value: 
key: 371819, value: 
key: 1006, value: 
key: 11050, value: 
key: 362347, value: 
key: 253555, value: 
key: 396805, value: 
key: 206214, value: 
key: 608687, value: 
key: 22300, value: 
key: 457526, value: 
key: 737206, value: 
key: 3543, value: 
key: 14642, value: 
key: 1147, value: 
key: 211186, value: 
key: 891674, value: 
key: 16866, value: 
key: 526596, value: 
key: 1561, value: 
key: 926543, value: 
key: 314777, value: 
key: 361111, value: 
key: 132357, value: 
key: 568710, value: 
key: 881147, value: 
key: 15560, value: 
key: 71977, value: 
key: 31443, value: 
key: 903632, value: 
key: 234910, value: 
key: 354193, value: 
key: 768635, value: 
key: 14653, value: 
key: 8689, value: 
key: 445956, value: 
key: 217645, value: 
key: 45460, value: 
key: 476974, value: 
key: 249376, value: 
key: 33625, value: 
key: 919765, value: 
key: 652288, value: 
key: 541373, value: 
key: 416585, value: 
key: 12712, value: 
key: 278, value: 
key: 10510, value: 
key: 70718, value: 
key: 538559, value: 
key: 572948, value: 
key: 34026, value: 
key: 441512, value: 
key: 224920, value: 
key: 35942, value: 
key: 753525, value: 
key: 29770, value: 
key: 808416, value: 
key: 498291, value: 
key: 12288, value: 
key: 932669, value: 
key: 865295, value: 
key: 845963, value: 
key: 38721, value: 
key: 55968, value: 
key: 503559, value: 
key: 51490, value: 
key: 155, value: 
key: 4472, value: 
key: 174339, value: 
key: 125557, value: 
key: 11520, value: 
key: 865420, value: 
key: 302150, value: 
key: 730575, value: 
key: 574346, value: 
key: 28115, value: 
key: 98042, value: 
key: 40324, value: 
key: 2317, value: 
key: 13326, value: 
key: 740442, value: 
key: 81712, value: 
key: 653924, value: 
key: 645729, value: 
key: 146837, value: 
key: 96965, value: 
key: 62465, value: 
key: 133396, value: 
key: 17070, value: 
key: 461507, value: 
key: 8434, value: 
key: 118478, value: 
key: 259463, value: 
key: 47255, value: 
key: 223648, value: 
key: 157521, value: 
key: 363179, value: 
key: 719118, value: 
key: 666001, value: 
key: 4241, value: 
key: 836617, value: 
key: 190627, value: 
key: 33757, value: 
key: 603798, value: 
key: 481062, value: 
key: 1031, value: 
key: 461918, value: 
key: 34765, value: 
key: 295502, value: 
key: 497513, value: 
key: 346073, value: 
key: 80418, value: 
key: 550348, value: 
key: 36628, value: 
key: 3390, value: 
key: 1611, value: 
key: 770513, value: 
key: 788596, value: 
key: 121773, value: 
key: 114027, value: 
key: 32521, value: 
key: 130418, value: 
key: 53584, value: 
key: 754339, value: 
key: 60122, value: 
key: 47509, value: 
key: 359327, value: 
key: 397769, value: 
key: 616097, value: 
key: 350261, value: 
key: 531677, value: 
key: 811632, value: 
key: 558733, value: 
key: 1723, value: 
key: 724110, value: 
key: 12637, value: 
key: 137042, value: 
key: 287053, value: 
key: 2656, value: 
key: 498831, value: 
key: 39771, value: 
key: 599752, value: 
key: 346044, value: 
key: 588651, value: 
key: 9213, value: 
key: 173046, value: 
key: 126099, value: 
key: 111499, value: 
key: 366509, value: 
key: 329261, value: 
key: 225123, value: 
key: 596029, value: 
key: 219609, value: 
key: 128680, value: 
key: 915, value: 
key: 412860, value: 
key: 265873, value: 
key: 63862, value: 
key: 602780, value: 
key: 169924, value: 
key: 64027, value: 
key: 802315, value: 
key: 814914, value: 
key: 339839, value: 
key: 54657, value: 
key: 17692, value: 
key: 592632, value: 
key: 680830, value: 
key: 563209, value: 
key: 501111, value: 
key: 13931, value: 
key: 166624, value: 
key: 630116, value: 
key: 793134, value: 
key: 482694, value: 
key: 415500, value: 
key: 429532, value: 
key: 775688, value: 
key: 337246, value: 
key: 221192, value: 
key: 93580, value: 
key: 56077, value: 
key: 225303, value: 
key: 847576, value: 
key: 214572, value: 
key: 550397, value: 
key: 963001, value: 
key: 550850, value: 
key: 17690, value: 
key: 950690, value: 
key: 615351, value: 
key: 412439, value: 
key: 170917, value: 
key: 121841, value: 
key: 143683, value: 
key: 830549, value: 
key: 677348, value: 
key: 318221, value: 
key: 623341, value: 
key: 206591, value: 
key: 277467, value: 
key: 16783, value: 
key: 668861, value: 
key: 268476, value: 
key: 137411, value: 
key: 163764, value: 
key: 740978, value: 
key: 714328, value: 
key: 469682, value: 
key: 79568, value: 
key: 4809, value: 
key: 17430, value: 
key: 165599, value: 
key: 53876, value: 
key: 115721, value: 
key: 512063, value: 
key: 2867, value: 
key: 124202, value: 
key: 153099, value: 
key: 90004, value: 
key: 123069, value: 
key: 542646, value: 
key: 577972, value: 
key: 4328, value: 
key: 809307, value: 
key: 12839, value: 
key: 493272, value: 
key: 27833, value: 
key: 96594, value: 
key: 39298, value: 
key: 684885, value: 
key: 739080, value: 
key: 190038, value: 
key: 560727, value: 
key: 154333, value: 
key: 170267, value: 
key: 4326, value: 
key: 200768, value: 
key: 737439, value: 
key: 61262, value: 
key: 119295, value: 
key: 802539, value: 
key: 66407, value: 
key: 3312, value: 
key: 396324, value: 
key: 56798, value: 
key: 9703, value: 
key: 639634, value: 
key: 354229, value: 
key: 4025, value: 
key: 496514, value: 
key: 408186, value: 
key: 987148, value: 
key: 967470, value: 
key: 351903, value: 
key: 35485, value: 
key: 22744, value: 
key: 41893, value: 
key: 157655, value: 
key: 9097, value: 
key: 22427, value: 
key: 676569, value: 
key: 803107, value: 
key: 77331, value: 
key: 406458, value: 
key: 238862, value: 
key: 639993, value: 
key: 342684, value: 
key: 60865, value: 
key: 480511, value: 
key: 418457, value: 
key: 77867, value: 
key: 11951, value: 
key: 812321, value: 
key: 873023, value: 
key: 71575, value: 
key: 663422, value: 
key: 129131, value: 
key: 320464, value: 
key: 210507, value: 
key: 263972, value: 
key: 628452, value: 
key: 254303, value: 
key: 167595, value: 
key: 240850, value: 
key: 131217, value: 
key: 173488, value: 
key: 767285, value: 
key: 46399, value: 
key: 390443, value: 
key: 660401, value: 
key: 154144, value: 
key: 961223, value: 
key: 900275, value: 
key: 28335, value: 
key: 357, value: 
key: 206939, value: 
key: 63110, value: 
key: 141845, value: 
key: 136623, value: 
key: 17023, value: 
key: 690107, value: 
key: 481976, value: 
key: 12530, value: 
key: 711174, value: 
key: 5761, value: 
key: 821752, value: 
key: 128844, value: 
key: 229297, value: 
key: 240018, value: 
key: 38624, value: 
key: 423679, value: 
key: 680863, value: 
key: 530922, value: 
key: 122763, value: 
key: 193277, value: 
key: 1093, value: 
key: 144488, value: 
key: 109423, value: 
key: 893742, value: 
key: 529579, value: 
key: 21761, value: 
key: 589667, value: 
key: 514391, value: 
key: 368282, value: 
key: 164978, value: 
key: 366376, value: 
key: 105414, value: 
key: 660562, value: 
key: 32349, value: 
key: 156973, value: 
key: 920, value: 
key: 388055, value: 
key: 963278, value: 
key: 382714, value: 
key: 129852, value: 
key: 870969, value: 
key: 66032, value: 
key: 405620, value: 
key: 403873, value: 
key: 142576, value: 
key: 414262, value: 
key: 31496, value: 
key: 24717, value: 
key: 1514, value: 
key: 820234, value: 
key: 716528, value: 
key: 3525, value: 
key: 786909, value: 
key: 86919, value: 
key: 480627, value: 
key: 711695, value: 
key: 72978, value: 
key: 26645, value: 
key: 42832, value: 
key: 1262, value: 
key: 629, value: 
key: 108293, value: 
key: 211494, value: 
key: 76352, value: 
key: 663, value: 
key: 441008, value: 
key: 380321, value: 
key: 274242, value: 
key: 728435, value: 
key: 576881, value: 
key: 117543, value: 
key: 127177, value: 
key: 255030, value: 
key: 525771, value: 
key: 75359, value: 
key: 85143, value: 
key: 105546, value: 
key: 638493, value: 
key: 60717, value: 
key: 456392, value: 
key: 967786, value: 
key: 512672, value: 
key: 716344, value: 
key: 31555, value: 
key: 364532, value: 
key: 2623, value: 
key: 70600, value: 
key: 337781, value: 
key: 540758, value: 
key: 236707, value: 
key: 612190, value: 
key: 87639, value: 
key: 386464, value: 
key: 73982, value: 
key: 403534, value: 
key: 41943, value: 
key: 70204, value: 
key: 230167, value: 
key: 59078, value: 
key: 412369, value: 
key: 1877, value: 
key: 498802, value: 
key: 293937, value: 
key: 349063, value: 
key: 62647, value: 
key: 40539, value: 
key: 980082, value: 
key: 313000, value: 
key: 432350, value: 
key: 464443, value: 
key: 63365, value: 
key: 105069, value: 
key: 159743, value: 
key: 730247, value: 
key: 314977, value: 
key: 116065, value: 
key: 837764, value: 
key: 2524, value: 
key: 213489, value: 
key: 949621, value: 
key: 534524, value: 
key: 137732, value: 
key: 30659, value: 
key: 807026, value: 
key: 202803, value: 
key: 17616, value: 
key: 496635, value: 
key: 639874, value: 
key: 415298, value: 
key: 644025, value: 
key: 564976, value: 
key: 658019, value: 
key: 545368, value: 
key: 389652, value: 
key: 3536, value: 
key: 78246, value: 
key: 102473, value: 
key: 457511, value: 
key: 31360, value: 
key: 358742, value: 
key: 24906, value: 
key: 505074, value: 
key: 948732, value: 
key: 857278, value: 
key: 234248, value: 
key: 967287, value: 
key: 6397, value: 
key: 848506, value: 
key: 681859, value: 
key: 619296, value: 
key: 1318, value: 
key: 228193, value: 
key: 518955, value: 
key: 644593, value: 
key: 72730, value: 
key: 240135, value: 
key: 476136, value: 
key: 317385, value: 
key: 885372, value: 
key: 864805, value: 
key: 309870, value: 
key: 44755, value: 
key: 692507, value: 
key: 275753, value: 
key: 17269, value: 
key: 167375, value: 
key: 908075, value: 
key: 79382, value: 
key: 216705, value: 
key: 872938, value: 
key: 230527, value: 
key: 456217, value: 
key: 69590, value: 
key: 357228, value: 
key: 590977, value: 
key: 343906, value: 
key: 411384, value: 
key: 895755, value: 
key: 872950, value: 
key: 595606, value: 
key: 77236, value: 
key: 211173, value: 
key: 14167, value: 
key: 243305, value: 
key: 35863, value: 
key: 184417, value: 
key: 319774, value: 
key: 652800, value: 
key: 829415, value: 
key: 5567, value: 
key: 753789, value: 
key: 2555, value: 
key: 230246, value: 
key: 10512, value: 
key: 88104, value: 
key: 12903, value: 
key: 926880, value: 
key: 4685, value: 
key: 865918, value: 
key: 820766, value: 
key: 157723, value: 
key: 294114, value: 
key: 23291, value: 
key: 276079, value: 
key: 115116, value: 
key: 893290, value: 
key: 74570, value: 
key: 32037, value: 
key: 248915, value: 
key: 27767, value: 
key: 574320, value: 
key: 46034, value: 
key: 341034, value: 
key: 781054, value: 
key: 941605, value: 
key: 690893, value: 
key: 15380, value: 
key: 333846, value: 
key: 565133, value: 
key: 344880, value: 
key: 910735, value: 
key: 3677, value: 
key: 174797, value: 
key: 240780, value: 
key: 647840, value: 
key: 104442, value: 
key: 36822, value: 
key: 41600, value: 
key: 618936, value: 
key: 545333, value: 
key: 171040, value: 
key: 384015, value: 
key: 103494, value: 
key: 245873, value: 
key: 39551, value: 
key: 146, value: 
key: 60395, value: 
key: 607, value: 
key: 240409, value: 
key: 765498, value: 
key: 11223, value: 
key: 3514, value: 
key: 277762, value: 
key: 13692, value: 
key: 72, value: 
key: 304284, value: 
key: 610147, value: 
key: 25934, value: 
key: 2773, value: 
key: 23022, value: 
key: 29321, value: 
key: 857289, value: 
key: 980817, value: 
key: 187717, value: 
key: 869606, value: 
key: 635700, value: 
key: 450819, value: 
key: 145164, value: 
key: 929603, value: 
key: 105939, value: 
key: 99111, value: 
key: 185287, value: 
key: 18109, value: 
key: 283387, value: 
key: 737226, value: 
key: 432383, value: 
key: 256976, value: 
key: 399224, value: 
key: 45765, value: 
key: 195011, value: 
key: 699609, value: 
key: 469875, value: 
key: 82513, value: 
key: 748468, value: 
key: 801, value: 
key: 424605, value: 
key: 26601, value: 
key: 54134, value: 
key: 313336, value: 
key: 749070, value: 
key: 155585, value: 
key: 142837, value: 
key: 975835, value: 
key: 91359, value: 
key: 4483, value: 
key: 4012, value: 
key: 247567, value: 
key: 443165, value: 
key: 486809, value: 
key: 193024, value: 
key: 146952, value: 
key: 307421, value: 
key: 260045, value: 
key: 638813, value: 
key: 4683, value: 
key: 470066, value: 
key: 191565, value: 
key: 304497, value: 
key: 53489, value: 
key: 458428, value: 
key: 455922, value: 
key: 2580, value: 
key: 702408, value: 
key: 540213, value: 
key: 221961, value: 
key: 4221, value: 
key: 953008, value: 
key: 95478, value: 
key: 99852, value: 
key: 88630, value: 
key: 99407, value: 
key: 601691, value: 
key: 104352, value: 
key: 811025, value: 
key: 263583, value: 
key: 43035, value: 
key: 698884, value: 
key: 38622, value: 
key: 480454, value: 
key: 407486, value: 
key: 158197, value: 
key: 37001, value: 
key: 481145, value: 
key: 855933, value: 
key: 881345, value: 
key: 115079, value: 
key: 107162, value: 
key: 399314, value: 
key: 128169, value: 
key: 62102, value: 
key: 657391, value: 
key: 45132, value: 
key: 672862, value: 
key: 635735, value: 
key: 187630, value: 
key: 19414, value: 
key: 69787, value: 
key: 605725, value: 
key: 343999, value: 
key: 408265, value: 
key: 97735, value: 
key: 988657, value: 
key: 852796, value: 
key: 1750, value: 
key: 334270, value: 
key: 960118, value: 
key: 437546, value: 
key: 48652, value: 
key: 136447, value: 
key: 33690, value: 
key: 29491, value: 
key: 992074, value: 
key: 311437, value: 
key: 65101, value: 
key: 736924, value: 
key: 50149, value: 
key: 419612, value: 
key: 93588, value: 
key: 881617, value: 
key: 20881, value: 
key: 17412, value: 
key: 179464, value: 
key: 468809, value: 
key: 777642, value: 
key: 986611, value: 
key: 25103, value: 
key: 483619, value: 
key: 426728, value: 
key: 43707, value: 
key: 56792, value: 
key: 635526, value: 
key: 627516, value: 
key: 3066, value: 
key: 337495, value: 
key: 156454, value: 
key: 187197, value: 
key: 74558, value: 
key: 473870, value: 
key: 137606, value: 
key: 90453, value: 
key: 296918, value: 
key: 90925, value: 
key: 8333, value: 
key: 237461, value: 
key: 546125, value: 
key: 875713, value: 
key: 83071, value: 
key: 162257, value: 
key: 708057, value: 
key: 691450, value: 
key: 388116, value: 
key: 258556, value: 
key: 359873, value: 
key: 551378, value: 
key: 543689, value: 
key: 641552, value: 
key: 4353, value: 
key: 23541, value: 
key: 3749, value: 
key: 1370, value: 
key: 70673, value: 
key: 639719, value: 
key: 843884, value: 
key: 4021, value: 
key: 545188, value: 
key: 648276, value: 
key: 113, value: 
key: 922950, value: 
key: 670596, value: 
key: 582831, value: 
key: 104752, value: 
key: 349885, value: 
key: 32066, value: 
key: 637564, value: 
key: 421044, value: 
key: 639809, value: 
key: 76901, value: 
key: 704585, value: 
key: 37955, value: 
key: 140459, value: 
key: 480014, value: 
key: 166615, value: 
key: 708121, value: 
key: 656082, value: 
key: 228399, value: 
key: 94352, value: 
key: 912979, value: 
key: 229888, value: 
key: 909283, value: 
key: 600540, value: 
key: 116401, value: 
key: 548859, value: 
key: 588466, value: 
key: 800861, value: 
key: 1426, value: 
key: 3673, value: 
key: 281619, value: 
key: 981001, value: 
key: 578858, value: 
key: 59663, value: 
key: 159127, value: 
key: 102293, value: 
key: 608344, value: 
key: 243013, value: 
key: 103371, value: 
key: 506482, value: 
key: 940916, value: 
key: 174137, value: 
key: 500671, value: 
key: 118926, value: 
key: 102916, value: 
key: 121937, value: 
key: 136357, value: 
key: 200861, value: 
key: 447400, value: 
key: 277096, value: 
key: 511349, value: 
key: 673605, value: 
key: 129827, value: 
key: 180901, value: 
key: 9152, value: 
key: 104, value: 
key: 447460, value: 
key: 10466, value: 
key: 58039, value: 
key: 227882, value: 
key: 762222, value: 
key: 39801, value: 
key: 122631, value: 
key: 558407, value: 
key: 176502, value: 
key: 819506, value: 
key: 197033, value: 
key: 803509, value: 
key: 434769, value: 
key: 155154, value: 
key: 216170, value: 
key: 354526, value: 
key: 286867, value: 
key: 34187, value: 
key: 184361, value: 
key: 423811, value: 
key: 67172, value: 
key: 4470, value: 
key: 1831, value: 
key: 28669, value: 
key: 18101, value: 
key: 229871, value: 
key: 118258, value: 
key: 452833, value: 
key: 320769, value: 
key: 198689, value: 
key: 18798, value: 
key: 183564, value: 
key: 200175, value: 
key: 172157, value: 
key: 440887, value: 
key: 816541, value: 
key: 1257, value: 
key: 670022, value: 
key: 637137, value: 
key: 689352, value: 
key: 710577, value: 
key: 418721, value: 
key: 129188, value: 
key: 21222, value: 
key: 620542, value: 
key: 633489, value: 
key: 574627, value: 
key: 283309, value: 
key: 677032, value: 
key: 6762, value: 
key: 515707, value: 
key: 221442, value: 
key: 57287, value: 
key: 172348, value: 
key: 173765, value: 
key: 318531, value: 
key: 323083, value: 
key: 843499, value: 
key: 253847, value: 
key: 150133, value: 
key: 413254, value: 
key: 396199, value: 
key: 565135, value: 
key: 85765, value: 
key: 206559, value: 
key: 207729, value: 
key: 302497, value: 
key: 316474, value: 
key: 85930, value: 
key: 606638, value: 
key: 29666, value: 
key: 851715, value: 
key: 56446, value: 
key: 27110, value: 
key: 928064, value: 
key: 10154, value: 
key: 13834, value: 
key: 61790, value: 
key: 870527, value: 
key: 1105, value: 
key: 558681, value: 
key: 9271, value: 
key: 323368, value: 
key: 204128, value: 
key: 833362, value: 
key: 581942, value: 
key: 346, value: 
key: 956135, value: 
key: 404175, value: 
key: 71351, value: 
key: 125344, value: 
key: 857490, value: 
key: 345892, value: 
key: 713, value: 
key: 834260, value: 
key: 208711, value: 
key: 151431, value: 
key: 357495, value: 
key: 255104, value: 
key: 955459, value: 
key: 488791, value: 
key: 39502, value: 
key: 398962, value: 
key: 902132, value: 
key: 575271, value: 
key: 371002, value: 
key: 803851, value: 
key: 564088, value: 
key: 9804, value: 
key: 4717, value: 
key: 16316, value: 
key: 423152, value: 
key: 676244, value: 
key: 476734, value: 
key: 606586, value: 
key: 76480, value: 
key: 866531, value: 
key: 955424, value: 
key: 614187, value: 
key: 456558, value: 
key: 244238, value: 
key: 307041, value: 
key: 26566, value: 
key: 836646, value: 
key: 144679, value: 
key: 227, value: 
key: 871852, value: 
key: 14721, value: 
key: 936818, value: 
key: 359662, value: 
key: 17791, value: 
key: 478950, value: 
key: 618, value: 
key: 359, value: 
key: 155394, value: 
key: 7345, value: 
key: 583924, value: 
key: 760424, value: 
key: 801817, value: 
key: 230141, value: 
key: 115145, value: 
key: 353983, value: 
key: 138474, value: 
key: 763681, value: 
key: 633841, value: 
key: 118111, value: 
key: 1327, value: 
key: 203765, value: 
key: 178436, value: 
key: 45509, value: 
key: 343425, value: 
key: 70, value: 
key: 10293, value: 
key: 15362, value: 
key: 816675, value: 
key: 6863, value: 
key: 649192, value: 
key: 787443, value: 
key: 829411, value: 
key: 715, value: 
key: 480016, value: 
key: 546235, value: 
key: 140297, value: 
key: 417313, value: 
key: 394218, value: 
key: 159633, value: 
key: 773112, value: 
key: 160642, value: 
key: 503582, value: 
key: 9372, value: 
key: 185223, value: 
key: 577567, value: 
key: 561418, value: 
key: 15034, value: 
key: 230930, value: 
key: 1961, value: 
key: 608311, value: 
key: 90170, value: 
key: 41309, value: 
key: 11119, value: 
key: 301009, value: 
key: 359408, value: 
key: 517684, value: 
key: 106538, value: 
key: 881699, value: 
key: 921487, value: 
key: 142853, value: 
key: 126253, value: 
key: 46575, value: 
key: 314759, value: 
key: 267950, value: 
key: 55777, value: 
key: 723766, value: 
key: 403958, value: 
key: 598421, value: 
key: 263691, value: 
key: 796300, value: 
key: 485330, value: 
key: 81350, value: 
key: 882636, value: 
key: 234587, value: 
key: 27578, value: 
key: 173114, value: 
key: 35432, value: 
key: 240113, value: 
key: 411825, value: 
key: 152939, value: 
key: 37021, value: 
key: 10729, value: 
key: 486568, value: 
key: 791682, value: 
key: 90893, value: 
key: 86915, value: 
key: 18888, value: 
key: 39454, value: 
key: 161634, value: 
key: 919990, value: 
key: 67820, value: 
key: 13856, value: 
key: 173185, value: 
key: 51470, value: 
key: 817041, value: 
key: 7110, value: 
key: 12927, value: 
key: 33458, value: 
key: 622430, value: 
key: 925388, value: 
key: 541151, value: 
key: 567955, value: 
key: 77885, value: 
key: 2663, value: 
key: 891474, value: 
key: 63457, value: 
key: 726701, value: 
key: 146406, value: 
key: 505102, value: 
key: 194564, value: 
key: 541577, value: 
key: 517314, value: 
key: 563072, value: 
key: 47174, value: 
key: 869431, value: 
key: 461358, value: 
key: 692488, value: 
key: 451223, value: 
key: 175017, value: 
key: 400573, value: 
key: 139022, value: 
key: 288650, value: 
key: 346675, value: 
key: 1431, value: 
key: 799981, value: 
key: 74576, value: 
key: 908088, value: 
key: 82038, value: 
key: 623978, value: 
key: 381155, value: 
key: 136861, value: 
key: 297081, value: 
key: 361869, value: 
key: 300903, value: 
key: 891476, value: 
key: 635306, value: 
key: 305489, value: 
key: 22056, value: 
key: 550054, value: 
key: 22131, value: 
key: 117529, value: 
key: 484777, value: 
key: 3682, value: 
key: 277841, value: 
key: 914979, value: 
key: 117480, value: 
key: 7811, value: 
key: 129162, value: 
key: 687493, value: 
key: 45949, value: 
key: 792533, value: 
key: 1804, value: 
key: 825758, value: 
key: 791981, value: 
key: 114832, value: 
key: 405217, value: 
key: 118700, value: 
key: 711736, value: 
key: 389089, value: 
key: 3983, value: 
key: 473418, value: 
key: 225024, value: 
key: 20081, value: 
key: 685350, value: 
key: 206274, value: 
key: 666490, value: 
key: 30846, value: 
key: 20984, value: 
key: 540, value: 
key: 57001, value: 
key: 723492, value: 
key: 115525, value: 
key: 763142, value: 
key: 74651, value: 
key: 471773, value: 
key: 222009, value: 
key: 668216, value: 
key: 38169, value: 
key: 519109, value: 
key: 848953, value: 
key: 386183, value: 
key: 71665, value: 
key: 37942, value: 
key: 426775, value: 
key: 99339, value: 
key: 936911, value: 
key: 70200, value: 
key: 494886, value: 
key: 889428, value: 
key: 230965, value: 
key: 406270, value: 
key: 806553, value: 
key: 510520, value: 
key: 498761, value: 
key: 94620, value: 
key: 72491, value: 
key: 23930, value: 
key: 840540, value: 
key: 326282, value: 
key: 327841, value: 
key: 489121, value: 
key: 497531, value: 
key: 82001, value: 
key: 106877, value: 
key: 356715, value: 
key: 197950, value: 
key: 18648, value: 
key: 120051, value: 
key: 48759, value: 
key: 122136, value: 
key: 34521, value: 
key: 151901, value: 
key: 412570, value: 
key: 858675, value: 
key: 447510, value: 
key: 1440, value: 
key: 238985, value: 
key: 809842, value: 
key: 773730, value: 
key: 522336, value: 
key: 875869, value: 
key: 636213, value: 
key: 202199, value: 
key: 852761, value: 
key: 846717, value: 
key: 142376, value: 
key: 917118, value: 
key: 642090, value: 
key: 625615, value: 
key: 667387, value: 
key: 547584, value: 
key: 81954, value: 
key: 209228, value: 
key: 428090, value: 
key: 268177, value: 
key: 310618, value: 
key: 104987, value: 
key: 793932, value: 
key: 358458, value: 
key: 812521, value: 
key: 7510, value: 
key: 44274, value: 
key: 344170, value: 
key: 861257, value: 
key: 119011, value: 
key: 220357, value: 
key: 13971, value: 
key: 990557, value: 
key: 836927, value: 
key: 162, value: 
key: 744204, value: 
key: 423295, value: 
key: 622856, value: 
key: 336722, value: 
key: 973770, value: 
key: 83574, value: 
key: 466317, value: 
key: 717248, value: 
key: 935523, value: 
key: 347821, value: 
key: 87657, value: 
key: 333150, value: 
key: 160536, value: 
key: 911253, value: 
key: 122901, value: 
key: 47875, value: 
key: 1046, value: 
key: 42186, value: 
key: 158690, value: 
key: 291375, value: 
key: 338131, value: 
key: 195080, value: 
key: 431249, value: 
key: 84100, value: 
key: 158694, value: 
key: 27219, value: 
key: 236714, value: 
key: 41264, value: 
key: 218181, value: 
key: 925742, value: 
key: 26317, value: 
key: 122941, value: 
key: 22793, value: 
key: 88432, value: 
key: 978678, value: 
key: 26294, value: 
key: 347263, value: 
key: 22122, value: 
key: 945096, value: 
key: 89116, value: 
key: 229493, value: 
key: 556463, value: 
key: 974917, value: 
key: 330085, value: 
key: 849114, value: 
key: 39643, value: 
key: 237298, value: 
key: 481264, value: 
key: 421583, value: 
key: 365948, value: 
key: 2241, value: 
key: 877432, value: 
key: 669916, value: 
key: 542581, value: 
key: 75234, value: 
key: 58486, value: 
key: 231371, value: 
key: 214983, value: 
key: 633120, value: 
key: 517893, value: 
key: 59041, value: 
key: 5136, value: 
key: 741737, value: 
key: 738393, value: 
key: 533655, value: 
key: 110733, value: 
key: 580055, value: 
key: 561621, value: 
key: 213289, value: 
key: 247132, value: 
key: 116360, value: 
key: 100347, value: 
key: 171554, value: 
key: 651713, value: 
key: 1527, value: 
key: 500158, value: 
key: 182077, value: 
key: 763881, value: 
key: 454750, value: 
key: 27224, value: 
key: 5868, value: 
key: 625158, value: 
key: 354605, value: 
key: 48605, value: 
key: 134197, value: 
key: 123386, value: 
key: 520378, value: 
key: 421697, value: 
key: 110359, value: 
key: 988028, value: 
key: 759165, value: 
key: 123070, value: 
key: 545481, value: 
key: 136995, value: 
key: 874330, value: 
key: 179042, value: 
key: 13672, value: 
key: 492048, value: 
key: 14291, value: 
key: 627024, value: 
key: 304017, value: 
key: 975116, value: 
key: 359466, value: 
key: 567458, value: 
key: 269714, value: 
key: 16259, value: 
key: 524154, value: 
key: 58501, value: 
key: 332076, value: 
key: 670149, value: 
key: 719929, value: 
key: 332186, value: 
key: 763720, value: 
key: 776939, value: 
key: 981779, value: 
key: 582345, value: 
key: 515967, value: 
key: 160875, value: 
key: 820979, value: 
key: 428784, value: 
key: 640766, value: 
key: 622074, value: 
key: 709821, value: 
key: 6058, value: 
key: 839838, value: 
key: 138845, value: 
key: 118173, value: 
key: 42001, value: 
key: 76266, value: 
key: 885004, value: 
key: 520891, value: 
key: 38482, value: 
key: 530342, value: 
key: 993406, value: 
key: 95276, value: 
key: 3538, value: 
key: 141094, value: 
key: 352218, value: 
key: 600575, value: 
key: 24595, value: 
key: 22276, value: 
key: 789915, value: 
key: 164767, value: 
key: 86054, value: 
key: 32264, value: 
key: 484443, value: 
key: 61705, value: 
key: 29363, value: 
key: 521133, value: 
key: 236101, value: 
key: 149047, value: 
key: 198184, value: 
key: 624335, value: 
key: 422423, value: 
key: 755543, value: 
key: 742574, value: 
key: 75849, value: 
key: 376371, value: 
key: 39517, value: 
key: 20063, value: 
key: 145137, value: 
key: 747872, value: 
key: 48472, value: 
key: 42920, value: 
key: 12888, value: 
key: 623855, value: 
key: 16682, value: 
key: 207716, value: 
key: 10091, value: 
key: 604023, value: 
key: 946989, value: 
key: 384033, value: 
key: 76109, value: 
key: 165562, value: 
key: 614448, value: 
key: 293414, value: 
key: 214075, value: 
key: 733631, value: 
key: 337907, value: 
key: 266476, value: 
key: 575480, value: 
key: 699584, value: 
key: 517570, value: 
key: 979334, value: 
key: 300473, value: 
key: 65518, value: 
key: 24241, value: 
key: 135019, value: 
key: 4380, value: 
key: 765586, value: 
key: 566419, value: 
key: 422555, value: 
key: 72583, value: 
key: 35184, value: 
key: 633070, value: 
key: 60766, value: 
key: 621682, value: 
key: 135024, value: 
key: 185379, value: 
key: 398612, value: 
key: 83727, value: 
key: 426843, value: 
key: 573222, value: 
key: 181159, value: 
key: 92488, value: 
key: 167579, value: 
key: 116269, value: 
key: 438909, value: 
key: 19744, value: 
key: 847727, value: 
key: 962981, value: 
key: 112278, value: 
key: 605202, value: 
key: 845048, value: 
key: 415463, value: 
key: 5055, value: 
key: 126042, value: 
key: 97188, value: 
key: 921995, value: 
key: 7538, value: 
key: 723052, value: 
key: 571921, value: 
key: 40230, value: 
key: 163405, value: 
key: 367197, value: 
key: 13724, value: 
key: 846151, value: 
key: 694123, value: 
key: 734652, value: 
key: 994229, value: 
key: 1264, value: 
key: 19850, value: 
key: 77519, value: 
key: 173091, value: 
key: 837634, value: 
key: 10503, value: 
key: 1824, value: 
key: 272785, value: 
key: 418857, value: 
key: 111639, value: 
key: 323423, value: 
key: 5473, value: 
key: 131240, value: 
key: 31188, value: 
key: 90204, value: 
key: 10509, value: 
key: 991822, value: 
key: 298811, value: 
key: 42360, value: 
key: 73399, value: 
key: 144194, value: 
key: 309665, value: 
key: 764130, value: 
key: 8252, value: 
key: 180668, value: 
key: 42188, value: 
key: 773233, value: 
key: 618712, value: 
key: 443374, value: 
key: 57388, value: 
key: 132083, value: 
key: 996481, value: 
key: 13418, value: 
key: 120, value: 
key: 107474, value: 
key: 332492, value: 
key: 637294, value: 
key: 456028, value: 
key: 782884, value: 
key: 433393, value: 
key: 573983, value: 
key: 791082, value: 
key: 406726, value: 
key: 274493, value: 
key: 687707, value: 
key: 39889, value: 
key: 975697, value: 
key: 89695, value: 
key: 139691, value: 
key: 2159, value: 
key: 13384, value: 
key: 1158, value: 
key: 19933, value: 
key: 576450, value: 
key: 20885, value: 
key: 585685, value: 
key: 639573, value: 
key: 212400, value: 
key: 649154, value: 
key: 23006, value: 
key: 454622, value: 
key: 518636, value: 
key: 889176, value: 
key: 687464, value: 
key: 361548, value: 
key: 26786, value: 
key: 98264, value: 
key: 13979, value: 
key: 969672, value: 
key: 511138, value: 
key: 900189, value: 
key: 428089, value: 
key: 406474, value: 
key: 393303, value: 
key: 19926, value: 
key: 74507, value: 
key: 312379, value: 
key: 712825, value: 
key: 809147, value: 
key: 455856, value: 
key: 69149, value: 
key: 682227, value: 
key: 58769, value: 
key: 193316, value: 
key: 164341, value: 
key: 546365, value: 
key: 23796, value: 
key: 282524, value: 
key: 64768, value: 
key: 434538, value: 
key: 682148, value: 
key: 188109, value: 
key: 372759, value: 
key: 50, value: 
key: 62744, value: 
key: 125896, value: 
key: 573532, value: 
key: 172427, value: 
key: 84760, value: 
key: 759633, value: 
key: 89444, value: 
key: 8670, value: 
key: 363364, value: 
key: 1088, value: 
key: 470938, value: 
key: 215067, value: 
key: 50534, value: 
key: 438666, value: 
key: 128, value: 
key: 796179, value: 
key: 282146, value: 
key: 307649, value: 
key: 7024, value: 
key: 259773, value: 
key: 633528, value: 
key: 519, value: 
key: 51863, value: 
key: 155066, value: 
key: 31962, value: 
key: 160871, value: 
key: 433621, value: 
key: 279935, value: 
key: 333552, value: 
key: 917370, value: 
key: 781401, value: 
key: 51478, value: 
key: 229628, value: 
key: 42456, value: 
key: 16099, value: 
key: 320655, value: 
key: 633982, value: 
key: 598681, value: 
key: 989742, value: 
key: 559004, value: 
key: 864104, value: 
key: 968389, value: 
key: 747203, value: 
key: 80351, value: 
key: 171839, value: 
key: 307713, value: 
key: 721401, value: 
key: 407127, value: 
key: 858448, value: 
key: 566514, value: 
key: 257070, value: 
key: 759671, value: 
key: 346400, value: 
key: 434303, value: 
key: 31454, value: 
key: 343302, value: 
key: 402579, value: 
key: 532902, value: 
key: 924617, value: 
key: 523597, value: 
key: 457896, value: 
key: 632244, value: 
key: 992933, value: 
key: 575510, value: 
key: 263488, value: 
key: 565607, value: 
key: 578450, value: 
key: 577509, value: 
key: 82034, value: 
key: 183946, value: 
key: 951222, value: 
key: 28676, value: 
key: 592407, value: 
key: 39928, value: 
key: 733910, value: 
key: 414769, value: 
key: 410037, value: 
key: 50284, value: 
key: 629338, value: 
key: 171002, value: 
key: 683514, value: 
key: 789698, value: 
key: 934946, value: 
key: 216745, value: 
key: 168617, value: 
key: 17065, value: 
key: 305032, value: 
key: 678019, value: 
key: 4102, value: 
key: 876631, value: 
key: 670, value: 
key: 140, value: 
key: 161339, value: 
key: 385542, value: 
key: 171, value: 
key: 408407, value: 
key: 826209, value: 
key: 200052, value: 
key: 604881, value: 
key: 740170, value: 
key: 427123, value: 
key: 84614, value: 
key: 114894, value: 
key: 265640, value: 
key: 7846, value: 
key: 339150, value: 
key: 101182, value: 
key: 7334, value: 
key: 626782, value: 
key: 102305, value: 
key: 530908, value: 
key: 4289, value: 
key: 17359, value: 
key: 911198, value: 
key: 57430, value: 
key: 169074, value: 
key: 109410, value: 
key: 137657, value: 
key: 68762, value: 
key: 222197, value: 
key: 428472, value: 
key: 208395, value: 
key: 948138, value: 
key: 365281, value: 
key: 38390, value: 
key: 275274, value: 
key: 107997, value: 
key: 260902, value: 
key: 926462, value: 
key: 863141, value: 
key: 509900, value: 
key: 92527, value: 
key: 16242, value: 
key: 912870, value: 
key: 68807, value: 
key: 140558, value: 
key: 57421, value: 
key: 543317, value: 
key: 576913, value: 
key: 768196, value: 
key: 761591, value: 
key: 418693, value: 
key: 135288, value: 
key: 191747, value: 
key: 152076, value: 
key: 2463, value: 
key: 318414, value: 
key: 625846, value: 
key: 537006, value: 
key: 48531, value: 
key: 35904, value: 
key: 98859, value: 
key: 621916, value: 
key: 309429, value: 
key: 6418, value: 
key: 110469, value: 
key: 118506, value: 
key: 516272, value: 
key: 881930, value: 
key: 580622, value: 
key: 486335, value: 
key: 373954, value: 
key: 578663, value: 
key: 262968, value: 
key: 629316, value: 
key: 594090, value: 
key: 30730, value: 
key: 2968, value: 
key: 80872, value: 
key: 34260, value: 
key: 13616, value: 
key: 15221, value: 
key: 11847, value: 
key: 100387, value: 
key: 696750, value: 
key: 396762, value: 
key: 6537, value: 
key: 796317, value: 
key: 537673, value: 
key: 909582, value: 
key: 959361, value: 
key: 4829, value: 
key: 419256, value: 
key: 12271, value: 
key: 776229, value: 
key: 30866, value: 
key: 74408, value: 
key: 707805, value: 
key: 834730, value: 
key: 129676, value: 
key: 86829, value: 
key: 410248, value: 
key: 718652, value: 
key: 404115, value: 
key: 224045, value: 
key: 613104, value: 
key: 58721, value: 
key: 214626, value: 
key: 454, value: 
key: 312788, value: 
key: 365764, value: 
key: 313727, value: 
key: 1617, value: 
key: 871702, value: 
key: 906244, value: 
key: 348233, value: 
key: 816147, value: 
key: 368677, value: 
key: 812086, value: 
key: 477326, value: 
key: 362668, value: 
key: 27215, value: 
key: 526219, value: 
key: 176122, value: 
key: 31685, value: 
key: 28900, value: 
key: 21385, value: 
key: 50956, value: 
key: 130153, value: 
key: 824742, value: 
key: 968659, value: 
key: 302020, value: 
key: 525548, value: 
key: 182437, value: 
key: 931035, value: 
key: 308239, value: 
key: 903221, value: 
key: 959323, value: 
key: 222539, value: 
key: 67644, value: 
key: 67943, value: 
key: 975611, value: 
key: 457564, value: 
key: 153808, value: 
key: 260142, value: 
key: 548066, value: 
key: 237506, value: 
key: 15203, value: 
key: 352287, value: 
key: 148349, value: 
key: 620968, value: 
key: 813065, value: 
key: 890943, value: 
key: 31937, value: 
key: 730586, value: 
key: 454303, value: 
key: 783953, value: 
key: 582848, value: 
key: 155710, value: 
key: 383269, value: 
key: 466577, value: 
key: 715851, value: 
key: 292976, value: 
key: 926147, value: 
key: 656606, value: 
key: 7149, value: 
key: 172768, value: 
key: 65143, value: 
key: 306208, value: 
key: 767614, value: 
key: 883279, value: 
key: 36907, value: 
key: 256734, value: 
key: 92389, value: 
key: 214770, value: 
key: 188037, value: 
key: 52150, value: 
key: 252347, value: 
key: 633605, value: 
key: 833533, value: 
key: 663994, value: 
key: 195619, value: 
key: 477467, value: 
key: 943223, value: 
key: 862430, value: 
key: 840524, value: 
key: 352041, value: 
key: 680995, value: 
key: 944323, value: 
key: 837546, value: 
key: 86500, value: 
key: 288050, value: 
key: 727092, value: 
key: 498994, value: 
key: 253320, value: 
key: 142051, value: 
key: 814185, value: 
key: 276426, value: 
key: 574384, value: 
key: 910355, value: 
key: 503571, value: 
key: 94820, value: 
key: 668351, value: 
key: 155817, value: 
key: 96152, value: 
key: 63174, value: 
key: 555912, value: 
key: 73054, value: 
key: 755305, value: 
key: 133075, value: 
key: 518405, value: 
key: 131983, value: 
key: 902, value: 
key: 326255, value: 
key: 57692, value: 
key: 302833, value: 
key: 134593, value: 
key: 334522, value: 
key: 140253, value: 
key: 31557, value: 
key: 15030, value: 
key: 39296, value: 
key: 992469, value: 
key: 110535, value: 
key: 192483, value: 
key: 556351, value: 
key: 376036, value: 
key: 77838, value: 
key: 163393, value: 
key: 261075, value: 
key: 268993, value: 
key: 18828, value: 
key: 84166, value: 
key: 751, value: 
key: 117462, value: 
key: 228108, value: 
key: 735136, value: 
key: 27947, value: 
key: 505799, value: 
key: 954186, value: 
key: 960, value: 
key: 262102, value: 
key: 62601, value: 
key: 218998, value: 
key: 84674, value: 
key: 96275, value: 
key: 46191, value: 
key: 705067, value: 
key: 18486, value: 
key: 401420, value: 
key: 37360, value: 
key: 983182, value: 
key: 5439, value: 
key: 955158, value: 
key: 18028, value: 
key: 391686, value: 
key: 10567, value: 
key: 490987, value: 
key: 62173, value: 
key: 483408, value: 
key: 765997, value: 
key: 59621, value: 
key: 660038, value: 
key: 454871, value: 
key: 36350, value: 
key: 222267, value: 
key: 2423, value: 
key: 256716, value: 
key: 809277, value: 
key: 247792, value: 
key: 15018, value: 
key: 16620, value: 
key: 109977, value: 
key: 303634, value: 
key: 378438, value: 
key: 77658, value: 
key: 847673, value: 
key: 977716, value: 
key: 224713, value: 
key: 728804, value: 
key: 303883, value: 
key: 105007, value: 
key: 23019, value: 
key: 745296, value: 
key: 157990, value: 
key: 182774, value: 
key: 307054, value: 
key: 943717, value: 
key: 887518, value: 
key: 541346, value: 
key: 338511, value: 
key: 698138, value: 
key: 134430, value: 
key: 8162, value: 
key: 437236, value: 
key: 114519, value: 
key: 202315, value: 
key: 175806, value: 
key: 390663, value: 
key: 103049, value: 
key: 451812, value: 
key: 19290, value: 
key: 809516, value: 
key: 16349, value: 
key: 191363, value: 
key: 21198, value: 
key: 681323, value: 
key: 50677, value: 
key: 20441, value: 
key: 538669, value: 
key: 92785, value: 
key: 600625, value: 
key: 237979, value: 
key: 691582, value: 
key: 144781, value: 
key: 271119, value: 
key: 326639, value: 
key: 28719, value: 
key: 13261, value: 
key: 434, value: 
key: 552986, value: 
key: 784486, value: 
key: 10930, value: 
key: 15773, value: 
key: 109988, value: 
key: 977105, value: 
key: 598584, value: 
key: 70286, value: 
key: 11252, value: 
key: 245071, value: 
key: 943238, value: 
key: 898347, value: 
key: 490673, value: 
key: 974177, value: 
key: 135471, value: 
key: 343610, value: 
key: 232530, value: 
key: 4335, value: 
key: 401277, value: 
key: 211223, value: 
key: 287527, value: 
key: 59973, value: 
key: 309423, value: 
key: 583904, value: 
key: 727584, value: 
key: 505540, value: 
key: 972595, value: 
key: 13636, value: 
key: 39935, value: 
key: 682290, value: 
key: 298750, value: 
key: 756319, value: 
key: 254161, value: 
key: 275236, value: 
key: 15452, value: 
key: 106413, value: 
key: 606270, value: 
key: 128084, value: 
key: 131602, value: 
key: 105175, value: 
key: 12572, value: 
key: 92989, value: 
key: 23288, value: 
key: 996850, value: 
key: 130485, value: 
key: 285981, value: 
key: 733161, value: 
key: 2629, value: 
key: 82328, value: 
key: 764303, value: 
key: 7714, value: 
key: 481611, value: 
key: 773473, value: 
key: 767801, value: 
key: 682379, value: 
key: 15706, value: 
key: 115956, value: 
key: 35250, value: 
key: 877023, value: 
key: 38868, value: 
key: 446438, value: 
key: 26047, value: 
key: 318517, value: 
key: 666023, value: 
key: 775804, value: 
key: 536269, value: 
key: 651511, value: 
key: 21518, value: 
key: 388004, value: 
key: 160369, value: 
key: 9750, value: 
key: 231964, value: 
key: 724156, value: 
key: 212127, value: 
key: 102361, value: 
key: 504321, value: 
key: 718768, value: 
key: 50130, value: 
key: 199950, value: 
key: 619209, value: 
key: 683769, value: 
key: 30484, value: 
key: 137769, value: 
key: 644597, value: 
key: 176733, value: 
key: 110573, value: 
key: 101465, value: 
key: 245213, value: 
key: 102387, value: 
key: 243703, value: 
key: 400397, value: 
key: 595268, value: 
key: 27431, value: 
key: 267530, value: 
key: 415131, value: 
key: 355040, value: 
key: 146237, value: 
key: 80957, value: 
key: 713114, value: 
key: 972946, value: 
key: 357084, value: 
key: 450314, value: 
key: 216521, value: 
key: 840654, value: 
key: 101898, value: 
key: 711886, value: 
key: 32150, value: 
key: 62553, value: 
key: 272930, value: 
key: 598155, value: 
key: 44902, value: 
key: 416994, value: 
key: 112234, value: 
key: 771943, value: 
key: 124815, value: 
key: 575972, value: 
key: 206436, value: 
key: 715185, value: 
key: 483420, value: 
key: 188299, value: 
key: 70482, value: 
key: 46511, value: 
key: 731453, value: 
key: 848962, value: 
key: 33375, value: 
key: 710508, value: 
key: 176335, value: 
key: 319772, value: 
key: 971958, value: 
key: 133943, value: 
key: 589937, value: 
key: 907366, value: 
key: 1541, value: 
key: 11081, value: 
key: 211957, value: 
key: 163025, value: 
key: 294594, value: 
key: 773132, value: 
key: 764673, value: 
key: 162581, value: 
key: 56073, value: 
key: 862700, value: 
key: 235759, value: 
key: 383324, value: 
key: 30853, value: 
key: 76628, value: 
key: 16091, value: 
key: 347676, value: 
key: 367270, value: 
key: 181397, value: 
key: 212770, value: 
key: 240528, value: 
key: 995099, value: 
key: 112094, value: 
key: 555888, value: 
key: 836567, value: 
key: 307582, value: 
key: 38057, value: 
key: 233098, value: 
key: 329650, value: 
key: 33429, value: 
key: 16376, value: 
key: 5752, value: 
key: 844825, value: 
key: 652789, value: 
key: 778283, value: 
key: 8744, value: 
key: 986945, value: 
key: 312968, value: 
key: 9747, value: 
key: 77269, value: 
key: 149290, value: 
key: 978490, value: 
key: 455485, value: 
key: 293102, value: 
key: 593707, value: 
key: 2254, value: 
key: 252026, value: 
key: 15836, value: 
key: 945069, value: 
key: 973626, value: 
key: 551042, value: 
key: 18127, value: 
key: 5703, value: 
key: 239647, value: 
key: 602357, value: 
key: 319329, value: 
key: 968626, value: 
key: 105922, value: 
key: 354672, value: 
key: 270152, value: 
key: 528668, value: 
key: 373444, value: 
key: 609170, value: 
key: 94947, value: 
key: 571956, value: 
key: 94026, value: 
key: 986068, value: 
key: 59049, value: 
key: 263, value: 
key: 279454, value: 
key: 482423, value: 
key: 890064, value: 
key: 575767, value: 
key: 324, value: 
key: 106233, value: 
key: 742538, value: 
key: 60179, value: 
key: 501151, value: 
key: 608863, value: 
key: 360972, value: 
key: 111765, value: 
key: 98837, value: 
key: 623420, value: 
key: 198636, value: 
key: 241712, value: 
key: 485466, value: 
key: 44258, value: 
key: 78044, value: 
key: 800320, value: 
key: 420546, value: 
key: 715198, value: 
key: 735132, value: 
key: 253021, value: 
key: 403060, value: 
key: 696219, value: 
key: 808568, value: 
key: 683532, value: 
key: 369504, value: 
key: 581755, value: 
key: 81989, value: 
key: 84669, value: 
key: 223905, value: 
key: 28119, value: 
key: 342666, value: 
key: 599646, value: 
key: 122563, value: 
key: 805455, value: 
key: 6607, value: 
key: 901962, value: 
key: 381025, value: 
key: 663949, value: 
key: 848171, value: 
key: 608788, value: 
key: 379848, value: 
key: 67167, value: 
key: 499184, value: 
key: 23682, value: 
key: 696334, value: 
key: 500105, value: 
key: 211588, value: 
key: 651580, value: 
key: 57177, value: 
key: 16532, value: 
key: 958562, value: 
key: 1952, value: 
key: 978032, value: 
key: 21376, value: 
key: 362873, value: 
key: 878136, value: 
key: 274688, value: 
key: 16589, value: 
key: 588934, value: 
key: 191424, value: 
key: 180084, value: 
key: 995, value: 
key: 683112, value: 
key: 197729, value: 
key: 947003, value: 
key: 54860, value: 
key: 271566, value: 
key: 866665, value: 
key: 97193, value: 
key: 319354, value: 
key: 16011, value: 
key: 491021, value: 
key: 10084, value: 
key: 637603, value: 
key: 702798, value: 
key: 873124, value: 
key: 301012, value: 
key: 98198, value: 
key: 459773, value: 
key: 583010, value: 
key: 694884, value: 
key: 261, value: 
key: 376539, value: 
key: 830497, value: 
key: 792706, value: 
key: 82519, value: 
key: 284423, value: 
key: 211643, value: 
key: 635180, value: 
key: 125106, value: 
key: 546855, value: 
key: 281459, value: 
key: 936616, value: 
key: 206300, value: 
key: 260230, value: 
key: 380903, value: 
key: 6977, value: 
key: 5523, value: 
key: 65918, value: 
key: 105036, value: 
key: 649332, value: 
key: 172821, value: 
key: 266106, value: 
key: 9710, value: 
key: 149083, value: 
key: 54543, value: 
key: 89143, value: 
key: 58673, value: 
key: 260812, value: 
key: 699216, value: 
key: 437517, value: 
key: 84858, value: 
key: 685628, value: 
key: 84115, value: 
key: 989748, value: 
key: 792670, value: 
key: 559417, value: 
key: 145113, value: 
key: 440704, value: 
key: 14, value: 
key: 43837, value: 
key: 605710, value: 
key: 63, value: 
key: 137981, value: 
key: 20821, value: 
key: 578924, value: 
key: 5318, value: 
key: 549676, value: 
key: 810712, value: 
key: 52932, value: 
key: 60753, value: 
key: 31898, value: 
key: 42092, value: 
key: 893131, value: 
key: 974672, value: 
key: 319068, value: 
key: 45170, value: 
key: 26308, value: 
key: 780866, value: 
key: 625516, value: 
key: 568183, value: 
key: 238387, value: 
key: 352193, value: 
key: 606843, value: 
key: 173699, value: 
key: 19485, value: 
key: 858642, value: 
key: 2805, value: 
key: 703674, value: 
key: 793570, value: 
key: 459562, value: 
key: 135367, value: 
key: 401457, value: 
key: 42401, value: 
key: 156090, value: 
key: 66119, value: 
key: 608072, value: 
key: 53045, value: 
key: 440724, value: 
key: 744002, value: 
key: 50882, value: 
key: 89495, value: 
key: 481442, value: 
key: 46162, value: 
key: 127487, value: 
key: 17982, value: 
key: 88807, value: 
key: 622458, value: 
key: 159262, value: 
key: 973699, value: 
key: 315, value: 
key: 835012, value: 
key: 297056, value: 
key: 57157, value: 
key: 174498, value: 
key: 86807, value: 
key: 17881, value: 
key: 834987, value: 
key: 82283, value: 
key: 181069, value: 
key: 533563, value: 
key: 231610, value: 
key: 714214, value: 
key: 914449, value: 
key: 948774, value: 
key: 680588, value: 
key: 453241, value: 
key: 949584, value: 
key: 622788, value: 
key: 207600, value: 
key: 17456, value: 
key: 545731, value: 
key: 2263, value: 
key: 104437, value: 
key: 418534, value: 
key: 103375, value: 
key: 70558, value: 
key: 977202, value: 
key: 16679, value: 
key: 515426, value: 
key: 134269, value: 
key: 40504, value: 
key: 168213, value: 
key: 40603, value: 
key: 195594, value: 
key: 223633, value: 
key: 139709, value: 
key: 151, value: 
key: 792975, value: 
key: 735886, value: 
key: 94912, value: 
key: 46166, value: 
key: 903476, value: 
key: 275399, value: 
key: 446061, value: 
key: 830873, value: 
key: 312366, value: 
key: 25747, value: 
key: 11128, value: 
key: 85774, value: 
key: 152719, value: 
key: 643666, value: 
key: 789283, value: 
key: 31052, value: 
key: 636846, value: 
key: 30820, value: 
key: 562996, value: 
key: 163304, value: 
key: 591822, value: 
key: 14433, value: 
key: 251957, value: 
key: 608098, value: 
key: 699139, value: 
key: 717031, value: 
key: 33085, value: 
key: 111626, value: 
key: 5783, value: 
key: 32305, value: 
key: 93085, value: 
key: 410541, value: 
key: 140512, value: 
key: 5444, value: 
key: 584246, value: 
key: 558197, value: 
key: 77740, value: 
key: 53461, value: 
key: 359781, value: 
key: 872444, value: 
key: 258673, value: 
key: 17816, value: 
key: 2333, value: 
key: 193787, value: 
key: 2050, value: 
key: 90116, value: 
key: 686786, value: 
key: 324749, value: 
key: 79386, value: 
key: 469510, value: 
key: 194241, value: 
key: 133530, value: 
key: 2036, value: 
key: 3488, value: 
key: 201534, value: 
key: 463149, value: 
key: 71986, value: 
key: 595316, value: 
key: 593408, value: 
key: 237665, value: 
key: 761838, value: 
key: 454583, value: 
key: 316061, value: 
key: 4883, value: 
key: 26236, value: 
key: 128161, value: 
key: 732313, value: 
key: 2377, value: 
key: 913233, value: 
key: 56583, value: 
key: 984451, value: 
key: 127021, value: 
key: 49837, value: 
key: 366217, value: 
key: 969829, value: 
key: 71692, value: 
key: 9231, value: 
key: 290600, value: 
key: 914685, value: 
key: 822256, value: 
key: 101315, value: 
key: 78653, value: 
key: 382662, value: 
key: 791426, value: 
key: 981412, value: 
key: 135347, value: 
key: 797916, value: 
key: 26524, value: 
key: 2737, value: 
key: 2469, value: 
key: 49680, value: 
key: 26467, value: 
key: 364185, value: 
key: 32996, value: 
key: 492279, value: 
key: 50662, value: 
key: 260111, value: 
key: 47422, value: 
key: 666265, value: 
key: 78415, value: 
key: 101511, value: 
key: 810660, value: 
key: 239571, value: 
key: 22416, value: 
key: 270936, value: 
key: 737703, value: 
key: 215568, value: 
key: 891469, value: 
key: 290202, value: 
key: 967449, value: 
key: 954689, value: 
key: 127748, value: 
key: 126000, value: 
key: 47330, value: 
key: 44744, value: 
key: 123854, value: 
key: 2681, value: 
key: 332687, value: 
key: 18554, value: 
key: 452507, value: 
key: 430514, value: 
key: 41642, value: 
key: 400513, value: 
key: 42885, value: 
key: 357057, value: 
key: 737176, value: 
key: 291377, value: 
key: 69057, value: 
key: 206427, value: 
key: 157952, value: 
key: 450765, value: 
key: 4490, value: 
key: 916993, value: 
key: 124046, value: 
key: 15142, value: 
key: 532410, value: 
key: 13799, value: 
key: 15287, value: 
key: 119954, value: 
key: 1293, value: 
key: 369023, value: 
key: 686500, value: 
key: 215797, value: 
key: 375538, value: 
key: 851445, value: 
key: 659117, value: 
key: 73087, value: 
key: 280087, value: 
key: 137822, value: 
key: 944264, value: 
key: 57083, value: 
key: 132179, value: 
key: 124604, value: 
key: 35733, value: 
key: 321403, value: 
key: 254662, value: 
key: 870338, value: 
key: 33395, value: 
key: 742910, value: 
key: 637850, value: 
key: 263154, value: 
key: 66618, value: 
key: 612381, value: 
key: 311222, value: 
key: 755240, value: 
key: 540488, value: 
key: 641695, value: 
key: 74666, value: 
key: 613665, value: 
key: 8519, value: 
key: 26588, value: 
key: 784280, value: 
key: 609129, value: 
key: 13362, value: 
key: 435597, value: 
key: 130379, value: 
key: 770690, value: 
key: 59261, value: 
key: 648205, value: 
key: 498648, value: 
key: 68654, value: 
key: 95423, value: 
key: 474532, value: 
key: 931222, value: 
key: 987443, value: 
key: 54116, value: 
key: 206377, value: 
key: 274239, value: 
key: 227486, value: 
key: 643394, value: 
key: 645288, value: 
key: 121180, value: 
key: 24566, value: 
key: 401963, value: 
key: 27, value: 
key: 678244, value: 
key: 80566, value: 
key: 498732, value: 
key: 413434, value: 
key: 143186, value: 
key: 439368, value: 
key: 814206, value: 
key: 138399, value: 
key: 152016, value: 
key: 998669, value: 
key: 238165, value: 
key: 81808, value: 
key: 785067, value: 
key: 12619, value: 
key: 576272, value: 
key: 100479, value: 
key: 589720, value: 
key: 264669, value: 
key: 3228, value: 
key: 437609, value: 
key: 571710, value: 
key: 930029, value: 
key: 25644, value: 
key: 454547, value: 
key: 58880, value: 
key: 63336, value: 
key: 242607, value: 
key: 548107, value: 
key: 613416, value: 
key: 223659, value: 
key: 670637, value: 
key: 253911, value: 
key: 887138, value: 
key: 155499, value: 
key: 642713, value: 
key: 9866, value: 
key: 466362, value: 
key: 507085, value: 
key: 328923, value: 
key: 374571, value: 
key: 307335, value: 
key: 736063, value: 
key: 209545, value: 
key: 619896, value: 
key: 146721, value: 
key: 31975, value: 
key: 999255, value: 
key: 113893, value: 
key: 617025, value: 
key: 116887, value: 
key: 259205, value: 
key: 487499, value: 
key: 175866, value: 
key: 72518, value: 
key: 189883, value: 
key: 767605, value: 
key: 470754, value: 
key: 25602, value: 
key: 508716, value: 
key: 30233, value: 
key: 803758, value: 
key: 123917, value: 
key: 688922, value: 
key: 570575, value: 
key: 128583, value: 
key: 307786, value: 
key: 384011, value: 
key: 808540, value: 
key: 434455, value: 
key: 979316, value: 
key: 368419, value: 
key: 712751, value: 
key: 83990, value: 
key: 445796, value: 
key: 4427, value: 
key: 742660, value: 
key: 462809, value: 
key: 9165, value: 
key: 45341, value: 
key: 18572, value: 
key: 4812, value: 
key: 964, value: 
key: 50095, value: 
key: 414370, value: 
key: 94543, value: 
key: 88876, value: 
key: 21011, value: 
key: 636860, value: 
key: 168565, value: 
key: 11399, value: 
key: 246340, value: 
key: 941474, value: 
key: 558335, value: 
key: 51030, value: 
key: 348857, value: 
key: 1260, value: 
key: 999611, value: 
key: 63051, value: 
key: 124899, value: 
key: 197611, value: 
key: 66001, value: 
key: 45204, value: 
key: 893827, value: 
key: 980035, value: 
key: 219258, value: 
key: 48076, value: 
key: 528884, value: 
key: 80698, value: 
key: 13757, value: 
key: 45275, value: 
key: 53038, value: 
key: 426296, value: 
key: 648029, value: 
key: 11218, value: 
key: 267921, value: 
key: 508983, value: 
key: 669370, value: 
key: 231140, value: 
key: 350144, value: 
key: 532197, value: 
key: 371554, value: 
key: 149087, value: 
key: 2999, value: 
key: 280458, value: 
key: 174720, value: 
key: 129171, value: 
key: 764633, value: 
key: 494, value: 
key: 60232, value: 
key: 555532, value: 
key: 411995, value: 
key: 751383, value: 
key: 416813, value: 
key: 194537, value: 
key: 683664, value: 
key: 17289, value: 
key: 977891, value: 
key: 817476, value: 
key: 796799, value: 
key: 142732, value: 
key: 551059, value: 
key: 674499, value: 
key: 3743, value: 
key: 555428, value: 
key: 62296, value: 
key: 52118, value: 
key: 691993, value: 
key: 41587, value: 
key: 704929, value: 
key: 337516, value: 
key: 13933, value: 
key: 150887, value: 
key: 686504, value: 
key: 323454, value: 
key: 4445, value: 
key: 64311, value: 
key: 882827, value: 
key: 543186, value: 
key: 615922, value: 
key: 27183, value: 
key: 19638, value: 
key: 998461, value: 
key: 144220, value: 
key: 428584, value: 
key: 342699, value: 
key: 291966, value: 
key: 825471, value: 
key: 692314, value: 
key: 331260, value: 
key: 583865, value: 
key: 645752, value: 
key: 1569, value: 
key: 994885, value: 
key: 127270, value: 
key: 35960, value: 
key: 373004, value: 
key: 53854, value: 
key: 435902, value: 
key: 882988, value: 
key: 34400, value: 
key: 694930, value: 
key: 385766, value: 
key: 2001, value: 
key: 292345, value: 
key: 797655, value: 
key: 37124, value: 
key: 218376, value: 
key: 324051, value: 
key: 286980, value: 
key: 683990, value: 
key: 21772, value: 
key: 297256, value: 
key: 133024, value: 
key: 264928, value: 
key: 149810, value: 
key: 6085, value: 
key: 152959, value: 
key: 490736, value: 
key: 158025, value: 
key: 521236, value: 
key: 159220, value: 
key: 18877, value: 
key: 424399, value: 
key: 819007, value: 
key: 820874, value: 
key: 42641, value: 
key: 629204, value: 
key: 15713, value: 
key: 51814, value: 
key: 640139, value: 
key: 5750, value: 
key: 162332, value: 
key: 520486, value: 
key: 747159, value: 
key: 875702, value: 
key: 18484, value: 
key: 7741, value: 
key: 221718, value: 
key: 488627, value: 
key: 22768, value: 
key: 491214, value: 
key: 655779, value: 
key: 206223, value: 
key: 17038, value: 
key: 388071, value: 
key: 911738, value: 
key: 525618, value: 
key: 538320, value: 
key: 157495, value: 
key: 931859, value: 
key: 21981, value: 
key: 99362, value: 
key: 322749, value: 
key: 700167, value: 
key: 331837, value: 
key: 19825, value: 
key: 263712, value: 
key: 254109, value: 
key: 165128, value: 
key: 340927, value: 
key: 13018, value: 
key: 30855, value: 
key: 563939, value: 
key: 317156, value: 
key: 101768, value: 
key: 853191, value: 
key: 103281, value: 
key: 21224, value: 
key: 983425, value: 
key: 433087, value: 
key: 595927, value: 
key: 36488, value: 
key: 7011, value: 
key: 27130, value: 
key: 727843, value: 
key: 672936, value: 
key: 1914, value: 
key: 627620, value: 
key: 547128, value: 
key: 776661, value: 
key: 913750, value: 
key: 5907, value: 
key: 181537, value: 
key: 117365, value: 
key: 433687, value: 
key: 142734, value: 
key: 95610, value: 
key: 16097, value: 
key: 767197, value: 
key: 466245, value: 
key: 202469, value: 
key: 815166, value: 
key: 427118, value: 
key: 7879, value: 
key: 14149, value: 
key: 143740, value: 
key: 948828, value: 
key: 106691, value: 
key: 354368, value: 
key: 278343, value: 
key: 545144, value: 
key: 206250, value: 
key: 122626, value: 
key: 909399, value: 
key: 207558, value: 
key: 11515, value: 
key: 208722, value: 
key: 165098, value: 
key: 735084, value: 
key: 901663, value: 
key: 221, value: 
key: 207167, value: 
key: 161973, value: 
key: 869286, value: 
key: 540011, value: 
key: 468092, value: 
key: 861196, value: 
key: 893254, value: 
key: 31221, value: 
key: 19144, value: 
key: 694804, value: 
key: 36314, value: 
key: 56538, value: 
key: 20922, value: 
key: 725083, value: 
key: 491054, value: 
key: 153792, value: 
key: 17708, value: 
key: 55678, value: 
key: 607330, value: 
key: 382161, value: 
key: 452356, value: 
key: 545423, value: 
key: 14637, value: 
key: 463448, value: 
key: 46779, value: 
key: 555413, value: 
key: 524293, value: 
key: 923108, value: 
key: 604935, value: 
key: 538526, value: 
key: 750926, value: 
key: 477647, value: 
key: 125096, value: 
key: 7875, value: 
key: 530825, value: 
key: 744749, value: 
key: 218165, value: 
key: 387003, value: 
key: 891036, value: 
key: 511165, value: 
key: 320589, value: 
key: 959675, value: 
key: 66665, value: 
key: 428094, value: 
key: 815740, value: 
key: 301256, value: 
key: 454356, value: 
key: 285420, value: 
key: 884935, value: 
key: 135062, value: 
key: 491256, value: 
key: 330849, value: 
key: 225899, value: 
key: 273562, value: 
key: 905416, value: 
key: 27475, value: 
key: 863178, value: 
key: 475524, value: 
key: 108978, value: 
key: 92332, value: 
key: 36310, value: 
key: 680481, value: 
key: 4863, value: 
key: 40070, value: 
key: 168165, value: 
key: 59670, value: 
key: 496509, value: 
key: 542008, value: 
key: 84634, value: 
key: 188701, value: 
key: 15658, value: 
key: 137475, value: 
key: 126884, value: 
key: 619012, value: 
key: 128994, value: 
key: 724211, value: 
key: 210303, value: 
key: 698996, value: 
key: 32712, value: 
key: 435757, value: 
key: 94631, value: 
key: 284331, value: 
key: 609806, value: 
key: 716447, value: 
key: 295232, value: 
key: 827, value: 
key: 4948, value: 
key: 617203, value: 
key: 310458, value: 
key: 731169, value: 
key: 2278, value: 
key: 1198, value: 
key: 42865, value: 
key: 150511, value: 
key: 11425, value: 
key: 172405, value: 
key: 3990, value: 
key: 398692, value: 
key: 376209, value: 
key: 962338, value: 
key: 78787, value: 
key: 968299, value: 
key: 408504, value: 
key: 337273, value: 
key: 59249, value: 
key: 597639, value: 
key: 158391, value: 
key: 855805, value: 
key: 35023, value: 
key: 1459, value: 
key: 31038, value: 
key: 627925, value: 
key: 681211, value: 
key: 666577, value: 
key: 8001, value: 
key: 54893, value: 
key: 175376, value: 
key: 877511, value: 
key: 101704, value: 
key: 535310, value: 
key: 24968, value: 
key: 183559, value: 
key: 688432, value: 
key: 9785, value: 
key: 538500, value: 
key: 784138, value: 
key: 45516, value: 
key: 155985, value: 
key: 251180, value: 
key: 757134, value: 
key: 101056, value: 
key: 9301, value: 
key: 235405, value: 
key: 104000, value: 
key: 4265, value: 
key: 71258, value: 
key: 216400, value: 
key: 266241, value: 
key: 892752, value: 
key: 133684, value: 
key: 45466, value: 
key: 2467, value: 
key: 731929, value: 
key: 18190, value: 
key: 20098, value: 
key: 862214, value: 
key: 340468, value: 
key: 80092, value: 
key: 111961, value: 
key: 241943, value: 
key: 736203, value: 
key: 823635, value: 
key: 458451, value: 
key: 243112, value: 
key: 97036, value: 
key: 82133, value: 
key: 12226, value: 
key: 346286, value: 
key: 554175, value: 
key: 917264, value: 
key: 620119, value: 
key: 343418, value: 
key: 513103, value: 
key: 33818, value: 
key: 966237, value: 
key: 360723, value: 
key: 725908, value: 
key: 975440, value: 
key: 237652, value: 
key: 463569, value: 
key: 88331, value: 
key: 650082, value: 
key: 31762, value: 
key: 163357, value: 
key: 241608, value: 
key: 428324, value: 
key: 12958, value: 
key: 10769, value: 
key: 233696, value: 
key: 21, value: 
key: 602753, value: 
key: 53595, value: 
key: 448801, value: 
key: 800436, value: 
key: 70002, value: 
key: 296099, value: 
key: 228454, value: 
key: 399707, value: 
key: 27121, value: 
key: 552485, value: 
key: 40193, value: 
key: 77935, value: 
key: 295876, value: 
key: 330043, value: 
key: 936889, value: 
key: 53094, value: 
key: 700549, value: 
key: 129506, value: 
key: 685925, value: 
key: 835922, value: 
key: 44243, value: 
key: 476316, value: 
key: 151008, value: 
key: 628863, value: 
key: 75632, value: 
key: 541278, value: 
key: 18514, value: 
key: 489, value: 
key: 361524, value: 
key: 354485, value: 
key: 836, value: 
key: 138649, value: 
key: 44728, value: 
key: 584534, value: 
key: 701100, value: 
key: 197600, value: 
key: 234031, value: 
key: 1301, value: 
key: 932960, value: 
key: 817605, value: 
key: 802302, value: 
key: 121562, value: 
key: 116539, value: 
key: 75649, value: 
key: 105212, value: 
key: 10125, value: 
key: 814862, value: 
key: 571813, value: 
key: 834114, value: 
key: 925160, value: 
key: 492424, value: 
key: 24647, value: 
key: 359194, value: 
key: 455528, value: 
key: 3516, value: 
key: 311817, value: 
key: 132892, value: 
key: 38301, value: 
key: 288018, value: 
key: 77872, value: 
key: 782721, value: 
key: 168666, value: 
key: 582284, value: 
key: 227996, value: 
key: 70826, value: 
key: 619940, value: 
key: 218413, value: 
key: 254297, value: 
key: 812666, value: 
key: 330960, value: 
key: 655140, value: 
key: 376809, value: 
key: 409484, value: 
key: 32783, value: 
key: 729911, value: 
key: 916168, value: 
key: 380077, value: 
key: 124611, value: 
key: 434635, value: 
key: 825220, value: 
key: 7488, value: 
key: 426854, value: 
key: 22551, value: 
key: 496938, value: 
key: 592999, value: 
key: 920235, value: 
key: 43493, value: 
key: 498130, value: 
key: 346435, value: 
key: 211447, value: 
key: 144059, value: 
key: 189388, value: 
key: 293742, value: 
key: 24546, value: 
key: 710571, value: 
key: 179372, value: 
key: 982046, value: 
key: 47596, value: 
key: 291292, value: 
key: 380729, value: 
key: 34130, value: 
key: 64694, value: 
key: 674482, value: 
key: 365940, value: 
key: 3231, value: 
key: 617504, value: 
key: 261763, value: 
key: 30978, value: 
key: 632, value: 
key: 303173, value: 
key: 11504, value: 
key: 897900, value: 
key: 991213, value: 
key: 325575, value: 
key: 55207, value: 
key: 130951, value: 
key: 751244, value: 
key: 132500, value: 
key: 225572, value: 
key: 237452, value: 
key: 310153, value: 
key: 764781, value: 
key: 100, value: 
key: 171620, value: 
key: 584730, value: 
key: 18608, value: 
key: 140903, value: 
key: 57715, value: 
key: 553006, value: 
key: 622104, value: 
key: 163151, value: 
key: 50046, value: 
key: 69088, value: 
key: 4548, value: 
key: 364631, value: 
key: 8157, value: 
key: 16545, value: 
key: 109883, value: 
key: 39612, value: 
key: 6508, value: 
key: 135213, value: 
key: 113161, value: 
key: 208113, value: 
key: 154896, value: 
key: 8845, value: 
key: 450097, value: 
key: 819610, value: 
key: 180253, value: 
key: 71236, value: 
key: 55551, value: 
key: 20056, value: 
key: 2364, value: 
key: 14202, value: 
key: 159787, value: 
key: 40357, value: 
key: 16389, value: 
key: 143704, value: 
key: 395196, value: 
key: 41952, value: 
key: 112355, value: 
key: 171295, value: 
key: 552861, value: 
key: 629075, value: 
key: 96587, value: 
key: 60333, value: 
key: 494679, value: 
key: 364464, value: 
key: 32730, value: 
key: 187278, value: 
key: 553279, value: 
key: 1602, value: 
key: 619825, value: 
key: 139817, value: 
key: 28526, value: 
key: 226043, value: 
key: 788688, value: 
key: 797240, value: 
key: 121539, value: 
key: 188059, value: 
key: 593444, value: 
key: 280751, value: 
key: 232192, value: 
key: 675980, value: 
key: 564961, value: 
key: 383939, value: 
key: 561928, value: 
key: 314447, value: 
key: 711244, value: 
key: 738311, value: 
key: 998214, value: 
key: 451036, value: 
key: 225882, value: 
key: 265046, value: 
key: 336575, value: 
key: 535369, value: 
key: 54871, value: 
key: 833133, value: 
key: 648962, value: 
key: 21426, value: 
key: 57218, value: 
key: 122, value: 
key: 197042, value: 
key: 674402, value: 
key: 965371, value: 
key: 128666, value: 
key: 37496, value: 
key: 882496, value: 
key: 179369, value: 
key: 357905, value: 
key: 171927, value: 
key: 34154, value: 
key: 600885, value: 
key: 856103, value: 
key: 831904, value: 
key: 622515, value: 
key: 343780, value: 
key: 26164, value: 
key: 4513, value: 
key: 27840, value: 
key: 393978, value: 
key: 233326, value: 
key: 22858, value: 
key: 204162, value: 
key: 804771, value: 
key: 29387, value: 
key: 484980, value: 
key: 732412, value: 
key: 686126, value: 
key: 382484, value: 
key: 17304, value: 
key: 415324, value: 
key: 222452, value: 
key: 584578, value: 
key: 53791, value: 
key: 4399, value: 
key: 6122, value: 
key: 791336, value: 
key: 26508, value: 
key: 778577, value: 
key: 264175, value: 
key: 649, value: 
key: 385322, value: 
key: 505562, value: 
key: 957880, value: 
key: 516506, value: 
key: 172041, value: 
key: 246135, value: 
key: 882007, value: 
key: 532997, value: 
key: 408652, value: 
key: 86067, value: 
key: 49464, value: 
key: 34631, value: 
key: 80850, value: 
key: 775895, value: 
key: 37861, value: 
key: 6818, value: 
key: 81073, value: 
key: 961939, value: 
key: 537411, value: 
key: 424197, value: 
key: 230095, value: 
key: 531686, value: 
key: 724204, value: 
key: 704873, value: 
key: 898446, value: 
key: 933655, value: 
key: 17247, value: 
key: 14352, value: 
key: 54011, value: 
key: 979372, value: 
key: 421204, value: 
key: 473416, value: 
key: 359321, value: 
key: 815823, value: 
key: 110580, value: 
key: 7350, value: 
key: 245754, value: 
key: 32929, value: 
key: 309166, value: 
key: 300499, value: 
key: 677621, value: 
key: 984079, value: 
key: 412, value: 
key: 790009, value: 
key: 23736, value: 
key: 545247, value: 
key: 512825, value: 
key: 772669, value: 
key: 774388, value: 
key: 483039, value: 
key: 100059, value: 
key: 18176, value: 
key: 150304, value: 
key: 103834, value: 
key: 882304, value: 
key: 562581, value: 
key: 284544, value: 
key: 412615, value: 
key: 128550, value: 
key: 48445, value: 
key: 834549, value: 
key: 12680, value: 
key: 322233, value: 
key: 72219, value: 
key: 11676, value: 
key: 22896, value: 
key: 246407, value: 
key: 1048, value: 
key: 136023, value: 
key: 741687, value: 
key: 816734, value: 
key: 425239, value: 
key: 583203, value: 
key: 387117, value: 
key: 35551, value: 
key: 828751, value: 
key: 20492, value: 
key: 246636, value: 
key: 847686, value: 
key: 46061, value: 
key: 683262, value: 
key: 619748, value: 
key: 382196, value: 
key: 413135, value: 
key: 264461, value: 
key: 253902, value: 
key: 565043, value: 
key: 842179, value: 
key: 236415, value: 
key: 250507, value: 
key: 53085, value: 
key: 301786, value: 
key: 355266, value: 
key: 51955, value: 
key: 392535, value: 
key: 920512, value: 
key: 21741, value: 
key: 601671, value: 
key: 880229, value: 
key: 346967, value: 
key: 500, value: 
key: 20692, value: 
key: 27158, value: 
key: 417614, value: 
key: 311831, value: 
key: 242898, value: 
key: 93320, value: 
key: 463888, value: 
key: 164947, value: 
key: 697177, value: 
key: 403338, value: 
key: 486108, value: 
key: 402209, value: 
key: 951680, value: 
key: 565258, value: 
key: 911585, value: 
key: 584181, value: 
key: 139763, value: 
key: 902987, value: 
key: 15874, value: 
key: 252512, value: 
key: 17405, value: 
key: 858037, value: 
key: 109584, value: 
key: 566156, value: 
key: 493993, value: 
key: 333189, value: 
key: 102321, value: 
key: 915262, value: 
key: 55939, value: 
key: 46223, value: 
key: 201602, value: 
key: 29640, value: 
key: 514151, value: 
key: 233119, value: 
key: 37780, value: 
key: 271977, value: 
key: 210334, value: 
key: 864405, value: 
key: 188596, value: 
key: 124390, value: 
key: 275395, value: 
key: 947267, value: 
key: 52585, value: 
key: 493524, value: 
key: 127348, value: 
key: 967533, value: 
key: 707878, value: 
key: 916456, value: 
key: 67211, value: 
key: 34051, value: 
key: 664269, value: 
key: 503029, value: 
key: 576414, value: 
key: 384754, value: 
key: 550168, value: 
key: 288768, value: 
key: 1659, value: 
key: 41396, value: 
key: 566882, value: 
key: 8382, value: 
key: 2962, value: 
key: 756962, value: 
key: 699302, value: 
key: 69413, value: 
key: 62203, value: 
key: 511387, value: 
key: 400443, value: 
key: 327102, value: 
key: 111437, value: 
key: 157499, value: 
key: 472550, value: 
key: 75485, value: 
key: 72923, value: 
key: 87428, value: 
key: 69855, value: 
key: 392377, value: 
key: 90619, value: 
key: 618039, value: 
key: 757185, value: 
key: 651980, value: 
key: 204348, value: 
key: 279612, value: 
key: 41079, value: 
key: 719057, value: 
key: 28575, value: 
key: 15175, value: 
key: 191480, value: 
key: 466490, value: 
key: 192056, value: 
key: 118555, value: 
key: 170353, value: 
key: 363283, value: 
key: 11786, value: 
key: 239348, value: 
key: 255159, value: 
key: 86498, value: 
key: 952696, value: 
key: 594119, value: 
key: 7776, value: 
key: 1792, value: 
key: 336252, value: 
key: 198250, value: 
key: 375466, value: 
key: 727931, value: 
key: 73724, value: 
key: 133237, value: 
key: 730779, value: 
key: 527294, value: 
key: 134090, value: 
key: 342932, value: 
key: 32653, value: 
key: 896, value: 
key: 623194, value: 
key: 758667, value: 
key: 163973, value: 
key: 88959, value: 
key: 60946, value: 
key: 372225, value: 
key: 399417, value: 
key: 283048, value: 
key: 272662, value: 
key: 969858, value: 
key: 344671, value: 
key: 857669, value: 
key: 947160, value: 
key: 5143, value: 
key: 438271, value: 
key: 456, value: 
key: 35173, value: 
key: 95748, value: 
key: 995064, value: 
key: 943645, value: 
key: 5392, value: 
key: 73937, value: 
key: 595077, value: 
key: 510481, value: 
key: 343511, value: 
key: 736962, value: 
key: 347463, value: 
key: 5578, value: 
key: 222285, value: 
key: 913721, value: 
key: 369036, value: 
key: 931811, value: 
key: 272, value: 
key: 303278, value: 
key: 683709, value: 
key: 960697, value: 
key: 170007, value: 
key: 4436, value: 
key: 156007, value: 
key: 66524, value: 
key: 169717, value: 
key: 537356, value: 
key: 918490, value: 
key: 736599, value: 
key: 210606, value: 
key: 68959, value: 
key: 872730, value: 
key: 543805, value: 
key: 278990, value: 
key: 4968, value: 
key: 555963, value: 
key: 4216, value: 
key: 791064, value: 
key: 506116, value: 
key: 919581, value: 
key: 922842, value: 
key: 58288, value: 
key: 87172, value: 
key: 62821, value: 
key: 2960, value: 
key: 62014, value: 
key: 223910, value: 
key: 31041, value: 
key: 249710, value: 
key: 101201, value: 
key: 4360, value: 
key: 45848, value: 
key: 981384, value: 
key: 384000, value: 
key: 19832, value: 
key: 196465, value: 
key: 36590, value: 
key: 443303, value: 
key: 30198, value: 
key: 42272, value: 
key: 168141, value: 
key: 84814, value: 
key: 449422, value: 
key: 185144, value: 
key: 417012, value: 
key: 230020, value: 
key: 969102, value: 
key: 449778, value: 
key: 203585, value: 
key: 403741, value: 
key: 452804, value: 
key: 85255, value: 
key: 595550, value: 
key: 164899, value: 
key: 97779, value: 
key: 42939, value: 
key: 90037, value: 
key: 922590, value: 
key: 5732, value: 
key: 699290, value: 
key: 924772, value: 
key: 666122, value: 
key: 8043, value: 
key: 754601, value: 
key: 547942, value: 
key: 667, value: 
key: 59900, value: 
key: 111587, value: 
key: 26355, value: 
key: 604571, value: 
key: 210255, value: 
key: 78046, value: 
key: 183146, value: 
key: 171202, value: 
key: 178124, value: 
key: 690121, value: 
key: 898754, value: 
key: 65811, value: 
key: 81394, value: 
key: 489491, value: 
key: 250860, value: 
key: 848120, value: 
key: 265312, value: 
key: 185377, value: 
key: 15533, value: 
key: 246917, value: 
key: 121885, value: 
key: 59038, value: 
key: 34, value: 
key: 322170, value: 
key: 4115, value: 
key: 335341, value: 
key: 403415, value: 
key: 475355, value: 
key: 666164, value: 
key: 55069, value: 
key: 848092, value: 
key: 47903, value: 
key: 293863, value: 
key: 132997, value: 
key: 60591, value: 
key: 101850, value: 
key: 531787, value: 
key: 92635, value: 
key: 432907, value: 
key: 8887, value: 
key: 244649, value: 
key: 476264, value: 
key: 919602, value: 
key: 91025, value: 
key: 870189, value: 
key: 410903, value: 
key: 245235, value: 
key: 34158, value: 
key: 879294, value: 
key: 474, value: 
key: 76587, value: 
key: 691793, value: 
key: 863345, value: 
key: 290428, value: 
key: 224504, value: 
key: 134711, value: 
key: 118689, value: 
key: 289884, value: 
key: 204201, value: 
key: 371545, value: 
key: 181304, value: 
key: 219403, value: 
key: 569474, value: 
key: 959592, value: 
key: 597754, value: 
key: 102271, value: 
key: 632183, value: 
key: 104279, value: 
key: 578179, value: 
key: 709366, value: 
key: 929511, value: 
key: 422531, value: 
key: 19968, value: 
key: 391895, value: 
key: 222858, value: 
key: 667695, value: 
key: 797040, value: 
key: 345429, value: 
key: 436570, value: 
key: 25428, value: 
key: 374328, value: 
key: 1097, value: 
key: 115264, value: 
key: 2728, value: 
key: 369164, value: 
key: 101317, value: 
key: 139174, value: 
key: 16088, value: 
key: 88061, value: 
key: 603, value: 
key: 10785, value: 
key: 696086, value: 
key: 899353, value: 
key: 856480, value: 
key: 138959, value: 
key: 235760, value: 
key: 540783, value: 
key: 1246, value: 
key: 37944, value: 
key: 274356, value: 
key: 286816, value: 
key: 42694, value: 
key: 252019, value: 
key: 27842, value: 
key: 915554, value: 
key: 624294, value: 
key: 158005, value: 
key: 526181, value: 
key: 837463, value: 
key: 346006, value: 
key: 755497, value: 
key: 112560, value: 
key: 115, value: 
key: 407286, value: 
key: 991345, value: 
key: 973062, value: 
key: 102143, value: 
key: 365450, value: 
key: 233553, value: 
key: 116728, value: 
key: 176061, value: 
key: 6205, value: 
key: 109302, value: 
key: 253252, value: 
key: 403932, value: 
key: 798450, value: 
key: 38556, value: 
key: 248463, value: 
key: 623686, value: 
key: 7640, value: 
key: 46678, value: 
key: 164103, value: 
key: 55766, value: 
key: 13874, value: 
key: 252118, value: 
key: 973022, value: 
key: 1930, value: 
key: 369326, value: 
key: 901360, value: 
key: 95674, value: 
key: 608111, value: 
key: 440335, value: 
key: 3406, value: 
key: 569243, value: 
key: 56655, value: 
key: 218424, value: 
key: 239634, value: 
key: 206418, value: 
key: 264681, value: 
key: 721494, value: 
key: 240548, value: 
key: 894686, value: 
key: 299797, value: 
key: 148581, value: 
key: 434958, value: 
key: 225198, value: 
key: 991428, value: 
key: 875739, value: 
key: 602108, value: 
key: 4195, value: 
key: 359750, value: 
key: 829543, value: 
key: 718078, value: 
key: 154425, value: 
key: 929418, value: 
key: 28971, value: 
key: 213690, value: 
key: 539327, value: 
key: 143593, value: 
key: 116348, value: 
key: 922587, value: 
key: 373903, value: 
key: 337006, value: 
key: 742215, value: 
key: 5602, value: 
key: 945827, value: 
key: 322778, value: 
key: 650178, value: 
key: 429949, value: 
key: 747700, value: 
key: 798463, value: 
key: 766994, value: 
key: 446218, value: 
key: 964242, value: 
key: 488184, value: 
key: 566556, value: 
key: 8843, value: 
key: 10390, value: 
key: 143768, value: 
key: 74671, value: 
key: 23169, value: 
key: 434952, value: 
key: 893326, value: 
key: 782925, value: 
key: 104183, value: 
key: 370256, value: 
key: 569915, value: 
key: 496055, value: 
key: 637810, value: 
key: 174656, value: 
key: 278174, value: 
key: 478352, value: 
key: 2881, value: 
key: 747382, value: 
key: 394403, value: 
key: 540499, value: 
key: 41947, value: 
key: 765005, value: 
key: 905838, value: 
key: 461521, value: 
key: 846179, value: 
key: 223840, value: 
key: 906884, value: 
key: 262548, value: 
key: 110900, value: 
key: 805464, value: 
key: 726033, value: 
key: 191396, value: 
key: 969751, value: 
key: 1033, value: 
key: 248038, value: 
key: 71573, value: 
key: 852042, value: 
key: 341779, value: 
key: 529940, value: 
key: 178852, value: 
key: 102929, value: 
key: 5998, value: 
key: 944970, value: 
key: 888166, value: 
key: 594254, value: 
key: 790137, value: 
key: 80625, value: 
key: 169869, value: 
key: 28476, value: 
key: 745179, value: 
key: 53782, value: 
key: 53098, value: 
key: 648065, value: 
key: 641765, value: 
key: 8184, value: 
key: 714535, value: 
key: 80050, value: 
key: 276310, value: 
key: 66788, value: 
key: 646788, value: 
key: 602830, value: 
key: 4867, value: 
key: 2766, value: 
key: 84001, value: 
key: 192836, value: 
key: 445815, value: 
key: 245198, value: 
key: 31166, value: 
key: 227176, value: 
key: 223473, value: 
key: 195103, value: 
key: 357770, value: 
key: 966855, value: 
key: 118218, value: 
key: 935169, value: 
key: 205189, value: 
key: 33269, value: 
key: 228663, value: 
key: 53421, value: 
key: 76121, value: 
key: 49574, value: 
key: 151064, value: 
key: 637065, value: 
key: 430365, value: 
key: 714568, value: 
key: 96877, value: 
key: 925050, value: 
key: 395503, value: 
key: 128730, value: 
key: 89080, value: 
key: 129609, value: 
key: 426447, value: 
key: 120257, value: 
key: 704936, value: 
key: 273487, value: 
key: 116203, value: 
key: 587670, value: 
key: 780747, value: 
key: 57605, value: 
key: 304532, value: 
key: 312964, value: 
key: 899247, value: 
key: 259311, value: 
key: 815331, value: 
key: 99643, value: 
key: 115648, value: 
key: 11331, value: 
key: 833807, value: 
key: 199, value: 
key: 39292, value: 
key: 310559, value: 
key: 491069, value: 
key: 891203, value: 
key: 87015, value: 
key: 679542, value: 
key: 296549, value: 
key: 661699, value: 
key: 284467, value: 
key: 883, value: 
key: 32332, value: 
key: 117927, value: 
key: 583421, value: 
key: 893856, value: 
key: 52372, value: 
key: 696307, value: 
key: 688816, value: 
key: 11005, value: 
key: 736810, value: 
key: 403453, value: 
key: 985241, value: 
key: 620487, value: 
key: 129528, value: 
key: 7042, value: 
key: 130290, value: 
key: 44225, value: 
key: 43639, value: 
key: 67925, value: 
key: 526404, value: 
key: 1666, value: 
key: 656127, value: 
key: 18082, value: 
key: 396799, value: 
key: 215810, value: 
key: 870240, value: 
key: 956434, value: 
key: 20928, value: 
key: 505676, value: 
key: 520695, value: 
key: 634251, value: 
key: 754614, value: 
key: 44159, value: 
key: 784130, value: 
key: 282933, value: 
key: 225659, value: 
key: 484379, value: 
key: 734571, value: 
key: 343768, value: 
key: 364176, value: 
key: 199910, value: 
key: 350472, value: 
key: 134762, value: 
key: 795084, value: 
key: 56738, value: 
key: 343191, value: 
key: 19270, value: 
key: 3147, value: 
key: 77108, value: 
key: 720082, value: 
key: 224151, value: 
key: 358805, value: 
key: 19872, value: 
key: 71106, value: 
key: 887073, value: 
key: 28852, value: 
key: 393905, value: 
key: 30411, value: 
key: 116968, value: 
key: 447709, value: 
key: 976144, value: 
key: 55614, value: 
key: 751888, value: 
key: 12594, value: 
key: 127384, value: 
key: 362442, value: 
key: 971682, value: 
key: 96147, value: 
key: 331370, value: 
key: 62135, value: 
key: 235025, value: 
key: 76691, value: 
key: 585445, value: 
key: 216987, value: 
key: 411290, value: 
key: 416507, value: 
key: 485062, value: 
key: 622799, value: 
key: 16860, value: 
key: 121917, value: 
key: 152216, value: 
key: 117028, value: 
key: 541171, value: 
key: 288557, value: 
key: 126808, value: 
key: 537167, value: 
key: 175590, value: 
key: 101274, value: 
key: 937075, value: 
key: 96156, value: 
key: 29745, value: 
key: 314320, value: 
key: 992348, value: 
key: 161007, value: 
key: 295223, value: 
key: 190218, value: 
key: 122622, value: 
key: 160136, value: 
key: 497591, value: 
key: 930984, value: 
key: 728477, value: 
key: 425600, value: 
key: 115040, value: 
key: 957444, value: 
key: 113453, value: 
key: 35124, value: 
key: 90323, value: 
key: 5228, value: 
key: 976050, value: 
key: 9895, value: 
key: 108673, value: 
key: 50383, value: 
key: 522149, value: 
key: 638059, value: 
key: 95863, value: 
key: 511581, value: 
key: 188244, value: 
key: 530449, value: 
key: 550210, value: 
key: 488559, value: 
key: 583045, value: 
key: 452822, value: 
key: 507506, value: 
key: 111279, value: 
key: 378676, value: 
key: 378980, value: 
key: 126073, value: 
key: 736768, value: 
key: 88940, value: 
key: 9705, value: 
key: 219348, value: 
key: 252457, value: 
key: 683736, value: 
key: 63653, value: 
key: 218510, value: 
key: 52952, value: 
key: 15630, value: 
key: 430817, value: 
key: 265545, value: 
key: 168147, value: 
key: 40915, value: 
key: 888472, value: 
key: 698943, value: 
key: 39670, value: 
key: 715673, value: 
key: 109560, value: 
key: 324628, value: 
key: 295375, value: 
key: 265912, value: 
key: 981540, value: 
key: 175783, value: 
key: 299515, value: 
key: 523300, value: 
key: 40959, value: 
key: 565683, value: 
key: 139950, value: 
key: 736520, value: 
key: 212646, value: 
key: 31856, value: 
key: 311228, value: 
key: 447051, value: 
key: 202139, value: 
key: 461112, value: 
key: 571004, value: 
key: 327937, value: 
key: 266995, value: 
key: 402559, value: 
key: 584839, value: 
key: 177835, value: 
key: 657649, value: 
key: 583780, value: 
key: 388237, value: 
key: 149984, value: 
key: 700907, value: 
key: 637526, value: 
key: 652783, value: 
key: 995590, value: 
key: 286584, value: 
key: 46292, value: 
key: 373466, value: 
key: 262407, value: 
key: 457173, value: 
key: 958881, value: 
key: 7217, value: 
key: 445747, value: 
key: 333109, value: 
key: 50620, value: 
key: 93593, value: 
key: 41185, value: 
key: 548363, value: 
key: 55850, value: 
key: 818325, value: 
key: 230941, value: 
key: 519491, value: 
key: 799125, value: 
key: 29998, value: 
key: 81732, value: 
key: 110339, value: 
key: 635984, value: 
key: 12617, value: 
key: 991596, value: 
key: 43596, value: 
key: 128389, value: 
key: 8166, value: 
key: 79519, value: 
key: 85859, value: 
key: 535961, value: 
key: 957701, value: 
key: 297986, value: 
key: 549560, value: 
key: 151769, value: 
key: 109632, value: 
key: 386860, value: 
key: 1507, value: 
key: 922901, value: 
key: 624128, value: 
key: 787759, value: 
key: 61172, value: 
key: 413359, value: 
key: 778694, value: 
key: 712962, value: 
key: 166208, value: 
key: 592153, value: 
key: 47060, value: 
key: 253690, value: 
key: 14435, value: 
key: 237168, value: 
key: 336191, value: 
key: 715778, value: 
key: 937507, value: 
key: 596249, value: 
key: 633799, value: 
key: 1406, value: 
key: 522279, value: 
key: 106817, value: 
key: 460168, value: 
key: 10923, value: 
key: 495645, value: 
key: 238523, value: 
key: 250176, value: 
key: 734234, value: 
key: 676602, value: 
key: 314067, value: 
key: 152906, value: 
key: 69136, value: 
key: 723429, value: 
key: 435126, value: 
key: 119529, value: 
key: 874969, value: 
key: 207343, value: 
key: 705179, value: 
key: 8814, value: 
key: 318289, value: 
key: 734896, value: 
key: 140932, value: 
key: 802740, value: 
key: 985926, value: 
key: 605428, value: 
key: 280304, value: 
key: 30444, value: 
key: 151075, value: 
key: 707025, value: 
key: 301333, value: 
key: 432655, value: 
key: 13610, value: 
key: 2113, value: 
key: 28036, value: 
key: 149391, value: 
key: 42287, value: 
key: 8803, value: 
key: 2092, value: 
key: 19052, value: 
key: 991354, value: 
key: 308905, value: 
key: 70112, value: 
key: 679506, value: 
key: 499980, value: 
key: 164824, value: 
key: 893245, value: 
key: 225309, value: 
key: 673809, value: 
key: 871807, value: 
key: 989159, value: 
key: 457182, value: 
key: 258178, value: 
key: 172373, value: 
key: 83109, value: 
key: 103658, value: 
key: 229767, value: 
key: 582046, value: 
key: 504596, value: 
key: 17801, value: 
key: 5040, value: 
key: 103573, value: 
key: 856477, value: 
key: 17278, value: 
key: 530313, value: 
key: 749812, value: 
key: 82896, value: 
key: 236271, value: 
key: 76231, value: 
key: 185687, value: 
key: 162503, value: 
key: 711664, value: 
key: 23341, value: 
key: 628986, value: 
key: 977165, value: 
key: 46425, value: 
key: 574281, value: 
key: 63635, value: 
key: 684872, value: 
key: 126811, value: 
key: 521935, value: 
key: 368718, value: 
key: 703935, value: 
key: 128871, value: 
key: 962705, value: 
key: 5259, value: 
key: 866377, value: 
key: 306350, value: 
key: 706372, value: 
key: 11179, value: 
key: 902125, value: 
key: 11443, value: 
key: 19838, value: 
key: 890431, value: 
key: 75739, value: 
key: 540862, value: 
key: 285491, value: 
key: 634916, value: 
key: 544675, value: 
key: 848799, value: 
key: 61338, value: 
key: 532863, value: 
key: 224175, value: 
key: 389438, value: 
key: 50071, value: 
key: 601473, value: 
key: 364651, value: 
key: 591323, value: 
key: 351, value: 
key: 194438, value: 
key: 937947, value: 
key: 29110, value: 
key: 218888, value: 
key: 185883, value: 
key: 303210, value: 
key: 923458, value: 
key: 11205, value: 
key: 1732, value: 
key: 228083, value: 
key: 241525, value: 
key: 343519, value: 
key: 960990, value: 
key: 551516, value: 
key: 302369, value: 
key: 890316, value: 
key: 123247, value: 
key: 420122, value: 
key: 94330, value: 
key: 579985, value: 
key: 1796, value: 
key: 29189, value: 
key: 321188, value: 
key: 320516, value: 
key: 60656, value: 
key: 36123, value: 
key: 615524, value: 
key: 90167, value: 
key: 178137, value: 
key: 250758, value: 
key: 83394, value: 
key: 196809, value: 
key: 302132, value: 
key: 427860, value: 
key: 689077, value: 
key: 886476, value: 
key: 52662, value: 
key: 227860, value: 
key: 196762, value: 
key: 599783, value: 
key: 65000, value: 
key: 295812, value: 
key: 104127, value: 
key: 382107, value: 
key: 716670, value: 
key: 459782, value: 
key: 533765, value: 
key: 18147, value: 
key: 51885, value: 
key: 5581, value: 
key: 23893, value: 
key: 782385, value: 
key: 474279, value: 
key: 21242, value: 
key: 505788, value: 
key: 156298, value: 
key: 632961, value: 
key: 733905, value: 
key: 283503, value: 
key: 942671, value: 
key: 108688, value: 
key: 145670, value: 
key: 412947, value: 
key: 588541, value: 
key: 821978, value: 
key: 572018, value: 
key: 547911, value: 
key: 203, value: 
key: 660007, value: 
key: 20575, value: 
key: 458321, value: 
key: 509724, value: 
key: 184228, value: 
key: 809385, value: 
key: 95030, value: 
key: 262160, value: 
key: 285871, value: 
key: 267066, value: 
key: 17241, value: 
key: 189201, value: 
key: 725379, value: 
key: 907519, value: 
key: 510359, value: 
key: 796515, value: 
key: 376241, value: 
key: 565351, value: 
key: 205383, value: 
key: 282489, value: 
key: 1554, value: 
key: 927665, value: 
key: 291461, value: 
key: 65622, value: 
key: 899573, value: 
key: 5712, value: 
key: 341650, value: 
key: 826821, value: 
key: 141360, value: 
key: 971206, value: 
key: 431090, value: 
key: 510623, value: 
key: 293793, value: 
key: 926563, value: 
key: 68984, value: 
key: 838608, value: 
key: 310379, value: 
key: 695654, value: 
key: 10376, value: 
key: 22513, value: 
key: 47406, value: 
key: 469738, value: 
key: 399789, value: 
key: 475618, value: 
key: 9903, value: 
key: 854347, value: 
key: 6380, value: 
key: 659614, value: 
key: 307188, value: 
key: 969238, value: 
key: 312159, value: 
key: 262326, value: 
key: 427220, value: 
key: 572823, value: 
key: 105315, value: 
key: 249330, value: 
key: 305025, value: 
key: 155927, value: 
key: 728949, value: 
key: 444249, value: 
key: 826964, value: 
key: 790506, value: 
key: 466160, value: 
key: 1039, value: 
key: 94060, value: 
key: 576199, value: 
key: 343724, value: 
key: 4788, value: 
key: 350313, value: 
key: 123078, value: 
key: 8526, value: 
key: 4872, value: 
key: 11656, value: 
key: 34318, value: 
key: 559866, value: 
key: 905784, value: 
key: 723007, value: 
key: 175608, value: 
key: 649022, value: 
key: 967818, value: 
key: 17858, value: 
key: 339011, value: 
key: 264892, value: 
key: 62814, value: 
key: 84551, value: 
key: 358065, value: 
key: 430332, value: 
key: 768765, value: 
key: 365830, value: 
key: 3303, value: 
key: 151244, value: 
key: 190502, value: 
key: 55410, value: 
key: 426575, value: 
key: 669, value: 
key: 19607, value: 
key: 512728, value: 
key: 778272, value: 
key: 16174, value: 
key: 74048, value: 
key: 1963, value: 
key: 521878, value: 
key: 314199, value: 
key: 46102, value: 
key: 64717, value: 
key: 128165, value: 
key: 329364, value: 
key: 996216, value: 
key: 14701, value: 
key: 46218, value: 
key: 15979, value: 
key: 34671, value: 
key: 437278, value: 
key: 131, value: 
key: 291553, value: 
key: 816352, value: 
key: 86427, value: 
key: 574928, value: 
key: 375408, value: 
key: 956858, value: 
key: 3116, value: 
key: 863189, value: 
key: 369016, value: 
key: 31186, value: 
key: 69147, value: 
key: 214431, value: 
key: 378698, value: 
key: 511529, value: 
key: 142435, value: 
key: 9457, value: 
key: 651803, value: 
key: 505502, value: 
key: 26395, value: 
