Starting KVS server on :8080
get/s 0.00
put/s 0.00
aborts/s 0.00
ops/s 0.00

get/s 0.00
put/s 0.00
aborts/s 0.00
ops/s 0.00

get/s 0.00
put/s 0.00
aborts/s 0.00
ops/s 0.00

get/s 0.00
put/s 0.00
aborts/s 0.00
ops/s 0.00

get/s 73629.67
put/s 1710.85
aborts/s 80.99
ops/s 75340.53

get/s 73336.31
put/s 1389.72
aborts/s 288.94
ops/s 74726.03

get/s 77272.67
put/s 1515.76
aborts/s 533.91
ops/s 78788.43

get/s 77858.06
put/s 1401.77
aborts/s 753.87
ops/s 79259.83

get/s 78846.94
put/s 1427.76
aborts/s 851.86
ops/s 80274.70

get/s 76435.69
put/s 1372.83
aborts/s 1109.86
ops/s 77808.52

get/s 72247.86
put/s 1281.55
aborts/s 1245.57
ops/s 73529.41

get/s 75295.76
put/s 1403.81
aborts/s 1369.81
ops/s 76699.57

get/s 70365.62
put/s 1255.89
aborts/s 1343.88
ops/s 71621.51

get/s 78817.68
put/s 1296.81
aborts/s 1595.77
ops/s 80114.49

get/s 3695.18
put/s 61.99
aborts/s 81.98
ops/s 3757.17


Shutting down server...
key: 644628, value: 
key: 389866, value: 
key: 918901, value: 
key: 74874, value: 
key: 691482, value: 
key: 490113, value: 
key: 750042, value: 
key: 199847, value: 
key: 399638, value: 
key: 9191, value: 
key: 796749, value: 
key: 396204, value: 
key: 168667, value: 
key: 8941, value: 
key: 65926, value: 
key: 447560, value: 
key: 268, value: 
key: 308791, value: 
key: 85337, value: 
key: 661427, value: 
key: 9124, value: 
key: 632780, value: 
key: 597849, value: 
key: 706955, value: 
key: 252575, value: 
key: 171520, value: 
key: 206286, value: 
key: 44015, value: 
key: 419532, value: 
key: 438740, value: 
key: 16139, value: 
key: 370, value: 
key: 226125, value: 
key: 841861, value: 
key: 106900, value: 
key: 194, value: 
key: 253200, value: 
key: 526344, value: 
key: 54654, value: 
key: 440354, value: 
key: 226466, value: 
key: 50713, value: 
key: 302735, value: 
key: 801414, value: 
key: 717393, value: 
key: 403353, value: 
key: 22998, value: 
key: 377371, value: 
key: 70885, value: 
key: 118556, value: 
key: 221182, value: 
key: 215460, value: 
key: 331382, value: 
key: 156172, value: 
key: 856902, value: 
key: 95796, value: 
key: 22646, value: 
key: 959502, value: 
key: 137463, value: 
key: 82224, value: 
key: 633873, value: 
key: 292603, value: 
key: 621195, value: 
key: 7056, value: 
key: 885919, value: 
key: 878773, value: 
key: 773885, value: 
key: 834674, value: 
key: 274199, value: 
key: 143756, value: 
key: 4839, value: 
key: 670920, value: 
key: 104146, value: 
key: 37396, value: 
key: 10016, value: 
key: 704922, value: 
key: 711612, value: 
key: 897194, value: 
key: 666222, value: 
key: 356341, value: 
key: 106098, value: 
key: 151076, value: 
key: 552059, value: 
key: 569194, value: 
key: 329394, value: 
key: 106021, value: 
key: 101585, value: 
key: 347530, value: 
key: 494287, value: 
key: 76559, value: 
key: 274241, value: 
key: 356873, value: 
key: 302803, value: 
key: 319948, value: 
key: 923280, value: 
key: 338567, value: 
key: 356181, value: 
key: 418375, value: 
key: 60369, value: 
key: 13217, value: 
key: 342674, value: 
key: 144579, value: 
key: 845470, value: 
key: 540928, value: 
key: 866161, value: 
key: 961253, value: 
key: 35790, value: 
key: 838878, value: 
key: 825274, value: 
key: 367053, value: 
key: 1621, value: 
key: 120654, value: 
key: 73459, value: 
key: 1241, value: 
key: 110547, value: 
key: 4130, value: 
key: 67481, value: 
key: 283191, value: 
key: 7975, value: 
key: 113335, value: 
key: 478562, value: 
key: 329954, value: 
key: 1720, value: 
key: 577384, value: 
key: 315649, value: 
key: 909611, value: 
key: 211981, value: 
key: 827959, value: 
key: 59693, value: 
key: 91893, value: 
key: 126236, value: 
key: 816690, value: 
key: 189408, value: 
key: 93516, value: 
key: 9214, value: 
key: 760168, value: 
key: 501525, value: 
key: 808318, value: 
key: 173931, value: 
key: 205355, value: 
key: 330336, value: 
key: 379078, value: 
key: 118376, value: 
key: 336534, value: 
key: 165635, value: 
key: 20572, value: 
key: 602972, value: 
key: 720612, value: 
key: 171957, value: 
key: 25409, value: 
key: 746261, value: 
key: 797054, value: 
key: 742126, value: 
key: 769035, value: 
key: 271693, value: 
key: 60976, value: 
key: 38685, value: 
key: 440561, value: 
key: 99068, value: 
key: 610142, value: 
key: 152062, value: 
key: 83711, value: 
key: 135713, value: 
key: 444222, value: 
key: 33301, value: 
key: 375104, value: 
key: 172844, value: 
key: 112611, value: 
key: 645564, value: 
key: 620303, value: 
key: 342911, value: 
key: 508830, value: 
key: 943972, value: 
key: 703, value: 
key: 61708, value: 
key: 621685, value: 
key: 729660, value: 
key: 398998, value: 
key: 294119, value: 
key: 11985, value: 
key: 359922, value: 
key: 294151, value: 
key: 67191, value: 
key: 126360, value: 
key: 20466, value: 
key: 277338, value: 
key: 749424, value: 
key: 33923, value: 
key: 320214, value: 
key: 183437, value: 
key: 139296, value: 
key: 241520, value: 
key: 131856, value: 
key: 291398, value: 
key: 899103, value: 
key: 104458, value: 
key: 492319, value: 
key: 567224, value: 
key: 237178, value: 
key: 178965, value: 
key: 1821, value: 
key: 225960, value: 
key: 9838, value: 
key: 89612, value: 
key: 503299, value: 
key: 70803, value: 
key: 141479, value: 
key: 150064, value: 
key: 770602, value: 
key: 195054, value: 
key: 90315, value: 
key: 613314, value: 
key: 7243, value: 
key: 208008, value: 
key: 56362, value: 
key: 896847, value: 
key: 313924, value: 
key: 55422, value: 
key: 719663, value: 
key: 704685, value: 
key: 2976, value: 
key: 84888, value: 
key: 792158, value: 
key: 20093, value: 
key: 710909, value: 
key: 620585, value: 
key: 140694, value: 
key: 68079, value: 
key: 2851, value: 
key: 717511, value: 
key: 121035, value: 
key: 58906, value: 
key: 411659, value: 
key: 10610, value: 
key: 38159, value: 
key: 64150, value: 
key: 278032, value: 
key: 5904, value: 
key: 772794, value: 
key: 16704, value: 
key: 875040, value: 
key: 596640, value: 
key: 206594, value: 
key: 298669, value: 
key: 779429, value: 
key: 144052, value: 
key: 284082, value: 
key: 277523, value: 
key: 304452, value: 
key: 766797, value: 
key: 319834, value: 
key: 994732, value: 
key: 509374, value: 
key: 790705, value: 
key: 4134, value: 
key: 719913, value: 
key: 6963, value: 
key: 950943, value: 
key: 98139, value: 
key: 327541, value: 
key: 415855, value: 
key: 249878, value: 
key: 613257, value: 
key: 33103, value: 
key: 396958, value: 
key: 213392, value: 
key: 846673, value: 
key: 714734, value: 
key: 787901, value: 
key: 335298, value: 
key: 81122, value: 
key: 702409, value: 
key: 818012, value: 
key: 664826, value: 
key: 97400, value: 
key: 336172, value: 
key: 525345, value: 
key: 668507, value: 
key: 48842, value: 
key: 20301, value: 
key: 67410, value: 
key: 641645, value: 
key: 390208, value: 
key: 776693, value: 
key: 240147, value: 
key: 124962, value: 
key: 115586, value: 
key: 283995, value: 
key: 233082, value: 
key: 29946, value: 
key: 12214, value: 
key: 433901, value: 
key: 422475, value: 
key: 54593, value: 
key: 158622, value: 
key: 437686, value: 
key: 638566, value: 
key: 128739, value: 
key: 10287, value: 
key: 958534, value: 
key: 1393, value: 
key: 11024, value: 
key: 831503, value: 
key: 843731, value: 
key: 495121, value: 
key: 3467, value: 
key: 41320, value: 
key: 466752, value: 
key: 842152, value: 
key: 165008, value: 
key: 74861, value: 
key: 730510, value: 
key: 538431, value: 
key: 763372, value: 
key: 33457, value: 
key: 2433, value: 
key: 555546, value: 
key: 346102, value: 
key: 9968, value: 
key: 114271, value: 
key: 635828, value: 
key: 418173, value: 
key: 620, value: 
key: 159922, value: 
key: 620589, value: 
key: 615141, value: 
key: 231385, value: 
key: 41616, value: 
key: 891231, value: 
key: 11714, value: 
key: 295215, value: 
key: 460510, value: 
key: 796444, value: 
key: 802264, value: 
key: 126340, value: 
key: 575784, value: 
key: 211, value: 
key: 187471, value: 
key: 597076, value: 
key: 307246, value: 
key: 10135, value: 
key: 794787, value: 
key: 6734, value: 
key: 627975, value: 
key: 225726, value: 
key: 49171, value: 
key: 280280, value: 
key: 682316, value: 
key: 185080, value: 
key: 36744, value: 
key: 113274, value: 
key: 317676, value: 
key: 188708, value: 
key: 284932, value: 
key: 331533, value: 
key: 65205, value: 
key: 55707, value: 
key: 715348, value: 
key: 729480, value: 
key: 360191, value: 
key: 455200, value: 
key: 4587, value: 
key: 381420, value: 
key: 787921, value: 
key: 222181, value: 
key: 8585, value: 
key: 304182, value: 
key: 725596, value: 
key: 691989, value: 
key: 981644, value: 
key: 575308, value: 
key: 601267, value: 
key: 136299, value: 
key: 452135, value: 
key: 363257, value: 
key: 269595, value: 
key: 640301, value: 
key: 211514, value: 
key: 95682, value: 
key: 337199, value: 
key: 1106, value: 
key: 406972, value: 
key: 27669, value: 
key: 201148, value: 
key: 295592, value: 
key: 7546, value: 
key: 158516, value: 
key: 308968, value: 
key: 823850, value: 
key: 109174, value: 
key: 173443, value: 
key: 146920, value: 
key: 532404, value: 
key: 187222, value: 
key: 955728, value: 
key: 454205, value: 
key: 516697, value: 
key: 8813, value: 
key: 391429, value: 
key: 114220, value: 
key: 657123, value: 
key: 899419, value: 
key: 518046, value: 
key: 193353, value: 
key: 773690, value: 
key: 17790, value: 
key: 106346, value: 
key: 719838, value: 
key: 44901, value: 
key: 29801, value: 
key: 414102, value: 
key: 819150, value: 
key: 133458, value: 
key: 16762, value: 
key: 132350, value: 
key: 209076, value: 
key: 931465, value: 
key: 413826, value: 
key: 5661, value: 
key: 526737, value: 
key: 71060, value: 
key: 876339, value: 
key: 210496, value: 
key: 506502, value: 
key: 72180, value: 
key: 28927, value: 
key: 472591, value: 
key: 693277, value: 
key: 75983, value: 
key: 50896, value: 
key: 925480, value: 
key: 1096, value: 
key: 150176, value: 
key: 153858, value: 
key: 65120, value: 
key: 379649, value: 
key: 131582, value: 
key: 27197, value: 
key: 57239, value: 
key: 10904, value: 
key: 2266, value: 
key: 245339, value: 
key: 196473, value: 
key: 66361, value: 
key: 16867, value: 
key: 171706, value: 
key: 923431, value: 
key: 148771, value: 
key: 49496, value: 
key: 555124, value: 
key: 574510, value: 
key: 63320, value: 
key: 6653, value: 
key: 43423, value: 
key: 3180, value: 
key: 1115, value: 
key: 701879, value: 
key: 567437, value: 
key: 262080, value: 
key: 147877, value: 
key: 971203, value: 
key: 564302, value: 
key: 467559, value: 
key: 258670, value: 
key: 166834, value: 
key: 604604, value: 
key: 104023, value: 
key: 8820, value: 
key: 237781, value: 
key: 255877, value: 
key: 155917, value: 
key: 543404, value: 
key: 109110, value: 
key: 54300, value: 
key: 368065, value: 
key: 513207, value: 
key: 548487, value: 
key: 80042, value: 
key: 189143, value: 
key: 7098, value: 
key: 783718, value: 
key: 524524, value: 
key: 191421, value: 
key: 817233, value: 
key: 1645, value: 
key: 97602, value: 
key: 241852, value: 
key: 131384, value: 
key: 838470, value: 
key: 6893, value: 
key: 58012, value: 
key: 164580, value: 
key: 149871, value: 
key: 81205, value: 
key: 28938, value: 
key: 457725, value: 
key: 306508, value: 
key: 1072, value: 
key: 523628, value: 
key: 123794, value: 
key: 451398, value: 
key: 31978, value: 
key: 102935, value: 
key: 5542, value: 
key: 656502, value: 
key: 321723, value: 
key: 252030, value: 
key: 817345, value: 
key: 697408, value: 
key: 949347, value: 
key: 872852, value: 
key: 812674, value: 
key: 6693, value: 
key: 5944, value: 
key: 184443, value: 
key: 43463, value: 
key: 26150, value: 
key: 193436, value: 
key: 993652, value: 
key: 778068, value: 
key: 940289, value: 
key: 488378, value: 
key: 23113, value: 
key: 388416, value: 
key: 2437, value: 
key: 933630, value: 
key: 423193, value: 
key: 830274, value: 
key: 57279, value: 
key: 457415, value: 
key: 664534, value: 
key: 512116, value: 
key: 176327, value: 
key: 979159, value: 
key: 33785, value: 
key: 20961, value: 
key: 68253, value: 
key: 556972, value: 
key: 263696, value: 
key: 565066, value: 
key: 205993, value: 
key: 4435, value: 
key: 999472, value: 
key: 150653, value: 
key: 322063, value: 
key: 229092, value: 
key: 36180, value: 
key: 981039, value: 
key: 221238, value: 
key: 339535, value: 
key: 210216, value: 
key: 11028, value: 
key: 871161, value: 
key: 263328, value: 
key: 952273, value: 
key: 416207, value: 
key: 45742, value: 
key: 334426, value: 
key: 72094, value: 
key: 114347, value: 
key: 816759, value: 
key: 442057, value: 
key: 6327, value: 
key: 123833, value: 
key: 218676, value: 
key: 263603, value: 
key: 941295, value: 
key: 845753, value: 
key: 9544, value: 
key: 631466, value: 
key: 862686, value: 
key: 337399, value: 
key: 11918, value: 
key: 29551, value: 
key: 120197, value: 
key: 133285, value: 
key: 384157, value: 
key: 124041, value: 
key: 662985, value: 
key: 878348, value: 
key: 279369, value: 
key: 767215, value: 
key: 330129, value: 
key: 523583, value: 
key: 439981, value: 
key: 906519, value: 
key: 110552, value: 
key: 30245, value: 
key: 692009, value: 
key: 502074, value: 
key: 447003, value: 
key: 789006, value: 
key: 75192, value: 
key: 622848, value: 
key: 170880, value: 
key: 185972, value: 
key: 257701, value: 
key: 271929, value: 
key: 611635, value: 
key: 136888, value: 
key: 48691, value: 
key: 216991, value: 
key: 511212, value: 
key: 398569, value: 
key: 924533, value: 
key: 845931, value: 
key: 128131, value: 
key: 781396, value: 
key: 6381, value: 
key: 261696, value: 
key: 200, value: 
key: 531654, value: 
key: 16434, value: 
key: 31561, value: 
key: 49476, value: 
key: 8558, value: 
key: 39264, value: 
key: 443634, value: 
key: 284729, value: 
key: 959564, value: 
key: 122072, value: 
key: 354857, value: 
key: 856584, value: 
key: 222037, value: 
key: 14780, value: 
key: 39653, value: 
key: 599625, value: 
key: 349486, value: 
key: 272016, value: 
key: 95952, value: 
key: 7973, value: 
key: 798121, value: 
key: 228840, value: 
key: 408550, value: 
key: 70216, value: 
key: 475037, value: 
key: 41292, value: 
key: 6572, value: 
key: 8156, value: 
key: 840121, value: 
key: 36418, value: 
key: 97527, value: 
key: 815224, value: 
key: 4459, value: 
key: 10807, value: 
key: 241058, value: 
key: 812667, value: 
key: 20194, value: 
key: 627690, value: 
key: 663564, value: 
key: 1368, value: 
key: 974, value: 
key: 527431, value: 
key: 75343, value: 
key: 790592, value: 
key: 271725, value: 
key: 237710, value: 
key: 638018, value: 
key: 315421, value: 
key: 464143, value: 
key: 12117, value: 
key: 115852, value: 
key: 401683, value: 
key: 246750, value: 
key: 140771, value: 
key: 70809, value: 
key: 49346, value: 
key: 52467, value: 
key: 381231, value: 
key: 23061, value: 
key: 246330, value: 
key: 740939, value: 
key: 694845, value: 
key: 241447, value: 
key: 419354, value: 
key: 186254, value: 
key: 58993, value: 
key: 116767, value: 
key: 684020, value: 
key: 22255, value: 
key: 266767, value: 
key: 704896, value: 
key: 174233, value: 
key: 562603, value: 
key: 602015, value: 
key: 130767, value: 
key: 95525, value: 
key: 299644, value: 
key: 62310, value: 
key: 844789, value: 
key: 332453, value: 
key: 213581, value: 
key: 576778, value: 
key: 389701, value: 
key: 384104, value: 
key: 106843, value: 
key: 427195, value: 
key: 613008, value: 
key: 134437, value: 
key: 23995, value: 
key: 25427, value: 
key: 27814, value: 
key: 822239, value: 
key: 24857, value: 
key: 629898, value: 
key: 201289, value: 
key: 375454, value: 
key: 594284, value: 
key: 482686, value: 
key: 244424, value: 
key: 54980, value: 
key: 428150, value: 
key: 117236, value: 
key: 367893, value: 
key: 300016, value: 
key: 695758, value: 
key: 695561, value: 
key: 437752, value: 
key: 190783, value: 
key: 807050, value: 
key: 23533, value: 
key: 386865, value: 
key: 924607, value: 
key: 541505, value: 
key: 713757, value: 
key: 456623, value: 
key: 37000, value: 
key: 255662, value: 
key: 217392, value: 
key: 443304, value: 
key: 397728, value: 
key: 33587, value: 
key: 176190, value: 
key: 906339, value: 
key: 186122, value: 
key: 157742, value: 
key: 117748, value: 
key: 691770, value: 
key: 239552, value: 
key: 266891, value: 
key: 648598, value: 
key: 13178, value: 
key: 114503, value: 
key: 270915, value: 
key: 77028, value: 
key: 121965, value: 
key: 708407, value: 
key: 3076, value: 
key: 356455, value: 
key: 843050, value: 
key: 578408, value: 
key: 610119, value: 
key: 44105, value: 
key: 191126, value: 
key: 33837, value: 
key: 22161, value: 
key: 30047, value: 
key: 41135, value: 
key: 543002, value: 
key: 478856, value: 
key: 484862, value: 
key: 21924, value: 
key: 318293, value: 
key: 22358, value: 
key: 185132, value: 
key: 628864, value: 
key: 40, value: 
key: 689982, value: 
key: 475848, value: 
key: 46893, value: 
key: 898070, value: 
key: 20118, value: 
key: 13118, value: 
key: 808721, value: 
key: 26273, value: 
key: 699411, value: 
key: 64769, value: 
key: 567422, value: 
key: 957485, value: 
key: 2116, value: 
key: 653, value: 
key: 195195, value: 
key: 258795, value: 
key: 569015, value: 
key: 165505, value: 
key: 333733, value: 
key: 292043, value: 
key: 355629, value: 
key: 62169, value: 
key: 403980, value: 
key: 289128, value: 
key: 509004, value: 
key: 253316, value: 
key: 580128, value: 
key: 19026, value: 
key: 314905, value: 
key: 981080, value: 
key: 27089, value: 
key: 105178, value: 
key: 244310, value: 
key: 18254, value: 
key: 122832, value: 
key: 907059, value: 
key: 88899, value: 
key: 930266, value: 
key: 242033, value: 
key: 3096, value: 
key: 33204, value: 
key: 11200, value: 
key: 22374, value: 
key: 541228, value: 
key: 581754, value: 
key: 812625, value: 
key: 468699, value: 
key: 735113, value: 
key: 128537, value: 
key: 39084, value: 
key: 54238, value: 
key: 42763, value: 
key: 9797, value: 
key: 47463, value: 
key: 506021, value: 
key: 41168, value: 
key: 653581, value: 
key: 530684, value: 
key: 106038, value: 
key: 631770, value: 
key: 232960, value: 
key: 21775, value: 
key: 216083, value: 
key: 643702, value: 
key: 5689, value: 
key: 450065, value: 
key: 64231, value: 
key: 102209, value: 
key: 7773, value: 
key: 170314, value: 
key: 46978, value: 
key: 157393, value: 
key: 4088, value: 
key: 410005, value: 
key: 14276, value: 
key: 3432, value: 
key: 84842, value: 
key: 262350, value: 
key: 510239, value: 
key: 294063, value: 
key: 386676, value: 
key: 919788, value: 
key: 201506, value: 
key: 10814, value: 
key: 941969, value: 
key: 362210, value: 
key: 470678, value: 
key: 16210, value: 
key: 314307, value: 
key: 4169, value: 
key: 5694, value: 
key: 124038, value: 
key: 717182, value: 
key: 284057, value: 
key: 703895, value: 
key: 635905, value: 
key: 926744, value: 
key: 566241, value: 
key: 177421, value: 
key: 7908, value: 
key: 362061, value: 
key: 229319, value: 
key: 2374, value: 
key: 498111, value: 
key: 587956, value: 
key: 364429, value: 
key: 41120, value: 
key: 452023, value: 
key: 33213, value: 
key: 914, value: 
key: 5188, value: 
key: 236865, value: 
key: 20512, value: 
key: 20691, value: 
key: 5395, value: 
key: 873440, value: 
key: 74070, value: 
key: 4404, value: 
key: 41191, value: 
key: 709129, value: 
key: 723521, value: 
key: 18179, value: 
key: 461805, value: 
key: 2970, value: 
key: 412931, value: 
key: 899127, value: 
key: 281928, value: 
key: 904713, value: 
key: 242105, value: 
key: 232210, value: 
key: 905899, value: 
key: 853204, value: 
key: 64266, value: 
key: 689755, value: 
key: 237426, value: 
key: 164047, value: 
key: 107345, value: 
key: 114176, value: 
key: 837312, value: 
key: 688358, value: 
key: 11826, value: 
key: 327507, value: 
key: 543624, value: 
key: 36883, value: 
key: 624600, value: 
key: 564346, value: 
key: 385624, value: 
key: 738835, value: 
key: 123303, value: 
key: 159634, value: 
key: 104854, value: 
key: 988964, value: 
key: 48886, value: 
key: 768953, value: 
key: 471374, value: 
key: 175506, value: 
key: 59499, value: 
key: 91673, value: 
key: 19257, value: 
key: 807445, value: 
key: 882291, value: 
key: 477327, value: 
key: 83074, value: 
key: 544810, value: 
key: 379047, value: 
key: 54584, value: 
key: 67296, value: 
key: 11408, value: 
key: 657266, value: 
key: 360094, value: 
key: 436111, value: 
key: 38614, value: 
key: 14504, value: 
key: 29287, value: 
key: 26987, value: 
key: 887601, value: 
key: 164182, value: 
key: 238513, value: 
key: 136457, value: 
key: 34302, value: 
key: 768290, value: 
key: 218186, value: 
key: 129275, value: 
key: 3588, value: 
key: 886598, value: 
key: 328940, value: 
key: 50599, value: 
key: 41366, value: 
key: 399379, value: 
key: 540313, value: 
key: 737108, value: 
key: 66172, value: 
key: 716103, value: 
key: 631, value: 
key: 424969, value: 
key: 660439, value: 
key: 201346, value: 
key: 2400, value: 
key: 40442, value: 
key: 755485, value: 
key: 13329, value: 
key: 524078, value: 
key: 53596, value: 
key: 275875, value: 
key: 199102, value: 
key: 185642, value: 
key: 15785, value: 
key: 666165, value: 
key: 61478, value: 
key: 569932, value: 
key: 146946, value: 
key: 419253, value: 
key: 212032, value: 
key: 238384, value: 
key: 673514, value: 
key: 13264, value: 
key: 883548, value: 
key: 234650, value: 
key: 326546, value: 
key: 94694, value: 
key: 304908, value: 
key: 8602, value: 
key: 935490, value: 
key: 696409, value: 
key: 872232, value: 
key: 649960, value: 
key: 817781, value: 
key: 494801, value: 
key: 118239, value: 
key: 36041, value: 
key: 529990, value: 
key: 56030, value: 
key: 7351, value: 
key: 84992, value: 
key: 618722, value: 
key: 949497, value: 
key: 832214, value: 
key: 299989, value: 
key: 116792, value: 
key: 380579, value: 
key: 841995, value: 
key: 346537, value: 
key: 114804, value: 
key: 974035, value: 
key: 294104, value: 
key: 435390, value: 
key: 82239, value: 
key: 254777, value: 
key: 112554, value: 
key: 80321, value: 
key: 284255, value: 
key: 731748, value: 
key: 523332, value: 
key: 439400, value: 
key: 111524, value: 
key: 77479, value: 
key: 252005, value: 
key: 739906, value: 
key: 844316, value: 
key: 62004, value: 
key: 54968, value: 
key: 493422, value: 
key: 237220, value: 
key: 941022, value: 
key: 51732, value: 
key: 473783, value: 
key: 577159, value: 
key: 341, value: 
key: 857804, value: 
key: 138396, value: 
key: 583718, value: 
key: 147, value: 
key: 647841, value: 
key: 125688, value: 
key: 122135, value: 
key: 660228, value: 
key: 60992, value: 
key: 666408, value: 
key: 451938, value: 
key: 100092, value: 
key: 800, value: 
key: 14643, value: 
key: 119957, value: 
key: 573007, value: 
key: 495996, value: 
key: 520340, value: 
key: 440950, value: 
key: 225573, value: 
key: 430133, value: 
key: 587750, value: 
key: 593366, value: 
key: 192084, value: 
key: 255639, value: 
key: 67162, value: 
key: 650456, value: 
key: 31761, value: 
key: 586715, value: 
key: 763439, value: 
key: 89890, value: 
key: 15635, value: 
key: 775562, value: 
key: 174578, value: 
key: 570952, value: 
key: 351214, value: 
key: 941376, value: 
key: 159849, value: 
key: 236410, value: 
key: 21285, value: 
key: 25625, value: 
key: 909978, value: 
key: 585709, value: 
key: 22741, value: 
key: 370202, value: 
key: 516127, value: 
key: 25973, value: 
key: 6738, value: 
key: 498762, value: 
key: 512064, value: 
key: 18072, value: 
key: 855347, value: 
key: 325756, value: 
key: 348324, value: 
key: 554, value: 
key: 207029, value: 
key: 236146, value: 
key: 174385, value: 
key: 722070, value: 
key: 384045, value: 
key: 707282, value: 
key: 38933, value: 
key: 153076, value: 
key: 863012, value: 
key: 3610, value: 
key: 331537, value: 
key: 87962, value: 
key: 384908, value: 
key: 66170, value: 
key: 287120, value: 
key: 254384, value: 
key: 942362, value: 
key: 296353, value: 
key: 336529, value: 
key: 150866, value: 
key: 960281, value: 
key: 135126, value: 
key: 54526, value: 
key: 673181, value: 
key: 73257, value: 
key: 46905, value: 
key: 30009, value: 
key: 69920, value: 
key: 602165, value: 
key: 295080, value: 
key: 856399, value: 
key: 107170, value: 
key: 466516, value: 
key: 94032, value: 
key: 129426, value: 
key: 96184, value: 
key: 317601, value: 
key: 467661, value: 
key: 545268, value: 
key: 79154, value: 
key: 156491, value: 
key: 11761, value: 
key: 727769, value: 
key: 16997, value: 
key: 835286, value: 
key: 508843, value: 
key: 11381, value: 
key: 312415, value: 
key: 76937, value: 
key: 313458, value: 
key: 510592, value: 
key: 902380, value: 
key: 3113, value: 
key: 6046, value: 
key: 734680, value: 
key: 237167, value: 
key: 313102, value: 
key: 60402, value: 
key: 162821, value: 
key: 71763, value: 
key: 503, value: 
key: 301482, value: 
key: 946414, value: 
key: 19426, value: 
key: 283751, value: 
key: 60505, value: 
key: 471224, value: 
key: 69058, value: 
key: 6310, value: 
key: 128506, value: 
key: 70588, value: 
key: 195072, value: 
key: 114295, value: 
key: 5371, value: 
key: 184456, value: 
key: 971964, value: 
key: 489382, value: 
key: 21597, value: 
key: 215363, value: 
key: 475945, value: 
key: 8677, value: 
key: 551629, value: 
key: 2015, value: 
key: 746021, value: 
key: 122007, value: 
key: 655257, value: 
key: 49535, value: 
key: 951960, value: 
key: 599221, value: 
key: 8727, value: 
key: 693411, value: 
key: 216010, value: 
key: 400404, value: 
key: 10865, value: 
key: 75709, value: 
key: 669618, value: 
key: 87632, value: 
key: 699253, value: 
key: 2819, value: 
key: 89069, value: 
key: 324588, value: 
key: 276391, value: 
key: 94898, value: 
key: 240466, value: 
key: 389598, value: 
key: 1344, value: 
key: 147787, value: 
key: 885553, value: 
key: 556963, value: 
key: 149563, value: 
key: 698555, value: 
key: 37989, value: 
key: 333865, value: 
key: 245302, value: 
key: 824217, value: 
key: 16326, value: 
key: 822, value: 
key: 21782, value: 
key: 84455, value: 
key: 15099, value: 
key: 391922, value: 
key: 196389, value: 
key: 26378, value: 
key: 421564, value: 
key: 58445, value: 
key: 751728, value: 
key: 659307, value: 
key: 272287, value: 
key: 25041, value: 
key: 784180, value: 
key: 89805, value: 
key: 26716, value: 
key: 280866, value: 
key: 463348, value: 
key: 942522, value: 
key: 146746, value: 
key: 330389, value: 
key: 54164, value: 
key: 142456, value: 
key: 127426, value: 
key: 373878, value: 
key: 517478, value: 
key: 676948, value: 
key: 664190, value: 
key: 588980, value: 
key: 135261, value: 
key: 221962, value: 
key: 640677, value: 
key: 399111, value: 
key: 109745, value: 
key: 15446, value: 
key: 360490, value: 
key: 81355, value: 
key: 605359, value: 
key: 13248, value: 
key: 37965, value: 
key: 1416, value: 
key: 530961, value: 
key: 929219, value: 
key: 405254, value: 
key: 768647, value: 
key: 282017, value: 
key: 8314, value: 
key: 214669, value: 
key: 62396, value: 
key: 667421, value: 
key: 525628, value: 
key: 596415, value: 
key: 712914, value: 
key: 582391, value: 
key: 627814, value: 
key: 604202, value: 
key: 277529, value: 
key: 231286, value: 
key: 818087, value: 
key: 30737, value: 
key: 215059, value: 
key: 173726, value: 
key: 104591, value: 
key: 38126, value: 
key: 384928, value: 
key: 431864, value: 
key: 19707, value: 
key: 533740, value: 
key: 217732, value: 
key: 997685, value: 
key: 339780, value: 
key: 113768, value: 
key: 769774, value: 
key: 157579, value: 
key: 486824, value: 
key: 28868, value: 
key: 701213, value: 
key: 161680, value: 
key: 53802, value: 
key: 1915, value: 
key: 20305, value: 
key: 585242, value: 
key: 304285, value: 
key: 700737, value: 
key: 492115, value: 
key: 80738, value: 
key: 341453, value: 
key: 9054, value: 
key: 728193, value: 
key: 49395, value: 
key: 428480, value: 
key: 88420, value: 
key: 234029, value: 
key: 577234, value: 
key: 34670, value: 
key: 493084, value: 
key: 625807, value: 
key: 778459, value: 
key: 558273, value: 
key: 117263, value: 
key: 784832, value: 
key: 108650, value: 
key: 472104, value: 
key: 206716, value: 
key: 180478, value: 
key: 310372, value: 
key: 72546, value: 
key: 512619, value: 
key: 55114, value: 
key: 907693, value: 
key: 245966, value: 
key: 314950, value: 
key: 36243, value: 
key: 267490, value: 
key: 252081, value: 
key: 119700, value: 
key: 606437, value: 
key: 444648, value: 
key: 988618, value: 
key: 588290, value: 
key: 150019, value: 
key: 39952, value: 
key: 139771, value: 
key: 606150, value: 
key: 72054, value: 
key: 784492, value: 
key: 728494, value: 
key: 345774, value: 
key: 41049, value: 
key: 22732, value: 
key: 884820, value: 
key: 215143, value: 
key: 982809, value: 
key: 161031, value: 
key: 480509, value: 
key: 908070, value: 
key: 205935, value: 
key: 4, value: 
key: 55754, value: 
key: 553638, value: 
key: 404877, value: 
key: 238689, value: 
key: 181530, value: 
key: 81511, value: 
key: 23186, value: 
key: 712730, value: 
key: 679743, value: 
key: 396631, value: 
key: 14564, value: 
key: 37088, value: 
key: 37004, value: 
key: 919090, value: 
key: 180038, value: 
key: 690702, value: 
key: 8572, value: 
key: 221795, value: 
key: 603803, value: 
key: 220002, value: 
key: 5568, value: 
key: 439, value: 
key: 93514, value: 
key: 639178, value: 
key: 213837, value: 
key: 48024, value: 
key: 55664, value: 
key: 283616, value: 
key: 72153, value: 
key: 730275, value: 
key: 736011, value: 
key: 88909, value: 
key: 662655, value: 
key: 264507, value: 
key: 413738, value: 
key: 89452, value: 
key: 115768, value: 
key: 605366, value: 
key: 262145, value: 
key: 355922, value: 
key: 878409, value: 
key: 61720, value: 
key: 329400, value: 
key: 124487, value: 
key: 507189, value: 
key: 493835, value: 
key: 560012, value: 
key: 340511, value: 
key: 151618, value: 
key: 66727, value: 
key: 156400, value: 
key: 916899, value: 
key: 613468, value: 
key: 146698, value: 
key: 658263, value: 
key: 9803, value: 
key: 250267, value: 
key: 644, value: 
key: 946009, value: 
key: 923840, value: 
key: 95303, value: 
key: 29232, value: 
key: 614197, value: 
key: 35523, value: 
key: 493765, value: 
key: 198208, value: 
key: 37572, value: 
key: 195094, value: 
key: 725815, value: 
key: 89762, value: 
key: 88826, value: 
key: 899619, value: 
key: 19899, value: 
key: 18603, value: 
key: 196929, value: 
key: 5319, value: 
key: 32908, value: 
key: 17309, value: 
key: 902027, value: 
key: 290537, value: 
key: 636625, value: 
key: 639606, value: 
key: 25201, value: 
key: 837954, value: 
key: 900216, value: 
key: 639590, value: 
key: 813994, value: 
key: 792901, value: 
key: 545631, value: 
key: 5276, value: 
key: 64749, value: 
key: 217943, value: 
key: 159962, value: 
key: 4912, value: 
key: 696494, value: 
key: 442361, value: 
key: 589169, value: 
key: 787480, value: 
key: 259989, value: 
key: 58223, value: 
key: 68202, value: 
key: 258247, value: 
key: 162663, value: 
key: 490238, value: 
key: 864945, value: 
key: 291824, value: 
key: 11831, value: 
key: 281656, value: 
key: 37646, value: 
key: 226246, value: 
key: 412979, value: 
key: 110567, value: 
key: 6512, value: 
key: 246361, value: 
key: 322287, value: 
key: 77198, value: 
key: 493543, value: 
key: 733399, value: 
key: 19651, value: 
key: 272368, value: 
key: 213954, value: 
key: 851132, value: 
key: 153526, value: 
key: 603780, value: 
key: 748711, value: 
key: 432441, value: 
key: 433835, value: 
key: 442080, value: 
key: 87142, value: 
key: 466783, value: 
key: 122647, value: 
key: 783776, value: 
key: 18087, value: 
key: 184397, value: 
key: 436212, value: 
key: 275604, value: 
key: 49896, value: 
key: 3854, value: 
key: 555403, value: 
key: 67515, value: 
key: 626581, value: 
key: 449397, value: 
key: 15082, value: 
key: 729459, value: 
key: 862231, value: 
key: 600262, value: 
key: 105028, value: 
key: 212874, value: 
key: 12870, value: 
key: 916138, value: 
key: 48330, value: 
key: 349246, value: 
key: 69942, value: 
key: 836186, value: 
key: 251592, value: 
key: 723932, value: 
key: 641508, value: 
key: 923, value: 
key: 16720, value: 
key: 265467, value: 
key: 512282, value: 
key: 297488, value: 
key: 488954, value: 
key: 113753, value: 
key: 610801, value: 
key: 477989, value: 
key: 41726, value: 
key: 546629, value: 
key: 280507, value: 
key: 39462, value: 
key: 301183, value: 
key: 17725, value: 
key: 71219, value: 
key: 11000, value: 
key: 28710, value: 
key: 974349, value: 
key: 800914, value: 
key: 827238, value: 
key: 427320, value: 
key: 576871, value: 
key: 197911, value: 
key: 731342, value: 
key: 346281, value: 
key: 236731, value: 
key: 491442, value: 
key: 503354, value: 
key: 272708, value: 
key: 13675, value: 
key: 646518, value: 
key: 524786, value: 
key: 801546, value: 
key: 4857, value: 
key: 109693, value: 
key: 639976, value: 
key: 309646, value: 
key: 210944, value: 
key: 4174, value: 
key: 577449, value: 
key: 53594, value: 
key: 596819, value: 
key: 479282, value: 
key: 293941, value: 
key: 302034, value: 
key: 559458, value: 
key: 122049, value: 
key: 700276, value: 
key: 447160, value: 
key: 583198, value: 
key: 52931, value: 
key: 326124, value: 
key: 109035, value: 
key: 243272, value: 
key: 879200, value: 
key: 614294, value: 
key: 130484, value: 
key: 762014, value: 
key: 175973, value: 
key: 902760, value: 
key: 961682, value: 
key: 992431, value: 
key: 91460, value: 
key: 651398, value: 
key: 665832, value: 
key: 89537, value: 
key: 871769, value: 
key: 302849, value: 
key: 523569, value: 
key: 783774, value: 
key: 17381, value: 
key: 444899, value: 
key: 318280, value: 
key: 917746, value: 
key: 292328, value: 
key: 473396, value: 
key: 691804, value: 
key: 418603, value: 
key: 19514, value: 
key: 191830, value: 
key: 701189, value: 
key: 15563, value: 
key: 898148, value: 
key: 570693, value: 
key: 16496, value: 
key: 3492, value: 
key: 91349, value: 
key: 9779, value: 
key: 429517, value: 
key: 14285, value: 
key: 624642, value: 
key: 169314, value: 
key: 71343, value: 
key: 16555, value: 
key: 43652, value: 
key: 4639, value: 
key: 914851, value: 
key: 736930, value: 
key: 601788, value: 
key: 1047, value: 
key: 861737, value: 
key: 92443, value: 
key: 284817, value: 
key: 118725, value: 
key: 16531, value: 
key: 500166, value: 
key: 557212, value: 
key: 301167, value: 
key: 458357, value: 
key: 313690, value: 
key: 185198, value: 
key: 868989, value: 
key: 624998, value: 
key: 2354, value: 
key: 840851, value: 
key: 907398, value: 
key: 549378, value: 
key: 967019, value: 
key: 778396, value: 
key: 9746, value: 
key: 153199, value: 
key: 914413, value: 
key: 434902, value: 
key: 186582, value: 
key: 403690, value: 
key: 4877, value: 
key: 3135, value: 
key: 206165, value: 
key: 847634, value: 
key: 145310, value: 
key: 935746, value: 
key: 433275, value: 
key: 539489, value: 
key: 526083, value: 
key: 67692, value: 
key: 2004, value: 
key: 140094, value: 
key: 4691, value: 
key: 473149, value: 
key: 231853, value: 
key: 10180, value: 
key: 428822, value: 
key: 263292, value: 
key: 459217, value: 
key: 49142, value: 
key: 8004, value: 
key: 604806, value: 
key: 488822, value: 
key: 55042, value: 
key: 905684, value: 
key: 82277, value: 
key: 53330, value: 
key: 739597, value: 
key: 7579, value: 
key: 751652, value: 
key: 22648, value: 
key: 684, value: 
key: 599678, value: 
key: 744380, value: 
key: 661610, value: 
key: 82567, value: 
key: 658836, value: 
key: 818597, value: 
key: 952626, value: 
key: 575564, value: 
key: 31196, value: 
key: 81531, value: 
key: 685135, value: 
key: 74119, value: 
key: 327710, value: 
key: 192343, value: 
key: 41603, value: 
key: 526072, value: 
key: 744173, value: 
key: 141226, value: 
key: 833105, value: 
key: 660958, value: 
key: 90124, value: 
key: 991911, value: 
key: 5919, value: 
key: 566100, value: 
key: 305152, value: 
key: 119487, value: 
key: 1577, value: 
key: 950028, value: 
key: 88655, value: 
key: 61618, value: 
key: 233046, value: 
key: 166814, value: 
key: 55697, value: 
key: 880051, value: 
key: 501071, value: 
key: 763068, value: 
key: 120966, value: 
key: 471192, value: 
key: 183275, value: 
key: 38940, value: 
key: 873792, value: 
key: 257071, value: 
key: 460, value: 
key: 612096, value: 
key: 5524, value: 
key: 3784, value: 
key: 106256, value: 
key: 163741, value: 
key: 425337, value: 
key: 8165, value: 
key: 278700, value: 
key: 340665, value: 
key: 960667, value: 
key: 69676, value: 
key: 191021, value: 
key: 81209, value: 
key: 713614, value: 
key: 79550, value: 
key: 220086, value: 
key: 123848, value: 
key: 947765, value: 
key: 255954, value: 
key: 13633, value: 
key: 848244, value: 
key: 526825, value: 
key: 490012, value: 
key: 230625, value: 
key: 720977, value: 
key: 679392, value: 
key: 35879, value: 
key: 513795, value: 
key: 151539, value: 
key: 391045, value: 
key: 722159, value: 
key: 466840, value: 
key: 546557, value: 
key: 14287, value: 
key: 301729, value: 
key: 962131, value: 
key: 289498, value: 
key: 552321, value: 
key: 324759, value: 
key: 22314, value: 
key: 743433, value: 
key: 295183, value: 
key: 722777, value: 
key: 118565, value: 
key: 19002, value: 
key: 98805, value: 
key: 2178, value: 
key: 175722, value: 
key: 324700, value: 
key: 335621, value: 
key: 149291, value: 
key: 355634, value: 
key: 618292, value: 
key: 362881, value: 
key: 177535, value: 
key: 733780, value: 
key: 845515, value: 
key: 211172, value: 
key: 373018, value: 
key: 8989, value: 
key: 84204, value: 
key: 29652, value: 
key: 961482, value: 
key: 303, value: 
key: 455491, value: 
key: 18308, value: 
key: 515573, value: 
key: 279455, value: 
key: 138864, value: 
key: 270098, value: 
key: 375423, value: 
key: 904638, value: 
key: 518787, value: 
key: 106830, value: 
key: 915535, value: 
key: 127378, value: 
key: 663759, value: 
key: 829748, value: 
key: 1627, value: 
key: 314130, value: 
key: 570044, value: 
key: 154, value: 
key: 94458, value: 
key: 1182, value: 
key: 21151, value: 
key: 466118, value: 
key: 51051, value: 
key: 506793, value: 
key: 276485, value: 
key: 53738, value: 
key: 211914, value: 
key: 7232, value: 
key: 68910, value: 
key: 491051, value: 
key: 857738, value: 
key: 33529, value: 
key: 21555, value: 
key: 880862, value: 
key: 51446, value: 
key: 293497, value: 
key: 136248, value: 
key: 26817, value: 
key: 71880, value: 
key: 1894, value: 
key: 532040, value: 
key: 129273, value: 
key: 83791, value: 
key: 543628, value: 
key: 57433, value: 
key: 10616, value: 
key: 715324, value: 
key: 740098, value: 
key: 200013, value: 
key: 215181, value: 
key: 43353, value: 
key: 665483, value: 
key: 233057, value: 
key: 24695, value: 
key: 204891, value: 
key: 831105, value: 
key: 163464, value: 
key: 10546, value: 
key: 143237, value: 
key: 868259, value: 
key: 529253, value: 
key: 429113, value: 
key: 276852, value: 
key: 549, value: 
key: 692159, value: 
key: 860747, value: 
key: 5331, value: 
key: 720070, value: 
key: 203733, value: 
key: 520429, value: 
key: 66020, value: 
key: 36793, value: 
key: 468006, value: 
key: 77590, value: 
key: 14832, value: 
key: 625573, value: 
key: 126326, value: 
key: 342054, value: 
key: 190923, value: 
key: 1601, value: 
key: 114028, value: 
key: 307228, value: 
key: 764333, value: 
key: 706003, value: 
key: 55693, value: 
key: 750639, value: 
key: 153887, value: 
key: 677082, value: 
key: 8174, value: 
key: 251561, value: 
key: 268068, value: 
key: 125455, value: 
key: 491662, value: 
key: 193968, value: 
key: 2101, value: 
key: 132947, value: 
key: 693592, value: 
key: 672032, value: 
key: 581958, value: 
key: 65443, value: 
key: 949, value: 
key: 430812, value: 
key: 93275, value: 
key: 657219, value: 
key: 1135, value: 
key: 242439, value: 
key: 63782, value: 
key: 267069, value: 
key: 906627, value: 
key: 20662, value: 
key: 333272, value: 
key: 401643, value: 
key: 133003, value: 
key: 83739, value: 
key: 101316, value: 
key: 353560, value: 
key: 66738, value: 
key: 462446, value: 
key: 679222, value: 
key: 853037, value: 
key: 926814, value: 
key: 340746, value: 
key: 776545, value: 
key: 613420, value: 
key: 703099, value: 
key: 810894, value: 
key: 289818, value: 
key: 658715, value: 
key: 221434, value: 
key: 30560, value: 
key: 360537, value: 
key: 334147, value: 
key: 3131, value: 
key: 7306, value: 
key: 191511, value: 
key: 25252, value: 
key: 9977, value: 
key: 629315, value: 
key: 792376, value: 
key: 499868, value: 
key: 53882, value: 
key: 514677, value: 
key: 22824, value: 
key: 46958, value: 
key: 27487, value: 
key: 227951, value: 
key: 776970, value: 
key: 909451, value: 
key: 155377, value: 
key: 340144, value: 
key: 549451, value: 
key: 22961, value: 
key: 254784, value: 
key: 133537, value: 
key: 97141, value: 
key: 106283, value: 
key: 700227, value: 
key: 708898, value: 
key: 81106, value: 
key: 84705, value: 
key: 267690, value: 
key: 123312, value: 
key: 87560, value: 
key: 202930, value: 
key: 342656, value: 
key: 92436, value: 
key: 439714, value: 
key: 670959, value: 
key: 199373, value: 
key: 588586, value: 
key: 541561, value: 
key: 294795, value: 
key: 140931, value: 
key: 9061, value: 
key: 799261, value: 
key: 784144, value: 
key: 139092, value: 
key: 129923, value: 
key: 252517, value: 
key: 741860, value: 
key: 83021, value: 
key: 385514, value: 
key: 305648, value: 
key: 117076, value: 
key: 630511, value: 
key: 95220, value: 
key: 962315, value: 
key: 31907, value: 
key: 764267, value: 
key: 371685, value: 
key: 413026, value: 
key: 48695, value: 
key: 13718, value: 
key: 79701, value: 
key: 30357, value: 
key: 814786, value: 
key: 720665, value: 
key: 618205, value: 
key: 362643, value: 
key: 720874, value: 
key: 987150, value: 
key: 330257, value: 
key: 924074, value: 
key: 24004, value: 
key: 566346, value: 
key: 148049, value: 
key: 633529, value: 
key: 9740, value: 
key: 360696, value: 
key: 1243, value: 
key: 190848, value: 
key: 139973, value: 
key: 789071, value: 
key: 436692, value: 
key: 918594, value: 
key: 528476, value: 
key: 256995, value: 
key: 144502, value: 
key: 977245, value: 
key: 319920, value: 
key: 508825, value: 
key: 962463, value: 
key: 305507, value: 
key: 642550, value: 
key: 130350, value: 
key: 637680, value: 
key: 772703, value: 
key: 12265, value: 
key: 229863, value: 
key: 6075, value: 
key: 837343, value: 
key: 96076, value: 
key: 521950, value: 
key: 452278, value: 
key: 639765, value: 
key: 941123, value: 
key: 151179, value: 
key: 397274, value: 
key: 63900, value: 
key: 4532, value: 
key: 894661, value: 
key: 20905, value: 
key: 306236, value: 
key: 215778, value: 
key: 79921, value: 
key: 793326, value: 
key: 357098, value: 
key: 318826, value: 
key: 497028, value: 
key: 68594, value: 
key: 721950, value: 
key: 39840, value: 
key: 171876, value: 
key: 240871, value: 
key: 184470, value: 
key: 393845, value: 
key: 171775, value: 
key: 368171, value: 
key: 668051, value: 
key: 849627, value: 
key: 168157, value: 
key: 416526, value: 
key: 656348, value: 
key: 598129, value: 
key: 4673, value: 
key: 137287, value: 
key: 11989, value: 
key: 495455, value: 
key: 188195, value: 
key: 355759, value: 
key: 42811, value: 
key: 799191, value: 
key: 93985, value: 
key: 416713, value: 
key: 267410, value: 
key: 343820, value: 
key: 32841, value: 
key: 836957, value: 
key: 570473, value: 
key: 570806, value: 
key: 159942, value: 
key: 114703, value: 
key: 25207, value: 
key: 90711, value: 
key: 72595, value: 
key: 31608, value: 
key: 154688, value: 
key: 134927, value: 
key: 93859, value: 
key: 218739, value: 
key: 903235, value: 
key: 56928, value: 
key: 6446, value: 
key: 82037, value: 
key: 540225, value: 
key: 380201, value: 
key: 228150, value: 
key: 39068, value: 
key: 719735, value: 
key: 199618, value: 
key: 70485, value: 
key: 315793, value: 
key: 270553, value: 
key: 834443, value: 
key: 653248, value: 
key: 797683, value: 
key: 545510, value: 
key: 262501, value: 
key: 467131, value: 
key: 224235, value: 
key: 194161, value: 
key: 614164, value: 
key: 826385, value: 
key: 422486, value: 
key: 222837, value: 
key: 341912, value: 
key: 47249, value: 
key: 342393, value: 
key: 566841, value: 
key: 764195, value: 
key: 413196, value: 
key: 16869, value: 
key: 249661, value: 
key: 95932, value: 
key: 247571, value: 
key: 153557, value: 
key: 208844, value: 
key: 211433, value: 
key: 221928, value: 
key: 195928, value: 
key: 429542, value: 
key: 649997, value: 
key: 766029, value: 
key: 678070, value: 
key: 671985, value: 
key: 136398, value: 
key: 418904, value: 
key: 1197, value: 
key: 121004, value: 
key: 39503, value: 
key: 85881, value: 
key: 21740, value: 
key: 438168, value: 
key: 690724, value: 
key: 437297, value: 
key: 452685, value: 
key: 999551, value: 
key: 662376, value: 
key: 969798, value: 
key: 234700, value: 
key: 71385, value: 
key: 619051, value: 
key: 22446, value: 
key: 348241, value: 
key: 978105, value: 
key: 377007, value: 
key: 886648, value: 
key: 30557, value: 
key: 447650, value: 
key: 968542, value: 
key: 15631, value: 
key: 22015, value: 
key: 64880, value: 
key: 433990, value: 
key: 108270, value: 
key: 403582, value: 
key: 269443, value: 
key: 909712, value: 
key: 1302, value: 
key: 950646, value: 
key: 264, value: 
key: 408, value: 
key: 246226, value: 
key: 28259, value: 
key: 872896, value: 
key: 423588, value: 
key: 1513, value: 
key: 50504, value: 
key: 932, value: 
key: 782500, value: 
key: 581648, value: 
key: 240378, value: 
key: 9429, value: 
key: 795577, value: 
key: 400662, value: 
key: 290184, value: 
key: 12508, value: 
key: 20206, value: 
key: 363491, value: 
key: 939500, value: 
key: 675288, value: 
key: 451372, value: 
key: 8446, value: 
key: 71831, value: 
key: 348164, value: 
key: 198662, value: 
key: 899143, value: 
key: 403094, value: 
key: 4279, value: 
key: 2529, value: 
key: 88303, value: 
key: 723491, value: 
key: 589202, value: 
key: 574527, value: 
key: 920623, value: 
key: 460831, value: 
key: 3179, value: 
key: 84608, value: 
key: 78025, value: 
key: 173904, value: 
key: 274887, value: 
key: 1272, value: 
key: 550127, value: 
key: 123954, value: 
key: 364904, value: 
key: 836429, value: 
key: 477820, value: 
key: 876010, value: 
key: 5401, value: 
key: 914026, value: 
key: 924289, value: 
key: 450038, value: 
key: 15327, value: 
key: 171500, value: 
key: 288, value: 
key: 307886, value: 
key: 23612, value: 
key: 242473, value: 
key: 11406, value: 
key: 271424, value: 
key: 168793, value: 
key: 345325, value: 
key: 12496, value: 
key: 1948, value: 
key: 5892, value: 
key: 22, value: 
key: 595621, value: 
key: 756565, value: 
key: 512426, value: 
key: 210966, value: 
key: 110136, value: 
key: 442129, value: 
key: 559920, value: 
key: 944087, value: 
key: 113849, value: 
key: 693725, value: 
key: 434265, value: 
key: 14384, value: 
key: 650766, value: 
key: 467308, value: 
key: 753289, value: 
key: 321521, value: 
key: 685601, value: 
key: 264862, value: 
key: 339250, value: 
key: 17189, value: 
key: 26172, value: 
key: 259918, value: 
key: 900386, value: 
key: 6563, value: 
key: 300489, value: 
key: 361677, value: 
key: 26996, value: 
key: 262895, value: 
key: 43441, value: 
key: 23081, value: 
key: 483656, value: 
key: 601517, value: 
key: 327884, value: 
key: 803252, value: 
key: 333269, value: 
key: 2927, value: 
key: 264196, value: 
key: 758578, value: 
key: 102920, value: 
key: 205391, value: 
key: 27805, value: 
key: 689384, value: 
key: 250799, value: 
key: 3533, value: 
key: 316512, value: 
key: 927141, value: 
key: 665869, value: 
key: 647607, value: 
key: 848532, value: 
key: 402608, value: 
key: 24406, value: 
key: 505772, value: 
key: 500674, value: 
key: 289199, value: 
key: 11415, value: 
key: 319193, value: 
key: 382102, value: 
key: 403016, value: 
key: 2473, value: 
key: 605841, value: 
key: 815169, value: 
key: 526652, value: 
key: 259040, value: 
key: 2048, value: 
key: 87065, value: 
key: 160621, value: 
key: 641568, value: 
key: 526032, value: 
key: 161707, value: 
key: 639305, value: 
key: 110107, value: 
key: 490322, value: 
key: 76524, value: 
key: 567176, value: 
key: 25263, value: 
key: 499815, value: 
key: 38922, value: 
key: 896038, value: 
key: 133632, value: 
key: 470951, value: 
key: 49683, value: 
key: 64897, value: 
key: 207009, value: 
key: 118813, value: 
key: 452995, value: 
key: 527903, value: 
key: 145679, value: 
key: 370473, value: 
key: 896492, value: 
key: 711782, value: 
key: 380775, value: 
key: 471961, value: 
key: 85728, value: 
key: 467151, value: 
key: 436061, value: 
key: 25634, value: 
key: 487489, value: 
key: 345862, value: 
key: 647500, value: 
key: 281856, value: 
key: 889267, value: 
key: 974954, value: 
key: 535469, value: 
key: 857, value: 
key: 468916, value: 
key: 770664, value: 
key: 101895, value: 
key: 680741, value: 
key: 577726, value: 
key: 689526, value: 
key: 950635, value: 
key: 47584, value: 
key: 704122, value: 
key: 40080, value: 
key: 219732, value: 
key: 426374, value: 
key: 373155, value: 
key: 808033, value: 
key: 780308, value: 
key: 368627, value: 
key: 717351, value: 
key: 277493, value: 
key: 62176, value: 
key: 516776, value: 
key: 720216, value: 
key: 308427, value: 
key: 4015, value: 
key: 209414, value: 
key: 215518, value: 
key: 235420, value: 
key: 500984, value: 
key: 259660, value: 
key: 54625, value: 
key: 704120, value: 
key: 331429, value: 
key: 351410, value: 
key: 906232, value: 
key: 90409, value: 
key: 7724, value: 
key: 452935, value: 
key: 134712, value: 
key: 63409, value: 
key: 530028, value: 
key: 400, value: 
key: 717139, value: 
key: 23128, value: 
key: 33035, value: 
key: 623816, value: 
key: 110020, value: 
key: 746063, value: 
key: 392585, value: 
key: 56067, value: 
key: 366410, value: 
key: 835167, value: 
key: 158899, value: 
key: 403751, value: 
key: 266710, value: 
key: 7638, value: 
key: 404334, value: 
key: 1250, value: 
key: 252850, value: 
key: 436524, value: 
key: 70511, value: 
key: 528955, value: 
key: 194408, value: 
key: 211026, value: 
key: 213547, value: 
key: 61584, value: 
key: 493158, value: 
key: 606738, value: 
key: 15507, value: 
key: 244615, value: 
key: 220037, value: 
key: 19150, value: 
key: 18043, value: 
key: 173643, value: 
key: 187938, value: 
key: 19503, value: 
key: 9571, value: 
key: 39149, value: 
key: 117454, value: 
key: 802648, value: 
key: 704274, value: 
key: 728755, value: 
key: 70483, value: 
key: 381581, value: 
key: 248570, value: 
key: 949345, value: 
key: 888, value: 
key: 355728, value: 
key: 38997, value: 
key: 857370, value: 
key: 571021, value: 
key: 419707, value: 
key: 238162, value: 
key: 15855, value: 
key: 168489, value: 
key: 653569, value: 
key: 517337, value: 
key: 90771, value: 
key: 911265, value: 
key: 417479, value: 
key: 80567, value: 
key: 65425, value: 
key: 324278, value: 
key: 95451, value: 
key: 463045, value: 
key: 260776, value: 
key: 149684, value: 
key: 231235, value: 
key: 782768, value: 
key: 536192, value: 
key: 351371, value: 
key: 921059, value: 
key: 988997, value: 
key: 972989, value: 
key: 231093, value: 
key: 17040, value: 
key: 239020, value: 
key: 2581, value: 
key: 258733, value: 
key: 6071, value: 
key: 608532, value: 
key: 648648, value: 
key: 52434, value: 
key: 806868, value: 
key: 353984, value: 
key: 421760, value: 
key: 14087, value: 
key: 387286, value: 
key: 468802, value: 
key: 300650, value: 
key: 610973, value: 
key: 242718, value: 
key: 122849, value: 
key: 467894, value: 
key: 169150, value: 
key: 564791, value: 
key: 141774, value: 
key: 781071, value: 
key: 797137, value: 
key: 84381, value: 
key: 169956, value: 
key: 593096, value: 
key: 42110, value: 
key: 961860, value: 
key: 153140, value: 
key: 810135, value: 
key: 15453, value: 
key: 159425, value: 
key: 175928, value: 
key: 891330, value: 
key: 4428, value: 
key: 12380, value: 
key: 530156, value: 
key: 68369, value: 
key: 51570, value: 
key: 471482, value: 
key: 261560, value: 
key: 415, value: 
key: 720485, value: 
key: 87816, value: 
key: 555014, value: 
key: 522197, value: 
key: 775368, value: 
key: 149842, value: 
key: 751984, value: 
key: 423292, value: 
key: 36300, value: 
key: 656274, value: 
key: 1898, value: 
key: 534921, value: 
key: 209841, value: 
key: 833361, value: 
key: 997380, value: 
key: 1179, value: 
key: 953870, value: 
key: 93657, value: 
key: 114282, value: 
key: 819680, value: 
key: 21986, value: 
key: 787811, value: 
key: 929356, value: 
key: 896335, value: 
key: 661159, value: 
key: 7416, value: 
key: 49234, value: 
key: 278300, value: 
key: 638092, value: 
key: 15622, value: 
key: 406309, value: 
key: 280824, value: 
key: 533131, value: 
key: 608224, value: 
key: 673244, value: 
key: 742478, value: 
key: 748870, value: 
key: 241838, value: 
key: 36593, value: 
key: 136004, value: 
key: 1494, value: 
key: 23238, value: 
key: 526380, value: 
key: 113618, value: 
key: 418630, value: 
key: 68468, value: 
key: 18890, value: 
key: 380575, value: 
key: 113319, value: 
key: 86451, value: 
key: 809748, value: 
key: 118046, value: 
key: 90047, value: 
key: 36832, value: 
key: 272571, value: 
key: 134, value: 
key: 656719, value: 
key: 267467, value: 
key: 44260, value: 
key: 14410, value: 
key: 351656, value: 
key: 76274, value: 
key: 255097, value: 
key: 798332, value: 
key: 366016, value: 
key: 2310, value: 
key: 964104, value: 
key: 470371, value: 
key: 97594, value: 
key: 842301, value: 
key: 30207, value: 
key: 564018, value: 
key: 1805, value: 
key: 594978, value: 
key: 343703, value: 
key: 60460, value: 
key: 640905, value: 
key: 185732, value: 
key: 243438, value: 
key: 755087, value: 
key: 898700, value: 
key: 979337, value: 
key: 803045, value: 
key: 485300, value: 
key: 541905, value: 
key: 34506, value: 
key: 948665, value: 
key: 350192, value: 
key: 107976, value: 
key: 561789, value: 
key: 764207, value: 
key: 542948, value: 
key: 262770, value: 
key: 1838, value: 
key: 42778, value: 
key: 226062, value: 
key: 255781, value: 
key: 56469, value: 
key: 319173, value: 
key: 114291, value: 
key: 568780, value: 
key: 6420, value: 
key: 169752, value: 
key: 228554, value: 
key: 671691, value: 
key: 13275, value: 
key: 261463, value: 
key: 514934, value: 
key: 231525, value: 
key: 408046, value: 
key: 130958, value: 
key: 526133, value: 
key: 328711, value: 
key: 421928, value: 
key: 420, value: 
key: 463489, value: 
key: 184799, value: 
key: 87346, value: 
key: 823737, value: 
key: 287540, value: 
key: 3388, value: 
key: 296973, value: 
key: 72160, value: 
key: 616638, value: 
key: 63014, value: 
key: 418456, value: 
key: 237343, value: 
key: 957728, value: 
key: 228187, value: 
key: 346151, value: 
key: 594022, value: 
key: 57727, value: 
key: 4079, value: 
key: 817541, value: 
key: 5748, value: 
key: 267913, value: 
key: 61827, value: 
key: 241296, value: 
key: 722623, value: 
key: 52250, value: 
key: 26770, value: 
key: 791533, value: 
key: 329633, value: 
key: 519841, value: 
key: 43740, value: 
key: 4026, value: 
key: 304913, value: 
key: 274889, value: 
key: 56041, value: 
key: 587835, value: 
key: 897576, value: 
key: 676737, value: 
key: 76191, value: 
key: 720634, value: 
key: 176062, value: 
key: 71129, value: 
key: 149352, value: 
key: 334952, value: 
key: 856988, value: 
key: 166560, value: 
key: 117625, value: 
key: 445948, value: 
key: 201283, value: 
key: 844, value: 
key: 20718, value: 
key: 106416, value: 
key: 925170, value: 
key: 346412, value: 
key: 524481, value: 
key: 949279, value: 
key: 31488, value: 
key: 187040, value: 
key: 44237, value: 
key: 468475, value: 
key: 154501, value: 
key: 775942, value: 
key: 71668, value: 
key: 669067, value: 
key: 588407, value: 
key: 522283, value: 
key: 134415, value: 
key: 65531, value: 
key: 41519, value: 
key: 24572, value: 
key: 847418, value: 
key: 848929, value: 
key: 679060, value: 
key: 907794, value: 
key: 720445, value: 
key: 539681, value: 
key: 119876, value: 
key: 485656, value: 
key: 83395, value: 
key: 751966, value: 
key: 69320, value: 
key: 1757, value: 
key: 20813, value: 
key: 755520, value: 
key: 11783, value: 
key: 95301, value: 
key: 342924, value: 
key: 67526, value: 
key: 54881, value: 
key: 607678, value: 
key: 349732, value: 
key: 876508, value: 
key: 529897, value: 
key: 478711, value: 
key: 72838, value: 
key: 598978, value: 
key: 20541, value: 
key: 86352, value: 
key: 27674, value: 
key: 558217, value: 
key: 554518, value: 
key: 304869, value: 
key: 274245, value: 
key: 36021, value: 
key: 833651, value: 
key: 46392, value: 
key: 781613, value: 
key: 170833, value: 
key: 878102, value: 
key: 851688, value: 
key: 162201, value: 
key: 982649, value: 
key: 71581, value: 
key: 132398, value: 
key: 773153, value: 
key: 27627, value: 
key: 690449, value: 
key: 63692, value: 
key: 388359, value: 
key: 492292, value: 
key: 540995, value: 
key: 383679, value: 
key: 31624, value: 
key: 772918, value: 
key: 60062, value: 
key: 223542, value: 
key: 202211, value: 
key: 899008, value: 
key: 320054, value: 
key: 9234, value: 
key: 98072, value: 
key: 64190, value: 
key: 447496, value: 
key: 261083, value: 
key: 919571, value: 
key: 54825, value: 
key: 527114, value: 
key: 619503, value: 
key: 572, value: 
key: 15613, value: 
key: 1672, value: 
key: 467700, value: 
key: 724128, value: 
key: 160315, value: 
key: 479950, value: 
key: 71099, value: 
key: 736475, value: 
key: 1993, value: 
key: 348416, value: 
key: 740061, value: 
key: 285140, value: 
key: 159722, value: 
key: 108771, value: 
key: 319889, value: 
key: 665018, value: 
key: 336826, value: 
key: 92315, value: 
key: 412968, value: 
key: 703879, value: 
key: 459307, value: 
key: 504834, value: 
key: 818393, value: 
key: 406000, value: 
key: 15473, value: 
key: 769383, value: 
key: 697978, value: 
key: 683940, value: 
key: 410333, value: 
key: 148948, value: 
key: 15503, value: 
key: 63160, value: 
key: 148810, value: 
key: 3470, value: 
key: 6822, value: 
key: 283795, value: 
key: 460150, value: 
key: 392617, value: 
key: 549941, value: 
key: 664402, value: 
key: 43876, value: 
key: 412500, value: 
key: 300171, value: 
key: 341583, value: 
key: 54874, value: 
key: 28006, value: 
key: 152345, value: 
key: 124197, value: 
key: 424833, value: 
key: 743116, value: 
key: 865157, value: 
key: 1634, value: 
key: 220802, value: 
key: 55084, value: 
key: 309444, value: 
key: 86378, value: 
key: 668486, value: 
key: 51961, value: 
key: 678777, value: 
key: 927657, value: 
key: 433365, value: 
key: 708357, value: 
key: 813770, value: 
key: 378116, value: 
key: 886473, value: 
key: 2736, value: 
key: 208646, value: 
key: 576352, value: 
key: 935399, value: 
key: 179391, value: 
key: 60651, value: 
key: 64039, value: 
key: 60211, value: 
key: 937214, value: 
key: 947141, value: 
key: 458290, value: 
key: 494179, value: 
key: 237404, value: 
key: 415053, value: 
key: 946160, value: 
key: 376440, value: 
key: 188632, value: 
key: 986540, value: 
key: 809704, value: 
key: 295776, value: 
key: 62590, value: 
key: 2251, value: 
key: 326355, value: 
key: 7948, value: 
key: 724063, value: 
key: 17015, value: 
key: 389017, value: 
key: 317812, value: 
key: 496139, value: 
key: 230500, value: 
key: 685971, value: 
key: 317414, value: 
key: 898537, value: 
key: 212342, value: 
key: 885373, value: 
key: 204501, value: 
key: 214160, value: 
key: 884464, value: 
key: 181604, value: 
key: 247999, value: 
key: 277882, value: 
key: 749855, value: 
key: 726870, value: 
key: 466022, value: 
key: 243540, value: 
key: 114475, value: 
key: 4833, value: 
key: 962757, value: 
key: 464251, value: 
key: 193108, value: 
key: 195719, value: 
key: 833882, value: 
key: 1119, value: 
key: 236472, value: 
key: 727862, value: 
key: 437697, value: 
key: 140261, value: 
key: 164869, value: 
key: 62945, value: 
key: 375919, value: 
key: 689962, value: 
key: 7115, value: 
key: 173351, value: 
key: 77149, value: 
key: 728801, value: 
key: 481294, value: 
key: 138596, value: 
key: 15411, value: 
key: 227953, value: 
key: 686, value: 
key: 605223, value: 
key: 83559, value: 
key: 182272, value: 
key: 91857, value: 
key: 906078, value: 
key: 143220, value: 
key: 225869, value: 
key: 69661, value: 
key: 183286, value: 
key: 18267, value: 
key: 65823, value: 
key: 322689, value: 
key: 432885, value: 
key: 33842, value: 
key: 218375, value: 
key: 10429, value: 
key: 202675, value: 
key: 37084, value: 
key: 514040, value: 
key: 509525, value: 
key: 10593, value: 
key: 222, value: 
key: 141420, value: 
key: 288299, value: 
key: 1395, value: 
key: 45968, value: 
key: 330008, value: 
key: 197313, value: 
key: 150604, value: 
key: 345408, value: 
key: 91088, value: 
key: 32728, value: 
key: 224693, value: 
key: 430922, value: 
key: 249344, value: 
key: 5034, value: 
key: 3160, value: 
key: 94133, value: 
key: 120872, value: 
key: 28767, value: 
key: 111069, value: 
key: 741325, value: 
key: 322296, value: 
key: 12384, value: 
key: 84875, value: 
key: 753247, value: 
key: 630517, value: 
key: 109125, value: 
key: 168344, value: 
key: 117722, value: 
key: 11064, value: 
key: 12054, value: 
key: 851468, value: 
key: 110176, value: 
key: 17778, value: 
key: 30351, value: 
key: 652748, value: 
key: 417, value: 
key: 612331, value: 
key: 691080, value: 
key: 60491, value: 
key: 371434, value: 
key: 31981, value: 
key: 321891, value: 
key: 348078, value: 
key: 632663, value: 
key: 209977, value: 
key: 588856, value: 
key: 17, value: 
key: 84080, value: 
key: 201102, value: 
key: 268123, value: 
key: 3845, value: 
key: 544157, value: 
key: 3757, value: 
key: 808699, value: 
key: 354040, value: 
key: 893093, value: 
key: 125345, value: 
key: 501244, value: 
key: 4329, value: 
key: 247577, value: 
key: 108043, value: 
key: 739430, value: 
key: 596587, value: 
key: 134422, value: 
key: 39796, value: 
key: 596352, value: 
key: 42327, value: 
key: 1823, value: 
key: 346687, value: 
key: 573823, value: 
key: 204415, value: 
key: 613435, value: 
key: 19749, value: 
key: 163231, value: 
key: 590864, value: 
key: 33655, value: 
key: 428967, value: 
key: 6620, value: 
key: 545004, value: 
key: 853408, value: 
key: 436519, value: 
key: 16760, value: 
key: 38818, value: 
key: 69874, value: 
key: 511926, value: 
key: 980021, value: 
key: 45775, value: 
key: 822549, value: 
key: 56788, value: 
key: 26068, value: 
key: 508252, value: 
key: 597102, value: 
key: 139807, value: 
key: 285702, value: 
key: 406853, value: 
key: 4228, value: 
key: 11129, value: 
key: 157597, value: 
key: 6400, value: 
key: 738532, value: 
key: 160483, value: 
key: 316156, value: 
key: 102454, value: 
key: 288868, value: 
key: 29629, value: 
key: 777157, value: 
key: 91372, value: 
key: 193447, value: 
key: 901734, value: 
key: 21625, value: 
key: 379001, value: 
key: 63724, value: 
key: 910389, value: 
key: 502214, value: 
key: 882927, value: 
key: 41757, value: 
key: 536893, value: 
key: 971511, value: 
key: 456249, value: 
key: 92256, value: 
key: 849649, value: 
key: 578132, value: 
key: 583442, value: 
key: 74832, value: 
key: 6424, value: 
key: 295334, value: 
key: 64626, value: 
key: 714789, value: 
key: 388588, value: 
key: 389884, value: 
key: 286877, value: 
key: 372873, value: 
key: 343929, value: 
key: 972990, value: 
key: 645074, value: 
key: 780405, value: 
key: 635651, value: 
key: 690821, value: 
key: 687728, value: 
key: 326720, value: 
key: 14841, value: 
key: 118, value: 
key: 6365, value: 
key: 46071, value: 
key: 255141, value: 
key: 102416, value: 
key: 278656, value: 
key: 400594, value: 
key: 459822, value: 
key: 94982, value: 
key: 209160, value: 
key: 6642, value: 
key: 523291, value: 
key: 164649, value: 
key: 103996, value: 
key: 301459, value: 
key: 272698, value: 
key: 667979, value: 
key: 167688, value: 
key: 491, value: 
key: 241751, value: 
key: 108159, value: 
key: 853000, value: 
key: 87537, value: 
key: 25944, value: 
key: 781220, value: 
key: 52861, value: 
key: 889173, value: 
key: 56793, value: 
key: 425395, value: 
key: 177566, value: 
key: 50328, value: 
key: 841636, value: 
key: 39011, value: 
key: 197663, value: 
key: 45768, value: 
key: 351951, value: 
key: 578440, value: 
key: 526788, value: 
key: 311467, value: 
key: 65135, value: 
key: 478926, value: 
key: 972334, value: 
key: 84606, value: 
key: 121381, value: 
key: 787347, value: 
key: 71482, value: 
key: 740955, value: 
key: 324221, value: 
key: 847553, value: 
key: 456621, value: 
key: 10683, value: 
key: 652047, value: 
key: 203359, value: 
key: 125822, value: 
key: 843368, value: 
key: 110859, value: 
key: 734822, value: 
key: 13369, value: 
key: 603597, value: 
key: 48543, value: 
key: 13103, value: 
key: 301987, value: 
key: 646691, value: 
key: 929666, value: 
key: 337515, value: 
key: 860040, value: 
key: 3069, value: 
key: 848358, value: 
key: 25337, value: 
key: 14256, value: 
key: 39477, value: 
key: 150468, value: 
key: 924674, value: 
key: 71822, value: 
key: 105426, value: 
key: 645698, value: 
key: 24417, value: 
key: 27191, value: 
key: 134697, value: 
key: 192950, value: 
key: 272454, value: 
key: 138189, value: 
key: 529411, value: 
key: 37655, value: 
key: 58896, value: 
key: 406837, value: 
key: 259325, value: 
key: 622491, value: 
key: 181769, value: 
key: 224091, value: 
key: 976996, value: 
key: 297604, value: 
key: 146441, value: 
key: 7708, value: 
key: 33297, value: 
key: 418773, value: 
key: 493905, value: 
key: 222820, value: 
key: 61595, value: 
key: 102980, value: 
key: 150129, value: 
key: 620170, value: 
key: 62239, value: 
key: 90083, value: 
key: 64310, value: 
key: 20037, value: 
key: 680352, value: 
key: 137104, value: 
key: 543615, value: 
key: 88611, value: 
key: 272236, value: 
key: 41854, value: 
key: 1191, value: 
key: 36245, value: 
key: 804305, value: 
key: 938303, value: 
key: 39514, value: 
key: 3339, value: 
key: 274542, value: 
key: 75558, value: 
key: 336440, value: 
key: 719986, value: 
key: 125594, value: 
key: 317272, value: 
key: 435675, value: 
key: 501972, value: 
key: 692786, value: 
key: 643926, value: 
key: 494311, value: 
key: 324043, value: 
key: 143413, value: 
key: 16812, value: 
key: 6914, value: 
key: 387556, value: 
key: 83144, value: 
key: 643281, value: 
key: 135447, value: 
key: 1809, value: 
key: 643593, value: 
key: 6093, value: 
key: 8068, value: 
key: 457330, value: 
key: 661647, value: 
key: 540506, value: 
key: 269162, value: 
key: 473354, value: 
key: 190303, value: 
key: 957593, value: 
key: 308564, value: 
key: 504937, value: 
key: 14328, value: 
key: 267528, value: 
key: 874919, value: 
key: 927228, value: 
key: 387150, value: 
key: 898010, value: 
key: 49643, value: 
key: 76142, value: 
key: 269753, value: 
key: 279679, value: 
key: 764858, value: 
key: 14575, value: 
key: 361491, value: 
key: 8202, value: 
key: 771449, value: 
key: 670665, value: 
key: 705716, value: 
key: 3115, value: 
key: 634087, value: 
key: 691343, value: 
key: 334279, value: 
key: 285283, value: 
key: 109198, value: 
key: 21467, value: 
key: 27357, value: 
key: 758888, value: 
key: 257323, value: 
key: 16898, value: 
key: 53851, value: 
key: 161989, value: 
key: 190192, value: 
key: 317470, value: 
key: 932491, value: 
key: 721767, value: 
key: 669836, value: 
key: 230887, value: 
key: 321606, value: 
key: 863689, value: 
key: 86439, value: 
key: 447364, value: 
key: 16692, value: 
key: 41883, value: 
key: 423359, value: 
key: 127215, value: 
key: 98980, value: 
key: 983718, value: 
key: 822301, value: 
key: 410621, value: 
key: 394103, value: 
key: 14126, value: 
key: 68998, value: 
key: 21960, value: 
key: 562298, value: 
key: 177353, value: 
key: 185163, value: 
key: 668770, value: 
key: 654467, value: 
key: 73813, value: 
key: 75631, value: 
key: 2891, value: 
key: 569820, value: 
key: 532213, value: 
key: 217682, value: 
key: 644095, value: 
key: 124807, value: 
key: 887496, value: 
key: 851907, value: 
key: 280626, value: 
key: 886233, value: 
key: 454658, value: 
key: 154736, value: 
key: 479224, value: 
key: 12784, value: 
key: 790653, value: 
key: 28307, value: 
key: 247627, value: 
key: 691345, value: 
key: 27539, value: 
key: 585282, value: 
key: 224617, value: 
key: 225269, value: 
key: 69533, value: 
key: 574853, value: 
key: 990778, value: 
key: 487148, value: 
key: 25203, value: 
key: 171386, value: 
key: 514376, value: 
key: 348254, value: 
key: 26264, value: 
key: 614939, value: 
key: 593256, value: 
key: 214023, value: 
key: 481649, value: 
key: 100201, value: 
key: 13806, value: 
key: 262866, value: 
key: 788410, value: 
key: 126252, value: 
key: 771041, value: 
key: 20125, value: 
key: 770154, value: 
key: 656982, value: 
key: 398158, value: 
key: 36140, value: 
key: 90885, value: 
key: 126681, value: 
key: 314451, value: 
key: 583, value: 
key: 18843, value: 
key: 241948, value: 
key: 720010, value: 
key: 60194, value: 
key: 348991, value: 
key: 720803, value: 
key: 354589, value: 
key: 306317, value: 
key: 373753, value: 
key: 469481, value: 
key: 966292, value: 
key: 912864, value: 
key: 1382, value: 
key: 6679, value: 
key: 399535, value: 
key: 384906, value: 
key: 580029, value: 
key: 93183, value: 
key: 4563, value: 
key: 805621, value: 
key: 662833, value: 
key: 707448, value: 
key: 27849, value: 
key: 303725, value: 
key: 804334, value: 
key: 998093, value: 
key: 347576, value: 
key: 964661, value: 
key: 79158, value: 
key: 387147, value: 
key: 689214, value: 
key: 258465, value: 
key: 19020, value: 
key: 37372, value: 
key: 92984, value: 
key: 53677, value: 
key: 490467, value: 
key: 15725, value: 
key: 51730, value: 
key: 103811, value: 
key: 4370, value: 
key: 170040, value: 
key: 7562, value: 
key: 292513, value: 
key: 79309, value: 
key: 56229, value: 
key: 79785, value: 
key: 70733, value: 
key: 55710, value: 
key: 6701, value: 
key: 89333, value: 
key: 33945, value: 
key: 627960, value: 
key: 164722, value: 
key: 197526, value: 
key: 126467, value: 
key: 783, value: 
key: 859565, value: 
key: 19949, value: 
key: 95499, value: 
key: 27650, value: 
key: 999928, value: 
key: 29878, value: 
key: 227221, value: 
key: 492177, value: 
key: 150325, value: 
key: 1890, value: 
key: 345338, value: 
key: 363112, value: 
key: 676418, value: 
key: 83722, value: 
key: 546049, value: 
key: 635415, value: 
key: 584753, value: 
key: 689489, value: 
key: 212517, value: 
key: 300445, value: 
key: 529659, value: 
key: 206512, value: 
key: 313515, value: 
key: 707134, value: 
key: 797355, value: 
key: 14045, value: 
key: 956383, value: 
key: 735182, value: 
key: 210180, value: 
key: 49186, value: 
key: 588711, value: 
key: 26008, value: 
key: 845618, value: 
key: 796079, value: 
key: 373951, value: 
key: 428875, value: 
key: 822055, value: 
key: 221119, value: 
key: 528795, value: 
key: 28332, value: 
key: 311661, value: 
key: 128452, value: 
key: 638681, value: 
key: 95598, value: 
key: 6622, value: 
key: 439004, value: 
key: 627371, value: 
key: 130383, value: 
key: 450935, value: 
key: 520036, value: 
key: 158279, value: 
key: 22642, value: 
key: 175122, value: 
key: 118974, value: 
key: 154983, value: 
key: 879619, value: 
key: 17183, value: 
key: 8651, value: 
key: 283797, value: 
key: 17242, value: 
key: 991900, value: 
key: 722694, value: 
key: 274140, value: 
key: 102670, value: 
key: 297307, value: 
key: 521, value: 
key: 23926, value: 
key: 550925, value: 
key: 813, value: 
key: 7858, value: 
key: 40291, value: 
key: 495989, value: 
key: 715579, value: 
key: 422626, value: 
key: 74160, value: 
key: 73877, value: 
key: 702908, value: 
key: 566681, value: 
key: 14298, value: 
key: 79844, value: 
key: 649119, value: 
key: 81649, value: 
key: 389646, value: 
key: 874483, value: 
key: 361600, value: 
key: 602352, value: 
key: 439945, value: 
key: 75215, value: 
key: 39792, value: 
key: 303806, value: 
key: 54984, value: 
key: 526265, value: 
key: 478395, value: 
key: 813501, value: 
key: 950680, value: 
key: 490340, value: 
key: 169174, value: 
key: 179166, value: 
key: 248765, value: 
key: 557456, value: 
key: 172653, value: 
key: 447283, value: 
key: 80086, value: 
key: 6547, value: 
key: 840170, value: 
key: 2873, value: 
key: 400042, value: 
key: 72951, value: 
key: 476825, value: 
key: 129712, value: 
key: 720573, value: 
key: 231994, value: 
key: 832142, value: 
key: 73899, value: 
key: 259482, value: 
key: 538501, value: 
key: 524085, value: 
key: 967213, value: 
key: 735227, value: 
key: 571207, value: 
key: 128919, value: 
key: 85537, value: 
key: 638261, value: 
key: 141, value: 
key: 54571, value: 
key: 128243, value: 
key: 294872, value: 
key: 758444, value: 
key: 814144, value: 
key: 253752, value: 
key: 190284, value: 
key: 75220, value: 
key: 628662, value: 
key: 22369, value: 
key: 44523, value: 
key: 7179, value: 
key: 195407, value: 
key: 712099, value: 
key: 42228, value: 
key: 808303, value: 
key: 943246, value: 
key: 44, value: 
key: 711502, value: 
key: 223191, value: 
key: 186982, value: 
key: 2442, value: 
key: 732253, value: 
key: 88844, value: 
key: 107882, value: 
key: 540858, value: 
key: 548353, value: 
key: 62101, value: 
key: 14924, value: 
key: 99871, value: 
key: 775865, value: 
key: 70513, value: 
key: 799463, value: 
key: 506760, value: 
key: 262, value: 
key: 238658, value: 
key: 514899, value: 
key: 26992, value: 
key: 742946, value: 
key: 4880, value: 
key: 169264, value: 
key: 498683, value: 
key: 852128, value: 
key: 1207, value: 
key: 727431, value: 
key: 65052, value: 
key: 112613, value: 
key: 292364, value: 
key: 21735, value: 
key: 316280, value: 
key: 303266, value: 
key: 793166, value: 
key: 976132, value: 
key: 144168, value: 
key: 235299, value: 
key: 517849, value: 
key: 895293, value: 
key: 299499, value: 
key: 436274, value: 
key: 229544, value: 
key: 140955, value: 
key: 101051, value: 
key: 5597, value: 
key: 857251, value: 
key: 200929, value: 
key: 177023, value: 
key: 183808, value: 
key: 304100, value: 
key: 42141, value: 
key: 680679, value: 
key: 25034, value: 
key: 448222, value: 
key: 366478, value: 
key: 615400, value: 
key: 344274, value: 
key: 583512, value: 
key: 499671, value: 
key: 62271, value: 
key: 656030, value: 
key: 66646, value: 
key: 90074, value: 
key: 43496, value: 
key: 163123, value: 
key: 416287, value: 
key: 382812, value: 
key: 2246, value: 
key: 25537, value: 
key: 458199, value: 
key: 357980, value: 
key: 124438, value: 
key: 548108, value: 
key: 47496, value: 
key: 383338, value: 
key: 872649, value: 
key: 377562, value: 
key: 168614, value: 
key: 518093, value: 
key: 74407, value: 
key: 23029, value: 
key: 292050, value: 
key: 10007, value: 
key: 390475, value: 
key: 559304, value: 
key: 103352, value: 
key: 66541, value: 
key: 415033, value: 
key: 833295, value: 
key: 42798, value: 
key: 889180, value: 
key: 46396, value: 
key: 203810, value: 
key: 7029, value: 
key: 509776, value: 
key: 550183, value: 
key: 136262, value: 
key: 82031, value: 
key: 108557, value: 
key: 711773, value: 
key: 143350, value: 
key: 103963, value: 
key: 33341, value: 
key: 432708, value: 
key: 321862, value: 
key: 39411, value: 
key: 956389, value: 
key: 33019, value: 
key: 133704, value: 
key: 556383, value: 
key: 256232, value: 
key: 910284, value: 
key: 97505, value: 
key: 234542, value: 
key: 58340, value: 
key: 128160, value: 
key: 375544, value: 
key: 95190, value: 
key: 84228, value: 
key: 554822, value: 
key: 899327, value: 
key: 372459, value: 
key: 11282, value: 
key: 617442, value: 
key: 770103, value: 
key: 203290, value: 
key: 839480, value: 
key: 57255, value: 
key: 183620, value: 
key: 27483, value: 
key: 74360, value: 
key: 88556, value: 
key: 289786, value: 
key: 912912, value: 
key: 346476, value: 
key: 351362, value: 
key: 272469, value: 
key: 398145, value: 
key: 24428, value: 
key: 978509, value: 
key: 55617, value: 
key: 838845, value: 
key: 261768, value: 
key: 121347, value: 
key: 590099, value: 
key: 8501, value: 
key: 487476, value: 
key: 458377, value: 
key: 2752, value: 
key: 5102, value: 
key: 62398, value: 
key: 53206, value: 
key: 659460, value: 
key: 964414, value: 
key: 232401, value: 
key: 134688, value: 
key: 96962, value: 
key: 121097, value: 
key: 875165, value: 
key: 370697, value: 
key: 170497, value: 
key: 8121, value: 
key: 381235, value: 
key: 35701, value: 
key: 403742, value: 
key: 159898, value: 
key: 25685, value: 
key: 731045, value: 
key: 619765, value: 
key: 409492, value: 
key: 5025, value: 
key: 7614, value: 
key: 388456, value: 
key: 750202, value: 
key: 99897, value: 
key: 696274, value: 
key: 463379, value: 
key: 610476, value: 
key: 444789, value: 
key: 220046, value: 
key: 25292, value: 
key: 482994, value: 
key: 794734, value: 
key: 806273, value: 
key: 110512, value: 
key: 276508, value: 
key: 50436, value: 
key: 509903, value: 
key: 51389, value: 
key: 530945, value: 
key: 98485, value: 
key: 566209, value: 
key: 156727, value: 
key: 133247, value: 
key: 257251, value: 
key: 147468, value: 
key: 139038, value: 
key: 312691, value: 
key: 59615, value: 
key: 375115, value: 
key: 290843, value: 
key: 448745, value: 
key: 586335, value: 
key: 713821, value: 
key: 598783, value: 
key: 37400, value: 
key: 714, value: 
key: 48833, value: 
key: 85139, value: 
key: 262967, value: 
key: 49719, value: 
key: 31622, value: 
key: 58104, value: 
key: 266732, value: 
key: 30825, value: 
key: 617291, value: 
key: 169336, value: 
key: 108403, value: 
key: 993379, value: 
key: 566797, value: 
key: 121271, value: 
key: 61663, value: 
key: 635400, value: 
key: 146087, value: 
key: 11037, value: 
key: 849322, value: 
key: 21160, value: 
key: 381862, value: 
key: 816821, value: 
key: 493473, value: 
key: 431059, value: 
key: 521569, value: 
key: 183976, value: 
key: 39837, value: 
key: 53503, value: 
key: 270713, value: 
key: 222857, value: 
key: 52744, value: 
key: 947239, value: 
key: 663777, value: 
key: 790750, value: 
key: 218795, value: 
key: 395894, value: 
key: 193658, value: 
key: 42002, value: 
key: 611448, value: 
key: 253709, value: 
key: 803331, value: 
key: 786236, value: 
key: 949848, value: 
key: 477947, value: 
key: 250379, value: 
key: 756169, value: 
key: 623469, value: 
key: 194703, value: 
key: 344979, value: 
key: 189615, value: 
key: 28293, value: 
key: 839600, value: 
key: 907024, value: 
key: 379786, value: 
key: 476098, value: 
key: 334820, value: 
key: 873552, value: 
key: 361842, value: 
key: 394486, value: 
key: 39297, value: 
key: 183998, value: 
key: 87432, value: 
key: 7513, value: 
key: 617147, value: 
key: 2945, value: 
key: 74898, value: 
key: 97693, value: 
key: 131195, value: 
key: 150, value: 
key: 571977, value: 
key: 380346, value: 
key: 382126, value: 
key: 29009, value: 
key: 291280, value: 
key: 519393, value: 
key: 713223, value: 
key: 314671, value: 
key: 670443, value: 
key: 447694, value: 
key: 19369, value: 
key: 85607, value: 
key: 828886, value: 
key: 230605, value: 
key: 706612, value: 
key: 707426, value: 
key: 31402, value: 
key: 995629, value: 
key: 46639, value: 
key: 12647, value: 
key: 665445, value: 
key: 480363, value: 
key: 35932, value: 
key: 53682, value: 
key: 364407, value: 
key: 82598, value: 
key: 19800, value: 
key: 195007, value: 
key: 3322, value: 
key: 990578, value: 
key: 608442, value: 
key: 435804, value: 
key: 74102, value: 
key: 570934, value: 
key: 147956, value: 
key: 166351, value: 
key: 532860, value: 
key: 169477, value: 
key: 318075, value: 
key: 909772, value: 
key: 389149, value: 
key: 571414, value: 
key: 109833, value: 
key: 85214, value: 
key: 10450, value: 
key: 3070, value: 
key: 942836, value: 
key: 173814, value: 
key: 74830, value: 
key: 14548, value: 
key: 732589, value: 
key: 516635, value: 
key: 596907, value: 
key: 14432, value: 
key: 310138, value: 
key: 179564, value: 
key: 2132, value: 
key: 676041, value: 
key: 941965, value: 
key: 230537, value: 
key: 4512, value: 
key: 608684, value: 
key: 61128, value: 
key: 31149, value: 
key: 386168, value: 
key: 474939, value: 
key: 673987, value: 
key: 5577, value: 
key: 10362, value: 
key: 539737, value: 
key: 33871, value: 
key: 795953, value: 
key: 881032, value: 
key: 467900, value: 
key: 98058, value: 
key: 14720, value: 
key: 36696, value: 
key: 700722, value: 
key: 625450, value: 
key: 455248, value: 
key: 440996, value: 
key: 709, value: 
key: 227962, value: 
key: 445797, value: 
key: 76472, value: 
key: 768070, value: 
key: 348548, value: 
key: 19945, value: 
key: 307493, value: 
key: 33358, value: 
key: 43641, value: 
key: 262750, value: 
key: 354422, value: 
key: 353883, value: 
key: 77518, value: 
key: 979968, value: 
key: 15624, value: 
key: 567817, value: 
key: 125178, value: 
key: 973856, value: 
key: 239721, value: 
key: 304256, value: 
key: 80572, value: 
key: 452726, value: 
key: 400341, value: 
key: 279820, value: 
key: 68121, value: 
key: 359287, value: 
key: 485403, value: 
key: 470537, value: 
key: 746007, value: 
key: 38265, value: 
key: 877473, value: 
key: 65243, value: 
key: 30403, value: 
key: 556996, value: 
key: 447023, value: 
key: 28338, value: 
key: 894465, value: 
key: 717232, value: 
key: 520258, value: 
key: 167471, value: 
key: 78126, value: 
key: 704636, value: 
key: 447519, value: 
key: 117649, value: 
key: 40259, value: 
key: 399733, value: 
key: 141619, value: 
key: 326069, value: 
key: 808062, value: 
key: 135779, value: 
key: 372536, value: 
key: 705, value: 
key: 18717, value: 
key: 960386, value: 
key: 798112, value: 
key: 937089, value: 
key: 340900, value: 
key: 13347, value: 
key: 437918, value: 
key: 381592, value: 
key: 36423, value: 
key: 994329, value: 
key: 685625, value: 
key: 475875, value: 
key: 30500, value: 
key: 439228, value: 
key: 43869, value: 
key: 10410, value: 
key: 988540, value: 
key: 21834, value: 
key: 119232, value: 
key: 784382, value: 
key: 45689, value: 
key: 141923, value: 
key: 27476, value: 
key: 407779, value: 
key: 77521, value: 
key: 366506, value: 
key: 950374, value: 
key: 32531, value: 
key: 22547, value: 
key: 998, value: 
key: 815950, value: 
key: 916077, value: 
key: 300685, value: 
key: 6529, value: 
key: 385136, value: 
key: 460165, value: 
key: 393773, value: 
key: 57699, value: 
key: 622714, value: 
key: 306364, value: 
key: 247311, value: 
key: 705028, value: 
key: 15084, value: 
key: 744106, value: 
key: 486, value: 
key: 268611, value: 
key: 477158, value: 
key: 534778, value: 
key: 630519, value: 
key: 324760, value: 
key: 123725, value: 
key: 1573, value: 
key: 783525, value: 
key: 12559, value: 
key: 32003, value: 
key: 359069, value: 
key: 733382, value: 
key: 270865, value: 
key: 267397, value: 
key: 18661, value: 
key: 393074, value: 
key: 581455, value: 
key: 299721, value: 
key: 1007, value: 
key: 309215, value: 
key: 296489, value: 
key: 812737, value: 
key: 130622, value: 
key: 810098, value: 
key: 72940, value: 
key: 52539, value: 
key: 221740, value: 
key: 558187, value: 
key: 903297, value: 
key: 672885, value: 
key: 801438, value: 
key: 51796, value: 
key: 226750, value: 
key: 238173, value: 
key: 365301, value: 
key: 346876, value: 
key: 428491, value: 
key: 115818, value: 
key: 496698, value: 
key: 4031, value: 
key: 480534, value: 
key: 950806, value: 
key: 429607, value: 
key: 710431, value: 
key: 672713, value: 
key: 370796, value: 
key: 3801, value: 
key: 698889, value: 
key: 669780, value: 
key: 209218, value: 
key: 924197, value: 
key: 199308, value: 
key: 946564, value: 
key: 619314, value: 
key: 242002, value: 
key: 940209, value: 
key: 995588, value: 
key: 145873, value: 
key: 10070, value: 
key: 2941, value: 
key: 427740, value: 
key: 977865, value: 
key: 437936, value: 
key: 155937, value: 
key: 166359, value: 
key: 436634, value: 
key: 26936, value: 
key: 218829, value: 
key: 302728, value: 
key: 801616, value: 
key: 836270, value: 
key: 629960, value: 
key: 1032, value: 
key: 28738, value: 
key: 23681, value: 
key: 922744, value: 
key: 18205, value: 
key: 600310, value: 
key: 284622, value: 
key: 656074, value: 
key: 318202, value: 
key: 112745, value: 
key: 825591, value: 
key: 574547, value: 
key: 920326, value: 
key: 16209, value: 
key: 667878, value: 
key: 859321, value: 
key: 601221, value: 
key: 17330, value: 
key: 187112, value: 
key: 946478, value: 
key: 4020, value: 
key: 701158, value: 
key: 171708, value: 
key: 970976, value: 
key: 722931, value: 
key: 453741, value: 
key: 62842, value: 
key: 637714, value: 
key: 261971, value: 
key: 485571, value: 
key: 379061, value: 
key: 464031, value: 
key: 943112, value: 
key: 504975, value: 
key: 158446, value: 
key: 233495, value: 
key: 811543, value: 
key: 762908, value: 
key: 101501, value: 
key: 247724, value: 
key: 433253, value: 
key: 729075, value: 
key: 125998, value: 
key: 623867, value: 
key: 746607, value: 
key: 208617, value: 
key: 987077, value: 
key: 206440, value: 
key: 52221, value: 
key: 327217, value: 
key: 325417, value: 
key: 497316, value: 
key: 184366, value: 
key: 641544, value: 
key: 224965, value: 
key: 831824, value: 
key: 260361, value: 
key: 444169, value: 
key: 280208, value: 
key: 265641, value: 
key: 4549, value: 
key: 931355, value: 
key: 37327, value: 
key: 362726, value: 
key: 250142, value: 
key: 18159, value: 
key: 399227, value: 
key: 424657, value: 
key: 4907, value: 
key: 560564, value: 
key: 96009, value: 
key: 124199, value: 
key: 749480, value: 
key: 675624, value: 
key: 21577, value: 
key: 85533, value: 
key: 362689, value: 
key: 165282, value: 
key: 118598, value: 
key: 964908, value: 
key: 475, value: 
key: 758792, value: 
key: 20121, value: 
key: 14212, value: 
key: 395850, value: 
key: 1160, value: 
key: 417640, value: 
key: 410805, value: 
key: 811673, value: 
key: 16056, value: 
key: 678104, value: 
key: 687940, value: 
key: 317838, value: 
key: 96289, value: 
key: 828116, value: 
key: 39169, value: 
key: 354811, value: 
key: 263218, value: 
key: 110680, value: 
key: 67993, value: 
key: 372938, value: 
key: 9986, value: 
key: 28381, value: 
key: 622572, value: 
key: 702812, value: 
key: 300315, value: 
key: 725954, value: 
key: 234052, value: 
key: 964021, value: 
key: 704306, value: 
key: 282011, value: 
key: 10939, value: 
key: 83894, value: 
key: 7504, value: 
key: 326379, value: 
key: 40684, value: 
key: 119670, value: 
key: 4938, value: 
key: 531270, value: 
key: 9618, value: 
key: 519713, value: 
key: 11891, value: 
key: 205670, value: 
key: 25274, value: 
key: 435608, value: 
key: 199234, value: 
key: 55703, value: 
key: 367408, value: 
key: 258030, value: 
key: 78580, value: 
key: 890812, value: 
key: 135537, value: 
key: 71116, value: 
key: 963871, value: 
key: 525042, value: 
key: 260909, value: 
key: 137544, value: 
key: 315915, value: 
key: 258678, value: 
key: 217, value: 
key: 937829, value: 
key: 78500, value: 
key: 499961, value: 
key: 101, value: 
key: 651152, value: 
key: 971975, value: 
key: 122755, value: 
key: 438964, value: 
key: 448817, value: 
key: 70254, value: 
key: 461108, value: 
key: 585457, value: 
key: 654748, value: 
key: 244910, value: 
key: 737003, value: 
key: 396644, value: 
key: 360164, value: 
key: 866338, value: 
key: 49696, value: 
key: 681232, value: 
key: 642268, value: 
key: 236236, value: 
key: 261960, value: 
key: 96058, value: 
key: 396343, value: 
key: 5683, value: 
key: 5397, value: 
key: 727811, value: 
key: 102836, value: 
key: 985659, value: 
key: 1526, value: 
key: 155328, value: 
key: 982102, value: 
key: 322182, value: 
key: 149655, value: 
key: 56221, value: 
key: 138, value: 
key: 733362, value: 
key: 888943, value: 
key: 99598, value: 
key: 648565, value: 
key: 575018, value: 
key: 173302, value: 
key: 2668, value: 
key: 15691, value: 
key: 169455, value: 
key: 485049, value: 
key: 493901, value: 
key: 238335, value: 
key: 613943, value: 
key: 3700, value: 
key: 153612, value: 
key: 118846, value: 
key: 54207, value: 
key: 41838, value: 
key: 353520, value: 
key: 369349, value: 
key: 273891, value: 
key: 17501, value: 
key: 381165, value: 
key: 10261, value: 
key: 809016, value: 
key: 91011, value: 
key: 246363, value: 
key: 544362, value: 
key: 100889, value: 
key: 914017, value: 
key: 449777, value: 
key: 98038, value: 
key: 840105, value: 
key: 297635, value: 
key: 132882, value: 
key: 35488, value: 
key: 91987, value: 
key: 9535, value: 
key: 228581, value: 
key: 136093, value: 
key: 691271, value: 
key: 686525, value: 
key: 110895, value: 
key: 51563, value: 
key: 870142, value: 
key: 230353, value: 
key: 12746, value: 
key: 364162, value: 
key: 81171, value: 
key: 130240, value: 
key: 257907, value: 
key: 495114, value: 
key: 73662, value: 
key: 764524, value: 
key: 108849, value: 
key: 582151, value: 
key: 82378, value: 
key: 716949, value: 
key: 251787, value: 
key: 602480, value: 
key: 14508, value: 
key: 161637, value: 
key: 3913, value: 
key: 237932, value: 
key: 1232, value: 
key: 652845, value: 
key: 96100, value: 
key: 23157, value: 
key: 795225, value: 
key: 4790, value: 
key: 229083, value: 
key: 29650, value: 
key: 896551, value: 
key: 5162, value: 
key: 995742, value: 
key: 662152, value: 
key: 163828, value: 
key: 740784, value: 
key: 17235, value: 
key: 441513, value: 
key: 954158, value: 
key: 83700, value: 
key: 8699, value: 
key: 8129, value: 
key: 369264, value: 
key: 317209, value: 
key: 675707, value: 
key: 25704, value: 
key: 979768, value: 
key: 471860, value: 
key: 629010, value: 
key: 567, value: 
key: 195722, value: 
key: 1140, value: 
key: 223429, value: 
key: 377047, value: 
key: 187310, value: 
key: 21256, value: 
key: 65177, value: 
key: 513452, value: 
key: 21250, value: 
key: 508023, value: 
key: 168665, value: 
key: 236513, value: 
key: 421207, value: 
key: 981459, value: 
key: 534, value: 
key: 312925, value: 
key: 232089, value: 
key: 119410, value: 
key: 828952, value: 
key: 97266, value: 
key: 617365, value: 
key: 496050, value: 
key: 843025, value: 
key: 737863, value: 
key: 947631, value: 
key: 59699, value: 
key: 772208, value: 
key: 155957, value: 
key: 75880, value: 
key: 314752, value: 
key: 8460, value: 
key: 756503, value: 
key: 111791, value: 
key: 104782, value: 
key: 721174, value: 
key: 391500, value: 
key: 254933, value: 
key: 340252, value: 
key: 103842, value: 
key: 214601, value: 
key: 551696, value: 
key: 20877, value: 
key: 618896, value: 
key: 29782, value: 
key: 222336, value: 
key: 20714, value: 
key: 298294, value: 
key: 261601, value: 
key: 856449, value: 
key: 251077, value: 
key: 849351, value: 
key: 539528, value: 
key: 23715, value: 
key: 6680, value: 
key: 333230, value: 
key: 257987, value: 
key: 80648, value: 
key: 145477, value: 
key: 12458, value: 
key: 393621, value: 
key: 710196, value: 
key: 768621, value: 
key: 576433, value: 
key: 322391, value: 
key: 531496, value: 
key: 87281, value: 
key: 433859, value: 
key: 858333, value: 
key: 478041, value: 
key: 301240, value: 
key: 96942, value: 
key: 301105, value: 
key: 776020, value: 
key: 136059, value: 
key: 502580, value: 
key: 961211, value: 
key: 982476, value: 
key: 747068, value: 
key: 472126, value: 
key: 987309, value: 
key: 354264, value: 
key: 492847, value: 
key: 339801, value: 
key: 953928, value: 
key: 17208, value: 
key: 205463, value: 
key: 776512, value: 
key: 660077, value: 
key: 13659, value: 
key: 55439, value: 
key: 102030, value: 
key: 84031, value: 
key: 12531, value: 
key: 947295, value: 
key: 33756, value: 
key: 276782, value: 
key: 383505, value: 
key: 838445, value: 
key: 336758, value: 
key: 134246, value: 
key: 107013, value: 
key: 112266, value: 
key: 19855, value: 
key: 89319, value: 
key: 74919, value: 
key: 919649, value: 
key: 553083, value: 
key: 423630, value: 
key: 8358, value: 
key: 727688, value: 
key: 123837, value: 
key: 199241, value: 
key: 261076, value: 
key: 131704, value: 
key: 31413, value: 
key: 179373, value: 
key: 341363, value: 
key: 497631, value: 
key: 17743, value: 
key: 650791, value: 
key: 222224, value: 
key: 38070, value: 
key: 436823, value: 
key: 465098, value: 
key: 146548, value: 
key: 669942, value: 
key: 5953, value: 
key: 351245, value: 
key: 66369, value: 
key: 555320, value: 
key: 365592, value: 
key: 60949, value: 
key: 957553, value: 
key: 139065, value: 
key: 410720, value: 
key: 1087, value: 
key: 15668, value: 
key: 707361, value: 
key: 136817, value: 
key: 32740, value: 
key: 147141, value: 
key: 221160, value: 
key: 119300, value: 
key: 31015, value: 
key: 116569, value: 
key: 31242, value: 
key: 421128, value: 
key: 37905, value: 
key: 151290, value: 
key: 928731, value: 
key: 374262, value: 
key: 94238, value: 
key: 14704, value: 
key: 112251, value: 
key: 315894, value: 
key: 168038, value: 
key: 132200, value: 
key: 54801, value: 
key: 383640, value: 
key: 240668, value: 
key: 46460, value: 
key: 812940, value: 
key: 276265, value: 
key: 4477, value: 
key: 161095, value: 
key: 208127, value: 
key: 941659, value: 
key: 349, value: 
key: 670014, value: 
key: 18773, value: 
key: 484077, value: 
key: 645775, value: 
key: 64792, value: 
key: 887911, value: 
key: 842224, value: 
key: 561662, value: 
key: 25241, value: 
key: 366654, value: 
key: 385057, value: 
key: 100531, value: 
key: 27834, value: 
key: 722519, value: 
key: 860576, value: 
key: 162629, value: 
key: 859040, value: 
key: 948524, value: 
key: 472652, value: 
key: 14922, value: 
key: 442721, value: 
key: 458997, value: 
key: 288093, value: 
key: 599070, value: 
key: 1933, value: 
key: 924342, value: 
key: 782807, value: 
key: 38250, value: 
key: 112736, value: 
key: 16144, value: 
key: 513177, value: 
key: 224776, value: 
key: 439688, value: 
key: 42356, value: 
key: 566504, value: 
key: 135157, value: 
key: 42712, value: 
key: 147417, value: 
key: 108179, value: 
key: 295275, value: 
key: 39967, value: 
key: 133137, value: 
key: 246796, value: 
key: 47784, value: 
key: 21951, value: 
key: 39312, value: 
key: 142908, value: 
key: 843085, value: 
key: 737434, value: 
key: 4820, value: 
key: 169224, value: 
key: 37, value: 
key: 21395, value: 
key: 354813, value: 
key: 740092, value: 
key: 6615, value: 
key: 906465, value: 
key: 59686, value: 
key: 156550, value: 
key: 361, value: 
key: 124728, value: 
key: 181077, value: 
key: 43492, value: 
key: 408817, value: 
key: 492838, value: 
key: 744797, value: 
key: 81245, value: 
key: 260770, value: 
key: 584162, value: 
key: 657435, value: 
key: 58852, value: 
key: 818636, value: 
key: 142739, value: 
key: 409872, value: 
key: 8392, value: 
key: 930435, value: 
key: 678346, value: 
key: 167693, value: 
key: 219206, value: 
key: 691646, value: 
key: 555016, value: 
key: 521235, value: 
key: 9331, value: 
key: 131111, value: 
key: 19543, value: 
key: 405810, value: 
key: 109712, value: 
key: 42871, value: 
key: 590970, value: 
key: 299873, value: 
key: 625713, value: 
key: 454988, value: 
key: 39077, value: 
key: 168674, value: 
key: 50102, value: 
key: 7409, value: 
key: 145, value: 
key: 759652, value: 
key: 300748, value: 
key: 20543, value: 
key: 412874, value: 
key: 130057, value: 
key: 180102, value: 
key: 379102, value: 
key: 1412, value: 
key: 566254, value: 
key: 76762, value: 
key: 318314, value: 
key: 560744, value: 
key: 104610, value: 
key: 273466, value: 
key: 23632, value: 
key: 563141, value: 
key: 3883, value: 
key: 922337, value: 
key: 690162, value: 
key: 343648, value: 
key: 474892, value: 
key: 574916, value: 
key: 734684, value: 
key: 249937, value: 
key: 124591, value: 
key: 15417, value: 
key: 100573, value: 
key: 470076, value: 
key: 890209, value: 
key: 631240, value: 
key: 807207, value: 
key: 21162, value: 
key: 706483, value: 
key: 478698, value: 
key: 597993, value: 
key: 3614, value: 
key: 536121, value: 
key: 23476, value: 
key: 722399, value: 
key: 148100, value: 
key: 61265, value: 
key: 337942, value: 
key: 807254, value: 
key: 305844, value: 
key: 890007, value: 
key: 827098, value: 
key: 485425, value: 
key: 734426, value: 
key: 128667, value: 
key: 77482, value: 
key: 130844, value: 
key: 10199, value: 
key: 271035, value: 
key: 74683, value: 
key: 21849, value: 
key: 670377, value: 
key: 738501, value: 
key: 101965, value: 
key: 88891, value: 
key: 660253, value: 
key: 86819, value: 
key: 899183, value: 
key: 626886, value: 
key: 962652, value: 
key: 40534, value: 
key: 556817, value: 
key: 9162, value: 
key: 846857, value: 
key: 524188, value: 
key: 1313, value: 
key: 3337, value: 
key: 123372, value: 
key: 281515, value: 
key: 236935, value: 
key: 527907, value: 
key: 540955, value: 
key: 36836, value: 
key: 386526, value: 
key: 17983, value: 
key: 165729, value: 
key: 721176, value: 
key: 21397, value: 
key: 453525, value: 
key: 279334, value: 
key: 322926, value: 
key: 247494, value: 
key: 27887, value: 
key: 519388, value: 
key: 136345, value: 
key: 612649, value: 
key: 790484, value: 
key: 318370, value: 
key: 809889, value: 
key: 267829, value: 
key: 579364, value: 
key: 593018, value: 
key: 223423, value: 
key: 322580, value: 
key: 47669, value: 
key: 638786, value: 
key: 952914, value: 
key: 18872, value: 
key: 209111, value: 
key: 29719, value: 
key: 155054, value: 
key: 812232, value: 
key: 584094, value: 
key: 39282, value: 
key: 887469, value: 
key: 8525, value: 
key: 15875, value: 
key: 38157, value: 
key: 385192, value: 
key: 246149, value: 
key: 716293, value: 
key: 129118, value: 
key: 518071, value: 
key: 51428, value: 
key: 42224, value: 
key: 36434, value: 
key: 28978, value: 
key: 351672, value: 
key: 21049, value: 
key: 27827, value: 
key: 65841, value: 
key: 63812, value: 
key: 295240, value: 
key: 632034, value: 
key: 69720, value: 
key: 295149, value: 
key: 345518, value: 
key: 455596, value: 
key: 313867, value: 
key: 78159, value: 
key: 128555, value: 
key: 186184, value: 
key: 81058, value: 
key: 582432, value: 
key: 731009, value: 
key: 643285, value: 
key: 15891, value: 
key: 755135, value: 
key: 539403, value: 
key: 7304, value: 
key: 15088, value: 
key: 570428, value: 
key: 300029, value: 
key: 826772, value: 
key: 440875, value: 
key: 18764, value: 
key: 860516, value: 
key: 193546, value: 
key: 421074, value: 
key: 26130, value: 
key: 211770, value: 
key: 158783, value: 
key: 175014, value: 
key: 551458, value: 
key: 141158, value: 
key: 555197, value: 
key: 149286, value: 
key: 336013, value: 
key: 939461, value: 
key: 100858, value: 
key: 139357, value: 
key: 129361, value: 
key: 996530, value: 
key: 808152, value: 
key: 646417, value: 
key: 529644, value: 
key: 581619, value: 
key: 650250, value: 
key: 550358, value: 
key: 350468, value: 
key: 323567, value: 
key: 641533, value: 
key: 284130, value: 
key: 700980, value: 
key: 766360, value: 
key: 114534, value: 
key: 533117, value: 
key: 100090, value: 
key: 731218, value: 
key: 923859, value: 
key: 639574, value: 
key: 376343, value: 
key: 735409, value: 
key: 50315, value: 
key: 768645, value: 
key: 74018, value: 
key: 18515, value: 
key: 51037, value: 
key: 70258, value: 
key: 814177, value: 
key: 295509, value: 
key: 39299, value: 
key: 336558, value: 
key: 263843, value: 
key: 17844, value: 
key: 13965, value: 
key: 57518, value: 
key: 404314, value: 
key: 727062, value: 
key: 134390, value: 
key: 19871, value: 
key: 189934, value: 
key: 4840, value: 
key: 609193, value: 
key: 136314, value: 
key: 46156, value: 
key: 390147, value: 
key: 13734, value: 
key: 152512, value: 
key: 814476, value: 
key: 413, value: 
key: 15684, value: 
key: 42932, value: 
key: 22804, value: 
key: 464295, value: 
key: 113759, value: 
key: 841797, value: 
key: 27533, value: 
key: 481676, value: 
key: 12036, value: 
key: 53886, value: 
key: 254201, value: 
key: 37684, value: 
key: 208376, value: 
key: 601500, value: 
key: 804732, value: 
key: 330107, value: 
key: 20659, value: 
key: 544401, value: 
key: 139560, value: 
key: 800048, value: 
key: 836564, value: 
key: 376172, value: 
key: 3483, value: 
key: 174602, value: 
key: 49874, value: 
key: 45304, value: 
key: 258221, value: 
key: 310426, value: 
key: 37235, value: 
key: 19581, value: 
key: 40723, value: 
key: 3315, value: 
key: 514, value: 
key: 488370, value: 
key: 745776, value: 
key: 405085, value: 
key: 6406, value: 
key: 317780, value: 
key: 177502, value: 
key: 522771, value: 
key: 145642, value: 
key: 264569, value: 
key: 84301, value: 
key: 764430, value: 
key: 719489, value: 
key: 540489, value: 
key: 1524, value: 
key: 13624, value: 
key: 9580, value: 
key: 12481, value: 
key: 33183, value: 
key: 2288, value: 
key: 493, value: 
key: 583246, value: 
key: 2952, value: 
key: 520944, value: 
key: 242828, value: 
key: 697026, value: 
key: 835714, value: 
key: 718998, value: 
key: 875017, value: 
key: 164100, value: 
key: 268282, value: 
key: 305990, value: 
key: 16272, value: 
key: 214191, value: 
key: 231675, value: 
key: 356282, value: 
key: 663762, value: 
key: 812344, value: 
key: 5733, value: 
key: 180995, value: 
key: 395461, value: 
key: 571670, value: 
key: 74812, value: 
key: 145723, value: 
key: 48020, value: 
key: 631567, value: 
key: 893707, value: 
key: 4424, value: 
key: 293576, value: 
key: 12878, value: 
key: 779179, value: 
key: 748025, value: 
key: 772091, value: 
key: 906838, value: 
key: 105042, value: 
key: 73619, value: 
key: 557139, value: 
key: 191997, value: 
key: 639, value: 
key: 359393, value: 
key: 109138, value: 
key: 267326, value: 
key: 436573, value: 
key: 196505, value: 
key: 11039, value: 
key: 799012, value: 
key: 376679, value: 
key: 507602, value: 
key: 363417, value: 
key: 766649, value: 
key: 384087, value: 
key: 376853, value: 
key: 995775, value: 
key: 11578, value: 
key: 123569, value: 
key: 212247, value: 
key: 254508, value: 
key: 135382, value: 
key: 890052, value: 
key: 159108, value: 
key: 285694, value: 
key: 19334, value: 
key: 164524, value: 
key: 224185, value: 
key: 273433, value: 
key: 16164, value: 
key: 23207, value: 
key: 25678, value: 
key: 306269, value: 
key: 26736, value: 
key: 5289, value: 
key: 10676, value: 
key: 127952, value: 
key: 773661, value: 
key: 215987, value: 
key: 7290, value: 
key: 395805, value: 
key: 886, value: 
key: 6460, value: 
key: 240620, value: 
key: 317410, value: 
key: 98250, value: 
key: 228976, value: 
key: 11871, value: 
key: 116262, value: 
key: 634449, value: 
key: 67580, value: 
key: 353207, value: 
key: 351597, value: 
key: 295684, value: 
key: 230847, value: 
key: 179016, value: 
get/s 0.00
put/s 0.00
aborts/s 0.00
ops/s 0.00

key: 243889, value: 
key: 840783, value: 
key: 825926, value: 
key: 134307, value: 
key: 4248, value: 
key: 57682, value: 
key: 776, value: 
key: 28138, value: 
key: 862046, value: 
key: 182302, value: 
key: 32036, value: 
key: 949800, value: 
key: 381965, value: 
key: 158563, value: 
key: 693556, value: 
key: 373520, value: 
key: 203731, value: 
key: 665966, value: 
key: 206464, value: 
key: 47900, value: 
key: 608604, value: 
key: 402721, value: 
key: 540272, value: 
key: 369446, value: 
key: 88703, value: 
key: 2712, value: 
key: 635729, value: 
key: 213512, value: 
key: 387491, value: 
key: 26756, value: 
key: 392392, value: 
key: 283553, value: 
key: 9089, value: 
key: 434384, value: 
key: 791472, value: 
key: 684165, value: 
key: 162988, value: 
key: 271604, value: 
key: 1405, value: 
key: 218515, value: 
key: 931133, value: 
key: 464808, value: 
key: 4891, value: 
key: 166175, value: 
key: 130198, value: 
key: 564412, value: 
key: 361147, value: 
key: 928931, value: 
key: 1498, value: 
key: 455846, value: 
key: 785905, value: 
key: 532572, value: 
key: 644325, value: 
key: 484271, value: 
key: 20503, value: 
key: 467223, value: 
key: 63467, value: 
key: 104399, value: 
key: 202455, value: 
key: 821191, value: 
key: 200945, value: 
key: 65463, value: 
key: 268635, value: 
key: 254748, value: 
key: 59619, value: 
key: 207603, value: 
key: 204541, value: 
key: 844084, value: 
key: 856412, value: 
key: 360038, value: 
key: 32331, value: 
key: 257233, value: 
key: 3449, value: 
key: 179966, value: 
key: 670151, value: 
key: 38720, value: 
key: 3496, value: 
key: 305013, value: 
key: 6383, value: 
key: 347332, value: 
key: 637493, value: 
key: 108573, value: 
key: 80666, value: 
key: 470971, value: 
key: 965859, value: 
key: 26222, value: 
key: 629504, value: 
key: 633556, value: 
key: 802060, value: 
key: 117159, value: 
key: 190060, value: 
key: 21889, value: 
key: 752259, value: 
key: 466277, value: 
key: 703312, value: 
key: 582847, value: 
key: 82455, value: 
key: 492270, value: 
key: 153030, value: 
key: 704252, value: 
key: 380092, value: 
key: 974774, value: 
key: 30580, value: 
key: 359883, value: 
key: 180728, value: 
key: 650836, value: 
key: 105109, value: 
key: 849733, value: 
key: 940485, value: 
key: 160643, value: 
key: 385233, value: 
key: 180528, value: 
key: 825050, value: 
key: 547350, value: 
key: 326607, value: 
key: 812450, value: 
key: 335481, value: 
key: 26031, value: 
key: 288404, value: 
key: 707402, value: 
key: 38461, value: 
key: 500337, value: 
key: 395605, value: 
key: 544441, value: 
key: 571928, value: 
key: 305, value: 
key: 378851, value: 
key: 622846, value: 
key: 74274, value: 
key: 20891, value: 
key: 215381, value: 
key: 958, value: 
key: 774912, value: 
key: 180946, value: 
key: 463522, value: 
key: 609207, value: 
key: 122773, value: 
key: 266570, value: 
key: 698955, value: 
key: 537223, value: 
key: 323376, value: 
key: 310079, value: 
key: 232634, value: 
key: 975100, value: 
key: 6411, value: 
key: 779849, value: 
key: 55976, value: 
key: 244826, value: 
key: 25614, value: 
key: 574255, value: 
key: 219161, value: 
key: 110057, value: 
key: 12511, value: 
key: 843180, value: 
key: 163570, value: 
key: 67683, value: 
key: 420390, value: 
key: 599111, value: 
key: 430850, value: 
key: 13657, value: 
key: 990354, value: 
key: 2378, value: 
key: 124454, value: 
key: 494058, value: 
key: 77215, value: 
key: 70933, value: 
key: 3463, value: 
key: 978822, value: 
key: 982696, value: 
key: 815525, value: 
key: 541945, value: 
key: 10906, value: 
key: 515735, value: 
key: 83306, value: 
key: 676205, value: 
key: 24204, value: 
key: 497097, value: 
key: 33398, value: 
key: 44914, value: 
key: 4152, value: 
key: 48206, value: 
key: 239888, value: 
key: 183705, value: 
key: 470083, value: 
key: 330004, value: 
key: 596525, value: 
key: 901293, value: 
key: 229841, value: 
key: 40752, value: 
key: 56432, value: 
key: 942012, value: 
key: 587561, value: 
key: 939876, value: 
key: 4217, value: 
key: 603212, value: 
key: 197599, value: 
key: 262561, value: 
key: 74733, value: 
key: 264448, value: 
key: 749307, value: 
key: 19352, value: 
key: 279260, value: 
key: 37758, value: 
key: 23425, value: 
key: 610665, value: 
key: 91536, value: 
key: 174059, value: 
key: 3502, value: 
key: 48831, value: 
key: 396477, value: 
key: 587952, value: 
key: 593236, value: 
key: 3188, value: 
key: 884112, value: 
key: 2017, value: 
key: 880147, value: 
key: 191247, value: 
key: 73192, value: 
key: 91431, value: 
key: 6761, value: 
key: 207812, value: 
key: 771359, value: 
key: 126869, value: 
key: 46635, value: 
key: 157847, value: 
key: 482330, value: 
key: 24901, value: 
key: 36658, value: 
key: 477798, value: 
key: 265917, value: 
key: 26233, value: 
key: 76722, value: 
key: 152383, value: 
key: 916103, value: 
key: 913760, value: 
key: 19420, value: 
key: 389325, value: 
key: 973409, value: 
key: 18777, value: 
key: 188924, value: 
key: 764199, value: 
key: 37217, value: 
key: 754033, value: 
key: 316390, value: 
key: 302221, value: 
key: 552240, value: 
key: 739238, value: 
key: 155472, value: 
key: 6114, value: 
key: 7173, value: 
key: 918509, value: 
key: 636076, value: 
key: 91123, value: 
key: 12337, value: 
key: 675169, value: 
key: 357137, value: 
key: 912235, value: 
key: 616788, value: 
key: 266930, value: 
key: 660479, value: 
key: 324270, value: 
key: 471068, value: 
key: 8518, value: 
key: 635903, value: 
key: 698742, value: 
key: 66246, value: 
key: 80349, value: 
key: 739456, value: 
key: 241980, value: 
key: 369299, value: 
key: 24363, value: 
key: 224602, value: 
key: 530598, value: 
key: 428705, value: 
key: 489845, value: 
key: 260882, value: 
key: 663782, value: 
key: 156833, value: 
key: 18571, value: 
key: 380544, value: 
key: 744126, value: 
key: 262394, value: 
key: 154563, value: 
key: 267777, value: 
key: 130260, value: 
key: 356637, value: 
key: 874140, value: 
key: 794484, value: 
key: 69654, value: 
key: 332101, value: 
key: 266743, value: 
key: 63458, value: 
key: 36865, value: 
key: 51055, value: 
key: 542177, value: 
key: 381639, value: 
key: 127389, value: 
key: 533359, value: 
key: 362577, value: 
key: 339043, value: 
key: 486684, value: 
key: 176066, value: 
key: 237156, value: 
key: 21148, value: 
key: 201780, value: 
key: 691817, value: 
key: 780935, value: 
key: 264651, value: 
key: 652959, value: 
key: 225441, value: 
key: 50173, value: 
key: 560579, value: 
key: 596439, value: 
key: 807205, value: 
key: 180234, value: 
key: 818052, value: 
key: 116888, value: 
key: 1265, value: 
key: 674188, value: 
key: 139713, value: 
key: 78076, value: 
key: 565668, value: 
key: 127772, value: 
key: 165136, value: 
key: 895639, value: 
key: 62017, value: 
key: 499910, value: 
key: 46417, value: 
key: 26806, value: 
key: 12069, value: 
key: 1656, value: 
key: 483485, value: 
key: 687823, value: 
key: 102656, value: 
key: 362669, value: 
key: 560221, value: 
key: 47247, value: 
key: 839752, value: 
key: 21566, value: 
key: 811284, value: 
key: 175526, value: 
key: 663528, value: 
key: 23102, value: 
key: 112826, value: 
key: 583093, value: 
key: 166751, value: 
key: 471440, value: 
key: 331700, value: 
key: 183484, value: 
key: 174811, value: 
key: 76889, value: 
key: 12573, value: 
key: 449146, value: 
key: 481612, value: 
key: 682101, value: 
key: 632944, value: 
key: 401991, value: 
key: 29904, value: 
key: 65470, value: 
key: 94795, value: 
key: 73802, value: 
key: 897547, value: 
key: 292254, value: 
key: 963222, value: 
key: 164595, value: 
key: 836683, value: 
key: 25351, value: 
key: 120496, value: 
key: 975227, value: 
key: 794774, value: 
key: 42776, value: 
key: 947002, value: 
key: 134284, value: 
key: 32434, value: 
key: 167763, value: 
key: 163299, value: 
key: 6941, value: 
key: 339533, value: 
key: 31914, value: 
key: 279947, value: 
key: 964393, value: 
key: 116189, value: 
key: 415408, value: 
key: 634098, value: 
key: 8093, value: 
key: 487883, value: 
key: 199050, value: 
key: 445830, value: 
key: 530, value: 
key: 1508, value: 
key: 134093, value: 
key: 409865, value: 
key: 148199, value: 
key: 464206, value: 
key: 44624, value: 
key: 380209, value: 
key: 485791, value: 
key: 43005, value: 
key: 56380, value: 
key: 855842, value: 
key: 101141, value: 
key: 422558, value: 
key: 979081, value: 
key: 32294, value: 
key: 661401, value: 
key: 180506, value: 
key: 18706, value: 
key: 16955, value: 
key: 15237, value: 
key: 307921, value: 
key: 21551, value: 
key: 774, value: 
key: 499381, value: 
key: 49230, value: 
key: 998499, value: 
key: 29562, value: 
key: 451248, value: 
key: 33497, value: 
key: 190956, value: 
key: 203670, value: 
key: 683294, value: 
key: 828033, value: 
key: 560302, value: 
key: 43900, value: 
key: 718, value: 
key: 564764, value: 
key: 510842, value: 
key: 455, value: 
key: 65704, value: 
key: 449476, value: 
key: 347138, value: 
key: 199180, value: 
key: 438553, value: 
key: 618735, value: 
key: 371034, value: 
key: 997045, value: 
key: 223441, value: 
key: 524027, value: 
key: 65276, value: 
key: 92719, value: 
key: 94427, value: 
key: 63683, value: 
key: 43223, value: 
key: 540371, value: 
key: 525015, value: 
key: 233404, value: 
key: 797432, value: 
key: 863140, value: 
key: 275459, value: 
key: 41559, value: 
key: 710400, value: 
key: 8723, value: 
key: 167886, value: 
key: 10630, value: 
key: 34940, value: 
key: 584780, value: 
key: 4619, value: 
key: 464794, value: 
key: 870164, value: 
key: 519625, value: 
key: 341486, value: 
key: 73857, value: 
key: 708777, value: 
key: 7108, value: 
key: 372969, value: 
key: 104991, value: 
key: 564313, value: 
key: 720036, value: 
key: 881661, value: 
key: 241647, value: 
key: 956462, value: 
key: 200435, value: 
key: 17376, value: 
key: 456278, value: 
key: 949194, value: 
key: 142991, value: 
key: 19750, value: 
key: 7915, value: 
key: 563958, value: 
key: 409924, value: 
key: 10247, value: 
key: 646514, value: 
key: 511799, value: 
key: 402585, value: 
key: 93350, value: 
key: 770765, value: 
key: 766634, value: 
key: 43038, value: 
key: 716235, value: 
key: 379779, value: 
key: 217592, value: 
key: 212595, value: 
key: 110473, value: 
key: 107125, value: 
key: 613846, value: 
key: 570266, value: 
key: 246224, value: 
key: 33774, value: 
key: 1270, value: 
key: 568861, value: 
key: 510828, value: 
key: 341732, value: 
key: 545619, value: 
key: 19176, value: 
key: 144731, value: 
key: 982986, value: 
key: 107703, value: 
key: 211422, value: 
key: 790505, value: 
key: 301798, value: 
key: 38306, value: 
key: 32526, value: 
key: 53369, value: 
key: 567099, value: 
key: 842695, value: 
key: 258447, value: 
key: 143, value: 
key: 465476, value: 
key: 26334, value: 
key: 136187, value: 
key: 282112, value: 
key: 916750, value: 
key: 322520, value: 
key: 414766, value: 
key: 120902, value: 
key: 38849, value: 
key: 37228, value: 
key: 50106, value: 
key: 26657, value: 
key: 345851, value: 
key: 367488, value: 
key: 8963, value: 
key: 640516, value: 
key: 537140, value: 
key: 58403, value: 
key: 302988, value: 
key: 150871, value: 
key: 681111, value: 
key: 297253, value: 
key: 113850, value: 
key: 750541, value: 
key: 12438, value: 
key: 243276, value: 
key: 319270, value: 
key: 97233, value: 
key: 771320, value: 
key: 388478, value: 
key: 8116, value: 
key: 7229, value: 
key: 512648, value: 
key: 717953, value: 
key: 178806, value: 
key: 48969, value: 
key: 281672, value: 
key: 127077, value: 
key: 518798, value: 
key: 245025, value: 
key: 62956, value: 
key: 801966, value: 
key: 15183, value: 
key: 690324, value: 
key: 65575, value: 
key: 183288, value: 
key: 269373, value: 
key: 21975, value: 
key: 160359, value: 
key: 404910, value: 
key: 199775, value: 
key: 971258, value: 
key: 175207, value: 
key: 10034, value: 
key: 558103, value: 
key: 768797, value: 
key: 163457, value: 
key: 301259, value: 
key: 41463, value: 
key: 318255, value: 
key: 474784, value: 
key: 694586, value: 
key: 963710, value: 
key: 30135, value: 
key: 870492, value: 
key: 366214, value: 
key: 273088, value: 
key: 622851, value: 
key: 88745, value: 
key: 982647, value: 
key: 402295, value: 
key: 23696, value: 
key: 209023, value: 
key: 85678, value: 
key: 417190, value: 
key: 667276, value: 
key: 414492, value: 
key: 35475, value: 
key: 138895, value: 
key: 13507, value: 
key: 319485, value: 
key: 18139, value: 
key: 349231, value: 
key: 395733, value: 
key: 780144, value: 
key: 266178, value: 
key: 648725, value: 
key: 837587, value: 
key: 49520, value: 
key: 848132, value: 
key: 651301, value: 
key: 14623, value: 
key: 952477, value: 
key: 892355, value: 
key: 503378, value: 
key: 76186, value: 
key: 619318, value: 
key: 675343, value: 
key: 59855, value: 
key: 590143, value: 
key: 9805, value: 
key: 502649, value: 
key: 167642, value: 
key: 673226, value: 
key: 164270, value: 
key: 105105, value: 
key: 60848, value: 
key: 841454, value: 
key: 241687, value: 
key: 896418, value: 
key: 701819, value: 
key: 636414, value: 
key: 190143, value: 
key: 25960, value: 
key: 658564, value: 
key: 400233, value: 
key: 3528, value: 
key: 6121, value: 
key: 821968, value: 
key: 413925, value: 
key: 114066, value: 
key: 382533, value: 
key: 55004, value: 
key: 228394, value: 
key: 810926, value: 
key: 64, value: 
key: 869641, value: 
key: 29418, value: 
key: 22938, value: 
key: 706632, value: 
key: 41630, value: 
key: 3643, value: 
key: 40398, value: 
key: 949987, value: 
key: 439839, value: 
key: 268398, value: 
key: 553674, value: 
key: 10650, value: 
key: 139430, value: 
key: 863920, value: 
key: 6864, value: 
key: 712738, value: 
key: 285830, value: 
key: 456748, value: 
key: 176224, value: 
key: 173588, value: 
key: 13062, value: 
key: 51022, value: 
key: 226701, value: 
key: 516130, value: 
key: 154925, value: 
key: 826088, value: 
key: 638773, value: 
key: 196736, value: 
key: 115885, value: 
key: 209214, value: 
key: 392422, value: 
key: 967, value: 
key: 946599, value: 
key: 34344, value: 
key: 22127, value: 
key: 201722, value: 
key: 517399, value: 
key: 528368, value: 
key: 136493, value: 
key: 393706, value: 
key: 33558, value: 
key: 310859, value: 
key: 968944, value: 
key: 7618, value: 
key: 213053, value: 
key: 983626, value: 
key: 319784, value: 
key: 258546, value: 
key: 17866, value: 
key: 679022, value: 
key: 960212, value: 
key: 84161, value: 
key: 497006, value: 
key: 290898, value: 
key: 8855, value: 
key: 529660, value: 
key: 369543, value: 
key: 983824, value: 
key: 658007, value: 
key: 443409, value: 
key: 91741, value: 
key: 555342, value: 
key: 347851, value: 
key: 769, value: 
key: 622233, value: 
key: 21915, value: 
key: 102430, value: 
key: 659804, value: 
key: 8136, value: 
key: 517236, value: 
key: 352819, value: 
key: 831699, value: 
key: 873073, value: 
key: 176017, value: 
key: 63904, value: 
key: 630113, value: 
key: 141257, value: 
key: 18418, value: 
key: 105253, value: 
key: 790697, value: 
key: 127228, value: 
key: 129798, value: 
key: 962250, value: 
key: 415253, value: 
key: 219860, value: 
key: 938138, value: 
key: 401647, value: 
key: 232713, value: 
key: 24105, value: 
key: 627991, value: 
key: 886624, value: 
key: 326047, value: 
key: 294096, value: 
key: 19035, value: 
key: 690650, value: 
key: 474254, value: 
key: 51439, value: 
key: 565761, value: 
key: 935928, value: 
key: 266040, value: 
key: 12904, value: 
key: 137737, value: 
key: 5544, value: 
key: 323387, value: 
key: 5964, value: 
key: 42891, value: 
key: 229270, value: 
key: 114183, value: 
key: 14371, value: 
key: 317441, value: 
key: 287737, value: 
key: 856476, value: 
key: 32407, value: 
key: 178905, value: 
key: 733652, value: 
key: 715070, value: 
key: 53352, value: 
key: 427302, value: 
key: 293431, value: 
key: 846899, value: 
key: 58056, value: 
key: 844644, value: 
key: 714222, value: 
key: 6404, value: 
key: 11899, value: 
key: 287553, value: 
key: 434542, value: 
key: 152330, value: 
key: 869922, value: 
key: 53484, value: 
key: 963350, value: 
key: 844105, value: 
key: 79725, value: 
key: 3517, value: 
key: 29229, value: 
key: 330743, value: 
key: 647034, value: 
key: 447335, value: 
key: 883023, value: 
key: 796, value: 
key: 537827, value: 
key: 666332, value: 
key: 310354, value: 
key: 667294, value: 
key: 332972, value: 
key: 231860, value: 
key: 712983, value: 
key: 274058, value: 
key: 440716, value: 
key: 7447, value: 
key: 873970, value: 
key: 213248, value: 
key: 181455, value: 
key: 12128, value: 
key: 457723, value: 
key: 156237, value: 
key: 460958, value: 
key: 123161, value: 
key: 65744, value: 
key: 730860, value: 
key: 872511, value: 
key: 496564, value: 
key: 392725, value: 
key: 590743, value: 
key: 48312, value: 
key: 725181, value: 
key: 431439, value: 
key: 28297, value: 
key: 36708, value: 
key: 584850, value: 
key: 623490, value: 
key: 361444, value: 
key: 966528, value: 
key: 400655, value: 
key: 29522, value: 
key: 56748, value: 
key: 154497, value: 
key: 45045, value: 
key: 22145, value: 
key: 16245, value: 
key: 962636, value: 
key: 202565, value: 
key: 162386, value: 
key: 610474, value: 
key: 870263, value: 
key: 211839, value: 
key: 523792, value: 
key: 212784, value: 
key: 193380, value: 
key: 832166, value: 
key: 690872, value: 
key: 677691, value: 
key: 97707, value: 
key: 361097, value: 
key: 981028, value: 
key: 189208, value: 
key: 395357, value: 
key: 526962, value: 
key: 132422, value: 
key: 133276, value: 
key: 990794, value: 
key: 378514, value: 
key: 23625, value: 
key: 125626, value: 
key: 17246, value: 
key: 988702, value: 
key: 965945, value: 
key: 254009, value: 
key: 536327, value: 
key: 9890, value: 
key: 28303, value: 
key: 674940, value: 
key: 100940, value: 
key: 989424, value: 
key: 607818, value: 
key: 541873, value: 
key: 870890, value: 
key: 36849, value: 
key: 677947, value: 
key: 701082, value: 
key: 735236, value: 
key: 661412, value: 
key: 342593, value: 
key: 666, value: 
key: 694344, value: 
key: 512918, value: 
key: 352253, value: 
key: 607863, value: 
key: 565017, value: 
key: 617156, value: 
key: 909484, value: 
key: 217039, value: 
key: 793683, value: 
key: 33626, value: 
key: 270117, value: 
key: 310752, value: 
key: 291349, value: 
key: 304234, value: 
key: 12515, value: 
key: 7069, value: 
key: 520249, value: 
key: 285438, value: 
key: 944762, value: 
key: 171317, value: 
key: 34586, value: 
key: 21494, value: 
key: 932297, value: 
key: 234346, value: 
key: 225656, value: 
key: 32258, value: 
key: 2431, value: 
key: 587066, value: 
key: 61528, value: 
key: 321354, value: 
key: 172624, value: 
key: 154763, value: 
key: 748553, value: 
key: 164898, value: 
key: 749077, value: 
key: 38676, value: 
key: 505712, value: 
key: 14380, value: 
key: 222286, value: 
key: 13123, value: 
key: 223443, value: 
key: 983266, value: 
key: 383439, value: 
key: 898988, value: 
key: 134819, value: 
key: 221733, value: 
key: 192138, value: 
key: 892755, value: 
key: 559090, value: 
key: 29920, value: 
key: 590536, value: 
key: 977324, value: 
key: 18823, value: 
key: 627155, value: 
key: 2691, value: 
key: 2790, value: 
key: 131926, value: 
key: 134217, value: 
key: 710039, value: 
key: 36025, value: 
key: 220886, value: 
key: 549095, value: 
key: 21296, value: 
key: 118138, value: 
key: 178219, value: 
key: 655833, value: 
key: 106915, value: 
key: 855547, value: 
key: 980535, value: 
key: 724896, value: 
key: 144780, value: 
key: 810360, value: 
key: 39365, value: 
key: 24576, value: 
key: 264802, value: 
key: 11655, value: 
key: 872212, value: 
key: 122445, value: 
key: 244943, value: 
key: 824055, value: 
key: 567855, value: 
key: 201041, value: 
key: 424129, value: 
key: 22620, value: 
key: 608163, value: 
key: 380933, value: 
key: 441203, value: 
key: 915120, value: 
key: 689610, value: 
key: 667232, value: 
key: 650410, value: 
key: 139795, value: 
key: 662240, value: 
key: 683638, value: 
key: 582225, value: 
key: 118019, value: 
key: 917151, value: 
key: 62798, value: 
key: 6891, value: 
key: 274960, value: 
key: 528436, value: 
key: 16854, value: 
key: 875329, value: 
key: 972644, value: 
key: 739399, value: 
key: 449410, value: 
key: 120403, value: 
key: 9029, value: 
key: 192150, value: 
key: 867966, value: 
key: 43751, value: 
key: 73741, value: 
key: 66585, value: 
key: 381745, value: 
key: 276407, value: 
key: 241735, value: 
key: 704625, value: 
key: 319843, value: 
key: 15813, value: 
key: 433769, value: 
key: 74292, value: 
key: 775904, value: 
key: 666437, value: 
key: 483728, value: 
key: 2370, value: 
key: 30294, value: 
key: 546799, value: 
key: 358332, value: 
key: 930022, value: 
key: 755559, value: 
key: 2536, value: 
key: 492625, value: 
key: 16403, value: 
key: 4525, value: 
key: 513892, value: 
key: 47768, value: 
key: 4312, value: 
key: 7467, value: 
key: 154721, value: 
key: 129615, value: 
key: 726618, value: 
key: 57635, value: 
key: 140267, value: 
key: 6130, value: 
key: 199690, value: 
key: 808952, value: 
key: 429869, value: 
key: 941024, value: 
key: 307987, value: 
key: 105594, value: 
key: 869096, value: 
key: 333445, value: 
key: 33619, value: 
key: 141574, value: 
key: 290418, value: 
key: 102551, value: 
key: 290010, value: 
key: 67096, value: 
key: 890274, value: 
key: 51145, value: 
key: 196897, value: 
key: 543819, value: 
key: 62415, value: 
key: 28350, value: 
key: 240, value: 
key: 496568, value: 
key: 132077, value: 
key: 966423, value: 
key: 295064, value: 
key: 78078, value: 
key: 100902, value: 
key: 102650, value: 
key: 235044, value: 
key: 2091, value: 
key: 544337, value: 
key: 144289, value: 
key: 76326, value: 
key: 32391, value: 
key: 529842, value: 
key: 15390, value: 
key: 626848, value: 
key: 540760, value: 
key: 729392, value: 
key: 105792, value: 
key: 461643, value: 
key: 784636, value: 
key: 647032, value: 
key: 41229, value: 
key: 45737, value: 
key: 14146, value: 
key: 864082, value: 
key: 11321, value: 
key: 569381, value: 
key: 611644, value: 
key: 100036, value: 
key: 321435, value: 
key: 93321, value: 
key: 779548, value: 
key: 278458, value: 
key: 318345, value: 
key: 92258, value: 
key: 256836, value: 
key: 60800, value: 
key: 444057, value: 
key: 17637, value: 
key: 42147, value: 
key: 364524, value: 
key: 15756, value: 
key: 752950, value: 
key: 113652, value: 
key: 598484, value: 
key: 173472, value: 
key: 267498, value: 
key: 161800, value: 
key: 548979, value: 
key: 87429, value: 
key: 667627, value: 
key: 545994, value: 
key: 72832, value: 
key: 45302, value: 
key: 280303, value: 
key: 114617, value: 
key: 967060, value: 
key: 416368, value: 
key: 281405, value: 
key: 138006, value: 
key: 171830, value: 
key: 252593, value: 
key: 13408, value: 
key: 483476, value: 
key: 187558, value: 
key: 74870, value: 
key: 389615, value: 
key: 36351, value: 
key: 47658, value: 
key: 189772, value: 
key: 722782, value: 
key: 557942, value: 
key: 722290, value: 
key: 848758, value: 
key: 554974, value: 
key: 305901, value: 
key: 270797, value: 
key: 946784, value: 
key: 63865, value: 
key: 224806, value: 
key: 891000, value: 
key: 54216, value: 
key: 196497, value: 
key: 942438, value: 
key: 14618, value: 
key: 711795, value: 
key: 104281, value: 
key: 478423, value: 
key: 596420, value: 
key: 13310, value: 
key: 13244, value: 
key: 99121, value: 
key: 11790, value: 
key: 312985, value: 
key: 771274, value: 
key: 89940, value: 
key: 685337, value: 
key: 62613, value: 
key: 133513, value: 
key: 31604, value: 
key: 299778, value: 
key: 614425, value: 
key: 564575, value: 
key: 726443, value: 
key: 392859, value: 
key: 71275, value: 
key: 8916, value: 
key: 225634, value: 
key: 1957, value: 
key: 767668, value: 
key: 183448, value: 
key: 1085, value: 
key: 590239, value: 
key: 209126, value: 
key: 629766, value: 
key: 265423, value: 
key: 733968, value: 
key: 4000, value: 
key: 683094, value: 
key: 10072, value: 
key: 405713, value: 
key: 73091, value: 
key: 439466, value: 
key: 169712, value: 
key: 15545, value: 
key: 37985, value: 
key: 186801, value: 
key: 248491, value: 
key: 618382, value: 
key: 563657, value: 
key: 436511, value: 
key: 509718, value: 
key: 37099, value: 
key: 6688, value: 
key: 329848, value: 
key: 997708, value: 
key: 226082, value: 
key: 200390, value: 
key: 123114, value: 
key: 27353, value: 
key: 241199, value: 
key: 748737, value: 
key: 5304, value: 
key: 277215, value: 
key: 457114, value: 
key: 977621, value: 
key: 199636, value: 
key: 100977, value: 
key: 118048, value: 
key: 747521, value: 
key: 1126, value: 
key: 990387, value: 
key: 453662, value: 
key: 3744, value: 
key: 69900, value: 
key: 260921, value: 
key: 328694, value: 
key: 20491, value: 
key: 310758, value: 
key: 73682, value: 
key: 333221, value: 
key: 937788, value: 
key: 580555, value: 
key: 157069, value: 
key: 448473, value: 
key: 127501, value: 
key: 109563, value: 
key: 831644, value: 
key: 895778, value: 
key: 23900, value: 
key: 903, value: 
key: 941080, value: 
key: 367510, value: 
key: 335096, value: 
key: 460219, value: 
key: 74344, value: 
key: 737023, value: 
key: 346232, value: 
key: 708458, value: 
key: 758989, value: 
key: 833943, value: 
key: 181176, value: 
key: 132455, value: 
key: 451183, value: 
key: 158828, value: 
key: 987329, value: 
key: 222082, value: 
key: 15815, value: 
key: 632142, value: 
key: 612944, value: 
key: 302379, value: 
key: 82761, value: 
key: 235598, value: 
key: 634722, value: 
key: 479392, value: 
key: 114512, value: 
key: 454096, value: 
key: 116134, value: 
key: 114668, value: 
key: 232731, value: 
key: 869218, value: 
key: 110703, value: 
key: 48770, value: 
key: 883759, value: 
key: 379191, value: 
key: 231279, value: 
key: 653224, value: 
key: 233286, value: 
key: 162748, value: 
key: 81975, value: 
key: 912262, value: 
key: 470489, value: 
key: 765558, value: 
key: 382908, value: 
key: 176219, value: 
key: 495442, value: 
key: 220785, value: 
key: 618571, value: 
key: 953810, value: 
key: 356088, value: 
key: 195643, value: 
key: 75903, value: 
key: 58579, value: 
key: 331540, value: 
key: 559355, value: 
key: 483748, value: 
key: 353344, value: 
key: 553597, value: 
key: 846237, value: 
key: 206176, value: 
key: 97994, value: 
key: 259127, value: 
key: 46118, value: 
key: 715346, value: 
key: 9960, value: 
key: 898128, value: 
key: 204293, value: 
key: 250896, value: 
key: 799126, value: 
key: 119353, value: 
key: 205209, value: 
key: 24378, value: 
key: 471291, value: 
key: 973562, value: 
key: 585996, value: 
key: 9928, value: 
key: 31521, value: 
key: 202215, value: 
key: 665489, value: 
key: 473325, value: 
key: 15105, value: 
key: 98148, value: 
key: 976970, value: 
key: 8211, value: 
key: 76681, value: 
key: 124421, value: 
key: 253277, value: 
key: 915252, value: 
key: 606389, value: 
key: 549217, value: 
key: 442091, value: 
key: 791418, value: 
key: 832041, value: 
key: 50652, value: 
key: 3290, value: 
key: 909062, value: 
key: 232799, value: 
key: 37196, value: 
key: 505257, value: 
key: 863526, value: 
key: 453385, value: 
key: 329, value: 
key: 156026, value: 
key: 255510, value: 
key: 505592, value: 
key: 774703, value: 
key: 425108, value: 
key: 129611, value: 
key: 974703, value: 
key: 1081, value: 
key: 191605, value: 
key: 37587, value: 
key: 137944, value: 
key: 33729, value: 
key: 842985, value: 
key: 115432, value: 
key: 52007, value: 
key: 378268, value: 
key: 86347, value: 
key: 140030, value: 
key: 88396, value: 
key: 961802, value: 
key: 818768, value: 
key: 44419, value: 
key: 301505, value: 
key: 660907, value: 
key: 446444, value: 
key: 109998, value: 
key: 130046, value: 
key: 42761, value: 
key: 124586, value: 
key: 692528, value: 
key: 147004, value: 
key: 373416, value: 
key: 822741, value: 
key: 17886, value: 
key: 172, value: 
key: 642329, value: 
key: 532356, value: 
key: 11017, value: 
key: 472111, value: 
key: 738417, value: 
key: 465371, value: 
key: 394909, value: 
key: 117908, value: 
key: 614669, value: 
key: 51756, value: 
key: 343282, value: 
key: 31693, value: 
key: 196556, value: 
key: 440552, value: 
key: 259408, value: 
key: 449478, value: 
key: 22321, value: 
key: 76201, value: 
key: 66527, value: 
key: 483557, value: 
key: 181019, value: 
key: 459064, value: 
key: 655028, value: 
key: 111836, value: 
key: 313694, value: 
key: 15259, value: 
key: 564571, value: 
key: 398497, value: 
key: 42879, value: 
key: 525022, value: 
key: 927406, value: 
key: 450850, value: 
key: 234751, value: 
key: 283867, value: 
key: 21443, value: 
key: 562021, value: 
key: 85476, value: 
key: 308164, value: 
key: 93699, value: 
key: 754158, value: 
key: 291592, value: 
key: 663724, value: 
key: 18566, value: 
key: 229672, value: 
key: 343721, value: 
key: 202699, value: 
key: 854104, value: 
key: 715609, value: 
key: 268167, value: 
key: 370079, value: 
key: 751908, value: 
key: 669852, value: 
key: 929705, value: 
key: 23234, value: 
key: 984797, value: 
key: 1986, value: 
key: 5795, value: 
key: 888503, value: 
key: 771791, value: 
key: 182968, value: 
key: 583864, value: 
key: 66501, value: 
key: 212131, value: 
key: 503343, value: 
key: 85669, value: 
key: 461551, value: 
key: 32836, value: 
key: 17505, value: 
key: 302942, value: 
key: 238698, value: 
key: 498315, value: 
key: 582067, value: 
key: 231781, value: 
key: 13475, value: 
key: 55293, value: 
key: 72137, value: 
key: 381455, value: 
key: 61762, value: 
key: 913591, value: 
key: 223487, value: 
key: 69867, value: 
key: 381275, value: 
key: 370462, value: 
key: 43832, value: 
key: 46521, value: 
key: 795647, value: 
key: 84095, value: 
key: 68435, value: 
key: 524784, value: 
key: 957447, value: 
key: 491464, value: 
key: 241519, value: 
key: 441009, value: 
key: 258540, value: 
key: 258117, value: 
key: 822516, value: 
key: 503992, value: 
key: 392439, value: 
key: 387330, value: 
key: 375393, value: 
key: 15349, value: 
key: 12843, value: 
key: 68587, value: 
key: 824938, value: 
key: 86761, value: 
key: 137982, value: 
key: 248206, value: 
key: 43043, value: 
key: 283225, value: 
key: 10357, value: 
key: 93792, value: 
key: 428736, value: 
key: 756442, value: 
key: 432526, value: 
key: 672416, value: 
key: 474489, value: 
key: 585530, value: 
key: 112653, value: 
key: 47003, value: 
key: 37570, value: 
key: 153092, value: 
key: 162285, value: 
key: 85821, value: 
key: 56007, value: 
key: 424039, value: 
key: 91248, value: 
key: 802, value: 
key: 25757, value: 
key: 866985, value: 
key: 423955, value: 
key: 510165, value: 
key: 135599, value: 
key: 198608, value: 
key: 333850, value: 
key: 6510, value: 
key: 379557, value: 
key: 188401, value: 
key: 214003, value: 
key: 211622, value: 
key: 644521, value: 
key: 699608, value: 
key: 195902, value: 
key: 159528, value: 
key: 62824, value: 
key: 287755, value: 
key: 124584, value: 
key: 2514, value: 
key: 196022, value: 
key: 623722, value: 
key: 273783, value: 
key: 53365, value: 
key: 277075, value: 
key: 136642, value: 
key: 12841, value: 
key: 726803, value: 
key: 949253, value: 
key: 770284, value: 
key: 26758, value: 
key: 217950, value: 
key: 783668, value: 
key: 360474, value: 
key: 602538, value: 
key: 538657, value: 
key: 632337, value: 
key: 272449, value: 
key: 832447, value: 
key: 790550, value: 
key: 113919, value: 
key: 409768, value: 
key: 259220, value: 
key: 362111, value: 
key: 318873, value: 
key: 330028, value: 
key: 14692, value: 
key: 134842, value: 
key: 8167, value: 
key: 19965, value: 
key: 99297, value: 
key: 879219, value: 
key: 188566, value: 
key: 49003, value: 
key: 569, value: 
key: 20323, value: 
key: 566920, value: 
key: 54564, value: 
key: 43771, value: 
key: 85702, value: 
key: 301297, value: 
key: 785547, value: 
key: 859187, value: 
key: 11327, value: 
key: 17534, value: 
key: 138554, value: 
key: 176602, value: 
key: 976781, value: 
key: 108728, value: 
key: 150033, value: 
key: 685643, value: 
key: 708395, value: 
key: 761842, value: 
key: 811112, value: 
key: 558972, value: 
key: 52832, value: 
key: 61779, value: 
key: 5449, value: 
key: 759184, value: 
key: 72249, value: 
key: 69511, value: 
key: 681412, value: 
key: 32874, value: 
key: 194659, value: 
key: 345473, value: 
key: 462693, value: 
key: 97, value: 
key: 557586, value: 
key: 1810, value: 
key: 101488, value: 
key: 237598, value: 
key: 22682, value: 
key: 181886, value: 
key: 14014, value: 
key: 610357, value: 
key: 577485, value: 
key: 798868, value: 
key: 139418, value: 
key: 208567, value: 
key: 325875, value: 
key: 117744, value: 
key: 554963, value: 
key: 701866, value: 
key: 34850, value: 
key: 263548, value: 
key: 224370, value: 
key: 279277, value: 
key: 124786, value: 
key: 253574, value: 
key: 252164, value: 
key: 117089, value: 
key: 600620, value: 
key: 240105, value: 
key: 31936, value: 
key: 631828, value: 
key: 19626, value: 
key: 25412, value: 
key: 121879, value: 
key: 312268, value: 
key: 55, value: 
key: 525103, value: 
key: 981620, value: 
key: 59817, value: 
key: 481755, value: 
key: 618005, value: 
key: 953647, value: 
key: 104229, value: 
key: 906395, value: 
key: 201539, value: 
key: 970565, value: 
key: 597832, value: 
key: 541857, value: 
key: 203492, value: 
key: 15686, value: 
key: 571753, value: 
key: 951755, value: 
key: 667320, value: 
key: 270874, value: 
key: 72760, value: 
key: 824327, value: 
key: 692533, value: 
key: 194240, value: 
key: 51578, value: 
key: 935320, value: 
key: 147741, value: 
key: 224521, value: 
key: 57806, value: 
key: 8419, value: 
key: 36135, value: 
key: 64262, value: 
key: 219747, value: 
key: 121624, value: 
key: 554473, value: 
key: 69469, value: 
key: 975106, value: 
key: 67700, value: 
key: 67641, value: 
key: 538839, value: 
key: 428112, value: 
key: 43283, value: 
key: 4550, value: 
key: 437774, value: 
key: 661658, value: 
key: 506001, value: 
key: 900489, value: 
key: 129143, value: 
key: 911966, value: 
key: 298854, value: 
key: 311267, value: 
key: 36500, value: 
key: 424925, value: 
key: 937320, value: 
key: 63720, value: 
key: 96298, value: 
key: 209559, value: 
key: 48174, value: 
key: 426903, value: 
key: 266901, value: 
key: 682598, value: 
key: 327617, value: 
key: 576198, value: 
key: 299785, value: 
key: 379939, value: 
key: 499901, value: 
key: 421340, value: 
key: 61876, value: 
key: 212739, value: 
key: 211480, value: 
key: 368609, value: 
key: 759294, value: 
key: 187738, value: 
key: 897, value: 
key: 41601, value: 
key: 57512, value: 
key: 964483, value: 
key: 321970, value: 
key: 169512, value: 
key: 532, value: 
key: 4875, value: 
key: 377483, value: 
key: 168717, value: 
key: 263342, value: 
key: 845867, value: 
key: 9887, value: 
key: 385943, value: 
key: 590475, value: 
key: 309084, value: 
key: 984397, value: 
key: 594914, value: 
key: 14906, value: 
key: 218069, value: 
key: 978505, value: 
key: 680590, value: 
key: 567499, value: 
key: 8404, value: 
key: 705798, value: 
key: 445061, value: 
key: 657363, value: 
key: 980489, value: 
key: 592338, value: 
key: 794604, value: 
key: 13466, value: 
key: 260880, value: 
key: 730990, value: 
key: 24736, value: 
key: 18320, value: 
key: 9964, value: 
key: 46143, value: 
key: 176433, value: 
key: 36878, value: 
key: 761592, value: 
key: 42693, value: 
key: 275936, value: 
key: 274317, value: 
key: 99413, value: 
key: 59404, value: 
key: 7807, value: 
key: 371753, value: 
key: 584920, value: 
key: 15907, value: 
key: 426330, value: 
key: 6440, value: 
key: 339805, value: 
key: 632344, value: 
key: 303321, value: 
key: 915117, value: 
key: 11697, value: 
key: 731304, value: 
key: 177791, value: 
key: 543189, value: 
key: 402734, value: 
key: 110064, value: 
key: 720894, value: 
key: 436090, value: 
key: 230700, value: 
key: 270366, value: 
key: 17066, value: 
key: 88938, value: 
key: 169396, value: 
key: 672456, value: 
key: 318444, value: 
key: 576116, value: 
key: 447070, value: 
key: 475426, value: 
key: 23647, value: 
key: 324780, value: 
key: 8868, value: 
key: 90252, value: 
key: 979249, value: 
key: 682, value: 
key: 330312, value: 
key: 185859, value: 
key: 582353, value: 
key: 29058, value: 
key: 169435, value: 
key: 726227, value: 
key: 1571, value: 
key: 985378, value: 
key: 534516, value: 
key: 228891, value: 
key: 419578, value: 
key: 12717, value: 
key: 26529, value: 
key: 83612, value: 
key: 428468, value: 
key: 396684, value: 
key: 9940, value: 
key: 368416, value: 
key: 80280, value: 
key: 688879, value: 
key: 481847, value: 
key: 226589, value: 
key: 14764, value: 
key: 57437, value: 
key: 3142, value: 
key: 591928, value: 
key: 764568, value: 
key: 93996, value: 
key: 121938, value: 
key: 182478, value: 
key: 118152, value: 
key: 45429, value: 
key: 226532, value: 
key: 540087, value: 
key: 2093, value: 
key: 321345, value: 
key: 519041, value: 
key: 233392, value: 
key: 297934, value: 
key: 142876, value: 
key: 21935, value: 
key: 14366, value: 
key: 195694, value: 
key: 23423, value: 
key: 220594, value: 
key: 540896, value: 
key: 538615, value: 
key: 538842, value: 
key: 15208, value: 
key: 611222, value: 
key: 129123, value: 
key: 962562, value: 
key: 450313, value: 
key: 572796, value: 
key: 341723, value: 
key: 570, value: 
key: 242859, value: 
key: 814199, value: 
key: 204545, value: 
key: 970255, value: 
key: 81654, value: 
key: 496612, value: 
key: 672474, value: 
key: 110611, value: 
key: 347048, value: 
key: 40512, value: 
key: 27740, value: 
key: 32296, value: 
key: 64516, value: 
key: 804936, value: 
key: 822608, value: 
key: 1940, value: 
key: 319575, value: 
key: 2040, value: 
key: 529, value: 
key: 217787, value: 
key: 172949, value: 
key: 374064, value: 
key: 71585, value: 
key: 519283, value: 
key: 849852, value: 
key: 654887, value: 
key: 85500, value: 
key: 208237, value: 
key: 647746, value: 
key: 348216, value: 
key: 510798, value: 
key: 204446, value: 
key: 144904, value: 
key: 227423, value: 
key: 9670, value: 
key: 949222, value: 
key: 459039, value: 
key: 239543, value: 
key: 551625, value: 
key: 973825, value: 
key: 479273, value: 
key: 753333, value: 
key: 160531, value: 
key: 189200, value: 
key: 8516, value: 
key: 155162, value: 
key: 881766, value: 
key: 30319, value: 
key: 378163, value: 
key: 11709, value: 
key: 284914, value: 
key: 286770, value: 
key: 25665, value: 
key: 13105, value: 
key: 540469, value: 
key: 7036, value: 
key: 4798, value: 
key: 12166, value: 
key: 461111, value: 
key: 588915, value: 
key: 738749, value: 
key: 21021, value: 
key: 263058, value: 
key: 661933, value: 
key: 519113, value: 
key: 306351, value: 
key: 98814, value: 
key: 83856, value: 
key: 549268, value: 
key: 39031, value: 
key: 199805, value: 
key: 585273, value: 
key: 356987, value: 
key: 468985, value: 
key: 127840, value: 
key: 419633, value: 
key: 675822, value: 
key: 316464, value: 
key: 637280, value: 
key: 963514, value: 
key: 337269, value: 
key: 787752, value: 
key: 503879, value: 
key: 656371, value: 
key: 103646, value: 
key: 965400, value: 
key: 196800, value: 
key: 363280, value: 
key: 487801, value: 
key: 137780, value: 
key: 29951, value: 
key: 633712, value: 
key: 673189, value: 
key: 13181, value: 
key: 244806, value: 
key: 262147, value: 
key: 91477, value: 
key: 369316, value: 
key: 148418, value: 
key: 704296, value: 
key: 59114, value: 
key: 170839, value: 
key: 816401, value: 
key: 489047, value: 
key: 829908, value: 
key: 553830, value: 
key: 279206, value: 
key: 171456, value: 
key: 697699, value: 
key: 6118, value: 
key: 19927, value: 
key: 579986, value: 
key: 169505, value: 
key: 876124, value: 
key: 823225, value: 
key: 655390, value: 
key: 61388, value: 
key: 129231, value: 
key: 723600, value: 
key: 114345, value: 
key: 365536, value: 
key: 372433, value: 
key: 11107, value: 
key: 693624, value: 
key: 20538, value: 
key: 967921, value: 
key: 628624, value: 
key: 164128, value: 
key: 189000, value: 
key: 149639, value: 
key: 19763, value: 
key: 764746, value: 
key: 194587, value: 
key: 227670, value: 
key: 886806, value: 
key: 205238, value: 
key: 509813, value: 
key: 67728, value: 
key: 268756, value: 
key: 289948, value: 
key: 937980, value: 
key: 174590, value: 
key: 33590, value: 
key: 19909, value: 
key: 269812, value: 
key: 93299, value: 
key: 993623, value: 
key: 91411, value: 
key: 578178, value: 
key: 459099, value: 
key: 28532, value: 
key: 6783, value: 
key: 127978, value: 
key: 678652, value: 
key: 17529, value: 
key: 143998, value: 
key: 69300, value: 
key: 573805, value: 
key: 66680, value: 
key: 270706, value: 
key: 633675, value: 
key: 828275, value: 
key: 590169, value: 
key: 157524, value: 
key: 458993, value: 
key: 42295, value: 
key: 43342, value: 
key: 2044, value: 
key: 165556, value: 
key: 977630, value: 
key: 839475, value: 
key: 460763, value: 
key: 537256, value: 
key: 362513, value: 
key: 189329, value: 
key: 618126, value: 
key: 380706, value: 
key: 340726, value: 
key: 553184, value: 
key: 153027, value: 
key: 86945, value: 
key: 453761, value: 
key: 623229, value: 
key: 685492, value: 
key: 697965, value: 
key: 59888, value: 
key: 253361, value: 
key: 563433, value: 
key: 874447, value: 
key: 98445, value: 
key: 341868, value: 
key: 547905, value: 
key: 358345, value: 
key: 535353, value: 
key: 382568, value: 
key: 4495, value: 
key: 497646, value: 
key: 332262, value: 
key: 461441, value: 
key: 186784, value: 
key: 697615, value: 
key: 254405, value: 
key: 146434, value: 
key: 733371, value: 
key: 35282, value: 
key: 500290, value: 
key: 167231, value: 
key: 521338, value: 
key: 175645, value: 
key: 55149, value: 
key: 471561, value: 
key: 77062, value: 
key: 43812, value: 
key: 49571, value: 
key: 84534, value: 
key: 328687, value: 
key: 447698, value: 
key: 66381, value: 
key: 850906, value: 
key: 37891, value: 
key: 121637, value: 
key: 57321, value: 
key: 976147, value: 
key: 166713, value: 
key: 291, value: 
key: 628697, value: 
key: 520443, value: 
key: 529824, value: 
key: 4226, value: 
key: 6943, value: 
key: 44356, value: 
key: 354925, value: 
key: 125789, value: 
key: 896111, value: 
key: 63922, value: 
key: 279187, value: 
key: 927903, value: 
key: 59022, value: 
key: 61359, value: 
key: 382490, value: 
key: 485337, value: 
key: 13156, value: 
key: 320205, value: 
key: 104050, value: 
key: 335623, value: 
key: 827805, value: 
key: 1018, value: 
key: 127642, value: 
key: 258254, value: 
key: 162856, value: 
key: 224, value: 
key: 820707, value: 
key: 135610, value: 
key: 9711, value: 
key: 73666, value: 
key: 377658, value: 
key: 498810, value: 
key: 75839, value: 
key: 997209, value: 
key: 55307, value: 
key: 839, value: 
key: 549141, value: 
key: 39738, value: 
key: 105794, value: 
key: 752008, value: 
key: 824394, value: 
key: 67630, value: 
key: 227533, value: 
key: 127066, value: 
key: 6873, value: 
key: 153177, value: 
key: 919335, value: 
key: 32834, value: 
key: 104144, value: 
key: 143651, value: 
key: 674265, value: 
key: 369770, value: 
key: 801607, value: 
key: 615051, value: 
key: 890522, value: 
key: 8370, value: 
key: 162465, value: 
key: 427407, value: 
key: 43355, value: 
key: 187495, value: 
key: 435859, value: 
key: 48493, value: 
key: 202, value: 
key: 476397, value: 
key: 351854, value: 
key: 666044, value: 
key: 324001, value: 
key: 719687, value: 
key: 632605, value: 
key: 813354, value: 
key: 242798, value: 
key: 611918, value: 
key: 520324, value: 
key: 342698, value: 
key: 450599, value: 
key: 967932, value: 
key: 205928, value: 
key: 627744, value: 
key: 393906, value: 
key: 531777, value: 
key: 700463, value: 
key: 25959, value: 
key: 229142, value: 
key: 879554, value: 
key: 15828, value: 
key: 71811, value: 
key: 66, value: 
key: 202561, value: 
key: 679048, value: 
key: 839811, value: 
key: 161776, value: 
key: 190356, value: 
key: 149110, value: 
key: 281454, value: 
key: 14807, value: 
key: 126117, value: 
key: 37921, value: 
key: 788977, value: 
key: 509860, value: 
key: 155692, value: 
key: 23364, value: 
key: 224671, value: 
key: 370620, value: 
key: 153342, value: 
key: 58324, value: 
key: 221641, value: 
key: 64439, value: 
key: 779775, value: 
key: 700573, value: 
key: 24905, value: 
key: 493167, value: 
key: 2963, value: 
key: 755481, value: 
key: 404954, value: 
key: 155450, value: 
key: 798419, value: 
key: 10227, value: 
key: 186638, value: 
key: 650788, value: 
key: 64488, value: 
key: 14902, value: 
key: 330277, value: 
key: 470232, value: 
key: 228448, value: 
key: 20578, value: 
key: 160362, value: 
key: 711412, value: 
key: 707505, value: 
key: 14784, value: 
key: 757867, value: 
key: 839662, value: 
key: 817930, value: 
key: 110505, value: 
key: 3735, value: 
key: 461142, value: 
key: 295754, value: 
key: 543785, value: 
key: 333904, value: 
key: 111241, value: 
key: 926041, value: 
key: 389677, value: 
key: 175908, value: 
key: 542827, value: 
key: 71710, value: 
key: 307095, value: 
key: 997425, value: 
key: 282486, value: 
key: 401436, value: 
key: 351391, value: 
key: 599162, value: 
key: 647955, value: 
key: 44154, value: 
key: 636472, value: 
key: 2037, value: 
key: 906812, value: 
key: 73417, value: 
key: 398646, value: 
key: 19370, value: 
key: 34645, value: 
key: 898467, value: 
key: 613576, value: 
key: 517397, value: 
key: 571861, value: 
key: 18364, value: 
key: 59323, value: 
key: 806590, value: 
key: 362779, value: 
key: 50678, value: 
key: 91149, value: 
key: 65896, value: 
key: 627287, value: 
key: 1247, value: 
key: 9984, value: 
key: 603443, value: 
key: 51462, value: 
key: 295, value: 
key: 318103, value: 
key: 605469, value: 
key: 266666, value: 
key: 968027, value: 
key: 211031, value: 
key: 114008, value: 
key: 275970, value: 
key: 37284, value: 
key: 10595, value: 
key: 15, value: 
key: 824, value: 
key: 138134, value: 
key: 94812, value: 
key: 43540, value: 
key: 510059, value: 
key: 979175, value: 
key: 421153, value: 
key: 707431, value: 
key: 698148, value: 
key: 253620, value: 
key: 72665, value: 
key: 202152, value: 
key: 255840, value: 
key: 212416, value: 
key: 386472, value: 
key: 396899, value: 
key: 336747, value: 
key: 319766, value: 
key: 472096, value: 
key: 229702, value: 
key: 551083, value: 
key: 81494, value: 
key: 95983, value: 
key: 286945, value: 
key: 465845, value: 
key: 10573, value: 
key: 730022, value: 
key: 38395, value: 
key: 87395, value: 
key: 290366, value: 
key: 432748, value: 
key: 91954, value: 
key: 15776, value: 
key: 49920, value: 
key: 790156, value: 
key: 14364, value: 
key: 783316, value: 
key: 966902, value: 
key: 184735, value: 
key: 134154, value: 
key: 54113, value: 
key: 2053, value: 
key: 3304, value: 
key: 85944, value: 
key: 459239, value: 
key: 168809, value: 
key: 336316, value: 
key: 142160, value: 
key: 10458, value: 
key: 368506, value: 
key: 20684, value: 
key: 5168, value: 
key: 348852, value: 
key: 10971, value: 
key: 987932, value: 
key: 221689, value: 
key: 535267, value: 
key: 171618, value: 
key: 115348, value: 
key: 524069, value: 
key: 302816, value: 
key: 527031, value: 
key: 880996, value: 
key: 286561, value: 
key: 19907, value: 
key: 483193, value: 
key: 7676, value: 
key: 116062, value: 
key: 580867, value: 
key: 390431, value: 
key: 740582, value: 
key: 638227, value: 
key: 13174, value: 
key: 105813, value: 
key: 29737, value: 
key: 274324, value: 
key: 161561, value: 
key: 174509, value: 
key: 706452, value: 
key: 30353, value: 
key: 8381, value: 
key: 97796, value: 
key: 311870, value: 
key: 326254, value: 
key: 414207, value: 
key: 11600, value: 
key: 29249, value: 
key: 497990, value: 
key: 961097, value: 
key: 737595, value: 
key: 225025, value: 
key: 3313, value: 
key: 289423, value: 
key: 792770, value: 
key: 376516, value: 
key: 257819, value: 
key: 67751, value: 
key: 365914, value: 
key: 311328, value: 
key: 250700, value: 
key: 763341, value: 
key: 233660, value: 
key: 12513, value: 
key: 548951, value: 
key: 88154, value: 
key: 500911, value: 
key: 263661, value: 
key: 64534, value: 
key: 450995, value: 
key: 180274, value: 
key: 60266, value: 
key: 500265, value: 
key: 521484, value: 
key: 23531, value: 
key: 213288, value: 
key: 230269, value: 
key: 14357, value: 
key: 15556, value: 
key: 839367, value: 
key: 252748, value: 
key: 61108, value: 
key: 129396, value: 
key: 17565, value: 
key: 551717, value: 
key: 304418, value: 
key: 277327, value: 
key: 47087, value: 
key: 840510, value: 
key: 329619, value: 
key: 949563, value: 
key: 153988, value: 
key: 6147, value: 
key: 369538, value: 
key: 88215, value: 
key: 569770, value: 
key: 606736, value: 
key: 83056, value: 
key: 523901, value: 
key: 440080, value: 
key: 234436, value: 
key: 756080, value: 
key: 149417, value: 
key: 87607, value: 
key: 704689, value: 
key: 31576, value: 
key: 9889, value: 
key: 653798, value: 
key: 246376, value: 
key: 645021, value: 
key: 738385, value: 
key: 26710, value: 
key: 74674, value: 
key: 419, value: 
key: 448714, value: 
key: 316448, value: 
key: 68400, value: 
key: 61946, value: 
key: 2600, value: 
key: 671956, value: 
key: 493484, value: 
key: 450634, value: 
key: 662565, value: 
key: 560193, value: 
key: 166825, value: 
key: 193568, value: 
key: 609027, value: 
key: 325808, value: 
key: 433620, value: 
key: 11619, value: 
key: 737582, value: 
key: 6279, value: 
key: 760683, value: 
key: 670753, value: 
key: 489227, value: 
key: 538794, value: 
key: 460099, value: 
key: 175797, value: 
key: 748050, value: 
key: 61463, value: 
key: 500568, value: 
key: 753364, value: 
key: 153492, value: 
key: 148595, value: 
key: 19327, value: 
key: 373917, value: 
key: 888839, value: 
key: 519157, value: 
key: 551449, value: 
key: 325842, value: 
key: 455510, value: 
key: 991429, value: 
key: 105569, value: 
key: 852928, value: 
key: 208462, value: 
key: 642736, value: 
key: 789590, value: 
key: 346487, value: 
key: 91183, value: 
key: 606, value: 
key: 907190, value: 
key: 485829, value: 
key: 97231, value: 
key: 657378, value: 
key: 341835, value: 
key: 636296, value: 
key: 9160, value: 
key: 35411, value: 
key: 206035, value: 
key: 967134, value: 
key: 552095, value: 
key: 691532, value: 
key: 414155, value: 
key: 775247, value: 
key: 256681, value: 
key: 131980, value: 
key: 48392, value: 
key: 496463, value: 
key: 11608, value: 
key: 169817, value: 
key: 565646, value: 
key: 52834, value: 
key: 591630, value: 
key: 463236, value: 
key: 187530, value: 
key: 743835, value: 
key: 323363, value: 
key: 488709, value: 
key: 58634, value: 
key: 670254, value: 
key: 766986, value: 
key: 205498, value: 
key: 404305, value: 
key: 22095, value: 
key: 39512, value: 
key: 25386, value: 
key: 352286, value: 
key: 625199, value: 
key: 54137, value: 
key: 121619, value: 
key: 777678, value: 
key: 3508, value: 
key: 1184, value: 
key: 116794, value: 
key: 676012, value: 
key: 30126, value: 
key: 46873, value: 
key: 20653, value: 
key: 444259, value: 
key: 26901, value: 
key: 363578, value: 
key: 156365, value: 
key: 286420, value: 
key: 104944, value: 
key: 357724, value: 
key: 42888, value: 
key: 7456, value: 
key: 423201, value: 
key: 17930, value: 
key: 722353, value: 
key: 64220, value: 
key: 327864, value: 
key: 68291, value: 
key: 481119, value: 
key: 534473, value: 
key: 94885, value: 
key: 15343, value: 
key: 2019, value: 
key: 941611, value: 
key: 193489, value: 
key: 67492, value: 
key: 421085, value: 
key: 614087, value: 
key: 880738, value: 
key: 13460, value: 
key: 97499, value: 
key: 953649, value: 
key: 9056, value: 
key: 389936, value: 
key: 850210, value: 
key: 485630, value: 
key: 289245, value: 
key: 726665, value: 
key: 985994, value: 
key: 800356, value: 
key: 6862, value: 
key: 600536, value: 
key: 1414, value: 
key: 247360, value: 
key: 97356, value: 
key: 527466, value: 
key: 82730, value: 
key: 207018, value: 
key: 593043, value: 
key: 47270, value: 
key: 558411, value: 
key: 69452, value: 
key: 679369, value: 
key: 98593, value: 
key: 829896, value: 
key: 65221, value: 
key: 68815, value: 
key: 211538, value: 
key: 213909, value: 
key: 704313, value: 
key: 948298, value: 
key: 817747, value: 
key: 725440, value: 
key: 424569, value: 
key: 778484, value: 
key: 5236, value: 
key: 948649, value: 
key: 85755, value: 
key: 15435, value: 
key: 556626, value: 
key: 415064, value: 
key: 507576, value: 
key: 1254, value: 
key: 494366, value: 
key: 157089, value: 
key: 114536, value: 
key: 285001, value: 
key: 611945, value: 
key: 930325, value: 
key: 269454, value: 
key: 5146, value: 
key: 22581, value: 
key: 22862, value: 
key: 176646, value: 
key: 471222, value: 
key: 170567, value: 
key: 759883, value: 
key: 499145, value: 
key: 200792, value: 
key: 49548, value: 
key: 923385, value: 
key: 590, value: 
key: 5933, value: 
key: 94474, value: 
key: 48671, value: 
key: 143482, value: 
key: 22426, value: 
key: 2789, value: 
key: 943516, value: 
key: 43269, value: 
key: 599306, value: 
key: 749516, value: 
key: 328353, value: 
key: 197577, value: 
key: 122650, value: 
key: 113405, value: 
key: 98650, value: 
key: 44518, value: 
key: 625474, value: 
key: 604246, value: 
key: 41678, value: 
key: 732378, value: 
key: 753951, value: 
key: 88152, value: 
key: 210708, value: 
key: 437390, value: 
key: 380922, value: 
key: 257989, value: 
key: 9739, value: 
key: 345659, value: 
key: 306586, value: 
key: 945482, value: 
key: 570110, value: 
key: 793793, value: 
key: 241863, value: 
key: 6262, value: 
key: 613886, value: 
key: 550242, value: 
key: 319078, value: 
key: 586698, value: 
key: 160946, value: 
key: 598055, value: 
key: 20291, value: 
key: 132990, value: 
key: 803922, value: 
key: 120636, value: 
key: 122803, value: 
key: 8455, value: 
key: 212528, value: 
key: 133265, value: 
key: 487265, value: 
key: 43230, value: 
key: 716668, value: 
key: 235617, value: 
key: 879, value: 
key: 323013, value: 
key: 9179, value: 
key: 56661, value: 
key: 4394, value: 
key: 975153, value: 
key: 764429, value: 
key: 374453, value: 
key: 264383, value: 
key: 54924, value: 
key: 62118, value: 
key: 20213, value: 
key: 216384, value: 
key: 122052, value: 
key: 882248, value: 
key: 862130, value: 
key: 6729, value: 
key: 302773, value: 
key: 43250, value: 
key: 87054, value: 
key: 933243, value: 
key: 512976, value: 
key: 9126, value: 
key: 204929, value: 
key: 372604, value: 
key: 6024, value: 
key: 790383, value: 
key: 4235, value: 
key: 232452, value: 
key: 75240, value: 
key: 199887, value: 
key: 50142, value: 
key: 16717, value: 
key: 10669, value: 
key: 702654, value: 
key: 385491, value: 
key: 25283, value: 
key: 329699, value: 
key: 434968, value: 
key: 16636, value: 
key: 176255, value: 
key: 181839, value: 
key: 580139, value: 
key: 186863, value: 
key: 687320, value: 
key: 158262, value: 
key: 40969, value: 
key: 758053, value: 
key: 517357, value: 
key: 156837, value: 
key: 156091, value: 
key: 6800, value: 
key: 362609, value: 
key: 857204, value: 
key: 621689, value: 
key: 156631, value: 
key: 790167, value: 
key: 22271, value: 
key: 515010, value: 
key: 522720, value: 
key: 615347, value: 
key: 250032, value: 
key: 510374, value: 
key: 353072, value: 
key: 555603, value: 
key: 768652, value: 
key: 79402, value: 
key: 396642, value: 
key: 776743, value: 
key: 937665, value: 
key: 399887, value: 
key: 172244, value: 
key: 23225, value: 
key: 306951, value: 
key: 715580, value: 
key: 231699, value: 
key: 73945, value: 
key: 368911, value: 
key: 64031, value: 
key: 872898, value: 
key: 150918, value: 
key: 177801, value: 
key: 92803, value: 
key: 462176, value: 
key: 516, value: 
key: 441003, value: 
key: 537096, value: 
key: 196981, value: 
key: 76096, value: 
key: 183761, value: 
key: 858638, value: 
key: 959449, value: 
key: 80848, value: 
key: 75015, value: 
key: 9816, value: 
key: 987923, value: 
key: 30434, value: 
key: 230894, value: 
key: 38580, value: 
key: 922870, value: 
key: 11460, value: 
key: 707, value: 
key: 88161, value: 
key: 418098, value: 
key: 178116, value: 
key: 333629, value: 
key: 67908, value: 
key: 393038, value: 
key: 114558, value: 
key: 142755, value: 
key: 37974, value: 
key: 33400, value: 
key: 992132, value: 
key: 144962, value: 
key: 461900, value: 
key: 71860, value: 
key: 2202, value: 
key: 641047, value: 
key: 2707, value: 
key: 589165, value: 
key: 619798, value: 
key: 126920, value: 
key: 133713, value: 
key: 552792, value: 
key: 969815, value: 
key: 85434, value: 
key: 836278, value: 
key: 33778, value: 
key: 769208, value: 
key: 336138, value: 
key: 201838, value: 
key: 2172, value: 
key: 360133, value: 
key: 611329, value: 
key: 16094, value: 
key: 300225, value: 
key: 25487, value: 
key: 1928, value: 
key: 7605, value: 
key: 281867, value: 
key: 725109, value: 
key: 245331, value: 
key: 332437, value: 
key: 627726, value: 
key: 617811, value: 
key: 6565, value: 
key: 235194, value: 
key: 663067, value: 
key: 318040, value: 
key: 992428, value: 
key: 801346, value: 
key: 131722, value: 
key: 297587, value: 
key: 19604, value: 
key: 930156, value: 
key: 80583, value: 
key: 699419, value: 
key: 847285, value: 
key: 236016, value: 
key: 51927, value: 
key: 281742, value: 
key: 451118, value: 
key: 116350, value: 
key: 150811, value: 
key: 128357, value: 
key: 698119, value: 
key: 203821, value: 
key: 157638, value: 
key: 874049, value: 
key: 728456, value: 
key: 591201, value: 
key: 20545, value: 
key: 578914, value: 
key: 744841, value: 
key: 32245, value: 
key: 591076, value: 
key: 125383, value: 
key: 878438, value: 
key: 892658, value: 
key: 569028, value: 
key: 637596, value: 
key: 114033, value: 
key: 376910, value: 
key: 32629, value: 
key: 1014, value: 
key: 316013, value: 
key: 123226, value: 
key: 185059, value: 
key: 424055, value: 
key: 414467, value: 
key: 123473, value: 
key: 626590, value: 
key: 863351, value: 
key: 34944, value: 
key: 16799, value: 
key: 747231, value: 
key: 479086, value: 
key: 559188, value: 
key: 741534, value: 
key: 884583, value: 
key: 774325, value: 
key: 443317, value: 
key: 81733, value: 
key: 233750, value: 
key: 686224, value: 
key: 312592, value: 
key: 58300, value: 
key: 188412, value: 
key: 924775, value: 
key: 38337, value: 
key: 990219, value: 
key: 76636, value: 
key: 618658, value: 
key: 608475, value: 
key: 882020, value: 
key: 150356, value: 
key: 869063, value: 
key: 13679, value: 
key: 10285, value: 
key: 409528, value: 
key: 538, value: 
key: 68039, value: 
key: 317078, value: 
key: 474759, value: 
key: 679783, value: 
key: 376576, value: 
key: 985453, value: 
key: 384108, value: 
key: 30063, value: 
key: 654311, value: 
key: 392417, value: 
key: 107776, value: 
key: 679262, value: 
key: 259613, value: 
key: 157490, value: 
key: 72896, value: 
key: 137229, value: 
key: 18315, value: 
key: 877437, value: 
key: 9845, value: 
key: 40785, value: 
key: 347732, value: 
key: 277819, value: 
key: 369648, value: 
key: 133997, value: 
key: 472191, value: 
key: 173502, value: 
key: 228860, value: 
key: 28033, value: 
key: 757339, value: 
key: 79671, value: 
key: 112842, value: 
key: 918062, value: 
key: 36188, value: 
key: 197580, value: 
key: 241236, value: 
key: 91040, value: 
key: 160982, value: 
key: 623139, value: 
key: 644071, value: 
key: 458782, value: 
key: 20912, value: 
key: 41148, value: 
key: 150772, value: 
key: 6370, value: 
key: 435655, value: 
key: 795719, value: 
key: 664956, value: 
key: 25306, value: 
key: 352367, value: 
key: 998983, value: 
key: 140751, value: 
key: 566249, value: 
key: 73, value: 
key: 436416, value: 
key: 900922, value: 
key: 593151, value: 
key: 473972, value: 
key: 171885, value: 
key: 52669, value: 
key: 56801, value: 
key: 113465, value: 
key: 723631, value: 
key: 179119, value: 
key: 541466, value: 
key: 27506, value: 
key: 912268, value: 
key: 462578, value: 
key: 931395, value: 
key: 516688, value: 
key: 608156, value: 
key: 13583, value: 
key: 530066, value: 
key: 740351, value: 
key: 199522, value: 
key: 788476, value: 
key: 723136, value: 
key: 10397, value: 
key: 996260, value: 
key: 293240, value: 
key: 9171, value: 
key: 422369, value: 
key: 368201, value: 
key: 63054, value: 
key: 737412, value: 
key: 45762, value: 
key: 39620, value: 
key: 974598, value: 
key: 464336, value: 
key: 377643, value: 
key: 793249, value: 
key: 95941, value: 
key: 441443, value: 
key: 951106, value: 
key: 26343, value: 
key: 102481, value: 
key: 876359, value: 
key: 495259, value: 
key: 68664, value: 
key: 462749, value: 
key: 705701, value: 
key: 1377, value: 
key: 8143, value: 
key: 489436, value: 
key: 514431, value: 
key: 638618, value: 
key: 96265, value: 
key: 540405, value: 
key: 38355, value: 
key: 125631, value: 
key: 8736, value: 
key: 6398, value: 
key: 74504, value: 
key: 991540, value: 
key: 339742, value: 
key: 722737, value: 
key: 282709, value: 
key: 12494, value: 
key: 158893, value: 
key: 40912, value: 
key: 516774, value: 
key: 977476, value: 
key: 626868, value: 
key: 61247, value: 
key: 745273, value: 
key: 483342, value: 
key: 215985, value: 
key: 290313, value: 
key: 42554, value: 
key: 736693, value: 
key: 855792, value: 
key: 330561, value: 
key: 359818, value: 
key: 10425, value: 
key: 318453, value: 
key: 140205, value: 
key: 856188, value: 
key: 173216, value: 
key: 980250, value: 
key: 34317, value: 
key: 281920, value: 
key: 664851, value: 
key: 300258, value: 
key: 127244, value: 
key: 15974, value: 
key: 27081, value: 
key: 59972, value: 
key: 13950, value: 
key: 6013, value: 
key: 52395, value: 
key: 30863, value: 
key: 188786, value: 
key: 1849, value: 
key: 19477, value: 
key: 154572, value: 
key: 22505, value: 
key: 443816, value: 
key: 802510, value: 
key: 328212, value: 
key: 517672, value: 
key: 324988, value: 
key: 141567, value: 
key: 15240, value: 
key: 981509, value: 
key: 56292, value: 
key: 314013, value: 
key: 8095, value: 
key: 7045, value: 
key: 42956, value: 
key: 250704, value: 
key: 368904, value: 
key: 488477, value: 
key: 794587, value: 
key: 241232, value: 
key: 6978, value: 
key: 196899, value: 
key: 41607, value: 
key: 638001, value: 
key: 565819, value: 
key: 692911, value: 
key: 883544, value: 
key: 363015, value: 
key: 364856, value: 
key: 269232, value: 
key: 975542, value: 
key: 306801, value: 
key: 424837, value: 
key: 989796, value: 
key: 83432, value: 
key: 637800, value: 
key: 354532, value: 
key: 153300, value: 
key: 252539, value: 
key: 385927, value: 
key: 214818, value: 
key: 797414, value: 
key: 414823, value: 
key: 83906, value: 
key: 246268, value: 
key: 887711, value: 
key: 477028, value: 
key: 371164, value: 
key: 609669, value: 
key: 150718, value: 
key: 663135, value: 
key: 1216, value: 
key: 366786, value: 
key: 301125, value: 
key: 9595, value: 
key: 43050, value: 
key: 76861, value: 
key: 11811, value: 
key: 739265, value: 
key: 166643, value: 
key: 291550, value: 
key: 425872, value: 
key: 464145, value: 
key: 3012, value: 
key: 798240, value: 
key: 673349, value: 
key: 235837, value: 
key: 619886, value: 
key: 567664, value: 
key: 334646, value: 
key: 37992, value: 
key: 122517, value: 
key: 523956, value: 
key: 128906, value: 
key: 441935, value: 
key: 129871, value: 
key: 200105, value: 
key: 411684, value: 
key: 377775, value: 
key: 606396, value: 
key: 228789, value: 
key: 88020, value: 
key: 457574, value: 
key: 843339, value: 
key: 540450, value: 
key: 531661, value: 
key: 999979, value: 
key: 47474, value: 
key: 549055, value: 
key: 330752, value: 
key: 31446, value: 
key: 974925, value: 
key: 170699, value: 
key: 877530, value: 
key: 160201, value: 
key: 727354, value: 
key: 172213, value: 
key: 988568, value: 
key: 545653, value: 
key: 385831, value: 
key: 59734, value: 
key: 5522, value: 
key: 71196, value: 
key: 803274, value: 
key: 145242, value: 
key: 320917, value: 
key: 120230, value: 
key: 935766, value: 
key: 120276, value: 
key: 32115, value: 
key: 71141, value: 
key: 962025, value: 
key: 251435, value: 
key: 725149, value: 
key: 679679, value: 
key: 683652, value: 
key: 534082, value: 
key: 5957, value: 
key: 95178, value: 
key: 777850, value: 
key: 334608, value: 
key: 93242, value: 
key: 393537, value: 
key: 15864, value: 
key: 472858, value: 
key: 39657, value: 
key: 721097, value: 
key: 73806, value: 
key: 278391, value: 
key: 193205, value: 
key: 25089, value: 
key: 492775, value: 
key: 315155, value: 
key: 347686, value: 
key: 3948, value: 
key: 591162, value: 
key: 157852, value: 
key: 15675, value: 
key: 14926, value: 
key: 288941, value: 
key: 342146, value: 
key: 743578, value: 
key: 220226, value: 
key: 397261, value: 
key: 60437, value: 
key: 86132, value: 
key: 213042, value: 
key: 157470, value: 
key: 89863, value: 
key: 880262, value: 
key: 5876, value: 
key: 892346, value: 
key: 187406, value: 
key: 131540, value: 
key: 257790, value: 
key: 81520, value: 
key: 4101, value: 
key: 156794, value: 
key: 466747, value: 
key: 31727, value: 
key: 272863, value: 
key: 91156, value: 
key: 3021, value: 
key: 13567, value: 
key: 422677, value: 
key: 282550, value: 
key: 753100, value: 
key: 4284, value: 
key: 75981, value: 
key: 63595, value: 
key: 826916, value: 
key: 81191, value: 
key: 336802, value: 
key: 298296, value: 
key: 10632, value: 
key: 708739, value: 
key: 185398, value: 
key: 77367, value: 
key: 683674, value: 
key: 395104, value: 
key: 732488, value: 
key: 164074, value: 
key: 153012, value: 
key: 68886, value: 
key: 615152, value: 
key: 63203, value: 
key: 358600, value: 
key: 350956, value: 
key: 328995, value: 
key: 92582, value: 
key: 815235, value: 
key: 462774, value: 
key: 422176, value: 
key: 174, value: 
key: 538710, value: 
key: 502771, value: 
key: 228736, value: 
key: 700144, value: 
key: 996486, value: 
key: 27807, value: 
key: 182469, value: 
key: 27513, value: 
key: 325893, value: 
key: 357360, value: 
key: 124171, value: 
key: 125589, value: 
key: 289522, value: 
key: 325127, value: 
key: 164614, value: 
key: 75228, value: 
key: 704056, value: 
key: 94278, value: 
key: 85757, value: 
key: 410760, value: 
key: 318, value: 
key: 274724, value: 
key: 771445, value: 
key: 38298, value: 
key: 31044, value: 
key: 181460, value: 
key: 192008, value: 
key: 42633, value: 
key: 797782, value: 
key: 62170, value: 
key: 86677, value: 
key: 52470, value: 
key: 186900, value: 
key: 25056, value: 
key: 470357, value: 
key: 96580, value: 
key: 810889, value: 
key: 3377, value: 
key: 437912, value: 
key: 398167, value: 
key: 84015, value: 
key: 62561, value: 
key: 16557, value: 
key: 15721, value: 
key: 75000, value: 
key: 121754, value: 
key: 79617, value: 
key: 435150, value: 
key: 13765, value: 
key: 713261, value: 
key: 81296, value: 
key: 902070, value: 
key: 114932, value: 
key: 598314, value: 
key: 191360, value: 
key: 414306, value: 
key: 48446, value: 
key: 463775, value: 
key: 78681, value: 
key: 549048, value: 
key: 204550, value: 
key: 354187, value: 
key: 43249, value: 
key: 128641, value: 
key: 429197, value: 
key: 746986, value: 
key: 97789, value: 
key: 386816, value: 
key: 897303, value: 
key: 569448, value: 
key: 40060, value: 
key: 76647, value: 
key: 21012, value: 
key: 965684, value: 
key: 53149, value: 
key: 483285, value: 
key: 280794, value: 
key: 927970, value: 
key: 65690, value: 
key: 360616, value: 
key: 558147, value: 
key: 62857, value: 
key: 526425, value: 
key: 170307, value: 
key: 205274, value: 
key: 687519, value: 
key: 347837, value: 
key: 541501, value: 
key: 422998, value: 
key: 822860, value: 
key: 637309, value: 
key: 3548, value: 
key: 133050, value: 
key: 124203, value: 
key: 109204, value: 
key: 364230, value: 
key: 474201, value: 
key: 3054, value: 
key: 3513, value: 
key: 46970, value: 
key: 812829, value: 
key: 69506, value: 
key: 29872, value: 
key: 82059, value: 
key: 745435, value: 
key: 655415, value: 
key: 225153, value: 
key: 218896, value: 
key: 371713, value: 
key: 204974, value: 
key: 948423, value: 
key: 132781, value: 
key: 78067, value: 
key: 652153, value: 
key: 146533, value: 
key: 405243, value: 
key: 271655, value: 
key: 143950, value: 
key: 253509, value: 
key: 806187, value: 
key: 93189, value: 
key: 55721, value: 
key: 37750, value: 
key: 342595, value: 
key: 326940, value: 
key: 127916, value: 
key: 458278, value: 
key: 638795, value: 
key: 815066, value: 
key: 717333, value: 
key: 523576, value: 
key: 69362, value: 
key: 199704, value: 
key: 679453, value: 
key: 13864, value: 
key: 415613, value: 
key: 820462, value: 
key: 92003, value: 
key: 3104, value: 
key: 132109, value: 
key: 177988, value: 
key: 974617, value: 
key: 85319, value: 
key: 944128, value: 
key: 510031, value: 
key: 258854, value: 
key: 83241, value: 
key: 740010, value: 
key: 93015, value: 
key: 38410, value: 
key: 269588, value: 
key: 719937, value: 
key: 148391, value: 
key: 38029, value: 
key: 218241, value: 
key: 939966, value: 
key: 1061, value: 
key: 508434, value: 
key: 5094, value: 
key: 893622, value: 
key: 415011, value: 
key: 896487, value: 
key: 83661, value: 
key: 14814, value: 
key: 245454, value: 
key: 440, value: 
key: 240743, value: 
key: 5812, value: 
key: 2804, value: 
key: 210135, value: 
key: 52193, value: 
key: 1269, value: 
key: 12740, value: 
key: 756703, value: 
key: 33444, value: 
key: 281087, value: 
key: 352976, value: 
key: 745536, value: 
key: 42543, value: 
key: 705790, value: 
key: 376064, value: 
key: 388450, value: 
key: 488, value: 
key: 393733, value: 
key: 85919, value: 
key: 157836, value: 
key: 189945, value: 
key: 929071, value: 
key: 763673, value: 
key: 548656, value: 
key: 5841, value: 
key: 791784, value: 
key: 135083, value: 
key: 50618, value: 
key: 981, value: 
key: 459211, value: 
key: 30375, value: 
key: 28226, value: 
key: 78795, value: 
key: 193944, value: 
key: 48972, value: 
key: 63843, value: 
key: 365965, value: 
key: 612216, value: 
key: 8628, value: 
key: 171595, value: 
key: 5021, value: 
key: 814104, value: 
key: 843342, value: 
key: 153539, value: 
key: 6, value: 
key: 43443, value: 
key: 24015, value: 
key: 862462, value: 
key: 526553, value: 
key: 871040, value: 
key: 987105, value: 
key: 569167, value: 
key: 810089, value: 
key: 192185, value: 
key: 684600, value: 
key: 16678, value: 
key: 862150, value: 
key: 480367, value: 
key: 103374, value: 
key: 581284, value: 
key: 142641, value: 
key: 416229, value: 
key: 139236, value: 
key: 36320, value: 
key: 993573, value: 
key: 617563, value: 
key: 573399, value: 
key: 269313, value: 
key: 404204, value: 
key: 331030, value: 
key: 59864, value: 
key: 449962, value: 
key: 989279, value: 
key: 192497, value: 
key: 725738, value: 
key: 747992, value: 
key: 690775, value: 
key: 129310, value: 
key: 2383, value: 
key: 46952, value: 
key: 142120, value: 
key: 266255, value: 
key: 687649, value: 
key: 111052, value: 
key: 729147, value: 
key: 288901, value: 
key: 377577, value: 
key: 335263, value: 
key: 174888, value: 
key: 924025, value: 
key: 372044, value: 
key: 683432, value: 
key: 25465, value: 
key: 235789, value: 
key: 24022, value: 
key: 525523, value: 
key: 618052, value: 
key: 151551, value: 
key: 633886, value: 
key: 207050, value: 
key: 774697, value: 
key: 710657, value: 
key: 849315, value: 
key: 232094, value: 
key: 129710, value: 
key: 121921, value: 
key: 357326, value: 
key: 245146, value: 
key: 537894, value: 
key: 499512, value: 
key: 542951, value: 
key: 643807, value: 
key: 72476, value: 
key: 186430, value: 
key: 555478, value: 
key: 16009, value: 
key: 72357, value: 
key: 65605, value: 
key: 872007, value: 
key: 126171, value: 
key: 39338, value: 
key: 111133, value: 
key: 27658, value: 
key: 46077, value: 
key: 6008, value: 
key: 306607, value: 
key: 38236, value: 
key: 120580, value: 
key: 784478, value: 
key: 307653, value: 
key: 577445, value: 
key: 2974, value: 
key: 586254, value: 
key: 67230, value: 
key: 413484, value: 
key: 53619, value: 
key: 33338, value: 
key: 31792, value: 
key: 282716, value: 
key: 486127, value: 
key: 39590, value: 
key: 255125, value: 
key: 895712, value: 
key: 374204, value: 
key: 356772, value: 
key: 62642, value: 
key: 118361, value: 
key: 747655, value: 
key: 209074, value: 
key: 163581, value: 
key: 97945, value: 
key: 6080, value: 
key: 56256, value: 
key: 5634, value: 
key: 211947, value: 
key: 461546, value: 
key: 3481, value: 
key: 836285, value: 
key: 501088, value: 
key: 36908, value: 
key: 144825, value: 
key: 470335, value: 
key: 48152, value: 
key: 859581, value: 
key: 147363, value: 
key: 54360, value: 
key: 446459, value: 
key: 965024, value: 
key: 204464, value: 
key: 236290, value: 
key: 2794, value: 
key: 303204, value: 
key: 664738, value: 
key: 78287, value: 
key: 255772, value: 
key: 21919, value: 
key: 958941, value: 
key: 30205, value: 
key: 583462, value: 
key: 209797, value: 
key: 265438, value: 
key: 22879, value: 
key: 325718, value: 
key: 1960, value: 
key: 8435, value: 
key: 707983, value: 
key: 103589, value: 
key: 474865, value: 
key: 155566, value: 
key: 219877, value: 
key: 969213, value: 
key: 929859, value: 
key: 507420, value: 
key: 542892, value: 
key: 493592, value: 
key: 323943, value: 
key: 708870, value: 
key: 647597, value: 
key: 197018, value: 
key: 968041, value: 
key: 167349, value: 
key: 529754, value: 
key: 698342, value: 
key: 425472, value: 
key: 235480, value: 
key: 499062, value: 
key: 882107, value: 
key: 47847, value: 
key: 100911, value: 
key: 99789, value: 
key: 562104, value: 
key: 328652, value: 
key: 329820, value: 
key: 874595, value: 
key: 40543, value: 
key: 691299, value: 
key: 691473, value: 
key: 705912, value: 
key: 11705, value: 
key: 491172, value: 
key: 364474, value: 
key: 27733, value: 
key: 246495, value: 
key: 33789, value: 
key: 648730, value: 
key: 97668, value: 
key: 947099, value: 
key: 143592, value: 
key: 111366, value: 
key: 92704, value: 
key: 992044, value: 
key: 270203, value: 
key: 398017, value: 
key: 901783, value: 
key: 458021, value: 
key: 350, value: 
key: 440486, value: 
key: 14872, value: 
key: 290182, value: 
key: 848288, value: 
key: 736781, value: 
key: 792365, value: 
key: 109626, value: 
key: 537663, value: 
key: 69621, value: 
key: 630298, value: 
key: 260868, value: 
key: 530710, value: 
key: 14597, value: 
key: 149651, value: 
key: 670409, value: 
key: 678375, value: 
key: 260811, value: 
key: 115065, value: 
key: 197319, value: 
key: 7218, value: 
key: 97813, value: 
key: 162539, value: 
key: 379676, value: 
key: 186049, value: 
key: 42963, value: 
key: 19925, value: 
key: 80707, value: 
key: 58566, value: 
key: 88231, value: 
key: 691417, value: 
key: 46844, value: 
key: 642468, value: 
key: 342173, value: 
key: 879301, value: 
key: 23319, value: 
key: 818173, value: 
key: 496207, value: 
key: 333526, value: 
key: 567709, value: 
key: 598057, value: 
key: 289528, value: 
key: 124832, value: 
key: 20077, value: 
key: 346650, value: 
key: 559830, value: 
key: 121785, value: 
key: 808323, value: 
key: 623225, value: 
key: 374011, value: 
key: 16168, value: 
key: 555395, value: 
key: 207135, value: 
key: 619833, value: 
key: 762841, value: 
key: 232683, value: 
key: 450324, value: 
key: 554778, value: 
key: 488835, value: 
key: 397607, value: 
key: 84099, value: 
key: 11150, value: 
key: 968229, value: 
key: 367161, value: 
key: 180816, value: 
key: 346870, value: 
key: 823445, value: 
key: 973193, value: 
key: 685605, value: 
key: 21944, value: 
key: 93774, value: 
key: 163767, value: 
key: 364274, value: 
key: 450650, value: 
key: 586711, value: 
key: 6552, value: 
key: 406909, value: 
key: 514853, value: 
key: 299444, value: 
key: 883506, value: 
key: 71671, value: 
key: 392208, value: 
key: 838661, value: 
key: 898054, value: 
key: 77574, value: 
key: 109721, value: 
key: 733883, value: 
key: 122236, value: 
key: 517546, value: 
key: 31176, value: 
key: 653776, value: 
key: 33822, value: 
key: 424073, value: 
key: 58269, value: 
key: 104476, value: 
key: 990990, value: 
key: 284066, value: 
key: 12184, value: 
key: 405612, value: 
key: 450553, value: 
key: 682093, value: 
key: 390093, value: 
key: 152655, value: 
key: 39176, value: 
key: 449726, value: 
key: 202273, value: 
key: 4479, value: 
key: 278359, value: 
key: 564155, value: 
key: 2929, value: 
key: 744139, value: 
key: 379694, value: 
key: 931016, value: 
key: 875590, value: 
key: 23784, value: 
key: 479040, value: 
key: 203014, value: 
key: 717234, value: 
key: 25311, value: 
key: 353966, value: 
key: 483346, value: 
key: 699695, value: 
key: 12645, value: 
key: 488323, value: 
key: 245564, value: 
key: 211255, value: 
key: 431880, value: 
key: 621887, value: 
key: 829593, value: 
key: 432810, value: 
key: 247669, value: 
key: 976338, value: 
key: 116813, value: 
key: 331366, value: 
key: 22628, value: 
key: 618209, value: 
key: 106342, value: 
key: 523165, value: 
key: 70441, value: 
key: 399614, value: 
key: 195740, value: 
key: 101916, value: 
key: 153791, value: 
key: 614029, value: 
key: 419473, value: 
key: 735069, value: 
key: 32050, value: 
key: 490766, value: 
key: 374886, value: 
key: 1195, value: 
key: 25870, value: 
key: 420219, value: 
key: 394699, value: 
key: 409476, value: 
key: 12636, value: 
key: 261344, value: 
key: 3371, value: 
key: 324944, value: 
key: 505547, value: 
key: 39004, value: 
key: 22567, value: 
key: 784302, value: 
key: 783910, value: 
key: 580085, value: 
key: 845751, value: 
key: 860758, value: 
key: 324250, value: 
key: 610889, value: 
key: 550491, value: 
key: 192226, value: 
key: 341370, value: 
key: 748850, value: 
key: 232241, value: 
key: 364896, value: 
key: 765507, value: 
key: 102535, value: 
key: 198084, value: 
key: 781, value: 
key: 419705, value: 
key: 709811, value: 
key: 244569, value: 
key: 464015, value: 
key: 29902, value: 
key: 471521, value: 
key: 408691, value: 
key: 332897, value: 
key: 404615, value: 
key: 572312, value: 
key: 43681, value: 
key: 34522, value: 
key: 1469, value: 
key: 83687, value: 
key: 13868, value: 
key: 638874, value: 
key: 149363, value: 
key: 184432, value: 
key: 55411, value: 
key: 1681, value: 
key: 282433, value: 
key: 198017, value: 
key: 221483, value: 
key: 850807, value: 
key: 878016, value: 
key: 848871, value: 
key: 807164, value: 
key: 123402, value: 
key: 84156, value: 
key: 28985, value: 
key: 10544, value: 
key: 21982, value: 
key: 333786, value: 
key: 69555, value: 
key: 21470, value: 
key: 124153, value: 
key: 448330, value: 
key: 709727, value: 
key: 994455, value: 
key: 710945, value: 
key: 383848, value: 
key: 20255, value: 
key: 351313, value: 
key: 2558, value: 
key: 38025, value: 
key: 82000, value: 
key: 4657, value: 
key: 648723, value: 
key: 383880, value: 
key: 1795, value: 
key: 197168, value: 
key: 285344, value: 
key: 361808, value: 
key: 259, value: 
key: 402286, value: 
key: 989897, value: 
key: 295257, value: 
key: 328379, value: 
key: 418029, value: 
key: 864471, value: 
key: 974996, value: 
key: 23250, value: 
key: 186535, value: 
key: 13378, value: 
key: 296393, value: 
key: 488600, value: 
key: 637767, value: 
key: 91145, value: 
key: 597090, value: 
key: 405111, value: 
key: 637, value: 
key: 23669, value: 
key: 2615, value: 
key: 679642, value: 
key: 7672, value: 
key: 57899, value: 
key: 94072, value: 
key: 35758, value: 
key: 222790, value: 
key: 11242, value: 
key: 991223, value: 
key: 404932, value: 
key: 790813, value: 
key: 408066, value: 
key: 977292, value: 
key: 63038, value: 
key: 837640, value: 
key: 25711, value: 
key: 142544, value: 
key: 23205, value: 
key: 541358, value: 
key: 94379, value: 
key: 4884, value: 
key: 630205, value: 
key: 377993, value: 
key: 4208, value: 
key: 254483, value: 
key: 105653, value: 
key: 761734, value: 
key: 570303, value: 
key: 95248, value: 
key: 17765, value: 
key: 270508, value: 
key: 742782, value: 
key: 239327, value: 
key: 40833, value: 
key: 403045, value: 
key: 593111, value: 
key: 365909, value: 
key: 715593, value: 
key: 35853, value: 
key: 56751, value: 
key: 325862, value: 
key: 470744, value: 
key: 859509, value: 
key: 925282, value: 
key: 498140, value: 
key: 137386, value: 
key: 78959, value: 
key: 824473, value: 
key: 18348, value: 
key: 166137, value: 
key: 547714, value: 
key: 301369, value: 
key: 121907, value: 
key: 843324, value: 
key: 46, value: 
key: 825528, value: 
key: 1058, value: 
key: 511238, value: 
key: 150668, value: 
key: 43742, value: 
key: 992017, value: 
key: 612731, value: 
key: 417093, value: 
key: 428907, value: 
key: 708706, value: 
key: 105989, value: 
key: 742227, value: 
key: 489188, value: 
key: 547114, value: 
key: 25364, value: 
key: 254946, value: 
key: 962100, value: 
key: 26839, value: 
key: 52953, value: 
key: 484587, value: 
key: 100562, value: 
key: 334967, value: 
key: 532176, value: 
key: 1702, value: 
key: 332109, value: 
key: 143626, value: 
key: 98214, value: 
key: 864998, value: 
key: 512905, value: 
key: 780522, value: 
key: 713265, value: 
key: 6143, value: 
key: 18498, value: 
key: 859323, value: 
key: 747901, value: 
key: 274429, value: 
key: 192, value: 
key: 727046, value: 
key: 800815, value: 
key: 579791, value: 
key: 89047, value: 
key: 105086, value: 
key: 399728, value: 
key: 968586, value: 
key: 116886, value: 
key: 622523, value: 
key: 286059, value: 
key: 714655, value: 
key: 174473, value: 
key: 365873, value: 
key: 537175, value: 
key: 785, value: 
key: 231527, value: 
key: 694492, value: 
key: 422086, value: 
key: 10524, value: 
key: 589439, value: 
key: 703426, value: 
key: 110068, value: 
key: 669645, value: 
key: 503325, value: 
key: 672434, value: 
key: 419468, value: 
key: 440871, value: 
key: 209425, value: 
key: 497431, value: 
key: 496012, value: 
key: 650681, value: 
key: 72270, value: 
key: 153007, value: 
key: 419899, value: 
key: 59866, value: 
key: 56146, value: 
key: 290603, value: 
key: 2730, value: 
key: 226552, value: 
key: 170420, value: 
key: 791007, value: 
key: 253422, value: 
key: 22525, value: 
key: 539135, value: 
key: 455275, value: 
key: 45285, value: 
key: 262369, value: 
key: 31635, value: 
key: 148760, value: 
key: 224848, value: 
key: 25489, value: 
key: 301602, value: 
key: 746841, value: 
key: 565428, value: 
key: 942935, value: 
key: 966010, value: 
key: 739234, value: 
key: 28981, value: 
key: 25612, value: 
key: 251941, value: 
key: 80406, value: 
key: 436793, value: 
key: 14263, value: 
key: 7300, value: 
key: 547154, value: 
key: 379122, value: 
key: 158361, value: 
key: 130013, value: 
key: 156387, value: 
key: 596152, value: 
key: 742555, value: 
key: 196, value: 
key: 147659, value: 
key: 677, value: 
key: 678795, value: 
key: 222004, value: 
key: 694036, value: 
key: 890931, value: 
key: 273169, value: 
key: 164195, value: 
key: 194170, value: 
key: 750194, value: 
key: 174516, value: 
key: 799739, value: 
key: 372394, value: 
key: 664893, value: 
key: 261557, value: 
key: 17350, value: 
key: 793823, value: 
key: 59187, value: 
key: 393586, value: 
key: 40903, value: 
key: 692135, value: 
key: 812155, value: 
key: 108346, value: 
key: 798361, value: 
key: 620655, value: 
key: 435822, value: 
key: 298515, value: 
key: 35222, value: 
key: 339519, value: 
key: 471660, value: 
key: 948999, value: 
key: 33, value: 
key: 579669, value: 
key: 6109, value: 
key: 869308, value: 
key: 699802, value: 
key: 926265, value: 
key: 3326, value: 
key: 471118, value: 
key: 24088, value: 
key: 585062, value: 
key: 184788, value: 
key: 866064, value: 
key: 478032, value: 
key: 91301, value: 
key: 535629, value: 
key: 803029, value: 
key: 498012, value: 
key: 57826, value: 
key: 733173, value: 
key: 14779, value: 
key: 207104, value: 
key: 254106, value: 
key: 3494, value: 
key: 47083, value: 
key: 43081, value: 
key: 551414, value: 
key: 86859, value: 
key: 893833, value: 
key: 288554, value: 
key: 331902, value: 
key: 14098, value: 
key: 30818, value: 
key: 543765, value: 
key: 19240, value: 
key: 808543, value: 
key: 137078, value: 
key: 814728, value: 
key: 226600, value: 
key: 177362, value: 
key: 449580, value: 
key: 582766, value: 
key: 46435, value: 
key: 486453, value: 
key: 3155, value: 
key: 850843, value: 
key: 433866, value: 
key: 2110, value: 
key: 122193, value: 
key: 86288, value: 
key: 237529, value: 
key: 509756, value: 
key: 203265, value: 
key: 10768, value: 
key: 70207, value: 
key: 148713, value: 
key: 238458, value: 
key: 44653, value: 
key: 60509, value: 
key: 846, value: 
key: 941415, value: 
key: 4721, value: 
key: 153757, value: 
key: 94272, value: 
key: 27957, value: 
key: 6697, value: 
key: 91918, value: 
key: 750929, value: 
key: 628671, value: 
key: 352240, value: 
key: 953032, value: 
key: 426082, value: 
key: 26671, value: 
key: 353599, value: 
key: 195803, value: 
key: 313773, value: 
key: 60068, value: 
key: 101934, value: 
key: 238191, value: 
key: 51675, value: 
key: 974567, value: 
key: 22303, value: 
key: 1885, value: 
key: 295604, value: 
key: 155010, value: 
key: 836962, value: 
key: 976509, value: 
key: 800750, value: 
key: 138686, value: 
key: 608970, value: 
key: 59637, value: 
key: 983006, value: 
key: 8310, value: 
key: 137816, value: 
key: 158589, value: 
key: 751377, value: 
key: 92939, value: 
key: 507123, value: 
key: 23041, value: 
key: 298939, value: 
key: 327828, value: 
key: 877004, value: 
key: 997704, value: 
key: 806352, value: 
key: 703611, value: 
key: 132189, value: 
key: 429270, value: 
key: 16418, value: 
key: 143284, value: 
key: 808466, value: 
key: 650652, value: 
key: 162650, value: 
key: 344784, value: 
key: 212355, value: 
key: 92465, value: 
key: 322492, value: 
key: 306085, value: 
key: 291998, value: 
key: 761332, value: 
key: 73910, value: 
key: 125891, value: 
key: 86231, value: 
key: 37033, value: 
key: 28273, value: 
key: 912893, value: 
key: 923118, value: 
key: 575825, value: 
key: 583392, value: 
key: 115609, value: 
key: 2318, value: 
key: 922560, value: 
key: 33868, value: 
key: 233563, value: 
key: 846365, value: 
key: 765330, value: 
key: 930509, value: 
key: 27377, value: 
key: 26785, value: 
key: 859026, value: 
key: 3960, value: 
key: 450698, value: 
key: 86406, value: 
key: 272670, value: 
key: 27557, value: 
key: 771131, value: 
key: 56209, value: 
key: 622378, value: 
key: 732565, value: 
key: 207412, value: 
key: 461656, value: 
key: 89728, value: 
key: 323839, value: 
key: 525730, value: 
key: 722656, value: 
key: 877358, value: 
key: 348100, value: 
key: 686084, value: 
key: 4756, value: 
key: 262699, value: 
key: 262806, value: 
key: 38032, value: 
key: 35, value: 
key: 6217, value: 
key: 695006, value: 
key: 918831, value: 
key: 741835, value: 
key: 245485, value: 
key: 508980, value: 
key: 116673, value: 
key: 507624, value: 
key: 335212, value: 
key: 938859, value: 
key: 383543, value: 
key: 137094, value: 
key: 72225, value: 
key: 432414, value: 
key: 5258, value: 
key: 156024, value: 
key: 51350, value: 
key: 110897, value: 
key: 898074, value: 
key: 536738, value: 
key: 15163, value: 
key: 309219, value: 
key: 737212, value: 
key: 338987, value: 
key: 468912, value: 
key: 13660, value: 
key: 466017, value: 
key: 93783, value: 
key: 233734, value: 
key: 62352, value: 
key: 574499, value: 
key: 51697, value: 
key: 999317, value: 
key: 143596, value: 
key: 828983, value: 
key: 930431, value: 
key: 3302, value: 
key: 89470, value: 
key: 648545, value: 
key: 926979, value: 
key: 244664, value: 
key: 456298, value: 
key: 946070, value: 
key: 30519, value: 
key: 75800, value: 
key: 239495, value: 
key: 80053, value: 
key: 774932, value: 
key: 625098, value: 
key: 749886, value: 
key: 567763, value: 
key: 47416, value: 
key: 76748, value: 
key: 737638, value: 
key: 21449, value: 
key: 623894, value: 
key: 68916, value: 
key: 183772, value: 
key: 511517, value: 
key: 85878, value: 
key: 44206, value: 
key: 66165, value: 
key: 347114, value: 
key: 553124, value: 
key: 782115, value: 
key: 21643, value: 
key: 151074, value: 
key: 983912, value: 
key: 301651, value: 
key: 33370, value: 
key: 115210, value: 
key: 34081, value: 
key: 486358, value: 
key: 62035, value: 
key: 618041, value: 
key: 218863, value: 
key: 732875, value: 
key: 27290, value: 
key: 7865, value: 
key: 86693, value: 
key: 442840, value: 
key: 109864, value: 
key: 582595, value: 
key: 253868, value: 
key: 124351, value: 
key: 19, value: 
key: 187156, value: 
key: 712, value: 
key: 663359, value: 
key: 279587, value: 
key: 298454, value: 
key: 60738, value: 
key: 450203, value: 
key: 637806, value: 
key: 127620, value: 
key: 139188, value: 
key: 344995, value: 
key: 6507, value: 
key: 7539, value: 
key: 778433, value: 
key: 696144, value: 
key: 886534, value: 
key: 233369, value: 
key: 242282, value: 
key: 397465, value: 
key: 797160, value: 
key: 220165, value: 
key: 803326, value: 
key: 94959, value: 
key: 63728, value: 
key: 113942, value: 
key: 779616, value: 
key: 39826, value: 
key: 162056, value: 
key: 30058, value: 
key: 153009, value: 
key: 897196, value: 
key: 569301, value: 
key: 469917, value: 
key: 390060, value: 
key: 775760, value: 
key: 345279, value: 
key: 548203, value: 
key: 922515, value: 
key: 414124, value: 
key: 201753, value: 
key: 264471, value: 
key: 567338, value: 
key: 204877, value: 
key: 27319, value: 
key: 340375, value: 
key: 375324, value: 
key: 715742, value: 
key: 939885, value: 
key: 515304, value: 
key: 4574, value: 
key: 926490, value: 
key: 2084, value: 
key: 231413, value: 
key: 905136, value: 
key: 64028, value: 
key: 79695, value: 
key: 84, value: 
key: 888666, value: 
key: 256447, value: 
key: 82259, value: 
key: 167435, value: 
key: 33439, value: 
key: 26079, value: 
key: 71154, value: 
key: 595021, value: 
key: 629654, value: 
key: 111311, value: 
key: 876283, value: 
key: 135814, value: 
key: 199320, value: 
key: 149844, value: 
key: 665111, value: 
key: 320373, value: 
key: 5830, value: 
key: 878331, value: 
key: 816939, value: 
key: 144010, value: 
key: 770516, value: 
key: 527486, value: 
key: 300212, value: 
key: 383165, value: 
key: 984522, value: 
key: 259794, value: 
key: 146890, value: 
key: 197494, value: 
key: 939753, value: 
key: 227568, value: 
key: 607951, value: 
key: 326788, value: 
key: 44143, value: 
key: 49849, value: 
key: 476447, value: 
key: 310246, value: 
key: 188014, value: 
key: 247319, value: 
key: 940438, value: 
key: 533032, value: 
key: 143211, value: 
key: 1027, value: 
key: 244613, value: 
key: 887221, value: 
key: 188102, value: 
key: 67142, value: 
key: 385370, value: 
key: 289102, value: 
key: 512530, value: 
key: 210072, value: 
key: 9915, value: 
key: 23317, value: 
key: 613963, value: 
key: 1092, value: 
key: 15538, value: 
key: 261188, value: 
key: 425618, value: 
key: 43564, value: 
key: 173414, value: 
key: 824996, value: 
key: 26208, value: 
key: 56623, value: 
key: 147716, value: 
key: 40426, value: 
key: 157405, value: 
key: 199759, value: 
key: 570468, value: 
key: 223474, value: 
key: 413316, value: 
key: 823450, value: 
key: 21366, value: 
key: 957227, value: 
key: 12490, value: 
key: 439657, value: 
key: 113892, value: 
key: 3809, value: 
key: 426697, value: 
key: 197867, value: 
key: 579478, value: 
key: 819781, value: 
key: 3052, value: 
key: 517290, value: 
key: 432427, value: 
key: 571674, value: 
key: 328094, value: 
key: 252809, value: 
key: 522773, value: 
key: 539760, value: 
key: 419989, value: 
key: 117766, value: 
key: 2002, value: 
key: 308748, value: 
key: 56526, value: 
key: 42011, value: 
key: 741372, value: 
key: 66552, value: 
key: 105031, value: 
key: 781028, value: 
key: 3537, value: 
key: 55826, value: 
key: 393311, value: 
key: 338833, value: 
key: 170321, value: 
key: 42893, value: 
key: 9504, value: 
key: 16227, value: 
key: 33561, value: 
key: 11378, value: 
key: 204347, value: 
key: 561927, value: 
key: 39431, value: 
key: 30586, value: 
key: 634407, value: 
key: 2336, value: 
key: 162391, value: 
key: 897321, value: 
key: 186294, value: 
key: 156749, value: 
key: 210458, value: 
key: 171131, value: 
key: 227155, value: 
key: 409120, value: 
key: 80893, value: 
key: 485258, value: 
key: 993106, value: 
key: 276108, value: 
key: 765899, value: 
key: 244994, value: 
key: 189851, value: 
key: 177546, value: 
key: 470641, value: 
key: 2800, value: 
key: 318668, value: 
key: 1487, value: 
key: 7665, value: 
key: 147967, value: 
key: 503264, value: 
key: 13752, value: 
key: 2608, value: 
key: 669984, value: 
key: 828303, value: 
key: 94993, value: 
key: 12797, value: 
key: 555436, value: 
key: 720713, value: 
key: 591414, value: 
key: 830915, value: 
key: 565426, value: 
key: 669054, value: 
key: 746614, value: 
key: 683849, value: 
key: 399050, value: 
key: 169891, value: 
key: 95280, value: 
key: 294584, value: 
key: 100762, value: 
key: 348454, value: 
key: 433619, value: 
key: 315979, value: 
key: 121826, value: 
key: 555566, value: 
key: 436704, value: 
key: 124467, value: 
key: 973241, value: 
key: 676982, value: 
key: 490403, value: 
key: 396161, value: 
key: 974062, value: 
key: 12203, value: 
key: 1120, value: 
key: 339179, value: 
key: 768526, value: 
key: 54634, value: 
key: 292407, value: 
key: 26178, value: 
key: 212645, value: 
key: 121925, value: 
key: 202307, value: 
key: 604066, value: 
key: 11204, value: 
key: 891525, value: 
key: 295017, value: 
key: 446949, value: 
key: 693376, value: 
key: 654351, value: 
key: 249711, value: 
key: 6473, value: 
key: 645951, value: 
key: 271695, value: 
key: 204873, value: 
key: 24013, value: 
key: 47975, value: 
key: 919290, value: 
key: 70841, value: 
key: 786968, value: 
key: 731898, value: 
key: 956813, value: 
key: 385181, value: 
key: 17154, value: 
key: 694681, value: 
key: 360771, value: 
key: 125723, value: 
key: 846242, value: 
key: 333832, value: 
key: 592556, value: 
key: 803652, value: 
key: 481063, value: 
key: 507, value: 
key: 408327, value: 
key: 791719, value: 
key: 57147, value: 
key: 309279, value: 
key: 886501, value: 
key: 262581, value: 
key: 899576, value: 
key: 134651, value: 
key: 612630, value: 
key: 688, value: 
key: 28967, value: 
key: 587923, value: 
key: 307257, value: 
key: 771508, value: 
key: 622147, value: 
key: 40491, value: 
key: 138826, value: 
key: 581446, value: 
key: 729437, value: 
key: 558976, value: 
key: 105514, value: 
key: 376970, value: 
key: 201773, value: 
key: 373067, value: 
key: 67968, value: 
key: 9942, value: 
key: 178332, value: 
key: 4565, value: 
key: 117223, value: 
key: 812977, value: 
key: 1719, value: 
key: 565943, value: 
key: 593849, value: 
key: 587990, value: 
key: 865423, value: 
key: 58254, value: 
key: 92267, value: 
key: 491239, value: 
key: 674366, value: 
key: 370594, value: 
key: 837516, value: 
key: 493354, value: 
key: 39437, value: 
key: 202662, value: 
key: 370208, value: 
key: 482004, value: 
key: 13503, value: 
key: 933537, value: 
key: 350165, value: 
key: 9995, value: 
key: 176, value: 
key: 608392, value: 
key: 887764, value: 
key: 879075, value: 
key: 29313, value: 
key: 384348, value: 
key: 3843, value: 
key: 60228, value: 
key: 23490, value: 
key: 991137, value: 
key: 3102, value: 
key: 122142, value: 
key: 104654, value: 
key: 265524, value: 
key: 7289, value: 
key: 524081, value: 
key: 608037, value: 
key: 794246, value: 
key: 544014, value: 
key: 516253, value: 
key: 841540, value: 
key: 51150, value: 
key: 583129, value: 
key: 481306, value: 
key: 100030, value: 
key: 357797, value: 
key: 24336, value: 
key: 724254, value: 
key: 239275, value: 
key: 42848, value: 
key: 222794, value: 
key: 108360, value: 
key: 73989, value: 
key: 361839, value: 
key: 79846, value: 
key: 255383, value: 
key: 224640, value: 
key: 133166, value: 
key: 60042, value: 
key: 70191, value: 
key: 138602, value: 
key: 799757, value: 
key: 500599, value: 
key: 617079, value: 
key: 91693, value: 
key: 510897, value: 
key: 88783, value: 
key: 349912, value: 
key: 534817, value: 
key: 545882, value: 
key: 491576, value: 
key: 25997, value: 
key: 400167, value: 
key: 339566, value: 
key: 826763, value: 
key: 855091, value: 
key: 693424, value: 
key: 51468, value: 
key: 715421, value: 
key: 146627, value: 
key: 94283, value: 
key: 513650, value: 
key: 616647, value: 
key: 881669, value: 
key: 952325, value: 
key: 192174, value: 
key: 15114, value: 
key: 389134, value: 
key: 557777, value: 
key: 763558, value: 
key: 1429, value: 
key: 586861, value: 
key: 3157, value: 
key: 19608, value: 
key: 740139, value: 
key: 957089, value: 
key: 41830, value: 
key: 196701, value: 
key: 491873, value: 
key: 9742, value: 
key: 425504, value: 
key: 570141, value: 
key: 56241, value: 
key: 34179, value: 
key: 486145, value: 
key: 191957, value: 
key: 998226, value: 
key: 41027, value: 
key: 998941, value: 
key: 871639, value: 
key: 149259, value: 
key: 432483, value: 
key: 85913, value: 
key: 47559, value: 
key: 760166, value: 
key: 798055, value: 
key: 546010, value: 
key: 329138, value: 
key: 533845, value: 
key: 227115, value: 
key: 848985, value: 
key: 683676, value: 
key: 970242, value: 
key: 727486, value: 
key: 5108, value: 
key: 787, value: 
key: 86, value: 
key: 982492, value: 
key: 345646, value: 
key: 176860, value: 
key: 776657, value: 
key: 49391, value: 
key: 437181, value: 
key: 710811, value: 
key: 910185, value: 
key: 659534, value: 
key: 644479, value: 
key: 66866, value: 
key: 28716, value: 
key: 254902, value: 
key: 22211, value: 
key: 95127, value: 
key: 718972, value: 
key: 242516, value: 
key: 433246, value: 
key: 329745, value: 
key: 320791, value: 
key: 12917, value: 
key: 185374, value: 
key: 47704, value: 
key: 528759, value: 
key: 362706, value: 
key: 67690, value: 
key: 349659, value: 
key: 922229, value: 
key: 9427, value: 
key: 117216, value: 
key: 290850, value: 
key: 313803, value: 
key: 15455, value: 
key: 832098, value: 
key: 939359, value: 
key: 32377, value: 
key: 418704, value: 
key: 191599, value: 
key: 13848, value: 
key: 248552, value: 
key: 422, value: 
key: 177081, value: 
key: 739043, value: 
key: 467498, value: 
key: 559441, value: 
key: 63357, value: 
key: 661155, value: 
key: 713425, value: 
key: 2893, value: 
key: 48769, value: 
key: 296940, value: 
key: 31732, value: 
key: 393241, value: 
key: 43225, value: 
key: 385, value: 
key: 667588, value: 
key: 193672, value: 
key: 585187, value: 
key: 439192, value: 
key: 514389, value: 
key: 94209, value: 
key: 415293, value: 
key: 368364, value: 
key: 19330, value: 
key: 724403, value: 
key: 604585, value: 
key: 959982, value: 
key: 827760, value: 
key: 631538, value: 
key: 6167, value: 
key: 263027, value: 
key: 81883, value: 
key: 326331, value: 
key: 986225, value: 
key: 418108, value: 
key: 634566, value: 
key: 238094, value: 
key: 401005, value: 
key: 352196, value: 
key: 28996, value: 
key: 513733, value: 
key: 301422, value: 
key: 407157, value: 
key: 166575, value: 
key: 802055, value: 
key: 454553, value: 
key: 189512, value: 
key: 103134, value: 
key: 763811, value: 
key: 2561, value: 
key: 901161, value: 
key: 632850, value: 
key: 669216, value: 
key: 293453, value: 
key: 61276, value: 
key: 252610, value: 
key: 122285, value: 
key: 236478, value: 
key: 269548, value: 
key: 139317, value: 
key: 60426, value: 
key: 76276, value: 
key: 191476, value: 
key: 44099, value: 
key: 39992, value: 
key: 477488, value: 
key: 894793, value: 
key: 119821, value: 
key: 3720, value: 
key: 203416, value: 
key: 4901, value: 
key: 12012, value: 
key: 287740, value: 
key: 17224, value: 
key: 661326, value: 
key: 4336, value: 
key: 4145, value: 
key: 545336, value: 
key: 688352, value: 
key: 183941, value: 
key: 584234, value: 
key: 593126, value: 
key: 955375, value: 
key: 11873, value: 
key: 725501, value: 
key: 22202, value: 
key: 877448, value: 
key: 566227, value: 
key: 663256, value: 
key: 136576, value: 
key: 105439, value: 
key: 503613, value: 
key: 134778, value: 
key: 9645, value: 
key: 212957, value: 
key: 645689, value: 
key: 676065, value: 
key: 757326, value: 
key: 457709, value: 
key: 29296, value: 
key: 9425, value: 
key: 24765, value: 
key: 713827, value: 
key: 777793, value: 
key: 830728, value: 
key: 646961, value: 
key: 261047, value: 
key: 869322, value: 
key: 30333, value: 
key: 20817, value: 
key: 550194, value: 
key: 827971, value: 
key: 104465, value: 
key: 532114, value: 
key: 112211, value: 
key: 380029, value: 
key: 865416, value: 
key: 95435, value: 
key: 177160, value: 
key: 626277, value: 
key: 244552, value: 
key: 116598, value: 
key: 59165, value: 
key: 167824, value: 
key: 402138, value: 
key: 150606, value: 
key: 79390, value: 
key: 99721, value: 
key: 767451, value: 
key: 166775, value: 
key: 11187, value: 
key: 366571, value: 
key: 66857, value: 
key: 50465, value: 
key: 140353, value: 
key: 161781, value: 
key: 615769, value: 
key: 851983, value: 
key: 129729, value: 
key: 1425, value: 
key: 395670, value: 
key: 453659, value: 
key: 72827, value: 
key: 416670, value: 
key: 34782, value: 
key: 22521, value: 
key: 692715, value: 
key: 967147, value: 
key: 280, value: 
key: 431495, value: 
key: 102757, value: 
key: 798758, value: 
key: 78672, value: 
key: 236687, value: 
key: 894227, value: 
key: 453918, value: 
key: 11398, value: 
key: 504474, value: 
key: 588931, value: 
key: 198257, value: 
key: 8066, value: 
key: 771489, value: 
key: 758, value: 
key: 283214, value: 
key: 69872, value: 
key: 391195, value: 
key: 502061, value: 
key: 805874, value: 
key: 30979, value: 
key: 105161, value: 
key: 905, value: 
key: 143082, value: 
key: 893215, value: 
key: 4004, value: 
key: 82130, value: 
key: 30461, value: 
key: 549846, value: 
key: 471611, value: 
key: 33349, value: 
key: 867470, value: 
key: 49258, value: 
key: 673431, value: 
key: 528153, value: 
key: 94391, value: 
key: 22622, value: 
key: 244389, value: 
key: 7799, value: 
key: 559397, value: 
key: 47803, value: 
key: 250337, value: 
key: 431246, value: 
key: 436065, value: 
key: 26976, value: 
key: 243872, value: 
key: 106302, value: 
key: 899514, value: 
key: 962599, value: 
key: 14636, value: 
key: 19745, value: 
key: 504823, value: 
key: 282275, value: 
key: 38414, value: 
key: 593452, value: 
key: 173672, value: 
key: 35440, value: 
key: 93167, value: 
key: 111405, value: 
key: 11, value: 
key: 667586, value: 
key: 849085, value: 
key: 336561, value: 
key: 167723, value: 
key: 726092, value: 
key: 222741, value: 
key: 598754, value: 
key: 536534, value: 
key: 92841, value: 
key: 147095, value: 
key: 356356, value: 
key: 157173, value: 
key: 669748, value: 
key: 271327, value: 
key: 9465, value: 
key: 432942, value: 
key: 143792, value: 
key: 963417, value: 
key: 879680, value: 
key: 26808, value: 
key: 170, value: 
key: 62077, value: 
key: 118570, value: 
key: 703297, value: 
key: 294711, value: 
key: 466400, value: 
key: 47210, value: 
key: 404934, value: 
key: 556, value: 
key: 83971, value: 
key: 29083, value: 
key: 385253, value: 
key: 516341, value: 
key: 10887, value: 
key: 101145, value: 
key: 183000, value: 
key: 338107, value: 
key: 290229, value: 
key: 931926, value: 
key: 31437, value: 
key: 682615, value: 
key: 101035, value: 
key: 785442, value: 
key: 140526, value: 
key: 507228, value: 
key: 142968, value: 
key: 236867, value: 
key: 292009, value: 
key: 788461, value: 
key: 509204, value: 
key: 802976, value: 
key: 204602, value: 
key: 2907, value: 
key: 524122, value: 
key: 297383, value: 
key: 301194, value: 
key: 73347, value: 
key: 486099, value: 
key: 653888, value: 
key: 140652, value: 
key: 552231, value: 
key: 481056, value: 
key: 253051, value: 
key: 653851, value: 
key: 408051, value: 
key: 95556, value: 
key: 121886, value: 
key: 124478, value: 
key: 537713, value: 
key: 131317, value: 
key: 991629, value: 
key: 964629, value: 
key: 465139, value: 
key: 650223, value: 
key: 732567, value: 
key: 156592, value: 
key: 424158, value: 
key: 510530, value: 
key: 338013, value: 
key: 38535, value: 
key: 201988, value: 
key: 461100, value: 
key: 800833, value: 
key: 642697, value: 
key: 887373, value: 
key: 1652, value: 
key: 710071, value: 
key: 84482, value: 
key: 278120, value: 
key: 165462, value: 
key: 547868, value: 
key: 428666, value: 
key: 414502, value: 
key: 319159, value: 
key: 352260, value: 
key: 686282, value: 
key: 554969, value: 
key: 180904, value: 
key: 76942, value: 
key: 307581, value: 
key: 745202, value: 
key: 974918, value: 
key: 308793, value: 
key: 952208, value: 
key: 53082, value: 
key: 977870, value: 
key: 124313, value: 
key: 201290, value: 
key: 9205, value: 
key: 79079, value: 
key: 894296, value: 
key: 739407, value: 
key: 194316, value: 
key: 196462, value: 
key: 149570, value: 
key: 157032, value: 
key: 189325, value: 
key: 640664, value: 
key: 158943, value: 
key: 83669, value: 
key: 451444, value: 
key: 17606, value: 
key: 32474, value: 
key: 291299, value: 
key: 17462, value: 
key: 481241, value: 
key: 56340, value: 
key: 10276, value: 
key: 40206, value: 
key: 113436, value: 
key: 398701, value: 
key: 76241, value: 
key: 588191, value: 
key: 403654, value: 
key: 494124, value: 
key: 656018, value: 
key: 240213, value: 
key: 4060, value: 
key: 398563, value: 
key: 400293, value: 
key: 19912, value: 
key: 3144, value: 
key: 27838, value: 
key: 109057, value: 
key: 59611, value: 
key: 897369, value: 
key: 47292, value: 
key: 654108, value: 
key: 699484, value: 
key: 741471, value: 
key: 49652, value: 
key: 917414, value: 
key: 21465, value: 
key: 371724, value: 
key: 249294, value: 
key: 571241, value: 
key: 776659, value: 
key: 747716, value: 
key: 356260, value: 
key: 66891, value: 
key: 82897, value: 
key: 876474, value: 
key: 142331, value: 
key: 204394, value: 
key: 970787, value: 
key: 668037, value: 
key: 1535, value: 
key: 722627, value: 
key: 782814, value: 
key: 74982, value: 
key: 174765, value: 
key: 1155, value: 
key: 148461, value: 
key: 316840, value: 
key: 1517, value: 
key: 229184, value: 
key: 387408, value: 
key: 7463, value: 
key: 335447, value: 
key: 543185, value: 
key: 652508, value: 
key: 7414, value: 
key: 506380, value: 
key: 252519, value: 
key: 737401, value: 
key: 4460, value: 
key: 571744, value: 
key: 781862, value: 
key: 885070, value: 
key: 404053, value: 
key: 942595, value: 
key: 5562, value: 
key: 709826, value: 
key: 8433, value: 
key: 22756, value: 
key: 434197, value: 
key: 9298, value: 
key: 195010, value: 
key: 225584, value: 
key: 123541, value: 
key: 193267, value: 
key: 870616, value: 
key: 838122, value: 
key: 270113, value: 
key: 94276, value: 
key: 421290, value: 
key: 600174, value: 
key: 442192, value: 
key: 255598, value: 
key: 440851, value: 
key: 13790, value: 
key: 299693, value: 
key: 850892, value: 
key: 389538, value: 
key: 51606, value: 
key: 42161, value: 
key: 747583, value: 
key: 463898, value: 
key: 686196, value: 
key: 692038, value: 
key: 58755, value: 
key: 205779, value: 
key: 337814, value: 
key: 104098, value: 
key: 963769, value: 
key: 59394, value: 
key: 827780, value: 
key: 511287, value: 
key: 290566, value: 
key: 290766, value: 
key: 365190, value: 
key: 555610, value: 
key: 399845, value: 
key: 909345, value: 
key: 255628, value: 
key: 298900, value: 
key: 199582, value: 
key: 63388, value: 
key: 203919, value: 
key: 733711, value: 
key: 151652, value: 
key: 832687, value: 
key: 49492, value: 
key: 8844, value: 
key: 686578, value: 
key: 329493, value: 
key: 741266, value: 
key: 67924, value: 
key: 331133, value: 
key: 999722, value: 
key: 162229, value: 
key: 482767, value: 
key: 28994, value: 
key: 1410, value: 
key: 994570, value: 
key: 697127, value: 
key: 263135, value: 
key: 22035, value: 
key: 719603, value: 
key: 158963, value: 
key: 312624, value: 
key: 919511, value: 
key: 123246, value: 
key: 64624, value: 
key: 875066, value: 
key: 435833, value: 
key: 53833, value: 
key: 720504, value: 
key: 277657, value: 
key: 115612, value: 
key: 404798, value: 
key: 552475, value: 
key: 351032, value: 
key: 490489, value: 
key: 25847, value: 
key: 121446, value: 
key: 148168, value: 
key: 974046, value: 
key: 1456, value: 
key: 447913, value: 
key: 103844, value: 
key: 283823, value: 
key: 646295, value: 
key: 6363, value: 
key: 187947, value: 
key: 438771, value: 
key: 21973, value: 
key: 495297, value: 
key: 14553, value: 
key: 41894, value: 
key: 470948, value: 
key: 178402, value: 
key: 5243, value: 
key: 722391, value: 
key: 152772, value: 
key: 497367, value: 
key: 709987, value: 
key: 687984, value: 
key: 177324, value: 
key: 108689, value: 
key: 59, value: 
key: 192459, value: 
key: 678724, value: 
key: 44907, value: 
key: 14825, value: 
key: 22219, value: 
key: 15626, value: 
key: 979810, value: 
key: 41265, value: 
key: 587918, value: 
key: 574264, value: 
key: 56959, value: 
key: 70764, value: 
key: 145978, value: 
key: 141916, value: 
key: 3081, value: 
key: 675785, value: 
key: 247551, value: 
key: 153821, value: 
key: 932170, value: 
key: 31396, value: 
key: 417323, value: 
key: 51181, value: 
key: 194813, value: 
key: 967769, value: 
key: 192910, value: 
key: 600936, value: 
key: 537966, value: 
key: 69364, value: 
key: 269346, value: 
key: 268644, value: 
key: 15268, value: 
key: 85290, value: 
key: 156356, value: 
key: 4426, value: 
key: 564881, value: 
key: 4787, value: 
key: 66273, value: 
key: 255862, value: 
key: 376006, value: 
key: 760706, value: 
key: 779564, value: 
key: 335209, value: 
key: 141310, value: 
key: 32102, value: 
key: 55253, value: 
key: 225913, value: 
key: 247438, value: 
key: 188247, value: 
key: 821959, value: 
key: 192659, value: 
key: 251914, value: 
key: 327424, value: 
key: 41256, value: 
key: 1669, value: 
key: 80734, value: 
key: 9137, value: 
key: 207012, value: 
key: 643780, value: 
key: 172862, value: 
key: 399737, value: 
key: 9597, value: 
key: 763983, value: 
key: 151885, value: 
key: 619455, value: 
key: 555531, value: 
key: 850106, value: 
key: 35291, value: 
key: 164858, value: 
key: 245973, value: 
key: 502911, value: 
key: 186531, value: 
key: 585789, value: 
key: 71785, value: 
key: 799069, value: 
key: 948856, value: 
key: 42679, value: 
key: 931429, value: 
key: 846525, value: 
key: 57709, value: 
key: 68480, value: 
key: 717171, value: 
key: 341011, value: 
key: 105396, value: 
key: 239723, value: 
key: 464158, value: 
key: 905794, value: 
key: 554527, value: 
key: 68491, value: 
key: 475958, value: 
key: 41915, value: 
key: 15424, value: 
key: 111645, value: 
key: 8026, value: 
key: 350060, value: 
key: 410050, value: 
key: 26958, value: 
key: 9944, value: 
key: 789903, value: 
key: 491747, value: 
key: 805450, value: 
key: 636726, value: 
key: 50320, value: 
key: 132381, value: 
key: 585026, value: 
key: 531405, value: 
key: 885498, value: 
key: 230429, value: 
key: 307954, value: 
key: 317977, value: 
key: 204709, value: 
key: 23876, value: 
key: 134662, value: 
key: 893118, value: 
key: 293031, value: 
key: 18041, value: 
key: 3373, value: 
key: 979427, value: 
key: 826965, value: 
key: 451439, value: 
key: 648666, value: 
key: 626406, value: 
key: 602228, value: 
key: 840206, value: 
key: 440006, value: 
key: 13112, value: 
key: 7607, value: 
key: 756099, value: 
key: 29454, value: 
key: 119786, value: 
key: 729811, value: 
key: 498287, value: 
key: 185921, value: 
key: 40598, value: 
key: 934284, value: 
key: 652355, value: 
key: 145372, value: 
key: 169329, value: 
key: 59002, value: 
key: 331162, value: 
key: 387, value: 
key: 780298, value: 
key: 159168, value: 
key: 917452, value: 
key: 854274, value: 
key: 167787, value: 
key: 13013, value: 
key: 959230, value: 
key: 721581, value: 
key: 985398, value: 
key: 410847, value: 
key: 140885, value: 
key: 352761, value: 
key: 72557, value: 
key: 421030, value: 
key: 310044, value: 
key: 973937, value: 
key: 299, value: 
key: 638232, value: 
key: 1003, value: 
key: 2051, value: 
key: 864, value: 
key: 389, value: 
key: 626440, value: 
key: 107448, value: 
key: 737641, value: 
key: 363455, value: 
key: 146151, value: 
key: 442222, value: 
key: 9135, value: 
key: 286327, value: 
key: 728939, value: 
key: 165112, value: 
key: 304777, value: 
key: 641917, value: 
key: 105462, value: 
key: 947534, value: 
key: 461935, value: 
key: 903570, value: 
key: 404756, value: 
key: 511533, value: 
key: 235604, value: 
key: 41175, value: 
key: 18384, value: 
key: 460242, value: 
key: 747310, value: 
key: 533151, value: 
key: 412643, value: 
key: 802275, value: 
key: 40383, value: 
key: 937854, value: 
key: 867704, value: 
key: 6305, value: 
key: 728201, value: 
key: 120072, value: 
key: 408044, value: 
key: 660068, value: 
key: 399519, value: 
key: 13455, value: 
key: 5630, value: 
key: 187619, value: 
key: 106405, value: 
key: 229605, value: 
key: 189367, value: 
key: 25087, value: 
key: 199209, value: 
key: 221254, value: 
key: 29148, value: 
key: 80802, value: 
key: 3159, value: 
key: 911667, value: 
key: 798343, value: 
key: 46703, value: 
key: 488091, value: 
key: 654715, value: 
key: 39518, value: 
key: 64514, value: 
key: 687698, value: 
key: 695853, value: 
key: 62181, value: 
key: 665373, value: 
key: 148348, value: 
key: 52801, value: 
key: 992471, value: 
key: 808426, value: 
key: 366205, value: 
key: 169932, value: 
key: 170846, value: 
key: 244578, value: 
key: 216854, value: 
key: 7399, value: 
key: 848851, value: 
key: 67353, value: 
key: 615761, value: 
key: 136363, value: 
key: 156204, value: 
key: 908416, value: 
key: 2732, value: 
key: 911058, value: 
key: 536125, value: 
key: 576480, value: 
key: 332624, value: 
key: 84260, value: 
key: 344803, value: 
key: 134334, value: 
key: 790945, value: 
key: 718558, value: 
key: 169, value: 
key: 259020, value: 
key: 1421, value: 
key: 8439, value: 
key: 32405, value: 
key: 397153, value: 
key: 287230, value: 
key: 51480, value: 
key: 35891, value: 
key: 708106, value: 
key: 57, value: 
key: 84468, value: 
key: 863993, value: 
key: 914071, value: 
key: 75178, value: 
key: 214225, value: 
key: 885201, value: 
key: 75545, value: 
key: 327033, value: 
key: 16483, value: 
key: 453105, value: 
key: 86291, value: 
key: 624226, value: 
key: 484422, value: 
key: 372763, value: 
key: 139559, value: 
key: 785938, value: 
key: 193849, value: 
key: 42035, value: 
key: 11369, value: 
key: 838625, value: 
key: 68097, value: 
key: 202639, value: 
key: 29777, value: 
key: 93400, value: 
key: 482109, value: 
key: 232566, value: 
key: 266699, value: 
key: 1812, value: 
key: 69856, value: 
key: 647256, value: 
key: 155522, value: 
key: 2006, value: 
key: 412304, value: 
key: 10179, value: 
key: 470616, value: 
key: 65810, value: 
key: 892074, value: 
key: 149921, value: 
key: 375180, value: 
key: 42965, value: 
key: 207315, value: 
key: 227117, value: 
key: 904959, value: 
key: 57824, value: 
key: 81070, value: 
key: 72432, value: 
key: 164454, value: 
key: 838997, value: 
key: 109620, value: 
key: 26530, value: 
key: 983024, value: 
key: 727626, value: 
key: 577829, value: 
key: 890724, value: 
key: 424093, value: 
key: 32171, value: 
key: 27289, value: 
key: 478038, value: 
key: 205047, value: 
key: 633, value: 
key: 249960, value: 
key: 60, value: 
key: 24554, value: 
key: 880268, value: 
key: 692805, value: 
key: 722212, value: 
key: 156404, value: 
key: 32227, value: 
key: 25267, value: 
key: 846136, value: 
key: 35558, value: 
key: 370268, value: 
key: 365396, value: 
key: 710347, value: 
key: 744883, value: 
key: 567668, value: 
key: 429452, value: 
key: 68530, value: 
key: 710181, value: 
key: 359412, value: 
key: 74786, value: 
key: 908432, value: 
key: 312491, value: 
key: 931872, value: 
key: 39631, value: 
key: 483184, value: 
key: 140722, value: 
key: 369323, value: 
key: 389534, value: 
key: 265043, value: 
key: 307651, value: 
key: 725183, value: 
key: 815644, value: 
key: 71778, value: 
key: 457561, value: 
key: 28190, value: 
key: 608743, value: 
key: 597670, value: 
key: 546687, value: 
key: 869834, value: 
key: 684848, value: 
key: 483625, value: 
key: 119335, value: 
key: 13262, value: 
key: 885618, value: 
key: 172440, value: 
key: 236502, value: 
key: 780964, value: 
key: 12827, value: 
key: 959801, value: 
key: 161563, value: 
key: 188340, value: 
key: 157593, value: 
key: 418722, value: 
key: 316664, value: 
key: 183215, value: 
key: 564599, value: 
key: 334042, value: 
key: 72568, value: 
key: 285649, value: 
key: 105534, value: 
key: 830056, value: 
key: 430584, value: 
key: 27414, value: 
key: 217419, value: 
key: 297026, value: 
key: 277754, value: 
key: 158505, value: 
key: 55505, value: 
key: 464884, value: 
key: 87885, value: 
key: 94876, value: 
key: 311584, value: 
key: 30784, value: 
key: 47160, value: 
key: 935751, value: 
key: 782812, value: 
key: 51299, value: 
key: 54227, value: 
key: 81696, value: 
key: 4648, value: 
key: 974057, value: 
key: 357551, value: 
key: 11855, value: 
key: 648189, value: 
key: 490182, value: 
key: 738796, value: 
key: 10537, value: 
key: 102238, value: 
key: 14023, value: 
key: 20507, value: 
key: 614672, value: 
key: 42486, value: 
key: 774372, value: 
key: 370721, value: 
key: 12241, value: 
key: 601308, value: 
key: 23083, value: 
key: 165039, value: 
key: 901, value: 
key: 959146, value: 
key: 887614, value: 
key: 502584, value: 
key: 129419, value: 
key: 523080, value: 
key: 642244, value: 
key: 14472, value: 
key: 389349, value: 
key: 673701, value: 
key: 116914, value: 
key: 461773, value: 
key: 703763, value: 
key: 25238, value: 
key: 3254, value: 
key: 672258, value: 
key: 397744, value: 
key: 168913, value: 
key: 33549, value: 
key: 67274, value: 
key: 872652, value: 
key: 754408, value: 
key: 602914, value: 
key: 828839, value: 
key: 346830, value: 
key: 256113, value: 
key: 541590, value: 
key: 111160, value: 
key: 382199, value: 
key: 127039, value: 
key: 137058, value: 
key: 365507, value: 
key: 7663, value: 
key: 652881, value: 
key: 495628, value: 
key: 376958, value: 
key: 30616, value: 
key: 308366, value: 
key: 985497, value: 
key: 791096, value: 
key: 418265, value: 
key: 84017, value: 
key: 142405, value: 
key: 879987, value: 
key: 443038, value: 
key: 857048, value: 
key: 749730, value: 
key: 277781, value: 
key: 654603, value: 
key: 279000, value: 
key: 561325, value: 
key: 298045, value: 
key: 118558, value: 
key: 536941, value: 
key: 155155, value: 
key: 788090, value: 
key: 753197, value: 
key: 14812, value: 
key: 12140, value: 
key: 249043, value: 
key: 26763, value: 
key: 331481, value: 
key: 296997, value: 
key: 228828, value: 
key: 274449, value: 
key: 553258, value: 
key: 39231, value: 
key: 620086, value: 
key: 743545, value: 
key: 704173, value: 
key: 488927, value: 
key: 901237, value: 
key: 568773, value: 
key: 190123, value: 
key: 4745, value: 
key: 750462, value: 
key: 615055, value: 
key: 110, value: 
key: 15073, value: 
key: 527046, value: 
key: 392, value: 
key: 712231, value: 
key: 63698, value: 
key: 160461, value: 
key: 445018, value: 
key: 697024, value: 
key: 751904, value: 
key: 84152, value: 
key: 460307, value: 
key: 305121, value: 
key: 299372, value: 
key: 385381, value: 
key: 993034, value: 
key: 573292, value: 
key: 265960, value: 
key: 481795, value: 
key: 497206, value: 
key: 988115, value: 
key: 581028, value: 
key: 708139, value: 
key: 581114, value: 
key: 461748, value: 
key: 323345, value: 
key: 315113, value: 
key: 780180, value: 
key: 172497, value: 
key: 720111, value: 
key: 41179, value: 
key: 486800, value: 
key: 783651, value: 
key: 139643, value: 
key: 28147, value: 
key: 487911, value: 
key: 484853, value: 
key: 106012, value: 
key: 452038, value: 
key: 165899, value: 
key: 961888, value: 
key: 538781, value: 
key: 693088, value: 
key: 44501, value: 
key: 929172, value: 
key: 3724, value: 
key: 464116, value: 
key: 191492, value: 
key: 928364, value: 
key: 351326, value: 
key: 366683, value: 
key: 232690, value: 
key: 821269, value: 
key: 96089, value: 
key: 527266, value: 
key: 406145, value: 
key: 13888, value: 
key: 206970, value: 
key: 462918, value: 
key: 475790, value: 
key: 238045, value: 
key: 132169, value: 
key: 97750, value: 
key: 512176, value: 
key: 233729, value: 
key: 11002, value: 
key: 171263, value: 
key: 135227, value: 
key: 403409, value: 
key: 151913, value: 
key: 129305, value: 
key: 547671, value: 
key: 153902, value: 
key: 267328, value: 
key: 237680, value: 
key: 926243, value: 
key: 617503, value: 
key: 322140, value: 
key: 705507, value: 
key: 361192, value: 
key: 2844, value: 
key: 267935, value: 
key: 39035, value: 
key: 737258, value: 
key: 186179, value: 
key: 38638, value: 
key: 521635, value: 
key: 880839, value: 
key: 774349, value: 
key: 32823, value: 
key: 719942, value: 
key: 71, value: 
key: 132325, value: 
key: 88767, value: 
key: 272526, value: 
key: 117386, value: 
key: 4918, value: 
key: 648152, value: 
key: 89003, value: 
key: 402219, value: 
key: 777726, value: 
key: 269157, value: 
key: 683955, value: 
key: 117409, value: 
key: 678571, value: 
key: 698087, value: 
key: 166805, value: 
key: 555586, value: 
key: 757276, value: 
key: 70227, value: 
key: 395379, value: 
key: 921730, value: 
key: 720050, value: 
key: 8406, value: 
key: 99730, value: 
key: 926962, value: 
key: 58580, value: 
key: 539353, value: 
key: 75907, value: 
key: 693163, value: 
key: 804864, value: 
key: 328122, value: 
key: 910363, value: 
key: 871, value: 
key: 842457, value: 
key: 826677, value: 
key: 665964, value: 
key: 301, value: 
key: 716008, value: 
key: 799063, value: 
key: 102221, value: 
key: 424853, value: 
key: 939269, value: 
key: 673303, value: 
key: 150464, value: 
key: 322052, value: 
key: 69702, value: 
key: 283111, value: 
key: 165798, value: 
key: 7494, value: 
key: 22451, value: 
key: 811185, value: 
key: 361220, value: 
key: 283391, value: 
key: 652461, value: 
key: 261445, value: 
key: 646826, value: 
key: 185738, value: 
key: 1401, value: 
key: 3175, value: 
key: 603382, value: 
key: 549598, value: 
key: 509608, value: 
key: 94472, value: 
key: 997681, value: 
key: 629579, value: 
key: 318026, value: 
key: 2149, value: 
key: 984207, value: 
key: 193881, value: 
key: 687227, value: 
key: 48011, value: 
key: 77716, value: 
key: 485166, value: 
key: 352293, value: 
key: 442275, value: 
key: 579872, value: 
key: 813189, value: 
key: 619457, value: 
key: 511089, value: 
key: 811172, value: 
key: 775977, value: 
key: 222329, value: 
key: 556389, value: 
key: 619938, value: 
key: 782926, value: 
key: 462389, value: 
key: 246314, value: 
key: 3472, value: 
key: 7076, value: 
key: 89050, value: 
key: 967860, value: 
key: 204316, value: 
key: 382904, value: 
key: 324155, value: 
key: 24347, value: 
key: 196756, value: 
key: 48129, value: 
key: 656777, value: 
key: 47384, value: 
key: 189970, value: 
key: 716534, value: 
key: 280512, value: 
key: 374293, value: 
key: 328119, value: 
key: 157993, value: 
key: 720283, value: 
key: 476067, value: 
key: 741965, value: 
key: 28208, value: 
key: 825605, value: 
key: 15338, value: 
key: 603652, value: 
key: 553481, value: 
key: 463975, value: 
key: 98610, value: 
key: 472728, value: 
key: 246, value: 
key: 435341, value: 
key: 20185, value: 
key: 215202, value: 
key: 121967, value: 
key: 455936, value: 
key: 712215, value: 
key: 156417, value: 
key: 679161, value: 
key: 212577, value: 
key: 107064, value: 
key: 654999, value: 
key: 46965, value: 
key: 41797, value: 
key: 294825, value: 
key: 26086, value: 
key: 444802, value: 
key: 341185, value: 
key: 468349, value: 
key: 233987, value: 
key: 537283, value: 
key: 551427, value: 
key: 845496, value: 
key: 97057, value: 
key: 549563, value: 
key: 441553, value: 
key: 114040, value: 
key: 175678, value: 
key: 81728, value: 
key: 210214, value: 
key: 69078, value: 
key: 199920, value: 
key: 272203, value: 
key: 49968, value: 
key: 646756, value: 
key: 460817, value: 
key: 45405, value: 
key: 128793, value: 
key: 352, value: 
key: 4068, value: 
key: 833673, value: 
key: 502609, value: 
key: 186807, value: 
key: 26666, value: 
key: 511951, value: 
key: 472641, value: 
key: 338956, value: 
key: 537582, value: 
key: 641009, value: 
key: 828107, value: 
key: 760393, value: 
key: 909189, value: 
key: 80783, value: 
key: 883328, value: 
key: 517087, value: 
key: 301332, value: 
key: 253848, value: 
key: 6169, value: 
key: 644886, value: 
key: 3566, value: 
key: 104171, value: 
key: 114394, value: 
key: 579951, value: 
key: 521352, value: 
key: 30625, value: 
key: 54797, value: 
key: 691301, value: 
key: 217189, value: 
key: 390297, value: 
key: 974372, value: 
key: 995492, value: 
key: 9014, value: 
key: 490540, value: 
key: 163626, value: 
key: 31721, value: 
key: 296537, value: 
key: 349004, value: 
key: 20288, value: 
key: 473640, value: 
key: 107846, value: 
key: 783507, value: 
key: 57774, value: 
key: 571827, value: 
key: 141167, value: 
key: 112765, value: 
key: 108951, value: 
key: 88705, value: 
key: 199135, value: 
key: 337759, value: 
key: 614865, value: 
key: 300933, value: 
key: 321682, value: 
key: 35675, value: 
key: 46031, value: 
key: 752648, value: 
key: 187633, value: 
key: 34647, value: 
key: 144317, value: 
key: 592457, value: 
key: 37037, value: 
key: 84370, value: 
key: 1485, value: 
key: 24596, value: 
key: 494812, value: 
key: 782386, value: 
key: 211769, value: 
key: 812265, value: 
key: 156071, value: 
key: 17406, value: 
key: 895671, value: 
key: 923329, value: 
key: 1690, value: 
key: 75086, value: 
key: 104133, value: 
key: 934811, value: 
key: 250320, value: 
key: 301570, value: 
key: 635433, value: 
key: 55103, value: 
key: 44723, value: 
key: 853459, value: 
key: 832881, value: 
key: 44569, value: 
key: 43124, value: 
key: 419992, value: 
key: 588702, value: 
key: 342676, value: 
key: 164726, value: 
key: 714963, value: 
key: 81034, value: 
key: 94320, value: 
key: 906599, value: 
key: 681852, value: 
key: 71417, value: 
key: 277068, value: 
key: 195427, value: 
key: 201429, value: 
key: 592107, value: 
key: 229597, value: 
key: 891398, value: 
key: 96243, value: 
key: 67391, value: 
key: 368278, value: 
key: 78861, value: 
key: 812364, value: 
key: 669591, value: 
key: 152284, value: 
key: 680301, value: 
key: 86013, value: 
key: 413031, value: 
key: 211215, value: 
key: 25276, value: 
key: 51358, value: 
key: 368908, value: 
key: 170606, value: 
key: 46248, value: 
key: 641346, value: 
key: 294328, value: 
key: 312839, value: 
key: 252063, value: 
key: 7191, value: 
key: 195872, value: 
key: 776444, value: 
key: 90973, value: 
key: 95211, value: 
key: 857288, value: 
key: 337872, value: 
key: 59237, value: 
key: 344733, value: 
key: 33800, value: 
key: 392466, value: 
key: 7128, value: 
key: 47371, value: 
key: 253695, value: 
key: 163985, value: 
key: 323635, value: 
key: 94470, value: 
key: 50337, value: 
key: 233466, value: 
key: 16438, value: 
key: 5791, value: 
key: 292607, value: 
key: 669249, value: 
key: 190822, value: 
key: 667779, value: 
key: 695679, value: 
key: 267665, value: 
key: 110385, value: 
key: 265984, value: 
key: 359638, value: 
key: 455372, value: 
key: 9458, value: 
key: 703958, value: 
key: 117962, value: 
key: 714248, value: 
key: 295819, value: 
key: 221896, value: 
key: 715168, value: 
key: 415530, value: 
key: 818854, value: 
key: 387264, value: 
key: 156789, value: 
key: 721, value: 
key: 368276, value: 
key: 54328, value: 
key: 845759, value: 
key: 845535, value: 
key: 932044, value: 
key: 154260, value: 
key: 642271, value: 
key: 63058, value: 
key: 248664, value: 
key: 797069, value: 
key: 151872, value: 
key: 347088, value: 
key: 960517, value: 
key: 995924, value: 
key: 428817, value: 
key: 36829, value: 
key: 126799, value: 
key: 50708, value: 
key: 889777, value: 
key: 141369, value: 
key: 500342, value: 
key: 64677, value: 
key: 17297, value: 
key: 246590, value: 
key: 459833, value: 
key: 80743, value: 
key: 6378, value: 
key: 12971, value: 
key: 50506, value: 
key: 988056, value: 
key: 51415, value: 
key: 827272, value: 
key: 702634, value: 
key: 46208, value: 
key: 473086, value: 
key: 400336, value: 
key: 433534, value: 
key: 942153, value: 
key: 195865, value: 
key: 105857, value: 
key: 346519, value: 
key: 297651, value: 
key: 706764, value: 
key: 3186, value: 
key: 464, value: 
key: 5351, value: 
key: 626671, value: 
key: 322694, value: 
key: 6163, value: 
key: 135652, value: 
key: 645036, value: 
key: 611884, value: 
key: 466891, value: 
key: 750855, value: 
key: 748438, value: 
key: 902203, value: 
key: 289214, value: 
key: 13787, value: 
key: 415024, value: 
key: 331115, value: 
key: 34360, value: 
key: 278227, value: 
key: 141125, value: 
key: 48497, value: 
key: 692418, value: 
key: 642633, value: 
key: 207331, value: 
key: 177063, value: 
key: 3010, value: 
key: 42217, value: 
key: 20158, value: 
key: 271745, value: 
key: 602709, value: 
key: 134567, value: 
key: 10274, value: 
key: 41539, value: 
key: 898568, value: 
key: 372488, value: 
key: 532888, value: 
key: 912039, value: 
key: 106573, value: 
key: 426141, value: 
key: 401966, value: 
key: 693435, value: 
key: 785299, value: 
key: 780700, value: 
key: 64086, value: 
key: 60181, value: 
key: 80327, value: 
key: 953014, value: 
key: 722496, value: 
key: 5197, value: 
key: 239341, value: 
key: 18111, value: 
key: 645339, value: 
key: 244385, value: 
key: 261773, value: 
key: 546861, value: 
key: 134994, value: 
key: 3429, value: 
key: 247245, value: 
key: 304625, value: 
key: 86567, value: 
key: 562423, value: 
key: 861786, value: 
key: 247753, value: 
key: 216104, value: 
key: 299543, value: 
key: 987, value: 
key: 116286, value: 
key: 101710, value: 
key: 408994, value: 
key: 314251, value: 
key: 406, value: 
key: 534000, value: 
key: 46251, value: 
key: 232904, value: 
key: 701402, value: 
key: 109365, value: 
key: 920496, value: 
key: 11208, value: 
key: 31387, value: 
key: 753351, value: 
key: 462659, value: 
key: 294263, value: 
key: 218498, value: 
key: 565626, value: 
key: 590725, value: 
key: 73187, value: 
key: 96290, value: 
key: 232771, value: 
key: 38267, value: 
key: 11589, value: 
key: 678463, value: 
key: 447403, value: 
key: 50900, value: 
key: 98780, value: 
key: 20745, value: 
key: 19743, value: 
key: 725077, value: 
key: 34166, value: 
key: 447852, value: 
key: 640491, value: 
key: 834029, value: 
key: 121310, value: 
key: 437468, value: 
key: 283900, value: 
key: 749, value: 
key: 999502, value: 
key: 492146, value: 
key: 1692, value: 
key: 294027, value: 
key: 197810, value: 
key: 15783, value: 
key: 29548, value: 
key: 369970, value: 
key: 669430, value: 
key: 92858, value: 
key: 992, value: 
key: 6831, value: 
key: 114684, value: 
key: 752338, value: 
key: 305086, value: 
key: 463599, value: 
key: 647320, value: 
key: 801641, value: 
key: 557933, value: 
key: 381138, value: 
key: 68, value: 
key: 878629, value: 
key: 45492, value: 
key: 76959, value: 
key: 8598, value: 
key: 297330, value: 
key: 235442, value: 
key: 4442, value: 
key: 358145, value: 
key: 103936, value: 
key: 150802, value: 
key: 197728, value: 
key: 155935, value: 
key: 154424, value: 
key: 360919, value: 
key: 58265, value: 
key: 105, value: 
key: 23333, value: 
key: 883027, value: 
key: 190653, value: 
key: 9706, value: 
key: 908528, value: 
key: 312653, value: 
key: 996473, value: 
key: 179054, value: 
key: 609188, value: 
key: 278326, value: 
key: 88257, value: 
key: 58133, value: 
key: 758006, value: 
key: 65889, value: 
key: 224378, value: 
key: 617273, value: 
key: 731087, value: 
key: 500942, value: 
key: 849513, value: 
key: 3203, value: 
key: 811668, value: 
key: 297473, value: 
key: 464877, value: 
key: 817994, value: 
key: 168964, value: 
key: 145411, value: 
key: 657530, value: 
key: 20163, value: 
key: 148465, value: 
key: 256957, value: 
key: 126528, value: 
key: 186445, value: 
key: 30522, value: 
key: 809885, value: 
key: 605087, value: 
key: 980793, value: 
key: 958833, value: 
key: 143909, value: 
key: 141299, value: 
key: 79967, value: 
key: 957164, value: 
key: 194655, value: 
key: 994776, value: 
key: 541077, value: 
key: 230937, value: 
key: 365367, value: 
key: 842646, value: 
key: 593768, value: 
key: 126436, value: 
key: 285708, value: 
key: 275123, value: 
key: 870317, value: 
key: 68143, value: 
key: 62963, value: 
key: 529972, value: 
key: 1050, value: 
key: 121639, value: 
key: 134895, value: 
key: 448309, value: 
key: 143196, value: 
key: 665502, value: 
key: 28527, value: 
key: 633208, value: 
key: 416230, value: 
key: 157087, value: 
key: 79408, value: 
key: 682398, value: 
key: 15619, value: 
key: 17835, value: 
key: 1258, value: 
key: 375832, value: 
key: 124278, value: 
key: 134127, value: 
key: 8183, value: 
key: 739069, value: 
key: 406187, value: 
key: 667649, value: 
key: 378226, value: 
key: 830993, value: 
key: 345420, value: 
key: 64240, value: 
key: 369484, value: 
key: 323985, value: 
key: 771388, value: 
key: 797322, value: 
key: 989, value: 
key: 257150, value: 
key: 232863, value: 
key: 932981, value: 
key: 790611, value: 
key: 103202, value: 
key: 3652, value: 
key: 83814, value: 
key: 45733, value: 
key: 226488, value: 
key: 67647, value: 
key: 337139, value: 
key: 838472, value: 
key: 291859, value: 
key: 84004, value: 
key: 841418, value: 
key: 3999, value: 
key: 391793, value: 
key: 354693, value: 
key: 277785, value: 
key: 4488, value: 
key: 20776, value: 
key: 65766, value: 
key: 83278, value: 
key: 838551, value: 
key: 12100, value: 
key: 606758, value: 
key: 540500, value: 
key: 136956, value: 
key: 196398, value: 
key: 820835, value: 
key: 699167, value: 
key: 844677, value: 
key: 316, value: 
key: 7061, value: 
key: 106881, value: 
key: 941790, value: 
key: 1070, value: 
key: 514972, value: 
key: 824219, value: 
key: 757898, value: 
key: 149905, value: 
key: 608390, value: 
key: 237163, value: 
key: 88369, value: 
key: 826990, value: 
key: 864152, value: 
key: 208350, value: 
key: 22727, value: 
key: 298166, value: 
key: 50276, value: 
key: 274096, value: 
key: 95095, value: 
key: 464110, value: 
key: 684558, value: 
key: 813417, value: 
key: 806914, value: 
key: 142593, value: 
key: 25135, value: 
key: 13411, value: 
key: 75372, value: 
key: 387224, value: 
key: 343680, value: 
key: 129026, value: 
key: 2215, value: 
key: 475132, value: 
key: 535050, value: 
key: 443403, value: 
key: 1342, value: 
key: 750763, value: 
key: 577191, value: 
key: 1557, value: 
key: 543808, value: 
key: 914442, value: 
key: 434944, value: 
key: 78245, value: 
key: 11127, value: 
key: 63850, value: 
key: 56023, value: 
key: 723169, value: 
key: 862495, value: 
key: 18595, value: 
key: 596035, value: 
key: 45236, value: 
key: 8622, value: 
key: 144162, value: 
key: 825049, value: 
key: 174185, value: 
key: 246866, value: 
key: 477529, value: 
key: 58030, value: 
key: 164027, value: 
key: 133560, value: 
key: 362258, value: 
key: 13619, value: 
key: 13813, value: 
key: 407566, value: 
key: 579072, value: 
key: 978318, value: 
key: 54926, value: 
key: 860611, value: 
key: 540939, value: 
key: 245296, value: 
key: 15006, value: 
key: 177193, value: 
key: 817176, value: 
key: 6637, value: 
key: 33202, value: 
key: 447515, value: 
key: 40596, value: 
key: 122502, value: 
key: 152637, value: 
key: 78548, value: 
key: 382324, value: 
key: 134215, value: 
key: 932413, value: 
key: 94564, value: 
key: 468862, value: 
key: 256986, value: 
key: 218742, value: 
key: 924801, value: 
key: 54133, value: 
key: 232609, value: 
key: 559779, value: 
key: 426022, value: 
key: 918697, value: 
key: 897864, value: 
key: 159854, value: 
key: 66385, value: 
key: 1964, value: 
key: 896232, value: 
key: 385741, value: 
key: 167585, value: 
key: 42998, value: 
key: 7283, value: 
key: 205580, value: 
key: 112651, value: 
key: 98535, value: 
key: 13525, value: 
key: 346258, value: 
key: 371784, value: 
key: 95457, value: 
key: 4598, value: 
key: 11222, value: 
key: 299956, value: 
key: 566382, value: 
key: 667913, value: 
key: 910437, value: 
key: 695615, value: 
key: 852742, value: 
key: 594909, value: 
key: 144973, value: 
key: 529936, value: 
key: 431464, value: 
key: 209261, value: 
key: 703651, value: 
key: 442473, value: 
key: 984892, value: 
key: 595104, value: 
key: 340881, value: 
key: 957289, value: 
key: 347305, value: 
key: 656375, value: 
key: 701222, value: 
key: 640543, value: 
key: 493822, value: 
key: 689825, value: 
key: 69649, value: 
key: 113133, value: 
key: 246019, value: 
key: 577405, value: 
key: 82219, value: 
key: 113889, value: 
key: 699352, value: 
key: 36816, value: 
key: 770, value: 
key: 584696, value: 
key: 982706, value: 
key: 380939, value: 
key: 741273, value: 
key: 17460, value: 
key: 7337, value: 
key: 71299, value: 
key: 265829, value: 
key: 249953, value: 
key: 191755, value: 
key: 535661, value: 
key: 14359, value: 
key: 152644, value: 
key: 152095, value: 
key: 294353, value: 
key: 502595, value: 
key: 578109, value: 
key: 121220, value: 
key: 85094, value: 
key: 40813, value: 
key: 212124, value: 
key: 378422, value: 
key: 357423, value: 
key: 576758, value: 
key: 119881, value: 
key: 659998, value: 
key: 72917, value: 
key: 849131, value: 
key: 881317, value: 
key: 32027, value: 
key: 673806, value: 
key: 43726, value: 
key: 89395, value: 
key: 615509, value: 
key: 725806, value: 
key: 78803, value: 
key: 8226, value: 
key: 47678, value: 
key: 581424, value: 
key: 637859, value: 
key: 961370, value: 
key: 392732, value: 
key: 40677, value: 
key: 4846, value: 
key: 462941, value: 
key: 200156, value: 
key: 6839, value: 
key: 7713, value: 
key: 100306, value: 
key: 24909, value: 
key: 4796, value: 
key: 151058, value: 
key: 141798, value: 
key: 93587, value: 
key: 692120, value: 
key: 273192, value: 
key: 475246, value: 
key: 790071, value: 
key: 60015, value: 
key: 4730, value: 
key: 11057, value: 
key: 168991, value: 
key: 206228, value: 
key: 259561, value: 
key: 68130, value: 
key: 95428, value: 
key: 32274, value: 
key: 383396, value: 
key: 486756, value: 
key: 275, value: 
key: 63690, value: 
key: 2479, value: 
key: 187, value: 
key: 239747, value: 
key: 301435, value: 
key: 125460, value: 
key: 216218, value: 
key: 648178, value: 
key: 6329, value: 
key: 35589, value: 
key: 917825, value: 
key: 934123, value: 
key: 93813, value: 
key: 439390, value: 
key: 6596, value: 
key: 649618, value: 
key: 793719, value: 
key: 398314, value: 
key: 152280, value: 
key: 3168, value: 
key: 330264, value: 
key: 18634, value: 
key: 902623, value: 
key: 480448, value: 
key: 845724, value: 
key: 433657, value: 
key: 258205, value: 
key: 13426, value: 
key: 246578, value: 
key: 653022, value: 
key: 705499, value: 
key: 672173, value: 
key: 449870, value: 
key: 337924, value: 
key: 2420, value: 
key: 188647, value: 
key: 53145, value: 
key: 14894, value: 
key: 14863, value: 
key: 91765, value: 
key: 355917, value: 
key: 738190, value: 
key: 216306, value: 
key: 729288, value: 
key: 618984, value: 
key: 133881, value: 
key: 113069, value: 
key: 25649, value: 
key: 185745, value: 
key: 783679, value: 
key: 159607, value: 
key: 512682, value: 
key: 471691, value: 
key: 857527, value: 
key: 203616, value: 
key: 172433, value: 
key: 4095, value: 
key: 182685, value: 
key: 181196, value: 
key: 16663, value: 
key: 336882, value: 
key: 93297, value: 
key: 465795, value: 
key: 10128, value: 
key: 666976, value: 
key: 31150, value: 
key: 844501, value: 
key: 263049, value: 
key: 151605, value: 
key: 251497, value: 
key: 851749, value: 
key: 832296, value: 
key: 505428, value: 
key: 654324, value: 
key: 804831, value: 
key: 802895, value: 
key: 313618, value: 
key: 956019, value: 
key: 52485, value: 
key: 948313, value: 
key: 25582, value: 
key: 170116, value: 
key: 247001, value: 
key: 83599, value: 
key: 123554, value: 
key: 57802, value: 
key: 1935, value: 
key: 98715, value: 
key: 752983, value: 
key: 512659, value: 
key: 115418, value: 
key: 734, value: 
key: 505749, value: 
key: 202491, value: 
key: 47766, value: 
key: 276670, value: 
key: 902261, value: 
key: 70210, value: 
key: 954228, value: 
key: 260, value: 
key: 405610, value: 
key: 841276, value: 
key: 800602, value: 
key: 523574, value: 
key: 2183, value: 
key: 873396, value: 
key: 6536, value: 
key: 806073, value: 
key: 886239, value: 
key: 72913, value: 
key: 4358, value: 
key: 759218, value: 
key: 488983, value: 
key: 887807, value: 
key: 596264, value: 
key: 909110, value: 
key: 56490, value: 
key: 5663, value: 
key: 36968, value: 
key: 790, value: 
key: 880259, value: 
key: 553016, value: 
key: 739171, value: 
key: 974444, value: 
key: 155892, value: 
key: 343053, value: 
key: 457349, value: 
key: 976466, value: 
key: 906920, value: 
key: 191971, value: 
key: 847719, value: 
key: 161651, value: 
key: 154143, value: 
key: 977223, value: 
key: 551269, value: 
key: 993919, value: 
key: 174354, value: 
key: 167701, value: 
key: 331876, value: 
key: 500524, value: 
key: 834894, value: 
key: 255752, value: 
key: 39130, value: 
key: 38098, value: 
key: 555221, value: 
key: 265120, value: 
key: 12632, value: 
key: 858139, value: 
key: 482880, value: 
key: 235693, value: 
key: 872616, value: 
key: 154152, value: 
key: 440086, value: 
key: 12342, value: 
key: 394952, value: 
key: 823360, value: 
key: 117146, value: 
key: 812777, value: 
key: 166184, value: 
key: 100625, value: 
key: 69018, value: 
key: 208266, value: 
key: 177407, value: 
key: 345671, value: 
key: 732840, value: 
key: 823058, value: 
key: 18575, value: 
key: 806, value: 
key: 163509, value: 
key: 150350, value: 
key: 551467, value: 
key: 123648, value: 
key: 830001, value: 
key: 1108, value: 
key: 922713, value: 
key: 938008, value: 
key: 66415, value: 
key: 518059, value: 
key: 228079, value: 
key: 18489, value: 
key: 891961, value: 
key: 726032, value: 
key: 570686, value: 
key: 164452, value: 
key: 3740, value: 
key: 31583, value: 
key: 759748, value: 
key: 94423, value: 
key: 393209, value: 
key: 79415, value: 
key: 91424, value: 
key: 389752, value: 
key: 58373, value: 
key: 674256, value: 
key: 741460, value: 
key: 522540, value: 
key: 491569, value: 
key: 850258, value: 
key: 802299, value: 
key: 538271, value: 
key: 476146, value: 
key: 277, value: 
key: 152455, value: 
key: 166494, value: 
key: 233086, value: 
key: 22514, value: 
key: 445892, value: 
key: 495435, value: 
key: 367615, value: 
key: 529888, value: 
key: 551715, value: 
key: 293596, value: 
key: 251857, value: 
key: 921224, value: 
key: 182353, value: 
key: 828509, value: 
key: 456106, value: 
key: 226778, value: 
key: 690788, value: 
key: 789068, value: 
key: 511759, value: 
key: 158477, value: 
key: 72216, value: 
key: 279831, value: 
key: 21283, value: 
key: 632212, value: 
key: 153098, value: 
key: 282677, value: 
key: 813721, value: 
key: 53534, value: 
key: 558718, value: 
key: 153601, value: 
key: 831549, value: 
key: 448477, value: 
key: 122252, value: 
key: 125675, value: 
key: 14670, value: 
key: 15758, value: 
key: 153287, value: 
key: 126568, value: 
key: 613763, value: 
key: 812698, value: 
key: 329657, value: 
key: 519539, value: 
key: 307428, value: 
key: 18999, value: 
key: 893127, value: 
key: 546919, value: 
key: 1667, value: 
key: 5362, value: 
key: 231570, value: 
key: 992639, value: 
key: 25988, value: 
key: 146571, value: 
key: 656304, value: 
key: 694678, value: 
key: 467117, value: 
key: 913012, value: 
key: 98841, value: 
key: 339724, value: 
key: 223331, value: 
key: 221500, value: 
key: 260420, value: 
key: 64824, value: 
key: 337489, value: 
key: 974273, value: 
key: 59426, value: 
key: 46408, value: 
key: 82705, value: 
key: 146630, value: 
key: 531340, value: 
key: 771142, value: 
key: 785620, value: 
key: 344292, value: 
key: 486459, value: 
key: 167288, value: 
key: 219334, value: 
key: 524665, value: 
key: 200051, value: 
key: 986674, value: 
key: 549143, value: 
key: 129008, value: 
key: 211509, value: 
key: 545668, value: 
key: 522863, value: 
key: 750864, value: 
key: 626673, value: 
key: 905761, value: 
key: 74436, value: 
key: 743408, value: 
key: 6361, value: 
key: 629003, value: 
key: 8350, value: 
key: 357436, value: 
key: 17798, value: 
key: 770211, value: 
key: 244406, value: 
key: 37709, value: 
key: 42156, value: 
key: 411464, value: 
key: 33657, value: 
key: 6480, value: 
key: 291505, value: 
key: 46633, value: 
key: 262754, value: 
key: 325789, value: 
key: 100025, value: 
key: 609614, value: 
key: 565291, value: 
key: 177438, value: 
key: 447568, value: 
key: 19598, value: 
key: 89285, value: 
key: 526366, value: 
key: 534741, value: 
key: 445474, value: 
key: 717179, value: 
key: 163631, value: 
key: 85524, value: 
key: 761437, value: 
key: 469935, value: 
key: 56766, value: 
key: 652119, value: 
key: 641294, value: 
key: 119100, value: 
key: 59563, value: 
key: 730499, value: 
key: 340391, value: 
key: 706292, value: 
key: 555283, value: 
key: 1225, value: 
key: 871880, value: 
key: 416168, value: 
key: 7520, value: 
key: 644675, value: 
key: 988690, value: 
key: 2875, value: 
key: 678740, value: 
key: 245230, value: 
key: 444, value: 
key: 208374, value: 
key: 853233, value: 
key: 680022, value: 
key: 514565, value: 
key: 36195, value: 
key: 876975, value: 
key: 105891, value: 
key: 44556, value: 
key: 6101, value: 
key: 88246, value: 
key: 170435, value: 
key: 669135, value: 
key: 179632, value: 
key: 776448, value: 
key: 265470, value: 
key: 535018, value: 
key: 840701, value: 
key: 562069, value: 
key: 4415, value: 
key: 568155, value: 
key: 54515, value: 
key: 980814, value: 
key: 43827, value: 
key: 705563, value: 
key: 89454, value: 
key: 389255, value: 
key: 23096, value: 
key: 88048, value: 
key: 199227, value: 
key: 4703, value: 
key: 379065, value: 
key: 499107, value: 
key: 446934, value: 
key: 69780, value: 
key: 831053, value: 
key: 185008, value: 
key: 313364, value: 
key: 60657, value: 
key: 858559, value: 
key: 335014, value: 
key: 57271, value: 
key: 490416, value: 
key: 11424, value: 
key: 741417, value: 
key: 812078, value: 
key: 563039, value: 
key: 692375, value: 
key: 626695, value: 
key: 837204, value: 
key: 484730, value: 
key: 566793, value: 
key: 941893, value: 
key: 728821, value: 
key: 84505, value: 
key: 458933, value: 
key: 682484, value: 
key: 801878, value: 
key: 849306, value: 
key: 109, value: 
key: 298849, value: 
key: 123639, value: 
key: 7137, value: 
key: 428, value: 
key: 121303, value: 
key: 415169, value: 
key: 147628, value: 
key: 183787, value: 
key: 439442, value: 
key: 80927, value: 
key: 41571, value: 
key: 47043, value: 
key: 834667, value: 
key: 578149, value: 
key: 347473, value: 
key: 72641, value: 
key: 989606, value: 
key: 526906, value: 
key: 957720, value: 
key: 231970, value: 
key: 107491, value: 
key: 472005, value: 
key: 92360, value: 
key: 864950, value: 
key: 979674, value: 
key: 206187, value: 
key: 480736, value: 
key: 627100, value: 
key: 5652, value: 
key: 123068, value: 
key: 987712, value: 
key: 151980, value: 
key: 838179, value: 
key: 886101, value: 
key: 623296, value: 
key: 831268, value: 
key: 50360, value: 
key: 197528, value: 
key: 413439, value: 
key: 65557, value: 
key: 289258, value: 
key: 716514, value: 
key: 495662, value: 
key: 647432, value: 
key: 39321, value: 
key: 319067, value: 
key: 24712, value: 
key: 13099, value: 
key: 341509, value: 
key: 758891, value: 
key: 122094, value: 
key: 309549, value: 
key: 164371, value: 
key: 343079, value: 
key: 151085, value: 
key: 61218, value: 
key: 558389, value: 
key: 1883, value: 
key: 19444, value: 
key: 665003, value: 
key: 9100, value: 
key: 734509, value: 
key: 647504, value: 
key: 160869, value: 
key: 193922, value: 
key: 491295, value: 
key: 59435, value: 
key: 251530, value: 
key: 515270, value: 
key: 700726, value: 
key: 623856, value: 
key: 239433, value: 
key: 877440, value: 
key: 208741, value: 
key: 48008, value: 
key: 80459, value: 
key: 23742, value: 
key: 266062, value: 
key: 293712, value: 
key: 481214, value: 
key: 420802, value: 
key: 702038, value: 
key: 732817, value: 
key: 13257, value: 
key: 595043, value: 
key: 383062, value: 
key: 31372, value: 
key: 541882, value: 
key: 573944, value: 
key: 741352, value: 
key: 203694, value: 
key: 323499, value: 
key: 124700, value: 
key: 103024, value: 
key: 926885, value: 
key: 578, value: 
key: 113584, value: 
key: 142919, value: 
key: 50988, value: 
key: 626, value: 
key: 407562, value: 
key: 101563, value: 
key: 65025, value: 
key: 231710, value: 
key: 261180, value: 
key: 425548, value: 
key: 287447, value: 
key: 563013, value: 
key: 6743, value: 
key: 115519, value: 
key: 372019, value: 
key: 3038, value: 
key: 731236, value: 
key: 226279, value: 
key: 156189, value: 
key: 256531, value: 
key: 5229, value: 
key: 818759, value: 
key: 88754, value: 
key: 38782, value: 
key: 961011, value: 
key: 749035, value: 
key: 57840, value: 
key: 462031, value: 
key: 463849, value: 
key: 91581, value: 
key: 300744, value: 
key: 85353, value: 
key: 17279, value: 
key: 15927, value: 
key: 2345, value: 
key: 525655, value: 
key: 401180, value: 
key: 34568, value: 
key: 806066, value: 
key: 714873, value: 
key: 999902, value: 
key: 2899, value: 
key: 915759, value: 
key: 139425, value: 
key: 21157, value: 
key: 619879, value: 
key: 255563, value: 
key: 74377, value: 
key: 470919, value: 
key: 943433, value: 
key: 204013, value: 
key: 230089, value: 
key: 236056, value: 
key: 285937, value: 
key: 532556, value: 
key: 773061, value: 
key: 78832, value: 
key: 89023, value: 
key: 247919, value: 
key: 28589, value: 
key: 515081, value: 
key: 320195, value: 
key: 543282, value: 
key: 537575, value: 
key: 247740, value: 
key: 224411, value: 
key: 196170, value: 
key: 790262, value: 
key: 6150, value: 
key: 7298, value: 
key: 300560, value: 
key: 499033, value: 
key: 106210, value: 
key: 186160, value: 
key: 82208, value: 
key: 91330, value: 
key: 283067, value: 
key: 105435, value: 
key: 96971, value: 
key: 63852, value: 
key: 169895, value: 
key: 456490, value: 
key: 67122, value: 
key: 627005, value: 
key: 100485, value: 
key: 110813, value: 
key: 363611, value: 
key: 332770, value: 
key: 551944, value: 
key: 691666, value: 
key: 423650, value: 
key: 11853, value: 
key: 402747, value: 
key: 337791, value: 
key: 694849, value: 
key: 732664, value: 
key: 189059, value: 
key: 392239, value: 
key: 690885, value: 
key: 62356, value: 
key: 237327, value: 
key: 371463, value: 
key: 422345, value: 
key: 329901, value: 
key: 4260, value: 
key: 468325, value: 
key: 640158, value: 
key: 289737, value: 
key: 156, value: 
key: 492375, value: 
key: 13907, value: 
key: 5968, value: 
key: 21081, value: 
key: 500689, value: 
key: 42840, value: 
key: 222781, value: 
key: 43436, value: 
key: 260145, value: 
key: 959403, value: 
key: 883885, value: 
key: 180629, value: 
key: 485979, value: 
key: 205502, value: 
key: 404165, value: 
key: 2158, value: 
key: 294227, value: 
key: 495095, value: 
key: 172325, value: 
key: 185653, value: 
key: 19956, value: 
key: 57808, value: 
key: 12900, value: 
key: 881906, value: 
key: 267030, value: 
key: 87184, value: 
key: 364881, value: 
key: 984762, value: 
key: 648017, value: 
key: 704777, value: 
key: 9492, value: 
key: 461850, value: 
key: 996532, value: 
key: 870913, value: 
key: 118925, value: 
key: 10629, value: 
key: 10988, value: 
key: 128180, value: 
key: 15224, value: 
key: 328937, value: 
key: 80408, value: 
key: 623700, value: 
key: 177012, value: 
key: 814788, value: 
key: 235374, value: 
key: 341259, value: 
key: 924997, value: 
key: 1511, value: 
key: 27591, value: 
key: 596181, value: 
key: 45645, value: 
key: 975023, value: 
key: 380863, value: 
key: 952598, value: 
key: 110442, value: 
key: 751065, value: 
key: 651776, value: 
key: 175487, value: 
key: 489997, value: 
key: 9490, value: 
key: 28846, value: 
key: 454238, value: 
key: 239163, value: 
key: 235895, value: 
key: 77992, value: 
key: 418638, value: 
key: 959191, value: 
key: 53628, value: 
key: 79271, value: 
key: 5245, value: 
key: 405371, value: 
key: 390158, value: 
key: 78870, value: 
key: 344184, value: 
key: 282316, value: 
key: 795199, value: 
key: 375856, value: 
key: 226039, value: 
key: 159867, value: 
key: 184906, value: 
key: 60187, value: 
key: 165475, value: 
key: 600147, value: 
key: 5515, value: 
key: 128373, value: 
key: 3636, value: 
key: 848820, value: 
key: 958907, value: 
key: 30889, value: 
key: 241292, value: 
key: 168371, value: 
key: 822901, value: 
key: 17103, value: 
key: 132804, value: 
key: 63511, value: 
key: 23074, value: 
key: 271165, value: 
key: 358275, value: 
key: 697194, value: 
key: 594303, value: 
key: 791779, value: 
key: 261276, value: 
key: 34681, value: 
key: 711494, value: 
key: 851550, value: 
key: 917795, value: 
key: 287807, value: 
key: 349406, value: 
key: 192116, value: 
key: 272210, value: 
key: 9096, value: 
key: 122728, value: 
key: 939375, value: 
key: 314316, value: 
key: 562025, value: 
key: 519519, value: 
key: 22770, value: 
key: 339953, value: 
key: 203230, value: 
key: 69597, value: 
key: 327958, value: 
key: 10599, value: 
key: 42572, value: 
key: 4365, value: 
key: 939977, value: 
key: 427971, value: 
key: 497330, value: 
key: 194259, value: 
key: 352932, value: 
key: 65193, value: 
key: 15969, value: 
key: 344519, value: 
key: 710, value: 
key: 662167, value: 
key: 60549, value: 
key: 97842, value: 
key: 683658, value: 
key: 748113, value: 
key: 452236, value: 
key: 29180, value: 
key: 405210, value: 
key: 830872, value: 
key: 20954, value: 
key: 10308, value: 
key: 259572, value: 
key: 11332, value: 
key: 462765, value: 
key: 546692, value: 
key: 603151, value: 
key: 403423, value: 
key: 87274, value: 
key: 67355, value: 
key: 998028, value: 
key: 2921, value: 
key: 448723, value: 
key: 844653, value: 
key: 727404, value: 
key: 81104, value: 
key: 78924, value: 
key: 361523, value: 
key: 19336, value: 
key: 37121, value: 
key: 835, value: 
key: 194345, value: 
key: 834421, value: 
key: 62873, value: 
key: 16931, value: 
key: 7230, value: 
key: 617521, value: 
key: 707161, value: 
key: 989044, value: 
key: 307657, value: 
key: 823577, value: 
key: 525994, value: 
key: 55051, value: 
key: 932244, value: 
key: 859545, value: 
key: 911939, value: 
key: 544366, value: 
key: 733722, value: 
key: 46048, value: 
key: 858515, value: 
key: 447069, value: 
key: 128087, value: 
key: 6349, value: 
key: 524193, value: 
key: 119063, value: 
key: 415877, value: 
key: 61049, value: 
key: 361864, value: 
key: 160915, value: 
key: 192163, value: 
key: 438124, value: 
key: 123529, value: 
key: 282912, value: 
key: 494500, value: 
key: 178123, value: 
key: 42394, value: 
key: 132042, value: 
key: 679099, value: 
key: 339425, value: 
key: 254908, value: 
key: 821674, value: 
key: 298904, value: 
key: 72171, value: 
key: 613291, value: 
key: 566229, value: 
key: 289045, value: 
key: 787156, value: 
key: 27359, value: 
key: 588227, value: 
key: 127895, value: 
key: 34311, value: 
key: 951335, value: 
key: 302230, value: 
key: 793742, value: 
key: 7380, value: 
key: 81533, value: 
key: 850977, value: 
key: 4466, value: 
key: 29065, value: 
key: 170398, value: 
key: 658384, value: 
key: 262129, value: 
key: 11628, value: 
key: 352677, value: 
key: 78847, value: 
key: 501990, value: 
key: 309879, value: 
key: 83991, value: 
key: 95110, value: 
key: 840987, value: 
key: 779894, value: 
key: 149338, value: 
key: 98391, value: 
key: 915832, value: 
key: 540757, value: 
key: 349396, value: 
key: 176934, value: 
key: 146584, value: 
key: 634991, value: 
key: 192688, value: 
key: 622936, value: 
key: 221340, value: 
key: 645353, value: 
key: 242066, value: 
key: 203357, value: 
key: 61025, value: 
key: 400783, value: 
key: 120713, value: 
key: 456553, value: 
key: 64613, value: 
key: 16191, value: 
key: 376, value: 
key: 126560, value: 
key: 242028, value: 
key: 941938, value: 
key: 434768, value: 
key: 145112, value: 
key: 148188, value: 
key: 455332, value: 
key: 22970, value: 
key: 736374, value: 
key: 713933, value: 
key: 892230, value: 
key: 100470, value: 
key: 522830, value: 
key: 374639, value: 
key: 292658, value: 
key: 165749, value: 
key: 647562, value: 
key: 58661, value: 
key: 881771, value: 
key: 341330, value: 
key: 803690, value: 
key: 71666, value: 
key: 520283, value: 
key: 232892, value: 
key: 23131, value: 
key: 246918, value: 
key: 78496, value: 
key: 1399, value: 
key: 129930, value: 
key: 67539, value: 
key: 804800, value: 
key: 486008, value: 
key: 482088, value: 
key: 52302, value: 
key: 8253, value: 
key: 366098, value: 
key: 21274, value: 
key: 8352, value: 
key: 702164, value: 
key: 131746, value: 
key: 611972, value: 
key: 135139, value: 
key: 291310, value: 
key: 738543, value: 
key: 660280, value: 
key: 910549, value: 
key: 163857, value: 
key: 925015, value: 
key: 506830, value: 
key: 565565, value: 
key: 940223, value: 
key: 301453, value: 
key: 94832, value: 
key: 880341, value: 
key: 245997, value: 
key: 39554, value: 
key: 921929, value: 
key: 424286, value: 
key: 9957, value: 
key: 571300, value: 
key: 809904, value: 
key: 60860, value: 
key: 540838, value: 
key: 53545, value: 
key: 751045, value: 
key: 993797, value: 
key: 167431, value: 
key: 63520, value: 
key: 251297, value: 
key: 18049, value: 
key: 642198, value: 
key: 31350, value: 
key: 97639, value: 
key: 365556, value: 
key: 102953, value: 
key: 756152, value: 
key: 565297, value: 
key: 801917, value: 
key: 709855, value: 
key: 68222, value: 
key: 733766, value: 
key: 316422, value: 
key: 354141, value: 
key: 136, value: 
key: 151359, value: 
key: 20123, value: 
key: 34630, value: 
key: 199876, value: 
key: 81115, value: 
key: 284767, value: 
key: 4518, value: 
key: 366737, value: 
key: 452519, value: 
key: 128832, value: 
key: 983015, value: 
key: 18953, value: 
key: 948955, value: 
key: 564997, value: 
key: 14988, value: 
key: 819705, value: 
key: 2765, value: 
key: 13222, value: 
key: 557717, value: 
key: 412085, value: 
key: 553571, value: 
key: 48651, value: 
key: 532271, value: 
key: 14201, value: 
key: 781055, value: 
key: 153362, value: 
key: 49342, value: 
key: 239703, value: 
key: 144089, value: 
key: 834430, value: 
key: 258935, value: 
key: 4163, value: 
key: 881320, value: 
key: 223281, value: 
key: 350510, value: 
key: 82527, value: 
key: 91644, value: 
key: 253259, value: 
key: 682688, value: 
key: 413622, value: 
key: 296306, value: 
key: 679770, value: 
key: 680008, value: 
key: 123662, value: 
key: 125318, value: 
key: 149178, value: 
key: 204819, value: 
key: 678276, value: 
key: 301523, value: 
key: 40233, value: 
key: 237024, value: 
key: 248, value: 
key: 641319, value: 
key: 828934, value: 
key: 17446, value: 
key: 270234, value: 
key: 883294, value: 
key: 97367, value: 
key: 32207, value: 
key: 740276, value: 
key: 42497, value: 
key: 75451, value: 
key: 919711, value: 
key: 12423, value: 
key: 35503, value: 
key: 140281, value: 
key: 857558, value: 
key: 78225, value: 
key: 20574, value: 
key: 188948, value: 
key: 376590, value: 
key: 233187, value: 
key: 1962, value: 
key: 24415, value: 
key: 569439, value: 
key: 612159, value: 
key: 568126, value: 
key: 841304, value: 
key: 383974, value: 
key: 220664, value: 
key: 948225, value: 
key: 124256, value: 
key: 95060, value: 
key: 765240, value: 
key: 790987, value: 
key: 98881, value: 
key: 421856, value: 
key: 542445, value: 
key: 98469, value: 
key: 330268, value: 
key: 108418, value: 
key: 12865, value: 
key: 151531, value: 
key: 731003, value: 
key: 515355, value: 
key: 929404, value: 
key: 237833, value: 
key: 832317, value: 
key: 129880, value: 
key: 16786, value: 
key: 553777, value: 
key: 980113, value: 
key: 21188, value: 
key: 97710, value: 
key: 30043, value: 
key: 575850, value: 
key: 55299, value: 
key: 30959, value: 
key: 491587, value: 
key: 659930, value: 
key: 828163, value: 
key: 611190, value: 
key: 4491, value: 
key: 65795, value: 
key: 327619, value: 
key: 205371, value: 
key: 941442, value: 
key: 579548, value: 
key: 69027, value: 
key: 571120, value: 
key: 963093, value: 
key: 887203, value: 
key: 684587, value: 
key: 111094, value: 
key: 213880, value: 
key: 237585, value: 
key: 31802, value: 
key: 495271, value: 
key: 226570, value: 
key: 265403, value: 
key: 241979, value: 
key: 31888, value: 
key: 24927, value: 
key: 6020, value: 
key: 101554, value: 
key: 508263, value: 
key: 528878, value: 
key: 444293, value: 
key: 204369, value: 
key: 350101, value: 
key: 19596, value: 
key: 99420, value: 
key: 21069, value: 
key: 905060, value: 
key: 16621, value: 
key: 29856, value: 
key: 712316, value: 
key: 669007, value: 
key: 136949, value: 
key: 137957, value: 
key: 872382, value: 
key: 1722, value: 
key: 152141, value: 
key: 610681, value: 
key: 275729, value: 
key: 205283, value: 
key: 561248, value: 
key: 565257, value: 
key: 487603, value: 
key: 578697, value: 
key: 10061, value: 
key: 303093, value: 
key: 74076, value: 
key: 683821, value: 
key: 118022, value: 
key: 848228, value: 
key: 26932, value: 
key: 177508, value: 
key: 614182, value: 
key: 163390, value: 
key: 17570, value: 
key: 592, value: 
key: 220703, value: 
key: 148342, value: 
key: 171797, value: 
key: 432603, value: 
key: 198945, value: 
key: 29384, value: 
key: 238168, value: 
key: 196875, value: 
key: 601458, value: 
key: 614858, value: 
key: 161428, value: 
key: 21755, value: 
key: 41401, value: 
key: 210751, value: 
key: 56984, value: 
key: 888987, value: 
key: 294317, value: 
key: 564315, value: 
key: 622686, value: 
key: 292238, value: 
key: 26468, value: 
key: 161116, value: 
key: 18861, value: 
key: 6912, value: 
key: 12173, value: 
key: 478061, value: 
key: 138352, value: 
key: 516295, value: 
key: 398183, value: 
key: 106935, value: 
key: 606578, value: 
key: 868, value: 
key: 125839, value: 
key: 59077, value: 
key: 34885, value: 
key: 721626, value: 
key: 91235, value: 
key: 11945, value: 
key: 216520, value: 
key: 5555, value: 
key: 140564, value: 
key: 306919, value: 
key: 4411, value: 
key: 890056, value: 
key: 312163, value: 
key: 415138, value: 
key: 164760, value: 
key: 355720, value: 
key: 16959, value: 
key: 997085, value: 
key: 194505, value: 
key: 288541, value: 
key: 2198, value: 
key: 236685, value: 
key: 268017, value: 
key: 239833, value: 
key: 519191, value: 
key: 32636, value: 
key: 360999, value: 
key: 767312, value: 
key: 349082, value: 
key: 27371, value: 
key: 12845, value: 
key: 24750, value: 
key: 139355, value: 
key: 126988, value: 
key: 834173, value: 
key: 1919, value: 
key: 449661, value: 
key: 658331, value: 
key: 74061, value: 
key: 602965, value: 
key: 474391, value: 
key: 13943, value: 
key: 88134, value: 
key: 507307, value: 
key: 8291, value: 
key: 285962, value: 
key: 487607, value: 
key: 191313, value: 
key: 2066, value: 
key: 66178, value: 
key: 949769, value: 
key: 570118, value: 
key: 437516, value: 
key: 898142, value: 
key: 749901, value: 
key: 60512, value: 
key: 71783, value: 
key: 813675, value: 
key: 380638, value: 
key: 25294, value: 
key: 934138, value: 
key: 433949, value: 
key: 14072, value: 
key: 184081, value: 
key: 180928, value: 
key: 603023, value: 
key: 81412, value: 
key: 43171, value: 
key: 699842, value: 
key: 559234, value: 
key: 38119, value: 
key: 35352, value: 
key: 191481, value: 
key: 37475, value: 
key: 92919, value: 
key: 966348, value: 
key: 299736, value: 
key: 471622, value: 
key: 448345, value: 
key: 317320, value: 
key: 255350, value: 
key: 3430, value: 
key: 454403, value: 
key: 997573, value: 
key: 1546, value: 
key: 772653, value: 
key: 245917, value: 
key: 16506, value: 
key: 219196, value: 
key: 665289, value: 
key: 412335, value: 
key: 17558, value: 
key: 694713, value: 
key: 590635, value: 
key: 41623, value: 
key: 77741, value: 
key: 921774, value: 
key: 1069, value: 
key: 95620, value: 
key: 716644, value: 
key: 158044, value: 
key: 351207, value: 
key: 25218, value: 
key: 27410, value: 
key: 368575, value: 
key: 300780, value: 
key: 144586, value: 
key: 49966, value: 
key: 112268, value: 
key: 70212, value: 
key: 616959, value: 
key: 587350, value: 
key: 124148, value: 
key: 86361, value: 
key: 201805, value: 
key: 244473, value: 
key: 154675, value: 
key: 80433, value: 
key: 105503, value: 
key: 819750, value: 
key: 984900, value: 
key: 154929, value: 
key: 764687, value: 
key: 746881, value: 
key: 45328, value: 
key: 437608, value: 
key: 29373, value: 
key: 2657, value: 
key: 214847, value: 
key: 644349, value: 
key: 737791, value: 
key: 1205, value: 
key: 182847, value: 
key: 392299, value: 
key: 146694, value: 
key: 1504, value: 
key: 227050, value: 
key: 933719, value: 
key: 797508, value: 
key: 739164, value: 
key: 286512, value: 
key: 746179, value: 
key: 383477, value: 
key: 461571, value: 
key: 911438, value: 
key: 666820, value: 
key: 307903, value: 
key: 226242, value: 
key: 206415, value: 
key: 573223, value: 
key: 97839, value: 
key: 743576, value: 
key: 127435, value: 
key: 725619, value: 
key: 69210, value: 
key: 138262, value: 
key: 830083, value: 
key: 535889, value: 
key: 426174, value: 
key: 582508, value: 
key: 337485, value: 
key: 735881, value: 
key: 376693, value: 
key: 143985, value: 
key: 5270, value: 
key: 254355, value: 
key: 536202, value: 
key: 601676, value: 
key: 534574, value: 
key: 600118, value: 
key: 874896, value: 
key: 167479, value: 
key: 131292, value: 
key: 24266, value: 
key: 48596, value: 
key: 317005, value: 
key: 89629, value: 
key: 86431, value: 
key: 21207, value: 
key: 105602, value: 
key: 1373, value: 
key: 175887, value: 
key: 33602, value: 
key: 719076, value: 
key: 16607, value: 
key: 833440, value: 
key: 359863, value: 
key: 315034, value: 
key: 448640, value: 
key: 47490, value: 
key: 548166, value: 
key: 243568, value: 
key: 613121, value: 
key: 1278, value: 
key: 20471, value: 
key: 428026, value: 
key: 611464, value: 
key: 761253, value: 
key: 4275, value: 
key: 151520, value: 
key: 283328, value: 
key: 990835, value: 
key: 460727, value: 
key: 4910, value: 
key: 118756, value: 
key: 309200, value: 
key: 71835, value: 
key: 147754, value: 
key: 694041, value: 
key: 12393, value: 
key: 630302, value: 
key: 267302, value: 
key: 376651, value: 
key: 188612, value: 
key: 293745, value: 
key: 839699, value: 
key: 344658, value: 
key: 68141, value: 
key: 509655, value: 
key: 412922, value: 
key: 286354, value: 
key: 144991, value: 
key: 689012, value: 
key: 6084, value: 
key: 712200, value: 
key: 74452, value: 
key: 228750, value: 
key: 263706, value: 
key: 26420, value: 
key: 50920, value: 
key: 381886, value: 
key: 99734, value: 
key: 119092, value: 
key: 683939, value: 
key: 321, value: 
key: 2518, value: 
key: 113825, value: 
key: 72937, value: 
key: 889940, value: 
key: 986230, value: 
key: 208026, value: 
key: 462701, value: 
key: 371892, value: 
key: 103013, value: 
key: 279648, value: 
key: 664349, value: 
key: 3638, value: 
key: 148337, value: 
key: 724214, value: 
key: 244408, value: 
key: 109686, value: 
key: 539896, value: 
key: 148395, value: 
key: 867405, value: 
key: 532749, value: 
key: 215510, value: 
key: 785042, value: 
key: 402765, value: 
key: 153650, value: 
key: 12304, value: 
key: 284813, value: 
key: 844820, value: 
key: 43142, value: 
key: 78621, value: 
key: 329996, value: 
key: 234621, value: 
key: 92533, value: 
key: 123035, value: 
key: 848996, value: 
key: 968904, value: 
get/s 0.00
put/s 0.00
aborts/s 0.00
ops/s 0.00

key: 257255, value: 
key: 42271, value: 
key: 470043, value: 
key: 262662, value: 
key: 30034, value: 
key: 25892, value: 
key: 422000, value: 
key: 835901, value: 
key: 344517, value: 
key: 291512, value: 
key: 467182, value: 
key: 21182, value: 
key: 9861, value: 
key: 254982, value: 
key: 59738, value: 
key: 28798, value: 
key: 77543, value: 
key: 11174, value: 
key: 250805, value: 
key: 862219, value: 
key: 725754, value: 
key: 588508, value: 
key: 26004, value: 
key: 186269, value: 
key: 72490, value: 
key: 16016, value: 
key: 899693, value: 
key: 20642, value: 
key: 998507, value: 
key: 237677, value: 
key: 46259, value: 
key: 795401, value: 
key: 218953, value: 
key: 312758, value: 
key: 838986, value: 
key: 448332, value: 
key: 438076, value: 
key: 387840, value: 
key: 741792, value: 
key: 13170, value: 
key: 626392, value: 
key: 942049, value: 
key: 483904, value: 
key: 950723, value: 
key: 38948, value: 
key: 15585, value: 
key: 5328, value: 
key: 112233, value: 
key: 134453, value: 
key: 4154, value: 
key: 3775, value: 
key: 378578, value: 
key: 24, value: 
key: 746232, value: 
key: 409399, value: 
key: 177960, value: 
key: 84897, value: 
key: 486381, value: 
key: 492171, value: 
key: 628402, value: 
key: 69773, value: 
key: 4053, value: 
key: 938352, value: 
key: 364414, value: 
key: 5256, value: 
key: 936057, value: 
key: 287784, value: 
key: 118563, value: 
key: 538127, value: 
key: 523884, value: 
key: 250467, value: 
key: 508803, value: 
key: 662932, value: 
key: 185727, value: 
key: 143709, value: 
key: 677787, value: 
key: 204969, value: 
key: 723747, value: 
key: 15145, value: 
key: 26585, value: 
key: 29117, value: 
key: 391207, value: 
key: 694346, value: 
key: 784214, value: 
key: 18809, value: 
key: 175364, value: 
key: 8264, value: 
key: 23184, value: 
key: 130918, value: 
key: 3872, value: 
key: 83342, value: 
key: 784500, value: 
key: 598440, value: 
key: 3555, value: 
key: 994253, value: 
key: 18801, value: 
key: 711289, value: 
key: 348841, value: 
key: 267830, value: 
key: 273471, value: 
key: 38450, value: 
key: 998705, value: 
key: 405225, value: 
key: 838744, value: 
key: 48169, value: 
key: 140021, value: 
key: 18106, value: 
key: 857822, value: 
key: 487979, value: 
key: 662446, value: 
key: 12359, value: 
key: 669917, value: 
key: 31785, value: 
key: 122074, value: 
key: 499583, value: 
key: 420613, value: 
key: 61737, value: 
key: 842664, value: 
key: 2176, value: 
key: 16593, value: 
key: 64297, value: 
key: 191403, value: 
key: 963451, value: 
key: 508304, value: 
key: 230670, value: 
key: 331568, value: 
key: 20772, value: 
key: 585710, value: 
key: 302234, value: 
key: 3278, value: 
key: 865656, value: 
key: 623180, value: 
key: 596653, value: 
key: 486123, value: 
key: 443146, value: 
key: 274380, value: 
key: 147622, value: 
key: 841599, value: 
key: 910989, value: 
key: 504247, value: 
key: 94816, value: 
key: 552482, value: 
key: 555715, value: 
key: 718895, value: 
key: 1287, value: 
key: 888880, value: 
key: 220501, value: 
key: 722540, value: 
key: 96276, value: 
key: 630429, value: 
key: 123530, value: 
key: 428774, value: 
key: 292162, value: 
key: 339070, value: 
key: 189660, value: 
key: 59121, value: 
key: 887861, value: 
key: 534305, value: 
key: 8635, value: 
key: 340696, value: 
key: 219701, value: 
key: 390196, value: 
key: 1308, value: 
key: 587424, value: 
key: 199100, value: 
key: 717814, value: 
key: 10269, value: 
key: 43605, value: 
key: 28419, value: 
key: 423379, value: 
key: 198987, value: 
key: 442943, value: 
key: 152181, value: 
key: 94395, value: 
key: 515472, value: 
key: 248374, value: 
key: 167875, value: 
key: 739481, value: 
key: 12825, value: 
key: 317643, value: 
key: 449832, value: 
key: 71266, value: 
key: 307152, value: 
key: 177281, value: 
key: 639783, value: 
key: 90065, value: 
key: 764900, value: 
key: 577834, value: 
key: 503394, value: 
key: 406761, value: 
key: 6116, value: 
key: 493549, value: 
key: 122326, value: 
key: 5364, value: 
key: 15244, value: 
key: 904993, value: 
key: 308311, value: 
key: 36214, value: 
key: 836540, value: 
key: 440538, value: 
key: 691408, value: 
key: 33448, value: 
key: 205087, value: 
key: 184285, value: 
key: 477534, value: 
key: 38278, value: 
key: 378345, value: 
key: 61029, value: 
key: 20431, value: 
key: 795265, value: 
key: 45090, value: 
key: 725013, value: 
key: 13361, value: 
key: 914053, value: 
key: 595256, value: 
key: 53536, value: 
key: 547811, value: 
key: 333276, value: 
key: 182070, value: 
key: 18803, value: 
key: 195463, value: 
key: 193720, value: 
key: 640880, value: 
key: 19817, value: 
key: 551782, value: 
key: 888398, value: 
key: 49140, value: 
key: 172628, value: 
key: 43500, value: 
key: 854289, value: 
key: 69687, value: 
key: 40639, value: 
key: 189282, value: 
key: 826952, value: 
key: 286657, value: 
key: 306131, value: 
key: 898740, value: 
key: 88194, value: 
key: 71936, value: 
key: 28695, value: 
key: 373102, value: 
key: 422749, value: 
key: 94599, value: 
key: 442453, value: 
key: 34108, value: 
key: 13352, value: 
key: 680251, value: 
key: 3876, value: 
key: 213673, value: 
key: 206141, value: 
key: 50995, value: 
key: 3799, value: 
key: 109886, value: 
key: 212340, value: 
key: 61614, value: 
key: 807681, value: 
key: 13626, value: 
key: 498274, value: 
key: 26910, value: 
key: 420828, value: 
key: 164997, value: 
key: 25681, value: 
key: 23665, value: 
key: 369778, value: 
key: 212160, value: 
key: 30364, value: 
key: 28893, value: 
key: 790329, value: 
key: 886673, value: 
key: 149941, value: 
key: 4390, value: 
key: 102038, value: 
key: 692025, value: 
key: 985527, value: 
key: 721411, value: 
key: 23478, value: 
key: 137830, value: 
key: 92328, value: 
key: 26015, value: 
key: 47016, value: 
key: 474670, value: 
key: 138309, value: 
key: 558794, value: 
key: 539672, value: 
key: 541846, value: 
key: 839703, value: 
key: 661195, value: 
key: 723107, value: 
key: 73675, value: 
key: 876779, value: 
key: 807159, value: 
key: 337469, value: 
key: 378167, value: 
key: 823834, value: 
key: 247566, value: 
key: 55527, value: 
key: 619978, value: 
key: 148551, value: 
key: 933638, value: 
key: 630760, value: 
key: 27605, value: 
key: 268903, value: 
key: 222453, value: 
key: 12616, value: 
key: 713146, value: 
key: 869791, value: 
key: 706672, value: 
key: 477983, value: 
key: 508784, value: 
key: 808464, value: 
key: 579885, value: 
key: 9515, value: 
key: 37682, value: 
key: 102157, value: 
key: 793708, value: 
key: 945756, value: 
key: 562542, value: 
key: 385358, value: 
key: 421399, value: 
key: 703176, value: 
key: 898218, value: 
key: 65069, value: 
key: 879927, value: 
key: 19473, value: 
key: 244022, value: 
key: 404138, value: 
key: 58173, value: 
key: 6901, value: 
key: 855392, value: 
key: 839145, value: 
key: 16751, value: 
key: 399517, value: 
key: 19299, value: 
key: 13, value: 
key: 847380, value: 
key: 661672, value: 
key: 562236, value: 
key: 366854, value: 
key: 3939, value: 
key: 192361, value: 
key: 2088, value: 
key: 320834, value: 
key: 568942, value: 
key: 228556, value: 
key: 348896, value: 
key: 500469, value: 
key: 5588, value: 
key: 742146, value: 
key: 374, value: 
key: 855664, value: 
key: 10083, value: 
key: 893411, value: 
key: 735597, value: 
key: 35620, value: 
key: 246705, value: 
key: 11963, value: 
key: 901428, value: 
key: 272030, value: 
key: 477703, value: 
key: 551278, value: 
key: 328678, value: 
key: 437006, value: 
key: 489957, value: 
key: 507279, value: 
key: 190556, value: 
key: 440891, value: 
key: 624015, value: 
key: 252917, value: 
key: 738938, value: 
key: 250319, value: 
key: 344335, value: 
key: 13064, value: 
key: 649609, value: 
key: 284, value: 
key: 675952, value: 
key: 305235, value: 
key: 391887, value: 
key: 377171, value: 
key: 24220, value: 
key: 574419, value: 
key: 366216, value: 
key: 38982, value: 
key: 726672, value: 
key: 669041, value: 
key: 516125, value: 
key: 606868, value: 
key: 983699, value: 
key: 635321, value: 
key: 604013, value: 
key: 38591, value: 
key: 568920, value: 
key: 150622, value: 
key: 351717, value: 
key: 233682, value: 
key: 44952, value: 
key: 165286, value: 
key: 117122, value: 
key: 125853, value: 
key: 830164, value: 
key: 772, value: 
key: 205296, value: 
key: 94164, value: 
key: 81153, value: 
key: 462204, value: 
key: 403779, value: 
key: 949251, value: 
key: 215084, value: 
key: 640954, value: 
key: 34382, value: 
key: 137975, value: 
key: 366553, value: 
key: 80028, value: 
key: 451723, value: 
key: 555551, value: 
key: 223197, value: 
key: 675149, value: 
key: 562553, value: 
key: 974590, value: 
key: 343189, value: 
key: 529482, value: 
key: 238887, value: 
key: 390114, value: 
key: 164797, value: 
key: 730730, value: 
key: 298997, value: 
key: 527219, value: 
key: 266301, value: 
key: 56263, value: 
key: 414724, value: 
key: 458441, value: 
key: 678197, value: 
key: 488390, value: 
key: 50306, value: 
key: 67825, value: 
key: 358417, value: 
key: 632825, value: 
key: 218821, value: 
key: 41485, value: 
key: 24958, value: 
key: 10032, value: 
key: 868501, value: 
key: 719221, value: 
key: 150792, value: 
key: 323482, value: 
key: 347389, value: 
key: 695464, value: 
key: 131081, value: 
key: 631943, value: 
key: 812805, value: 
key: 45371, value: 
key: 520171, value: 
key: 321914, value: 
key: 790255, value: 
key: 834760, value: 
key: 688617, value: 
key: 6682, value: 
key: 5984, value: 
key: 229920, value: 
key: 299334, value: 
key: 655185, value: 
key: 434997, value: 
key: 46749, value: 
key: 70328, value: 
key: 28008, value: 
key: 220592, value: 
key: 321406, value: 
key: 982627, value: 
key: 397593, value: 
key: 599331, value: 
key: 110978, value: 
key: 320070, value: 
key: 11910, value: 
key: 1089, value: 
key: 835206, value: 
key: 148836, value: 
key: 736329, value: 
key: 827980, value: 
key: 632751, value: 
key: 89436, value: 
key: 529073, value: 
key: 44738, value: 
key: 933889, value: 
key: 478197, value: 
key: 436690, value: 
key: 534635, value: 
key: 186423, value: 
key: 500472, value: 
key: 401461, value: 
key: 404998, value: 
key: 28628, value: 
key: 166827, value: 
key: 1320, value: 
key: 4075, value: 
key: 399467, value: 
key: 47793, value: 
key: 193148, value: 
key: 66631, value: 
key: 82718, value: 
key: 477581, value: 
key: 931557, value: 
key: 145808, value: 
key: 45614, value: 
key: 423405, value: 
key: 1432, value: 
key: 601940, value: 
key: 48813, value: 
key: 26354, value: 
key: 97792, value: 
key: 816564, value: 
key: 473242, value: 
key: 164715, value: 
key: 110275, value: 
key: 49926, value: 
key: 941, value: 
key: 80503, value: 
key: 366645, value: 
key: 856429, value: 
key: 176442, value: 
key: 211877, value: 
key: 438982, value: 
key: 25928, value: 
key: 246523, value: 
key: 9050, value: 
key: 29720, value: 
key: 300715, value: 
key: 691442, value: 
key: 139492, value: 
key: 273521, value: 
key: 819411, value: 
key: 412324, value: 
key: 90719, value: 
key: 576866, value: 
key: 153324, value: 
key: 727576, value: 
key: 238667, value: 
key: 868222, value: 
key: 995047, value: 
key: 75693, value: 
key: 443447, value: 
key: 77684, value: 
key: 464033, value: 
key: 321439, value: 
key: 799249, value: 
key: 55073, value: 
key: 271688, value: 
key: 436117, value: 
key: 125044, value: 
key: 389303, value: 
key: 205854, value: 
key: 850032, value: 
key: 357216, value: 
key: 165718, value: 
key: 563316, value: 
key: 29359, value: 
key: 938350, value: 
key: 447799, value: 
key: 139869, value: 
key: 270254, value: 
key: 446138, value: 
key: 86617, value: 
key: 190330, value: 
key: 5399, value: 
key: 169440, value: 
key: 133795, value: 
key: 165464, value: 
key: 173090, value: 
key: 651534, value: 
key: 363680, value: 
key: 41584, value: 
key: 807867, value: 
key: 39783, value: 
key: 318934, value: 
key: 231503, value: 
key: 6251, value: 
key: 454029, value: 
key: 504760, value: 
key: 264554, value: 
key: 392655, value: 
key: 5625, value: 
key: 24273, value: 
key: 229034, value: 
key: 89650, value: 
key: 834197, value: 
key: 865926, value: 
key: 262400, value: 
key: 539120, value: 
key: 605690, value: 
key: 340438, value: 
key: 171519, value: 
key: 44239, value: 
key: 6255, value: 
key: 39206, value: 
key: 383073, value: 
key: 88716, value: 
key: 137535, value: 
key: 134660, value: 
key: 280488, value: 
key: 536105, value: 
key: 107271, value: 
key: 708487, value: 
key: 79101, value: 
key: 38344, value: 
key: 19161, value: 
key: 10717, value: 
key: 252782, value: 
key: 147453, value: 
key: 376051, value: 
key: 753771, value: 
key: 72292, value: 
key: 829113, value: 
key: 98869, value: 
key: 171166, value: 
key: 481911, value: 
key: 179049, value: 
key: 139595, value: 
key: 336000, value: 
key: 740038, value: 
key: 25315, value: 
key: 191858, value: 
key: 544931, value: 
key: 282710, value: 
key: 504324, value: 
key: 525626, value: 
key: 726144, value: 
key: 664033, value: 
key: 177230, value: 
key: 268709, value: 
key: 967808, value: 
key: 79062, value: 
key: 733133, value: 
key: 429092, value: 
key: 346180, value: 
key: 103510, value: 
key: 977737, value: 
key: 167563, value: 
key: 361644, value: 
key: 31549, value: 
key: 864367, value: 
key: 779667, value: 
key: 21052, value: 
key: 574370, value: 
key: 292096, value: 
key: 963983, value: 
key: 861333, value: 
key: 103705, value: 
key: 613019, value: 
key: 814670, value: 
key: 95730, value: 
key: 268264, value: 
key: 292225, value: 
key: 152693, value: 
key: 978211, value: 
key: 442415, value: 
key: 67276, value: 
key: 721664, value: 
key: 199333, value: 
key: 140940, value: 
key: 894018, value: 
key: 984791, value: 
key: 178048, value: 
key: 47670, value: 
key: 5571, value: 
key: 437617, value: 
key: 139681, value: 
key: 253622, value: 
key: 4655, value: 
key: 526478, value: 
key: 26828, value: 
key: 465513, value: 
key: 46846, value: 
key: 392545, value: 
key: 314684, value: 
key: 192853, value: 
key: 953564, value: 
key: 210692, value: 
key: 868884, value: 
key: 140252, value: 
key: 372383, value: 
key: 712547, value: 
key: 712570, value: 
key: 293082, value: 
key: 816584, value: 
key: 294311, value: 
key: 2871, value: 
key: 154851, value: 
key: 431343, value: 
key: 797052, value: 
key: 62, value: 
key: 11769, value: 
key: 129, value: 
key: 123811, value: 
key: 899958, value: 
key: 465434, value: 
key: 226631, value: 
key: 358640, value: 
key: 63568, value: 
key: 963288, value: 
key: 397993, value: 
key: 326692, value: 
key: 236557, value: 
key: 976796, value: 
key: 71020, value: 
key: 327462, value: 
key: 201513, value: 
key: 595649, value: 
key: 979533, value: 
key: 171333, value: 
key: 401153, value: 
key: 795050, value: 
key: 31545, value: 
key: 828419, value: 
key: 351807, value: 
key: 60688, value: 
key: 438975, value: 
key: 121749, value: 
key: 449511, value: 
key: 337234, value: 
key: 13563, value: 
key: 501824, value: 
key: 436904, value: 
key: 6666, value: 
key: 632685, value: 
key: 668592, value: 
key: 312055, value: 
key: 109752, value: 
key: 230052, value: 
key: 86619, value: 
key: 422059, value: 
key: 696551, value: 
key: 197775, value: 
key: 492429, value: 
key: 62886, value: 
key: 939344, value: 
key: 918428, value: 
key: 251549, value: 
key: 534198, value: 
key: 307444, value: 
key: 37110, value: 
key: 931944, value: 
key: 25991, value: 
key: 624345, value: 
key: 348177, value: 
key: 618454, value: 
key: 4592, value: 
key: 195739, value: 
key: 970455, value: 
key: 770934, value: 
key: 86668, value: 
key: 130477, value: 
key: 384728, value: 
key: 126751, value: 
key: 92621, value: 
key: 701927, value: 
key: 52652, value: 
key: 302003, value: 
key: 186120, value: 
key: 891572, value: 
key: 222635, value: 
key: 23737, value: 
key: 36872, value: 
key: 216539, value: 
key: 43959, value: 
key: 923062, value: 
key: 268961, value: 
key: 97134, value: 
key: 616517, value: 
key: 495244, value: 
key: 266916, value: 
key: 234669, value: 
key: 46338, value: 
key: 312, value: 
key: 9436, value: 
key: 377306, value: 
key: 2062, value: 
key: 312633, value: 
key: 2000, value: 
key: 605315, value: 
key: 440534, value: 
key: 34755, value: 
key: 810232, value: 
key: 343178, value: 
key: 62734, value: 
key: 6082, value: 
key: 47418, value: 
key: 74850, value: 
key: 319362, value: 
key: 765464, value: 
key: 385240, value: 
key: 129992, value: 
key: 671583, value: 
key: 444604, value: 
key: 341769, value: 
key: 52519, value: 
key: 623070, value: 
key: 33156, value: 
key: 857567, value: 
key: 116222, value: 
key: 712008, value: 
key: 32555, value: 
key: 53936, value: 
key: 317814, value: 
key: 130482, value: 
key: 166539, value: 
key: 178152, value: 
key: 30579, value: 
key: 644037, value: 
key: 807319, value: 
key: 332114, value: 
key: 1801, value: 
key: 398099, value: 
key: 509543, value: 
key: 3661, value: 
key: 569372, value: 
key: 15938, value: 
key: 752804, value: 
key: 3818, value: 
key: 27005, value: 
key: 118099, value: 
key: 311359, value: 
key: 644716, value: 
key: 212436, value: 
key: 859730, value: 
key: 151148, value: 
key: 86972, value: 
key: 300881, value: 
key: 350781, value: 
key: 41030, value: 
key: 137630, value: 
key: 96946, value: 
key: 91622, value: 
key: 41665, value: 
key: 328843, value: 
key: 35905, value: 
key: 105475, value: 
key: 209391, value: 
key: 137272, value: 
key: 262431, value: 
key: 228356, value: 
key: 463612, value: 
key: 91697, value: 
key: 256856, value: 
key: 756761, value: 
key: 56052, value: 
key: 5627, value: 
key: 538444, value: 
key: 218670, value: 
key: 564555, value: 
key: 9207, value: 
key: 162737, value: 
key: 574068, value: 
key: 285614, value: 
key: 375748, value: 
key: 621900, value: 
key: 940298, value: 
key: 685177, value: 
key: 729091, value: 
key: 747039, value: 
key: 398228, value: 
key: 674984, value: 
key: 862536, value: 
key: 8275, value: 
key: 323680, value: 
key: 42246, value: 
key: 824837, value: 
key: 99505, value: 
key: 646477, value: 
key: 552875, value: 
key: 766498, value: 
key: 125196, value: 
key: 359319, value: 
key: 292661, value: 
key: 231464, value: 
key: 463065, value: 
key: 368795, value: 
key: 737067, value: 
key: 7483, value: 
key: 139090, value: 
key: 403496, value: 
key: 744054, value: 
key: 108533, value: 
key: 276430, value: 
key: 509851, value: 
key: 59585, value: 
key: 161145, value: 
key: 239589, value: 
key: 493716, value: 
key: 351706, value: 
key: 769172, value: 
key: 19228, value: 
key: 312334, value: 
key: 59976, value: 
key: 752095, value: 
key: 3412, value: 
key: 572851, value: 
key: 460725, value: 
key: 147970, value: 
key: 56377, value: 
key: 28433, value: 
key: 856807, value: 
key: 584410, value: 
key: 237820, value: 
key: 695293, value: 
key: 454014, value: 
key: 305833, value: 
key: 119856, value: 
key: 261072, value: 
key: 25854, value: 
key: 796011, value: 
key: 607328, value: 
key: 79019, value: 
key: 734710, value: 
key: 554332, value: 
key: 512992, value: 
key: 354901, value: 
key: 743345, value: 
key: 947705, value: 
key: 217602, value: 
key: 25861, value: 
key: 42132, value: 
key: 403771, value: 
key: 533201, value: 
key: 150581, value: 
key: 844439, value: 
key: 504212, value: 
key: 51703, value: 
key: 110196, value: 
key: 746999, value: 
key: 360010, value: 
key: 533504, value: 
key: 5461, value: 
key: 391003, value: 
key: 750794, value: 
key: 169332, value: 
key: 83913, value: 
key: 421786, value: 
key: 617370, value: 
key: 261874, value: 
key: 161589, value: 
key: 73206, value: 
key: 279877, value: 
key: 226837, value: 
key: 255949, value: 
key: 740247, value: 
key: 383585, value: 
key: 100768, value: 
key: 535623, value: 
key: 237279, value: 
key: 46954, value: 
key: 312495, value: 
key: 291446, value: 
key: 108607, value: 
key: 113995, value: 
key: 6051, value: 
key: 86547, value: 
key: 767848, value: 
key: 132093, value: 
key: 112141, value: 
key: 271626, value: 
key: 961781, value: 
key: 226020, value: 
key: 438120, value: 
key: 654113, value: 
key: 849364, value: 
key: 268127, value: 
key: 585758, value: 
key: 14580, value: 
key: 787549, value: 
key: 880077, value: 
key: 183389, value: 
key: 20686, value: 
key: 603245, value: 
key: 3256, value: 
key: 222909, value: 
key: 400093, value: 
key: 302537, value: 
key: 805548, value: 
key: 325554, value: 
key: 27692, value: 
key: 164234, value: 
key: 212872, value: 
key: 907516, value: 
key: 639129, value: 
key: 11743, value: 
key: 80200, value: 
key: 401409, value: 
key: 127471, value: 
key: 27865, value: 
key: 706401, value: 
key: 549729, value: 
key: 792570, value: 
key: 823786, value: 
key: 365237, value: 
key: 93633, value: 
key: 97857, value: 
key: 355144, value: 
key: 64958, value: 
key: 383413, value: 
key: 791766, value: 
key: 598172, value: 
key: 340685, value: 
key: 900074, value: 
key: 396268, value: 
key: 615730, value: 
key: 974079, value: 
key: 45397, value: 
key: 10171, value: 
key: 89557, value: 
key: 17806, value: 
key: 499077, value: 
key: 848457, value: 
key: 506836, value: 
key: 83018, value: 
key: 2918, value: 
key: 709279, value: 
key: 20516, value: 
key: 370471, value: 
key: 446477, value: 
key: 10665, value: 
key: 857912, value: 
key: 99901, value: 
key: 860323, value: 
key: 644505, value: 
key: 29610, value: 
key: 798635, value: 
key: 4622, value: 
key: 501378, value: 
key: 216816, value: 
key: 2525, value: 
key: 869304, value: 
key: 729932, value: 
key: 455020, value: 
key: 610601, value: 
key: 811365, value: 
key: 454924, value: 
key: 29771, value: 
key: 517872, value: 
key: 93817, value: 
key: 448, value: 
key: 10254, value: 
key: 22680, value: 
key: 262279, value: 
key: 599861, value: 
key: 694030, value: 
key: 285342, value: 
key: 562906, value: 
key: 875806, value: 
key: 854416, value: 
key: 245636, value: 
key: 39181, value: 
key: 227850, value: 
key: 27180, value: 
key: 489876, value: 
key: 324719, value: 
key: 170871, value: 
key: 338846, value: 
key: 79590, value: 
key: 627470, value: 
key: 164081, value: 
key: 602200, value: 
key: 101662, value: 
key: 11134, value: 
key: 766931, value: 
key: 772084, value: 
key: 54607, value: 
key: 585499, value: 
key: 972914, value: 
key: 378932, value: 
key: 230490, value: 
key: 779182, value: 
key: 70629, value: 
key: 866972, value: 
key: 61551, value: 
key: 691329, value: 
key: 198529, value: 
key: 200521, value: 
key: 347068, value: 
key: 282282, value: 
key: 522003, value: 
key: 661894, value: 
key: 710879, value: 
key: 849755, value: 
key: 15372, value: 
key: 2811, value: 
key: 80282, value: 
key: 837910, value: 
key: 82523, value: 
key: 459, value: 
key: 842, value: 
key: 809555, value: 
key: 106359, value: 
key: 82411, value: 
key: 186654, value: 
key: 87612, value: 
key: 459734, value: 
key: 517069, value: 
key: 1133, value: 
key: 277725, value: 
key: 152112, value: 
key: 42769, value: 
key: 915692, value: 
key: 275570, value: 
key: 626235, value: 
key: 831572, value: 
key: 162971, value: 
key: 31778, value: 
key: 191300, value: 
key: 104443, value: 
key: 53453, value: 
key: 216067, value: 
key: 855743, value: 
key: 63397, value: 
key: 559984, value: 
key: 126865, value: 
key: 173117, value: 
key: 873725, value: 
key: 913722, value: 
key: 654889, value: 
key: 50405, value: 
key: 569824, value: 
key: 309451, value: 
key: 167855, value: 
key: 904663, value: 
key: 812285, value: 
key: 75448, value: 
key: 41274, value: 
key: 898168, value: 
key: 78175, value: 
key: 42901, value: 
key: 69616, value: 
key: 6949, value: 
key: 151533, value: 
key: 5849, value: 
key: 529518, value: 
key: 35862, value: 
key: 620365, value: 
key: 566005, value: 
key: 806446, value: 
key: 369945, value: 
key: 10243, value: 
key: 16074, value: 
key: 574583, value: 
key: 61368, value: 
key: 447137, value: 
key: 222653, value: 
key: 96726, value: 
key: 956129, value: 
key: 141190, value: 
key: 438997, value: 
key: 6110, value: 
key: 787844, value: 
key: 103390, value: 
key: 8015, value: 
key: 397737, value: 
key: 9939, value: 
key: 743, value: 
key: 377649, value: 
key: 4929, value: 
key: 166034, value: 
key: 480525, value: 
key: 777199, value: 
key: 354125, value: 
key: 881162, value: 
key: 86075, value: 
key: 747903, value: 
key: 35714, value: 
key: 337478, value: 
key: 716505, value: 
key: 442787, value: 
key: 89904, value: 
key: 205542, value: 
key: 113786, value: 
key: 63126, value: 
key: 218555, value: 
key: 185408, value: 
key: 352033, value: 
key: 48417, value: 
key: 977100, value: 
key: 137791, value: 
key: 971405, value: 
key: 47614, value: 
key: 795124, value: 
key: 925657, value: 
key: 441809, value: 
key: 605249, value: 
key: 128757, value: 
key: 925338, value: 
key: 722504, value: 
key: 781783, value: 
key: 752862, value: 
key: 278692, value: 
key: 807506, value: 
key: 853253, value: 
key: 450966, value: 
key: 470096, value: 
key: 186922, value: 
key: 73248, value: 
key: 11725, value: 
key: 454218, value: 
key: 241872, value: 
key: 590671, value: 
key: 127905, value: 
key: 191809, value: 
key: 637462, value: 
key: 1775, value: 
key: 880435, value: 
key: 39235, value: 
key: 461193, value: 
key: 909264, value: 
key: 474157, value: 
key: 40309, value: 
key: 34061, value: 
key: 72696, value: 
key: 129307, value: 
key: 363275, value: 
key: 493910, value: 
key: 35419, value: 
key: 720818, value: 
key: 5623, value: 
key: 345383, value: 
key: 417710, value: 
key: 382085, value: 
key: 368128, value: 
key: 761141, value: 
key: 366861, value: 
key: 974103, value: 
key: 919557, value: 
key: 615035, value: 
key: 715724, value: 
key: 675420, value: 
key: 93, value: 
key: 516668, value: 
key: 25528, value: 
key: 40899, value: 
key: 761974, value: 
key: 54461, value: 
key: 50252, value: 
key: 543853, value: 
key: 427043, value: 
key: 373421, value: 
key: 649933, value: 
key: 634214, value: 
key: 22729, value: 
key: 81225, value: 
key: 36874, value: 
key: 105286, value: 
key: 360603, value: 
key: 839949, value: 
key: 6594, value: 
key: 36252, value: 
key: 354882, value: 
key: 208433, value: 
key: 877, value: 
key: 26873, value: 
key: 111454, value: 
key: 781192, value: 
key: 5285, value: 
key: 5157, value: 
key: 621386, value: 
key: 570851, value: 
key: 211460, value: 
key: 851323, value: 
key: 83841, value: 
key: 813172, value: 
key: 91042, value: 
key: 17013, value: 
key: 444066, value: 
key: 105499, value: 
key: 244183, value: 
key: 294775, value: 
key: 103, value: 
key: 628170, value: 
key: 440390, value: 
key: 48060, value: 
key: 998284, value: 
key: 2240, value: 
key: 134961, value: 
key: 294663, value: 
key: 183910, value: 
key: 49162, value: 
key: 77653, value: 
key: 858647, value: 
key: 269874, value: 
key: 21906, value: 
key: 171078, value: 
key: 172679, value: 
key: 125187, value: 
key: 674780, value: 
key: 185125, value: 
key: 25849, value: 
key: 555296, value: 
key: 218579, value: 
key: 810621, value: 
key: 951896, value: 
key: 9948, value: 
key: 8547, value: 
key: 691150, value: 
key: 491682, value: 
key: 574101, value: 
key: 424882, value: 
key: 45827, value: 
key: 163978, value: 
key: 618759, value: 
key: 247858, value: 
key: 737146, value: 
key: 327226, value: 
key: 449544, value: 
key: 232184, value: 
key: 27247, value: 
key: 841623, value: 
key: 58715, value: 
key: 195724, value: 
key: 429737, value: 
key: 364029, value: 
key: 102821, value: 
key: 73927, value: 
key: 658438, value: 
key: 523945, value: 
key: 172611, value: 
key: 211909, value: 
key: 362049, value: 
key: 435679, value: 
key: 67850, value: 
key: 245131, value: 
key: 109370, value: 
key: 523394, value: 
key: 809247, value: 
key: 22822, value: 
key: 118884, value: 
key: 400886, value: 
key: 441746, value: 
key: 822765, value: 
key: 150808, value: 
key: 986229, value: 
key: 3258, value: 
key: 15066, value: 
key: 939056, value: 
key: 556413, value: 
key: 14911, value: 
key: 298377, value: 
key: 376176, value: 
key: 211943, value: 
key: 442468, value: 
key: 142533, value: 
key: 5575, value: 
key: 2563, value: 
key: 186296, value: 
key: 715782, value: 
key: 625977, value: 
key: 45601, value: 
key: 461720, value: 
key: 152558, value: 
key: 79453, value: 
key: 323882, value: 
key: 150954, value: 
key: 169404, value: 
key: 615460, value: 
key: 53079, value: 
key: 321253, value: 
key: 807335, value: 
key: 277390, value: 
key: 785523, value: 
key: 896757, value: 
key: 548939, value: 
key: 38140, value: 
key: 258791, value: 
key: 101729, value: 
key: 74359, value: 
key: 481030, value: 
key: 458535, value: 
key: 123592, value: 
key: 15312, value: 
key: 27085, value: 
key: 6040, value: 
key: 532705, value: 
key: 208985, value: 
key: 932996, value: 
key: 450535, value: 
key: 19118, value: 
key: 871716, value: 
key: 61005, value: 
key: 75985, value: 
key: 101046, value: 
key: 908188, value: 
key: 448860, value: 
key: 922528, value: 
key: 927576, value: 
key: 78498, value: 
key: 361583, value: 
key: 519890, value: 
key: 289104, value: 
key: 462211, value: 
key: 178129, value: 
key: 84619, value: 
key: 635363, value: 
key: 857798, value: 
key: 834380, value: 
key: 965662, value: 
key: 350640, value: 
key: 806703, value: 
key: 747875, value: 
key: 110826, value: 
key: 366483, value: 
key: 620604, value: 
key: 281445, value: 
key: 929028, value: 
key: 94766, value: 
key: 566049, value: 
key: 289414, value: 
key: 313586, value: 
key: 388573, value: 
key: 409832, value: 
key: 368610, value: 
key: 384856, value: 
key: 220839, value: 
key: 34214, value: 
key: 429906, value: 
key: 230726, value: 
key: 460530, value: 
key: 498276, value: 
key: 229937, value: 
key: 306443, value: 
key: 108636, value: 
key: 680079, value: 
key: 981033, value: 
key: 490106, value: 
key: 64343, value: 
key: 71026, value: 
key: 333357, value: 
key: 89793, value: 
key: 6062, value: 
key: 274094, value: 
key: 320306, value: 
key: 153351, value: 
key: 588805, value: 
key: 569756, value: 
key: 36979, value: 
key: 53486, value: 
key: 32100, value: 
key: 524579, value: 
key: 125659, value: 
key: 151391, value: 
key: 779830, value: 
key: 307211, value: 
key: 472168, value: 
key: 872463, value: 
key: 363477, value: 
key: 235691, value: 
key: 976, value: 
key: 963600, value: 
key: 367710, value: 
key: 874427, value: 
key: 179306, value: 
key: 12124, value: 
key: 156437, value: 
key: 693879, value: 
key: 334592, value: 
key: 106661, value: 
key: 79358, value: 
key: 550301, value: 
key: 311522, value: 
key: 424370, value: 
key: 20763, value: 
key: 15361, value: 
key: 9854, value: 
key: 804286, value: 
key: 255217, value: 
key: 235, value: 
key: 755818, value: 
key: 499792, value: 
key: 423553, value: 
key: 445887, value: 
key: 642356, value: 
key: 917162, value: 
key: 7795, value: 
key: 304027, value: 
key: 2602, value: 
key: 157979, value: 
key: 425748, value: 
key: 739562, value: 
key: 39112, value: 
key: 377269, value: 
key: 522852, value: 
key: 75453, value: 
key: 828358, value: 
key: 295983, value: 
key: 186836, value: 
key: 205551, value: 
key: 110509, value: 
key: 598257, value: 
key: 419437, value: 
key: 1629, value: 
key: 23780, value: 
key: 774491, value: 
key: 875495, value: 
key: 190442, value: 
key: 112297, value: 
key: 186135, value: 
key: 187257, value: 
key: 21638, value: 
key: 112352, value: 
key: 12348, value: 
key: 182296, value: 
key: 61674, value: 
key: 722672, value: 
key: 6299, value: 
key: 144735, value: 
key: 332578, value: 
key: 436889, value: 
key: 589745, value: 
key: 817107, value: 
key: 669166, value: 
key: 132116, value: 
key: 804141, value: 
key: 113492, value: 
key: 23931, value: 
key: 751551, value: 
key: 334327, value: 
key: 336970, value: 
key: 67649, value: 
key: 751823, value: 
key: 203672, value: 
key: 416748, value: 
key: 640897, value: 
key: 9539, value: 
key: 128155, value: 
key: 643476, value: 
key: 964135, value: 
key: 634591, value: 
key: 604251, value: 
key: 47232, value: 
key: 46932, value: 
key: 207492, value: 
key: 207638, value: 
key: 108197, value: 
key: 620659, value: 
key: 228886, value: 
key: 47302, value: 
key: 750585, value: 
key: 909242, value: 
key: 297631, value: 
key: 941071, value: 
key: 652087, value: 
key: 66578, value: 
key: 503084, value: 
key: 168232, value: 
key: 244329, value: 
key: 76162, value: 
key: 915072, value: 
key: 72892, value: 
key: 253741, value: 
key: 152525, value: 
key: 358765, value: 
key: 20752, value: 
key: 819059, value: 
key: 35787, value: 
key: 232511, value: 
key: 620251, value: 
key: 93109, value: 
key: 9373, value: 
key: 753854, value: 
key: 59280, value: 
key: 74298, value: 
key: 479992, value: 
key: 169839, value: 
key: 359151, value: 
key: 58326, value: 
key: 135931, value: 
key: 100465, value: 
key: 832052, value: 
key: 46011, value: 
key: 312996, value: 
key: 83209, value: 
key: 111456, value: 
key: 857574, value: 
key: 256302, value: 
key: 4385, value: 
key: 930686, value: 
key: 571807, value: 
key: 618858, value: 
key: 363903, value: 
key: 16328, value: 
key: 304717, value: 
key: 100399, value: 
key: 2460, value: 
key: 303073, value: 
key: 667104, value: 
key: 601841, value: 
key: 29670, value: 
key: 69409, value: 
key: 346478, value: 
key: 327604, value: 
key: 566696, value: 
key: 295129, value: 
key: 182043, value: 
key: 265405, value: 
key: 286006, value: 
key: 907284, value: 
key: 161309, value: 
key: 344621, value: 
key: 896249, value: 
key: 456735, value: 
key: 58621, value: 
key: 405263, value: 
key: 55370, value: 
key: 24208, value: 
key: 602992, value: 
key: 573038, value: 
key: 863616, value: 
key: 193054, value: 
key: 412144, value: 
key: 929165, value: 
key: 69054, value: 
key: 848695, value: 
key: 130394, value: 
key: 750552, value: 
key: 907277, value: 
key: 506401, value: 
key: 781723, value: 
key: 310880, value: 
key: 96988, value: 
key: 28019, value: 
key: 293099, value: 
key: 955388, value: 
key: 66686, value: 
key: 285382, value: 
key: 4091, value: 
key: 284730, value: 
key: 203663, value: 
key: 859576, value: 
key: 77233, value: 
key: 923682, value: 
key: 740360, value: 
key: 369983, value: 
key: 249063, value: 
key: 984771, value: 
key: 482415, value: 
key: 894441, value: 
key: 294599, value: 
key: 374532, value: 
key: 467678, value: 
key: 448370, value: 
key: 176268, value: 
key: 4309, value: 
key: 3935, value: 
key: 431620, value: 
key: 789288, value: 
key: 95208, value: 
key: 123916, value: 
key: 33516, value: 
key: 664567, value: 
key: 961365, value: 
key: 649454, value: 
key: 94801, value: 
key: 84206, value: 
key: 60152, value: 
key: 996244, value: 
key: 753155, value: 
key: 142221, value: 
key: 242000, value: 
key: 731061, value: 
key: 112860, value: 
key: 6932, value: 
key: 271237, value: 
key: 851378, value: 
key: 131184, value: 
key: 739281, value: 
key: 894887, value: 
key: 808244, value: 
key: 12500, value: 
key: 399395, value: 
key: 87577, value: 
key: 754732, value: 
key: 125387, value: 
key: 804486, value: 
key: 27696, value: 
key: 34991, value: 
key: 905545, value: 
key: 156080, value: 
key: 318790, value: 
key: 171694, value: 
key: 161866, value: 
key: 365, value: 
key: 414445, value: 
key: 627922, value: 
key: 780214, value: 
key: 67885, value: 
key: 247333, value: 
key: 132811, value: 
key: 949790, value: 
key: 56483, value: 
key: 91851, value: 
key: 19381, value: 
key: 76926, value: 
key: 529433, value: 
key: 265744, value: 
key: 83731, value: 
key: 339665, value: 
key: 325, value: 
key: 207021, value: 
key: 135324, value: 
key: 120760, value: 
key: 537885, value: 
key: 484590, value: 
key: 63944, value: 
key: 307792, value: 
key: 226389, value: 
key: 3733, value: 
key: 569743, value: 
key: 162900, value: 
key: 31136, value: 
key: 663397, value: 
key: 12412, value: 
key: 54320, value: 
key: 333870, value: 
key: 7568, value: 
key: 17899, value: 
key: 2992, value: 
key: 98283, value: 
key: 487539, value: 
key: 229164, value: 
key: 96599, value: 
key: 426716, value: 
key: 557601, value: 
key: 226824, value: 
key: 55950, value: 
key: 6651, value: 
key: 5337, value: 
key: 173030, value: 
key: 663634, value: 
key: 830032, value: 
key: 12946, value: 
key: 34841, value: 
key: 631765, value: 
key: 16432, value: 
key: 32667, value: 
key: 110497, value: 
key: 100809, value: 
key: 838841, value: 
key: 558455, value: 
key: 40211, value: 
key: 453552, value: 
key: 357135, value: 
key: 85935, value: 
key: 859774, value: 
key: 7333, value: 
key: 1937, value: 
key: 128340, value: 
key: 248707, value: 
key: 253178, value: 
key: 95262, value: 
key: 368937, value: 
key: 98326, value: 
key: 873264, value: 
key: 767493, value: 
key: 503888, value: 
key: 671253, value: 
key: 21247, value: 
key: 783857, value: 
key: 21065, value: 
key: 613884, value: 
key: 567138, value: 
key: 220765, value: 
key: 995311, value: 
key: 94146, value: 
key: 245168, value: 
key: 278463, value: 
key: 123721, value: 
key: 129099, value: 
key: 391421, value: 
key: 540144, value: 
key: 144836, value: 
key: 258621, value: 
key: 12982, value: 
key: 764290, value: 
key: 386717, value: 
key: 108409, value: 
key: 539782, value: 
key: 669885, value: 
key: 494764, value: 
key: 26219, value: 
key: 638535, value: 
key: 513544, value: 
key: 3760, value: 
key: 736967, value: 
key: 32276, value: 
key: 584834, value: 
key: 205931, value: 
key: 351746, value: 
key: 777074, value: 
key: 125507, value: 
key: 332233, value: 
key: 805652, value: 
key: 860006, value: 
key: 128663, value: 
key: 244141, value: 
key: 333586, value: 
key: 402305, value: 
key: 119793, value: 
key: 772561, value: 
key: 61423, value: 
key: 500744, value: 
key: 382551, value: 
key: 214122, value: 
key: 63052, value: 
key: 565767, value: 
key: 256948, value: 
key: 69357, value: 
key: 348229, value: 
key: 417529, value: 
key: 2813, value: 
key: 395108, value: 
key: 325914, value: 
key: 382957, value: 
key: 101949, value: 
key: 938895, value: 
key: 438957, value: 
key: 125, value: 
key: 795038, value: 
key: 32315, value: 
key: 3362, value: 
key: 117845, value: 
key: 299639, value: 
key: 786016, value: 
key: 53585, value: 
key: 655040, value: 
key: 274704, value: 
key: 397726, value: 
key: 40875, value: 
key: 320007, value: 
key: 25443, value: 
key: 231259, value: 
key: 434775, value: 
key: 110370, value: 
key: 265223, value: 
key: 715036, value: 
key: 527646, value: 
key: 49892, value: 
key: 37075, value: 
key: 355773, value: 
key: 142209, value: 
key: 68763, value: 
key: 173456, value: 
key: 276652, value: 
key: 14979, value: 
key: 268596, value: 
key: 12045, value: 
key: 886761, value: 
key: 141459, value: 
key: 289094, value: 
key: 321020, value: 
key: 253464, value: 
key: 700302, value: 
key: 329651, value: 
key: 52995, value: 
key: 237516, value: 
key: 271871, value: 
key: 886976, value: 
key: 91974, value: 
key: 39538, value: 
key: 32566, value: 
key: 450568, value: 
key: 110776, value: 
key: 72296, value: 
key: 173162, value: 
key: 692762, value: 
key: 620853, value: 
key: 2086, value: 
key: 40541, value: 
key: 719472, value: 
key: 31107, value: 
key: 24271, value: 
key: 374246, value: 
key: 718185, value: 
key: 3173, value: 
key: 913212, value: 
key: 149233, value: 
key: 894092, value: 
key: 116772, value: 
key: 849548, value: 
key: 567200, value: 
key: 587422, value: 
key: 401999, value: 
key: 924942, value: 
key: 17422, value: 
key: 252924, value: 
key: 431, value: 
key: 262767, value: 
key: 620428, value: 
key: 9593, value: 
key: 22792, value: 
key: 756488, value: 
key: 810382, value: 
key: 350011, value: 
key: 57190, value: 
key: 723226, value: 
key: 96834, value: 
key: 18920, value: 
key: 267726, value: 
key: 137852, value: 
key: 260820, value: 
key: 183114, value: 
key: 38898, value: 
key: 114907, value: 
key: 365521, value: 
key: 359340, value: 
key: 40507, value: 
key: 237318, value: 
key: 17255, value: 
key: 962597, value: 
key: 228895, value: 
key: 17396, value: 
key: 941383, value: 
key: 174563, value: 
key: 188096, value: 
key: 8422, value: 
key: 479020, value: 
key: 354323, value: 
key: 206909, value: 
key: 2693, value: 
key: 187196, value: 
key: 991694, value: 
key: 701011, value: 
key: 170866, value: 
key: 573889, value: 
key: 245993, value: 
key: 234993, value: 
key: 15682, value: 
key: 75628, value: 
key: 725651, value: 
key: 220907, value: 
key: 131533, value: 
key: 115614, value: 
key: 237888, value: 
key: 708160, value: 
key: 622079, value: 
key: 124474, value: 
key: 245979, value: 
key: 814724, value: 
key: 74100, value: 
key: 452931, value: 
key: 715436, value: 
key: 994688, value: 
key: 75060, value: 
key: 28097, value: 
key: 363187, value: 
key: 437561, value: 
key: 228071, value: 
key: 5119, value: 
key: 84518, value: 
key: 3221, value: 
key: 15266, value: 
key: 77655, value: 
key: 828, value: 
key: 467841, value: 
key: 694988, value: 
key: 948900, value: 
key: 143907, value: 
key: 81461, value: 
key: 943941, value: 
key: 525, value: 
key: 715755, value: 
key: 23276, value: 
key: 155207, value: 
key: 24628, value: 
key: 779311, value: 
key: 370233, value: 
key: 45678, value: 
key: 540913, value: 
key: 315234, value: 
key: 551577, value: 
key: 399377, value: 
key: 190585, value: 
key: 127907, value: 
key: 192433, value: 
key: 192875, value: 
key: 94304, value: 
key: 76290, value: 
key: 30678, value: 
key: 65256, value: 
key: 47818, value: 
key: 196891, value: 
key: 4909, value: 
key: 382799, value: 
key: 77682, value: 
key: 700850, value: 
key: 160825, value: 
key: 588379, value: 
key: 506977, value: 
key: 4301, value: 
key: 295253, value: 
key: 93233, value: 
key: 117535, value: 
key: 165848, value: 
key: 95172, value: 
key: 55178, value: 
key: 185376, value: 
key: 30603, value: 
key: 149848, value: 
key: 633725, value: 
key: 710637, value: 
key: 25816, value: 
key: 421625, value: 
key: 476780, value: 
key: 372752, value: 
key: 335920, value: 
key: 301059, value: 
key: 454364, value: 
key: 655631, value: 
key: 156620, value: 
key: 414856, value: 
key: 136987, value: 
key: 24185, value: 
key: 827236, value: 
key: 63995, value: 
key: 221210, value: 
key: 2284, value: 
key: 333557, value: 
key: 43362, value: 
key: 791436, value: 
key: 597463, value: 
key: 31204, value: 
key: 349145, value: 
key: 37183, value: 
key: 324591, value: 
key: 950925, value: 
key: 9917, value: 
key: 448538, value: 
key: 134233, value: 
key: 463074, value: 
key: 206145, value: 
key: 473604, value: 
key: 689939, value: 
key: 571892, value: 
key: 73424, value: 
key: 510455, value: 
key: 118347, value: 
key: 688996, value: 
key: 655767, value: 
key: 578868, value: 
key: 151322, value: 
key: 63270, value: 
key: 38324, value: 
key: 191573, value: 
key: 651644, value: 
key: 8659, value: 
key: 92122, value: 
key: 108072, value: 
key: 197100, value: 
key: 218964, value: 
key: 640, value: 
key: 84622, value: 
key: 35158, value: 
key: 826190, value: 
key: 916309, value: 
key: 995306, value: 
key: 571597, value: 
key: 604011, value: 
key: 341613, value: 
key: 40646, value: 
key: 840721, value: 
key: 665735, value: 
key: 63911, value: 
key: 387118, value: 
key: 137359, value: 
key: 168399, value: 
key: 595070, value: 
key: 4664, value: 
key: 334, value: 
key: 56687, value: 
key: 224570, value: 
key: 142173, value: 
key: 140218, value: 
key: 1777, value: 
key: 601760, value: 
key: 73242, value: 
key: 33318, value: 
key: 544870, value: 
key: 35325, value: 
key: 613163, value: 
key: 33499, value: 
key: 176877, value: 
key: 429249, value: 
key: 438627, value: 
key: 12018, value: 
key: 28402, value: 
key: 215994, value: 
key: 2497, value: 
key: 153364, value: 
key: 283939, value: 
key: 6754, value: 
key: 456447, value: 
key: 779146, value: 
key: 411846, value: 
key: 28965, value: 
key: 5742, value: 
key: 499510, value: 
key: 56522, value: 
key: 70872, value: 
key: 315430, value: 
key: 11433, value: 
key: 369411, value: 
key: 44866, value: 
key: 181420, value: 
key: 595036, value: 
key: 819682, value: 
key: 980395, value: 
key: 11864, value: 
key: 353205, value: 
key: 66390, value: 
key: 444653, value: 
key: 754556, value: 
key: 268280, value: 
key: 369020, value: 
key: 711045, value: 
key: 341853, value: 
key: 626701, value: 
key: 527978, value: 
key: 285618, value: 
key: 3274, value: 
key: 50849, value: 
key: 1261, value: 
key: 294887, value: 
key: 5409, value: 
key: 733023, value: 
key: 483029, value: 
key: 317832, value: 
key: 10137, value: 
key: 189963, value: 
key: 875589, value: 
key: 186616, value: 
key: 866895, value: 
key: 61313, value: 
key: 63285, value: 
key: 667919, value: 
key: 488141, value: 
key: 267881, value: 
key: 65166, value: 
key: 136350, value: 
key: 890951, value: 
key: 428677, value: 
key: 697400, value: 
key: 42088, value: 
key: 424167, value: 
key: 355623, value: 
key: 101295, value: 
key: 158897, value: 
key: 882961, value: 
key: 190684, value: 
key: 613509, value: 
key: 397470, value: 
key: 839275, value: 
key: 29829, value: 
key: 30175, value: 
key: 93020, value: 
key: 808233, value: 
key: 742487, value: 
key: 869656, value: 
key: 315342, value: 
key: 145871, value: 
key: 275480, value: 
key: 280633, value: 
key: 137283, value: 
key: 649005, value: 
key: 377939, value: 
key: 4264, value: 
key: 539991, value: 
key: 405812, value: 
key: 141219, value: 
key: 273969, value: 
key: 102553, value: 
key: 218614, value: 
key: 145950, value: 
key: 674915, value: 
key: 331012, value: 
key: 316611, value: 
key: 176435, value: 
key: 421977, value: 
key: 323879, value: 
key: 952134, value: 
key: 864516, value: 
key: 165594, value: 
key: 55572, value: 
key: 366414, value: 
key: 245010, value: 
key: 96542, value: 
key: 75363, value: 
key: 87007, value: 
key: 321585, value: 
key: 1528, value: 
key: 567583, value: 
key: 54579, value: 
key: 89212, value: 
key: 557906, value: 
key: 315689, value: 
key: 422361, value: 
key: 209001, value: 
key: 492922, value: 
key: 173818, value: 
key: 383064, value: 
key: 334293, value: 
key: 52799, value: 
key: 472432, value: 
key: 251105, value: 
key: 6756, value: 
key: 450278, value: 
key: 115245, value: 
key: 489285, value: 
key: 689533, value: 
key: 7265, value: 
key: 8134, value: 
key: 679716, value: 
key: 150662, value: 
key: 245076, value: 
key: 461559, value: 
key: 23940, value: 
key: 240585, value: 
key: 184650, value: 
key: 775683, value: 
key: 27447, value: 
key: 167996, value: 
key: 139689, value: 
key: 907897, value: 
key: 811796, value: 
key: 342704, value: 
key: 270209, value: 
key: 922623, value: 
key: 954, value: 
key: 12687, value: 
key: 656902, value: 
key: 766470, value: 
key: 252342, value: 
key: 442673, value: 
key: 89441, value: 
key: 7111, value: 
key: 139863, value: 
key: 192581, value: 
key: 660581, value: 
key: 275974, value: 
key: 905084, value: 
key: 2644, value: 
key: 515223, value: 
key: 128221, value: 
key: 331331, value: 
key: 29377, value: 
key: 610779, value: 
key: 784766, value: 
key: 245472, value: 
key: 481902, value: 
key: 161257, value: 
key: 393973, value: 
key: 27623, value: 
key: 683609, value: 
key: 539801, value: 
key: 166375, value: 
key: 1438, value: 
key: 954042, value: 
key: 201069, value: 
key: 23881, value: 
key: 725088, value: 
key: 20035, value: 
key: 386908, value: 
key: 863890, value: 
key: 21223, value: 
key: 665210, value: 
key: 410009, value: 
key: 215266, value: 
key: 44880, value: 
key: 8893, value: 
key: 12436, value: 
key: 442583, value: 
key: 952066, value: 
key: 761611, value: 
key: 419017, value: 
key: 853646, value: 
key: 767417, value: 
key: 516611, value: 
key: 901686, value: 
key: 23386, value: 
key: 575180, value: 
key: 585044, value: 
key: 5386, value: 
key: 272160, value: 
key: 546562, value: 
key: 124652, value: 
key: 222017, value: 
key: 543198, value: 
key: 251714, value: 
key: 202183, value: 
key: 987437, value: 
key: 17963, value: 
key: 309127, value: 
key: 25160, value: 
key: 10393, value: 
key: 172712, value: 
key: 519975, value: 
key: 154606, value: 
key: 118253, value: 
key: 255989, value: 
key: 364171, value: 
key: 336222, value: 
key: 917128, value: 
key: 497, value: 
key: 500955, value: 
key: 585042, value: 
key: 193931, value: 
key: 560421, value: 
key: 160959, value: 
key: 327620, value: 
key: 851752, value: 
key: 169581, value: 
key: 68338, value: 
key: 980205, value: 
key: 804671, value: 
key: 676434, value: 
key: 221665, value: 
key: 24501, value: 
key: 697354, value: 
key: 49788, value: 
key: 935304, value: 
key: 407474, value: 
key: 89399, value: 
key: 272719, value: 
key: 477480, value: 
key: 197359, value: 
key: 129174, value: 
key: 6264, value: 
key: 32081, value: 
key: 129936, value: 
key: 963484, value: 
key: 188043, value: 
key: 333935, value: 
key: 657277, value: 
key: 457301, value: 
key: 709352, value: 
key: 24475, value: 
key: 56364, value: 
key: 188050, value: 
key: 24606, value: 
key: 989770, value: 
key: 117643, value: 
key: 180285, value: 
key: 4831, value: 
key: 17387, value: 
key: 89049, value: 
key: 881818, value: 
key: 710295, value: 
key: 151115, value: 
key: 984335, value: 
key: 365116, value: 
key: 683672, value: 
key: 221780, value: 
key: 464837, value: 
key: 750, value: 
key: 266093, value: 
key: 3298, value: 
key: 50207, value: 
key: 542047, value: 
key: 53457, value: 
key: 23065, value: 
key: 243414, value: 
key: 365437, value: 
key: 109930, value: 
key: 201010, value: 
key: 20064, value: 
key: 899314, value: 
key: 970516, value: 
key: 544843, value: 
key: 697952, value: 
key: 967095, value: 
key: 75, value: 
key: 516802, value: 
key: 549897, value: 
key: 541705, value: 
key: 75864, value: 
key: 176523, value: 
key: 457400, value: 
key: 70557, value: 
key: 472801, value: 
key: 49636, value: 
key: 1902, value: 
key: 2671, value: 
key: 40358, value: 
key: 547163, value: 
key: 86114, value: 
key: 138916, value: 
key: 784575, value: 
key: 165530, value: 
key: 638980, value: 
key: 39350, value: 
key: 368205, value: 
key: 429216, value: 
key: 472450, value: 
key: 716460, value: 
key: 436924, value: 
key: 666147, value: 
key: 808031, value: 
key: 749286, value: 
key: 717836, value: 
key: 625355, value: 
key: 397719, value: 
key: 156572, value: 
key: 365002, value: 
key: 3849, value: 
key: 34692, value: 
key: 878355, value: 
key: 27128, value: 
key: 451974, value: 
key: 921680, value: 
key: 72346, value: 
key: 370400, value: 
key: 153744, value: 
key: 303233, value: 
key: 913140, value: 
key: 409724, value: 
key: 905172, value: 
key: 301147, value: 
key: 14078, value: 
key: 205030, value: 
key: 198927, value: 
key: 252357, value: 
key: 847144, value: 
key: 498296, value: 
key: 7825, value: 
key: 1625, value: 
key: 54418, value: 
key: 9719, value: 
key: 1403, value: 
key: 615855, value: 
key: 840154, value: 
key: 313506, value: 
key: 587154, value: 
key: 221216, value: 
key: 196880, value: 
key: 145680, value: 
key: 739162, value: 
key: 78546, value: 
key: 466251, value: 
key: 44020, value: 
key: 180775, value: 
key: 44040, value: 
key: 21869, value: 
key: 255473, value: 
key: 71938, value: 
key: 86297, value: 
key: 932068, value: 
key: 69016, value: 
key: 845070, value: 
key: 1728, value: 
key: 78702, value: 
key: 220208, value: 
key: 382179, value: 
key: 428558, value: 
key: 288987, value: 
key: 73275, value: 
key: 12139, value: 
key: 128153, value: 
key: 523730, value: 
key: 404381, value: 
key: 118635, value: 
key: 138024, value: 
key: 125576, value: 
key: 57495, value: 
key: 47166, value: 
key: 302762, value: 
key: 18784, value: 
key: 27405, value: 
key: 8507, value: 
key: 97705, value: 
key: 856593, value: 
key: 197049, value: 
key: 9579, value: 
key: 7096, value: 
key: 364672, value: 
key: 252854, value: 
key: 283739, value: 
key: 597557, value: 
key: 918440, value: 
key: 53765, value: 
key: 188513, value: 
key: 240217, value: 
key: 68183, value: 
key: 105088, value: 
key: 107655, value: 
key: 465166, value: 
key: 674843, value: 
key: 17325, value: 
key: 680, value: 
key: 78849, value: 
key: 506326, value: 
key: 120438, value: 
key: 243164, value: 
key: 274847, value: 
key: 95604, value: 
key: 217644, value: 
key: 13246, value: 
key: 117067, value: 
key: 156664, value: 
key: 961617, value: 
key: 327897, value: 
key: 2026, value: 
key: 27016, value: 
key: 480842, value: 
key: 549619, value: 
key: 202080, value: 
key: 726285, value: 
key: 60136, value: 
key: 810410, value: 
key: 426972, value: 
key: 34856, value: 
key: 288862, value: 
key: 10795, value: 
key: 292083, value: 
key: 108599, value: 
key: 474326, value: 
key: 776776, value: 
key: 255950, value: 
key: 2327, value: 
key: 43841, value: 
key: 208369, value: 
key: 55332, value: 
key: 17295, value: 
key: 308942, value: 
key: 381734, value: 
key: 131029, value: 
key: 2640, value: 
key: 321505, value: 
key: 12793, value: 
key: 121228, value: 
key: 905721, value: 
key: 609850, value: 
key: 580250, value: 
key: 22453, value: 
key: 255118, value: 
key: 753205, value: 
key: 499006, value: 
key: 804079, value: 
key: 397227, value: 
key: 73914, value: 
key: 4998, value: 
key: 321512, value: 
key: 873554, value: 
key: 7500, value: 
key: 193616, value: 
key: 274731, value: 
key: 413194, value: 
key: 112886, value: 
key: 133469, value: 
key: 105660, value: 
key: 888372, value: 
key: 717076, value: 
key: 864385, value: 
key: 630427, value: 
key: 44747, value: 
key: 490115, value: 
key: 442828, value: 
key: 345767, value: 
key: 40194, value: 
key: 1614, value: 
key: 540791, value: 
key: 152510, value: 
key: 556950, value: 
key: 646213, value: 
key: 16643, value: 
key: 2468, value: 
key: 171676, value: 
key: 36577, value: 
key: 433992, value: 
key: 11565, value: 
key: 656430, value: 
key: 914659, value: 
key: 206824, value: 
key: 779643, value: 
key: 838971, value: 
key: 58263, value: 
key: 134297, value: 
key: 249834, value: 
key: 9935, value: 
key: 937816, value: 
key: 254757, value: 
key: 801805, value: 
key: 944191, value: 
key: 3991, value: 
key: 2257, value: 
key: 932895, value: 
key: 581383, value: 
key: 50580, value: 
key: 790206, value: 
key: 479635, value: 
key: 853448, value: 
key: 540283, value: 
key: 422734, value: 
key: 841342, value: 
key: 703370, value: 
key: 54700, value: 
key: 92434, value: 
key: 109923, value: 
key: 683614, value: 
key: 6352, value: 
key: 280200, value: 
key: 112811, value: 
key: 39808, value: 
key: 69685, value: 
key: 227368, value: 
key: 209315, value: 
key: 29975, value: 
key: 79699, value: 
key: 231682, value: 
key: 723, value: 
key: 756330, value: 
key: 2880, value: 
key: 573146, value: 
key: 758521, value: 
key: 588599, value: 
key: 370103, value: 
key: 553009, value: 
key: 74922, value: 
key: 347129, value: 
key: 15150, value: 
key: 791627, value: 
key: 8927, value: 
key: 527332, value: 
key: 532792, value: 
key: 140889, value: 
key: 748227, value: 
key: 93408, value: 
key: 826499, value: 
key: 17299, value: 
key: 11712, value: 
key: 115430, value: 
key: 46422, value: 
key: 973283, value: 
key: 61061, value: 
key: 3276, value: 
key: 370851, value: 
key: 26567, value: 
key: 318170, value: 
key: 245539, value: 
key: 820275, value: 
key: 735872, value: 
key: 592725, value: 
key: 94829, value: 
key: 571072, value: 
key: 248697, value: 
key: 204927, value: 
key: 367413, value: 
key: 601544, value: 
key: 3140, value: 
key: 411305, value: 
key: 21939, value: 
key: 524553, value: 
key: 213691, value: 
key: 251345, value: 
key: 513643, value: 
key: 506463, value: 
key: 101352, value: 
key: 825812, value: 
key: 149501, value: 
key: 473448, value: 
key: 22396, value: 
key: 725846, value: 
key: 699611, value: 
key: 3469, value: 
key: 20783, value: 
key: 646505, value: 
key: 229078, value: 
key: 648215, value: 
key: 337698, value: 
key: 31756, value: 
key: 454434, value: 
key: 60374, value: 
key: 639257, value: 
key: 3452, value: 
key: 873837, value: 
key: 946777, value: 
key: 50205, value: 
key: 554396, value: 
key: 361888, value: 
key: 216131, value: 
key: 968157, value: 
key: 311896, value: 
key: 659800, value: 
key: 34704, value: 
key: 72250, value: 
key: 907437, value: 
key: 321091, value: 
key: 349756, value: 
key: 681032, value: 
key: 108720, value: 
key: 23852, value: 
key: 8459, value: 
key: 325257, value: 
key: 15916, value: 
key: 69513, value: 
key: 624417, value: 
key: 12759, value: 
key: 677253, value: 
key: 559247, value: 
key: 570389, value: 
key: 442031, value: 
key: 110635, value: 
key: 86637, value: 
key: 838797, value: 
key: 64158, value: 
key: 468, value: 
key: 151739, value: 
key: 42, value: 
key: 477345, value: 
key: 42853, value: 
key: 16753, value: 
key: 976837, value: 
key: 412209, value: 
key: 773120, value: 
key: 213, value: 
key: 772499, value: 
key: 546573, value: 
key: 275354, value: 
key: 7092, value: 
key: 24178, value: 
key: 158093, value: 
key: 655723, value: 
key: 789798, value: 
key: 185637, value: 
key: 376914, value: 
key: 392734, value: 
key: 46323, value: 
key: 19202, value: 
key: 240211, value: 
key: 229364, value: 
key: 21405, value: 
key: 898979, value: 
key: 359115, value: 
key: 169538, value: 
key: 659369, value: 
key: 32337, value: 
key: 776745, value: 
key: 501077, value: 
key: 776695, value: 
key: 845735, value: 
key: 37877, value: 
key: 752789, value: 
key: 433, value: 
key: 121349, value: 
key: 2840, value: 
key: 188809, value: 
key: 964175, value: 
key: 423214, value: 
key: 499220, value: 
key: 821810, value: 
key: 591399, value: 
key: 826051, value: 
key: 438913, value: 
key: 48136, value: 
key: 292832, value: 
key: 240264, value: 
key: 70670, value: 
key: 346027, value: 
key: 357357, value: 
key: 737715, value: 
key: 3966, value: 
key: 36508, value: 
key: 736639, value: 
key: 144058, value: 
key: 168047, value: 
key: 944063, value: 
key: 278142, value: 
key: 932268, value: 
key: 434144, value: 
key: 684307, value: 
key: 440839, value: 
key: 253585, value: 
key: 270050, value: 
key: 720319, value: 
key: 472337, value: 
key: 77026, value: 
key: 290416, value: 
key: 652928, value: 
key: 3605, value: 
key: 103769, value: 
key: 74797, value: 
key: 185361, value: 
key: 257, value: 
key: 640581, value: 
key: 338895, value: 
key: 93758, value: 
key: 102287, value: 
key: 18519, value: 
key: 1595, value: 
key: 610959, value: 
key: 15402, value: 
key: 483539, value: 
key: 211837, value: 
key: 156158, value: 
key: 603430, value: 
key: 452331, value: 
key: 395997, value: 
key: 444084, value: 
key: 75943, value: 
key: 403797, value: 
key: 223733, value: 
key: 204460, value: 
key: 191553, value: 
key: 167, value: 
key: 78423, value: 
key: 257244, value: 
key: 44772, value: 
key: 613, value: 
key: 137018, value: 
key: 539742, value: 
key: 207588, value: 
key: 957739, value: 
key: 480389, value: 
key: 312356, value: 
key: 789141, value: 
key: 13581, value: 
key: 873864, value: 
key: 274333, value: 
key: 281227, value: 
key: 5180, value: 
key: 529929, value: 
key: 148052, value: 
key: 323787, value: 
key: 234335, value: 
key: 711702, value: 
key: 606215, value: 
key: 25690, value: 
key: 20293, value: 
key: 128049, value: 
key: 117715, value: 
key: 447735, value: 
key: 546072, value: 
key: 246611, value: 
key: 882378, value: 
key: 251, value: 
key: 147293, value: 
key: 1386, value: 
key: 104870, value: 
key: 571764, value: 
key: 810144, value: 
key: 861904, value: 
key: 659408, value: 
key: 11765, value: 
key: 873938, value: 
key: 396, value: 
key: 128038, value: 
key: 239347, value: 
key: 256634, value: 
key: 1076, value: 
key: 277253, value: 
key: 13781, value: 
key: 942528, value: 
key: 950255, value: 
key: 42563, value: 
key: 616755, value: 
key: 840237, value: 
key: 711115, value: 
key: 581150, value: 
key: 749819, value: 
key: 686219, value: 
key: 4064, value: 
key: 780333, value: 
key: 101334, value: 
key: 50005, value: 
key: 746283, value: 
key: 514855, value: 
key: 818322, value: 
key: 262008, value: 
key: 137580, value: 
key: 215099, value: 
key: 873310, value: 
key: 612203, value: 
key: 367790, value: 
key: 5485, value: 
key: 131647, value: 
key: 22943, value: 
key: 871361, value: 
key: 8444, value: 
key: 710763, value: 
key: 395373, value: 
key: 220611, value: 
key: 490393, value: 
key: 5960, value: 
key: 231295, value: 
key: 809775, value: 
key: 981174, value: 
key: 753153, value: 
key: 729, value: 
key: 999380, value: 
key: 195511, value: 
key: 500739, value: 
key: 35990, value: 
key: 510804, value: 
key: 619947, value: 
key: 212616, value: 
key: 176477, value: 
key: 256658, value: 
key: 86723, value: 
key: 438791, value: 
key: 111298, value: 
key: 739768, value: 
key: 193614, value: 
key: 60518, value: 
key: 527523, value: 
key: 43504, value: 
key: 697503, value: 
key: 231156, value: 
key: 318291, value: 
key: 195968, value: 
key: 35615, value: 
key: 950600, value: 
key: 192493, value: 
key: 146678, value: 
key: 616432, value: 
key: 756848, value: 
key: 111652, value: 
key: 317856, value: 
key: 290106, value: 
key: 107321, value: 
key: 422062, value: 
key: 897927, value: 
key: 191650, value: 
key: 7656, value: 
key: 338529, value: 
key: 97868, value: 
key: 263733, value: 
key: 87229, value: 
key: 279329, value: 
key: 24965, value: 
key: 33853, value: 
key: 633497, value: 
key: 898474, value: 
key: 654133, value: 
key: 663959, value: 
key: 491529, value: 
key: 89559, value: 
key: 5375, value: 
key: 565235, value: 
key: 750671, value: 
key: 542322, value: 
key: 581673, value: 
key: 674513, value: 
key: 203779, value: 
key: 23920, value: 
key: 751034, value: 
key: 921529, value: 
key: 123970, value: 
key: 182054, value: 
key: 13873, value: 
key: 27951, value: 
key: 806941, value: 
key: 7544, value: 
key: 137924, value: 
key: 251266, value: 
key: 387956, value: 
key: 464488, value: 
key: 8477, value: 
key: 313645, value: 
key: 522649, value: 
key: 293875, value: 
key: 380997, value: 
key: 117070, value: 
key: 540801, value: 
key: 635, value: 
key: 897680, value: 
key: 24073, value: 
key: 728274, value: 
key: 141338, value: 
key: 895721, value: 
key: 71466, value: 
key: 37431, value: 
key: 275798, value: 
key: 192567, value: 
key: 613787, value: 
key: 10148, value: 
key: 263845, value: 
key: 119678, value: 
key: 18054, value: 
key: 511423, value: 
key: 885030, value: 
key: 218401, value: 
key: 319737, value: 
key: 655334, value: 
key: 226141, value: 
key: 465102, value: 
key: 606253, value: 
key: 190398, value: 
key: 79578, value: 
key: 806736, value: 
key: 316763, value: 
key: 604664, value: 
key: 39275, value: 
key: 133478, value: 
key: 381321, value: 
key: 72218, value: 
key: 953827, value: 
key: 694955, value: 
key: 175852, value: 
key: 606080, value: 
key: 834889, value: 
key: 41212, value: 
key: 3111, value: 
key: 394529, value: 
key: 112224, value: 
key: 201229, value: 
key: 253846, value: 
key: 30894, value: 
key: 538705, value: 
key: 35596, value: 
key: 93974, value: 
key: 5867, value: 
key: 49904, value: 
key: 246873, value: 
key: 368023, value: 
key: 4932, value: 
key: 735498, value: 
key: 108412, value: 
key: 228329, value: 
key: 120814, value: 
key: 42668, value: 
key: 922269, value: 
key: 384621, value: 
key: 169062, value: 
key: 273, value: 
key: 280206, value: 
key: 894481, value: 
key: 86273, value: 
key: 797641, value: 
key: 944612, value: 
key: 357737, value: 
key: 149723, value: 
key: 474124, value: 
key: 207746, value: 
key: 92599, value: 
key: 379155, value: 
key: 7551, value: 
key: 276267, value: 
key: 315621, value: 
key: 68196, value: 
key: 53459, value: 
key: 80220, value: 
key: 291262, value: 
key: 745695, value: 
key: 483188, value: 
key: 133243, value: 
key: 801379, value: 
key: 81485, value: 
key: 157362, value: 
key: 663074, value: 
key: 865908, value: 
key: 178723, value: 
key: 86833, value: 
key: 772923, value: 
key: 115524, value: 
key: 958064, value: 
key: 324449, value: 
key: 589558, value: 
key: 618225, value: 
key: 293619, value: 
key: 9872, value: 
key: 316538, value: 
key: 198, value: 
key: 209568, value: 
key: 68956, value: 
key: 933494, value: 
key: 347039, value: 
key: 207425, value: 
key: 566483, value: 
key: 842530, value: 
key: 249298, value: 
key: 698753, value: 
key: 142513, value: 
key: 152958, value: 
key: 695558, value: 
key: 30599, value: 
key: 687647, value: 
key: 276197, value: 
key: 701055, value: 
key: 167747, value: 
key: 224691, value: 
key: 576158, value: 
key: 293208, value: 
key: 220912, value: 
key: 587073, value: 
key: 344667, value: 
key: 115632, value: 
key: 35703, value: 
key: 33280, value: 
key: 3065, value: 
key: 434704, value: 
key: 60552, value: 
key: 34289, value: 
key: 495, value: 
key: 418609, value: 
key: 75415, value: 
key: 536741, value: 
key: 300694, value: 
key: 783484, value: 
key: 980108, value: 
key: 342294, value: 
key: 570228, value: 
key: 113078, value: 
key: 881975, value: 
key: 836366, value: 
key: 91666, value: 
key: 267500, value: 
key: 291789, value: 
key: 218119, value: 
key: 525598, value: 
key: 94818, value: 
key: 447487, value: 
key: 247124, value: 
key: 149776, value: 
key: 7621, value: 
key: 99497, value: 
key: 87760, value: 
key: 149152, value: 
key: 311029, value: 
key: 200776, value: 
key: 7595, value: 
key: 512394, value: 
key: 11716, value: 
key: 496423, value: 
key: 869995, value: 
key: 134008, value: 
key: 180553, value: 
key: 273130, value: 
key: 711809, value: 
key: 875222, value: 
key: 13101, value: 
key: 12281, value: 
key: 903352, value: 
key: 351168, value: 
key: 13640, value: 
key: 162346, value: 
key: 417099, value: 
key: 223380, value: 
key: 863977, value: 
key: 160986, value: 
key: 177294, value: 
key: 933368, value: 
key: 275851, value: 
key: 38184, value: 
key: 170202, value: 
key: 640790, value: 
key: 737744, value: 
key: 363176, value: 
key: 820637, value: 
key: 216748, value: 
key: 8833, value: 
key: 16281, value: 
key: 127084, value: 
key: 202792, value: 
key: 351296, value: 
key: 59730, value: 
key: 17275, value: 
key: 975058, value: 
key: 213473, value: 
key: 179142, value: 
key: 303422, value: 
key: 645133, value: 
key: 339766, value: 
key: 496731, value: 
key: 895, value: 
key: 107686, value: 
key: 761389, value: 
key: 767886, value: 
key: 181305, value: 
key: 815929, value: 
key: 843285, value: 
key: 480, value: 
key: 346955, value: 
key: 107363, value: 
key: 520522, value: 
key: 164971, value: 
key: 151049, value: 
key: 118684, value: 
key: 366287, value: 
key: 395641, value: 
key: 503590, value: 
key: 469090, value: 
key: 119317, value: 
key: 60462, value: 
key: 43414, value: 
key: 37413, value: 
key: 955681, value: 
key: 898173, value: 
key: 123840, value: 
key: 647261, value: 
key: 933553, value: 
key: 113481, value: 
key: 870092, value: 
key: 513199, value: 
key: 672294, value: 
key: 68497, value: 
key: 66983, value: 
key: 325370, value: 
key: 501440, value: 
key: 42547, value: 
key: 28606, value: 
key: 448761, value: 
key: 464279, value: 
key: 35985, value: 
key: 212760, value: 
key: 129804, value: 
key: 788098, value: 
key: 12489, value: 
key: 822053, value: 
key: 67577, value: 
key: 12296, value: 
key: 182915, value: 
key: 409517, value: 
key: 112136, value: 
key: 296595, value: 
key: 812094, value: 
key: 194844, value: 
key: 45568, value: 
key: 286574, value: 
key: 133429, value: 
key: 970413, value: 
key: 961464, value: 
key: 449456, value: 
key: 112789, value: 
key: 29379, value: 
key: 993834, value: 
key: 14993, value: 
key: 451613, value: 
key: 783613, value: 
key: 469085, value: 
key: 546209, value: 
key: 170864, value: 
key: 586225, value: 
key: 1263, value: 
key: 405915, value: 
key: 775708, value: 
key: 365020, value: 
key: 28923, value: 
key: 9193, value: 
key: 92902, value: 
key: 57439, value: 
key: 164034, value: 
key: 414386, value: 
key: 806833, value: 
key: 15017, value: 
key: 278319, value: 
key: 245465, value: 
key: 286620, value: 
key: 114994, value: 
key: 180760, value: 
key: 291787, value: 
key: 305666, value: 
key: 669438, value: 
key: 76492, value: 
key: 7175, value: 
key: 154246, value: 
key: 94429, value: 
key: 737735, value: 
key: 338604, value: 
key: 219790, value: 
key: 110194, value: 
key: 691, value: 
key: 12368, value: 
key: 924896, value: 
key: 2341, value: 
key: 71547, value: 
key: 505813, value: 
key: 436609, value: 
key: 126120, value: 
key: 757818, value: 
key: 9184, value: 
key: 87337, value: 
key: 21540, value: 
key: 686866, value: 
key: 783521, value: 
key: 2545, value: 
key: 143932, value: 
key: 339047, value: 
key: 749712, value: 
key: 251778, value: 
key: 795768, value: 
key: 10522, value: 
key: 901163, value: 
key: 1212, value: 
key: 935632, value: 
key: 330639, value: 
key: 89654, value: 
key: 1322, value: 
key: 989189, value: 
key: 730549, value: 
key: 102261, value: 
key: 992882, value: 
key: 356905, value: 
key: 361224, value: 
key: 979021, value: 
key: 211976, value: 
key: 7412, value: 
key: 202213, value: 
key: 995865, value: 
key: 295341, value: 
key: 50810, value: 
key: 31749, value: 
key: 127484, value: 
key: 650511, value: 
key: 717593, value: 
key: 921567, value: 
key: 48895, value: 
key: 61562, value: 
key: 313090, value: 
key: 20750, value: 
key: 418700, value: 
key: 960421, value: 
key: 882868, value: 
key: 695459, value: 
key: 575306, value: 
key: 672647, value: 
key: 39006, value: 
key: 849298, value: 
key: 603465, value: 
key: 276090, value: 
key: 94360, value: 
key: 696609, value: 
key: 6772, value: 
key: 346898, value: 
key: 98054, value: 
key: 332912, value: 
key: 971661, value: 
key: 379357, value: 
key: 128584, value: 
key: 314453, value: 
key: 65487, value: 
key: 23999, value: 
key: 213569, value: 
key: 225023, value: 
key: 116897, value: 
key: 719162, value: 
key: 908395, value: 
key: 343521, value: 
key: 336372, value: 
key: 478140, value: 
key: 339438, value: 
key: 246332, value: 
key: 172910, value: 
key: 147901, value: 
key: 222679, value: 
key: 128566, value: 
key: 791382, value: 
key: 853114, value: 
key: 367684, value: 
key: 8929, value: 
key: 626468, value: 
key: 608848, value: 
key: 24871, value: 
key: 73280, value: 
key: 25461, value: 
key: 456449, value: 
key: 675761, value: 
key: 131092, value: 
key: 174732, value: 
key: 9870, value: 
key: 36632, value: 
key: 44280, value: 
key: 932141, value: 
key: 864860, value: 
key: 894263, value: 
key: 768825, value: 
key: 163712, value: 
key: 450968, value: 
key: 211655, value: 
key: 231020, value: 
key: 856959, value: 
key: 361514, value: 
key: 583974, value: 
key: 186265, value: 
key: 10373, value: 
key: 215862, value: 
key: 39686, value: 
key: 261911, value: 
key: 52151, value: 
key: 69269, value: 
key: 854687, value: 
key: 72784, value: 
key: 934424, value: 
key: 765769, value: 
key: 103576, value: 
key: 15194, value: 
key: 768593, value: 
key: 921000, value: 
key: 731906, value: 
key: 95581, value: 
key: 650441, value: 
key: 19059, value: 
key: 395807, value: 
key: 349909, value: 
key: 659099, value: 
key: 507806, value: 
key: 948896, value: 
key: 834926, value: 
key: 10186, value: 
key: 464196, value: 
key: 96368, value: 
key: 204510, value: 
key: 849263, value: 
key: 891545, value: 
key: 160760, value: 
key: 55475, value: 
key: 130464, value: 
key: 3580, value: 
key: 57057, value: 
key: 57459, value: 
key: 486714, value: 
key: 42545, value: 
key: 445179, value: 
key: 869849, value: 
key: 272511, value: 
key: 247113, value: 
key: 117894, value: 
key: 48756, value: 
key: 216764, value: 
key: 896692, value: 
key: 130631, value: 
key: 949000, value: 
key: 10975, value: 
key: 11237, value: 
key: 12649, value: 
key: 501192, value: 
key: 296931, value: 
key: 231918, value: 
key: 503507, value: 
key: 9113, value: 
key: 39684, value: 
key: 279031, value: 
key: 115241, value: 
key: 62138, value: 
key: 437950, value: 
key: 167437, value: 
key: 882040, value: 
key: 904809, value: 
key: 964946, value: 
key: 787954, value: 
key: 43964, value: 
key: 167664, value: 
key: 185891, value: 
key: 16401, value: 
key: 8176, value: 
key: 57035, value: 
key: 43511, value: 
key: 315445, value: 
key: 297989, value: 
key: 703837, value: 
key: 72085, value: 
key: 811525, value: 
key: 281650, value: 
key: 482822, value: 
key: 5858, value: 
key: 1737, value: 
key: 228, value: 
key: 557094, value: 
key: 215321, value: 
key: 404617, value: 
key: 624772, value: 
key: 391980, value: 
key: 457635, value: 
key: 4996, value: 
key: 14522, value: 
key: 185, value: 
key: 300670, value: 
key: 622220, value: 
key: 55510, value: 
key: 734857, value: 
key: 678845, value: 
key: 43399, value: 
key: 256913, value: 
key: 90326, value: 
key: 264785, value: 
key: 237370, value: 
key: 1748, value: 
key: 234337, value: 
key: 7326, value: 
key: 495864, value: 
key: 541361, value: 
key: 689694, value: 
key: 592741, value: 
key: 412474, value: 
key: 130815, value: 
key: 16115, value: 
key: 91312, value: 
key: 473950, value: 
key: 342078, value: 
key: 443827, value: 
key: 280525, value: 
key: 35372, value: 
key: 508838, value: 
key: 24228, value: 
key: 861052, value: 
key: 269720, value: 
key: 171315, value: 
key: 544166, value: 
key: 58292, value: 
key: 174747, value: 
key: 51705, value: 
key: 217646, value: 
key: 970406, value: 
key: 182162, value: 
key: 833864, value: 
key: 29669, value: 
key: 46899, value: 
key: 864673, value: 
key: 226989, value: 
key: 983756, value: 
key: 53721, value: 
key: 69388, value: 
key: 1689, value: 
key: 105066, value: 
key: 686758, value: 
key: 967989, value: 
key: 66978, value: 
key: 975685, value: 
key: 472043, value: 
key: 248154, value: 
key: 40503, value: 
key: 594110, value: 
key: 217183, value: 
key: 814405, value: 
key: 42701, value: 
key: 176385, value: 
key: 288839, value: 
key: 296407, value: 
key: 125114, value: 
key: 419910, value: 
key: 41926, value: 
key: 23063, value: 
key: 150639, value: 
key: 545549, value: 
key: 402, value: 
key: 471828, value: 
key: 299921, value: 
key: 197609, value: 
key: 523664, value: 
key: 966917, value: 
key: 342816, value: 
key: 30380, value: 
key: 63607, value: 
key: 204356, value: 
key: 972501, value: 
key: 694973, value: 
key: 552208, value: 
key: 460387, value: 
key: 414360, value: 
key: 105945, value: 
key: 20211, value: 
key: 450146, value: 
key: 517427, value: 
key: 413886, value: 
key: 625308, value: 
key: 642491, value: 
key: 251217, value: 
key: 291004, value: 
key: 831587, value: 
key: 924470, value: 
key: 125909, value: 
key: 739519, value: 
key: 65641, value: 
key: 361277, value: 
key: 19114, value: 
key: 155780, value: 
key: 642833, value: 
key: 871055, value: 
key: 333771, value: 
key: 54454, value: 
key: 1234, value: 
key: 313667, value: 
key: 137762, value: 
key: 25865, value: 
key: 936879, value: 
key: 109282, value: 
key: 46019, value: 
key: 268899, value: 
key: 491068, value: 
key: 769413, value: 
key: 635123, value: 
key: 934354, value: 
key: 69113, value: 
key: 697675, value: 
key: 219299, value: 
key: 256768, value: 
key: 641852, value: 
key: 790983, value: 
key: 899224, value: 
key: 864396, value: 
key: 996237, value: 
key: 237525, value: 
key: 127541, value: 
key: 467254, value: 
key: 39453, value: 
key: 141327, value: 
key: 213556, value: 
key: 179610, value: 
key: 724186, value: 
key: 2413, value: 
key: 265876, value: 
key: 5564, value: 
key: 27672, value: 
key: 461757, value: 
key: 80789, value: 
key: 745291, value: 
key: 209397, value: 
key: 345095, value: 
key: 614018, value: 
key: 143677, value: 
key: 6790, value: 
key: 132163, value: 
key: 287193, value: 
key: 140384, value: 
key: 381664, value: 
key: 330309, value: 
key: 659222, value: 
key: 478898, value: 
key: 7791, value: 
key: 725992, value: 
key: 19705, value: 
key: 67070, value: 
key: 309848, value: 
key: 14100, value: 
key: 19680, value: 
key: 543776, value: 
key: 82273, value: 
key: 187554, value: 
key: 360788, value: 
key: 751061, value: 
key: 97132, value: 
key: 189406, value: 
key: 341855, value: 
key: 233675, value: 
key: 244396, value: 
key: 510820, value: 
key: 89225, value: 
key: 400116, value: 
key: 386953, value: 
key: 800987, value: 
key: 826123, value: 
key: 41333, value: 
key: 133942, value: 
key: 213307, value: 
key: 266635, value: 
key: 635318, value: 
key: 82695, value: 
key: 961910, value: 
key: 403391, value: 
key: 339382, value: 
key: 330675, value: 
key: 30715, value: 
key: 443076, value: 
key: 603957, value: 
key: 417420, value: 
key: 233385, value: 
key: 23566, value: 
key: 440091, value: 
key: 6277, value: 
key: 5324, value: 
key: 638115, value: 
key: 117106, value: 
key: 161064, value: 
key: 207214, value: 
key: 538183, value: 
key: 63249, value: 
key: 237853, value: 
key: 452700, value: 
key: 60776, value: 
key: 588986, value: 
key: 639631, value: 
key: 201007, value: 
key: 886259, value: 
key: 167954, value: 
key: 699318, value: 
key: 1218, value: 
key: 289731, value: 
key: 700894, value: 
key: 300177, value: 
key: 701026, value: 
key: 800831, value: 
key: 477712, value: 
key: 648183, value: 
key: 462231, value: 
key: 25269, value: 
key: 147709, value: 
key: 31530, value: 
key: 558961, value: 
key: 52634, value: 
key: 124661, value: 
key: 32661, value: 
key: 344025, value: 
key: 475406, value: 
key: 647627, value: 
key: 180621, value: 
key: 64013, value: 
key: 6295, value: 
key: 87834, value: 
key: 243175, value: 
key: 733447, value: 
key: 24055, value: 
key: 334392, value: 
key: 761448, value: 
key: 20, value: 
key: 230586, value: 
key: 188902, value: 
key: 328744, value: 
key: 1911, value: 
key: 57989, value: 
key: 152965, value: 
key: 418618, value: 
key: 621432, value: 
key: 890236, value: 
key: 636522, value: 
key: 749310, value: 
key: 978646, value: 
key: 26158, value: 
key: 618667, value: 
key: 356970, value: 
key: 412863, value: 
key: 717269, value: 
key: 556633, value: 
key: 293936, value: 
key: 93945, value: 
key: 58405, value: 
key: 809351, value: 
key: 67184, value: 
key: 55336, value: 
key: 125712, value: 
key: 447399, value: 
key: 2972, value: 
key: 63980, value: 
key: 519852, value: 
key: 175199, value: 
key: 134787, value: 
key: 70290, value: 
key: 457581, value: 
key: 157353, value: 
key: 616405, value: 
key: 382793, value: 
key: 366582, value: 
key: 798507, value: 
key: 150240, value: 
key: 220453, value: 
key: 725433, value: 
key: 343167, value: 
key: 343000, value: 
key: 1423, value: 
key: 273574, value: 
key: 190699, value: 
key: 1005, value: 
key: 405469, value: 
key: 743448, value: 
key: 144614, value: 
key: 341163, value: 
key: 587446, value: 
key: 98205, value: 
key: 798754, value: 
key: 408031, value: 
key: 642907, value: 
key: 503703, value: 
key: 941907, value: 
key: 4552, value: 
key: 284916, value: 
key: 353267, value: 
key: 373267, value: 
key: 394677, value: 
key: 58054, value: 
key: 88996, value: 
key: 47395, value: 
key: 239628, value: 
key: 17037, value: 
key: 181051, value: 
key: 3003, value: 
key: 121518, value: 
key: 55756, value: 
key: 66994, value: 
key: 178594, value: 
key: 338066, value: 
key: 26174, value: 
key: 436832, value: 
key: 598310, value: 
key: 371322, value: 
key: 554752, value: 
key: 826293, value: 
key: 36896, value: 
key: 353007, value: 
key: 1904, value: 
key: 938530, value: 
key: 637604, value: 
key: 437750, value: 
key: 240024, value: 
key: 353915, value: 
key: 129527, value: 
key: 158451, value: 
key: 549060, value: 
key: 77806, value: 
key: 258913, value: 
key: 817321, value: 
key: 122195, value: 
key: 227449, value: 
key: 697671, value: 
key: 282, value: 
key: 192671, value: 
key: 3333, value: 
key: 61094, value: 
key: 993401, value: 
key: 6909, value: 
key: 667265, value: 
key: 567981, value: 
key: 64743, value: 
key: 584577, value: 
key: 830795, value: 
key: 723585, value: 
key: 237763, value: 
key: 275358, value: 
key: 551634, value: 
key: 122027, value: 
key: 331393, value: 
key: 956095, value: 
key: 302962, value: 
key: 539467, value: 
key: 13341, value: 
key: 184168, value: 
key: 508409, value: 
key: 1540, value: 
key: 148580, value: 
key: 30832, value: 
key: 15983, value: 
key: 13767, value: 
key: 628275, value: 
key: 90180, value: 
key: 554185, value: 
key: 463649, value: 
key: 2, value: 
key: 6686, value: 
key: 40112, value: 
key: 759403, value: 
key: 105327, value: 
key: 397892, value: 
key: 405375, value: 
key: 195692, value: 
key: 407038, value: 
key: 89056, value: 
key: 6136, value: 
key: 3177, value: 
key: 380078, value: 
key: 74308, value: 
key: 519296, value: 
key: 92728, value: 
key: 960744, value: 
key: 681942, value: 
key: 262457, value: 
key: 2859, value: 
key: 350697, value: 
key: 53198, value: 
key: 786072, value: 
key: 108717, value: 
key: 791124, value: 
key: 265737, value: 
key: 656667, value: 
key: 168647, value: 
key: 331368, value: 
key: 706991, value: 
key: 68206, value: 
key: 951164, value: 
key: 737625, value: 
key: 77891, value: 
key: 125437, value: 
key: 250771, value: 
key: 837697, value: 
key: 86927, value: 
key: 527884, value: 
key: 696669, value: 
key: 376585, value: 
key: 712462, value: 
key: 796589, value: 
key: 242, value: 
key: 255, value: 
key: 625245, value: 
key: 757353, value: 
key: 97329, value: 
key: 752886, value: 
key: 895622, value: 
key: 385790, value: 
key: 817514, value: 
key: 842048, value: 
key: 135270, value: 
key: 682903, value: 
key: 396547, value: 
key: 409731, value: 
key: 700155, value: 
key: 522166, value: 
key: 339977, value: 
key: 72878, value: 
key: 248259, value: 
key: 490454, value: 
key: 383954, value: 
key: 824536, value: 
key: 120890, value: 
key: 91763, value: 
key: 114671, value: 
key: 16698, value: 
key: 54476, value: 
key: 405809, value: 
key: 659714, value: 
key: 107109, value: 
key: 296795, value: 
key: 181806, value: 
key: 968135, value: 
key: 371577, value: 
key: 194727, value: 
key: 709596, value: 
key: 8024, value: 
key: 667124, value: 
key: 223966, value: 
key: 215, value: 
key: 318657, value: 
key: 206925, value: 
key: 560887, value: 
key: 126502, value: 
key: 20332, value: 
key: 760489, value: 
key: 358334, value: 
key: 153856, value: 
key: 165657, value: 
key: 692043, value: 
key: 400260, value: 
key: 549772, value: 
key: 619040, value: 
key: 198354, value: 
key: 401751, value: 
key: 934398, value: 
key: 73831, value: 
key: 287032, value: 
key: 417297, value: 
key: 140601, value: 
key: 75152, value: 
key: 766337, value: 
key: 24158, value: 
key: 871356, value: 
key: 55666, value: 
key: 111890, value: 
key: 97666, value: 
key: 7669, value: 
key: 34621, value: 
key: 67814, value: 
key: 618854, value: 
key: 6095, value: 
key: 755719, value: 
key: 845102, value: 
key: 378, value: 
key: 656481, value: 
key: 152738, value: 
key: 106818, value: 
key: 383433, value: 
key: 44002, value: 
key: 228563, value: 
key: 91323, value: 
key: 46024, value: 
key: 634289, value: 
key: 94249, value: 
key: 241045, value: 
key: 484248, value: 
key: 7344, value: 
key: 153964, value: 
key: 603032, value: 
key: 156488, value: 
key: 3029, value: 
key: 27593, value: 
key: 753032, value: 
key: 71381, value: 
key: 22853, value: 
key: 297295, value: 
key: 220170, value: 
key: 221959, value: 
key: 402583, value: 
key: 595120, value: 
key: 1522, value: 
key: 798433, value: 
key: 441373, value: 
key: 171089, value: 
key: 4493, value: 
key: 880497, value: 
key: 629250, value: 
key: 152952, value: 
key: 44376, value: 
key: 54188, value: 
key: 606103, value: 
key: 154330, value: 
key: 271709, value: 
key: 147255, value: 
key: 993212, value: 
key: 912727, value: 
key: 932783, value: 
key: 108456, value: 
key: 11284, value: 
key: 354053, value: 
key: 501970, value: 
key: 18478, value: 
key: 802226, value: 
key: 31619, value: 
key: 66912, value: 
key: 50384, value: 
key: 468736, value: 
key: 130534, value: 
key: 36236, value: 
key: 54382, value: 
key: 47995, value: 
key: 442745, value: 
key: 127134, value: 
key: 526821, value: 
key: 39082, value: 
key: 272403, value: 
key: 23812, value: 
key: 243168, value: 
key: 978, value: 
key: 654078, value: 
key: 871011, value: 
key: 487331, value: 
key: 89764, value: 
key: 116059, value: 
key: 187932, value: 
key: 3977, value: 
key: 452265, value: 
key: 515346, value: 
key: 222301, value: 
key: 419107, value: 
key: 710585, value: 
key: 898465, value: 
key: 676573, value: 
key: 12357, value: 
key: 18432, value: 
key: 599016, value: 
key: 776428, value: 
key: 401463, value: 
key: 914251, value: 
key: 271192, value: 
key: 326449, value: 
key: 584223, value: 
key: 299934, value: 
key: 514538, value: 
key: 126962, value: 
key: 106744, value: 
key: 557526, value: 
key: 116705, value: 
key: 139726, value: 
key: 29399, value: 
key: 966740, value: 
key: 12522, value: 
key: 475428, value: 
key: 479918, value: 
key: 744434, value: 
key: 623290, value: 
key: 182241, value: 
key: 341077, value: 
key: 327350, value: 
key: 601966, value: 
key: 354406, value: 
key: 948995, value: 
key: 400723, value: 
key: 621519, value: 
key: 223629, value: 
key: 750956, value: 
key: 17976, value: 
key: 207333, value: 
key: 765442, value: 
key: 574406, value: 
key: 859633, value: 
key: 5124, value: 
key: 937878, value: 
key: 45139, value: 
key: 61632, value: 
key: 28635, value: 
key: 67953, value: 
key: 345916, value: 
key: 87214, value: 
key: 491736, value: 
key: 112895, value: 
key: 116918, value: 
key: 765479, value: 
key: 750666, value: 
key: 113562, value: 
key: 245005, value: 
key: 309042, value: 
key: 36201, value: 
key: 59222, value: 
key: 846301, value: 
key: 573346, value: 
key: 730998, value: 
key: 835833, value: 
key: 287889, value: 
key: 485968, value: 
key: 314217, value: 
key: 187925, value: 
key: 812795, value: 
key: 22097, value: 
key: 468181, value: 
key: 97851, value: 
key: 175939, value: 
key: 423579, value: 
key: 4844, value: 
key: 64730, value: 
key: 92467, value: 
key: 6844, value: 
key: 142546, value: 
key: 617639, value: 
key: 69849, value: 
key: 628626, value: 
key: 655202, value: 
key: 239835, value: 
key: 1829, value: 
key: 284835, value: 
key: 91712, value: 
key: 147862, value: 
key: 301994, value: 
key: 273705, value: 
key: 673460, value: 
key: 60053, value: 
key: 130943, value: 
key: 569484, value: 
key: 4576, value: 
key: 535430, value: 
key: 384762, value: 
key: 249333, value: 
key: 36528, value: 
key: 660688, value: 
key: 294939, value: 
key: 34030, value: 
key: 700283, value: 
key: 38348, value: 
key: 7216, value: 
key: 29432, value: 
key: 269834, value: 
key: 2147, value: 
key: 43221, value: 
key: 179801, value: 
key: 224396, value: 
key: 410856, value: 
key: 23407, value: 
key: 205353, value: 
key: 162027, value: 
key: 421579, value: 
key: 889588, value: 
key: 15190, value: 
key: 647995, value: 
key: 3542, value: 
key: 70474, value: 
key: 205636, value: 
key: 102210, value: 
key: 714075, value: 
key: 335337, value: 
key: 244796, value: 
key: 459727, value: 
key: 151014, value: 
key: 9317, value: 
key: 420684, value: 
key: 928717, value: 
key: 9155, value: 
key: 137603, value: 
key: 5946, value: 
key: 322865, value: 
key: 711052, value: 
key: 750868, value: 
key: 885085, value: 
key: 160331, value: 
key: 179825, value: 
key: 791089, value: 
key: 158684, value: 
key: 899053, value: 
key: 411109, value: 
key: 537906, value: 
key: 81689, value: 
key: 1122, value: 
key: 80671, value: 
key: 191704, value: 
key: 888431, value: 
key: 11927, value: 
key: 518150, value: 
key: 806376, value: 
key: 240145, value: 
key: 906348, value: 
key: 293277, value: 
key: 346494, value: 
key: 457064, value: 
key: 23843, value: 
key: 37167, value: 
key: 826437, value: 
key: 371632, value: 
key: 167026, value: 
key: 381314, value: 
key: 563251, value: 
key: 408174, value: 
key: 909, value: 
key: 9775, value: 
key: 67500, value: 
key: 32412, value: 
key: 359913, value: 
key: 259138, value: 
key: 98119, value: 
key: 342126, value: 
key: 282721, value: 
key: 74647, value: 
key: 817284, value: 
key: 18337, value: 
key: 576446, value: 
key: 292883, value: 
key: 22390, value: 
key: 1001, value: 
key: 312309, value: 
key: 15774, value: 
key: 581998, value: 
key: 359173, value: 
key: 425900, value: 
key: 943114, value: 
key: 103282, value: 
key: 184599, value: 
key: 1409, value: 
key: 154376, value: 
key: 10531, value: 
key: 299497, value: 
key: 181477, value: 
key: 242020, value: 
key: 41706, value: 
key: 190583, value: 
key: 304409, value: 
key: 732802, value: 
key: 415897, value: 
key: 129833, value: 
key: 124849, value: 
key: 113799, value: 
key: 885809, value: 
key: 3139, value: 
key: 98812, value: 
key: 205777, value: 
key: 390099, value: 
key: 549282, value: 
key: 16229, value: 
key: 58733, value: 
key: 52164, value: 
key: 795328, value: 
key: 292719, value: 
key: 356271, value: 
key: 473, value: 
key: 396046, value: 
key: 127792, value: 
key: 925679, value: 
key: 866262, value: 
key: 275585, value: 
key: 28918, value: 
key: 28, value: 
key: 31011, value: 
key: 102472, value: 
key: 211923, value: 
key: 843430, value: 
key: 694706, value: 
key: 98757, value: 
key: 550899, value: 
key: 590770, value: 
key: 253060, value: 
key: 491297, value: 
key: 790613, value: 
key: 41441, value: 
key: 912558, value: 
key: 162131, value: 
key: 93912, value: 
key: 217989, value: 
key: 105132, value: 
key: 262231, value: 
key: 960027, value: 
key: 998680, value: 
key: 212418, value: 
key: 529064, value: 
key: 261746, value: 
key: 542432, value: 
key: 44958, value: 
key: 26686, value: 
key: 151854, value: 
key: 178, value: 
key: 151386, value: 
key: 509033, value: 
key: 411750, value: 
key: 508142, value: 
key: 498722, value: 
key: 18979, value: 
key: 53141, value: 
key: 147710, value: 
key: 576196, value: 
key: 367264, value: 
key: 235323, value: 
key: 546920, value: 
key: 441629, value: 
key: 413376, value: 
key: 488383, value: 
key: 346399, value: 
key: 212230, value: 
key: 498526, value: 
key: 676474, value: 
key: 968227, value: 
key: 164690, value: 
key: 402134, value: 
key: 149987, value: 
key: 497457, value: 
key: 202541, value: 
key: 288639, value: 
key: 631327, value: 
key: 253145, value: 
key: 563707, value: 
key: 374653, value: 
key: 557872, value: 
key: 785790, value: 
key: 940102, value: 
key: 981343, value: 
key: 935216, value: 
key: 3962, value: 
key: 39680, value: 
key: 405012, value: 
key: 548210, value: 
key: 388951, value: 
key: 80, value: 
key: 463401, value: 
key: 75938, value: 
key: 3997, value: 
key: 900546, value: 
key: 465052, value: 
key: 4143, value: 
key: 551069, value: 
key: 10997, value: 
key: 639206, value: 
key: 213060, value: 
key: 849702, value: 
key: 5834, value: 
key: 91747, value: 
key: 263896, value: 
key: 6260, value: 
key: 3225, value: 
key: 361057, value: 
key: 576743, value: 
key: 153182, value: 
key: 63175, value: 
key: 12780, value: 
key: 263476, value: 
key: 962438, value: 
key: 194073, value: 
key: 52977, value: 
key: 154530, value: 
key: 852010, value: 
key: 1304, value: 
key: 462945, value: 
key: 13514, value: 
key: 959430, value: 
key: 152727, value: 
key: 3090, value: 
key: 278131, value: 
key: 132156, value: 
key: 375571, value: 
key: 266785, value: 
key: 775476, value: 
key: 44507, value: 
key: 465843, value: 
key: 179757, value: 
key: 17059, value: 
key: 355276, value: 
key: 104537, value: 
key: 10766, value: 
key: 75556, value: 
key: 297093, value: 
key: 114657, value: 
key: 439448, value: 
key: 97794, value: 
key: 489720, value: 
key: 39428, value: 
key: 13730, value: 
key: 751276, value: 
key: 21937, value: 
key: 80891, value: 
key: 102102, value: 
key: 480484, value: 
key: 159706, value: 
key: 236360, value: 
key: 11732, value: 
key: 848789, value: 
key: 919254, value: 
key: 413684, value: 
key: 52465, value: 
key: 753139, value: 
key: 528979, value: 
key: 9971, value: 
key: 406987, value: 
key: 20808, value: 
key: 250825, value: 
key: 38179, value: 
key: 23030, value: 
key: 23762, value: 
key: 177021, value: 
key: 247618, value: 
key: 69188, value: 
key: 367880, value: 
key: 37871, value: 
key: 83780, value: 
key: 775135, value: 
key: 22633, value: 
key: 430317, value: 
key: 323743, value: 
key: 301974, value: 
key: 386698, value: 
key: 110424, value: 
key: 354143, value: 
key: 1506, value: 
key: 50588, value: 
key: 444732, value: 
key: 471235, value: 
key: 164384, value: 
key: 439893, value: 
key: 267166, value: 
key: 845995, value: 
key: 312963, value: 
key: 31439, value: 
key: 998082, value: 
key: 759443, value: 
key: 350235, value: 
key: 645391, value: 
key: 4903, value: 
key: 279574, value: 
key: 168915, value: 
key: 982463, value: 
key: 4062, value: 
key: 192329, value: 
key: 381705, value: 
key: 636162, value: 
key: 865193, value: 
key: 161516, value: 
key: 8, value: 
key: 324636, value: 
key: 335900, value: 
key: 933137, value: 
key: 49427, value: 
key: 78362, value: 
key: 264646, value: 
key: 365606, value: 
key: 33383, value: 
key: 684776, value: 
key: 810001, value: 
key: 9768, value: 
key: 528793, value: 
key: 3209, value: 
key: 401771, value: 
key: 1478, value: 
key: 743989, value: 
key: 475811, value: 
key: 518428, value: 
key: 190002, value: 
key: 328746, value: 
key: 205032, value: 
key: 429106, value: 
key: 235945, value: 
key: 107646, value: 
key: 413600, value: 
key: 447551, value: 
key: 37132, value: 
key: 517726, value: 
key: 978152, value: 
key: 196217, value: 
key: 147833, value: 
key: 806846, value: 
key: 737977, value: 
key: 192815, value: 
key: 162636, value: 
key: 369994, value: 
key: 176798, value: 
key: 5711, value: 
key: 235149, value: 
key: 755513, value: 
key: 614553, value: 
key: 56236, value: 
key: 234061, value: 
key: 429838, value: 
key: 377782, value: 
key: 93390, value: 
key: 988696, value: 
key: 42534, value: 
key: 502052, value: 
key: 87942, value: 
key: 332042, value: 
key: 738055, value: 
key: 71864, value: 
key: 12434, value: 
key: 971399, value: 
key: 847234, value: 
key: 313205, value: 
key: 346508, value: 
key: 23148, value: 
key: 984120, value: 
key: 6268, value: 
key: 96449, value: 
key: 48479, value: 
key: 863535, value: 
key: 379098, value: 
key: 847630, value: 
key: 29649, value: 
key: 62190, value: 
key: 360247, value: 
key: 7261, value: 
key: 128681, value: 
key: 291633, value: 
key: 667841, value: 
key: 545813, value: 
key: 355098, value: 
key: 440297, value: 
key: 182342, value: 
key: 880499, value: 
key: 63065, value: 
key: 69447, value: 
key: 281009, value: 
key: 459891, value: 
key: 730495, value: 
key: 326531, value: 
key: 659598, value: 
key: 339872, value: 
key: 499785, value: 
key: 291965, value: 
key: 507242, value: 
key: 28503, value: 
key: 722944, value: 
key: 388007, value: 
key: 111557, value: 
key: 269702, value: 
key: 136570, value: 
key: 70579, value: 
key: 347606, value: 
key: 196604, value: 
key: 104076, value: 
key: 860789, value: 
key: 387554, value: 
key: 959508, value: 
key: 643364, value: 
key: 906474, value: 
key: 5069, value: 
key: 668325, value: 
key: 119988, value: 
key: 649748, value: 
key: 486664, value: 
key: 10096, value: 
key: 225018, value: 
key: 640075, value: 
key: 542410, value: 
key: 173753, value: 
key: 775074, value: 
key: 702027, value: 
key: 11497, value: 
key: 11035, value: 
key: 308614, value: 
key: 356099, value: 
key: 434115, value: 
key: 30168, value: 
key: 606352, value: 
key: 270779, value: 
key: 11240, value: 
key: 655428, value: 
key: 326180, value: 
key: 69001, value: 
key: 319021, value: 
key: 177977, value: 
key: 465524, value: 
key: 505950, value: 
key: 124173, value: 
key: 60079, value: 
key: 15831, value: 
key: 792613, value: 
key: 517331, value: 
key: 5137, value: 
key: 85850, value: 
key: 735847, value: 
key: 7016, value: 
key: 551380, value: 
key: 332118, value: 
key: 112617, value: 
key: 433671, value: 
key: 17996, value: 
key: 21382, value: 
key: 8084, value: 
key: 507635, value: 
key: 786199, value: 
key: 185035, value: 
key: 48343, value: 
key: 47425, value: 
key: 148344, value: 
key: 52012, value: 
key: 498041, value: 
key: 26587, value: 
key: 144384, value: 
key: 656175, value: 
key: 382821, value: 
key: 104304, value: 
key: 161039, value: 
key: 913696, value: 
key: 430348, value: 
key: 53772, value: 
key: 7830, value: 
key: 687072, value: 
key: 760856, value: 
key: 544094, value: 
key: 382285, value: 
key: 62558, value: 
key: 21650, value: 
key: 673837, value: 
key: 842116, value: 
key: 689452, value: 
key: 66422, value: 
key: 952466, value: 
key: 257031, value: 
key: 29030, value: 
key: 3676, value: 
key: 113283, value: 
key: 174291, value: 
key: 6509, value: 
key: 237936, value: 
key: 117144, value: 
key: 35370, value: 
key: 43915, value: 
key: 852034, value: 
key: 92153, value: 
key: 298676, value: 
key: 697, value: 
key: 227249, value: 
key: 180115, value: 
key: 1889, value: 
key: 490140, value: 
key: 103675, value: 
key: 590699, value: 
key: 216018, value: 
key: 4318, value: 
key: 121114, value: 
key: 116204, value: 
key: 29818, value: 
key: 237909, value: 
key: 414528, value: 
key: 738422, value: 
key: 372, value: 
key: 14579, value: 
key: 266327, value: 
key: 216696, value: 
key: 819, value: 
key: 499761, value: 
key: 473174, value: 
key: 86019, value: 
key: 430854, value: 
key: 10384, value: 
key: 853989, value: 
key: 274304, value: 
key: 985053, value: 
key: 73033, value: 
key: 970323, value: 
key: 99761, value: 
key: 980423, value: 
key: 930125, value: 
key: 742746, value: 
key: 199258, value: 
key: 292759, value: 
key: 363787, value: 
key: 217725, value: 
key: 252421, value: 
key: 9401, value: 
key: 67058, value: 
key: 166085, value: 
key: 830944, value: 
key: 71112, value: 
key: 813831, value: 
key: 581310, value: 
key: 309400, value: 
key: 899255, value: 
key: 7867, value: 
key: 273275, value: 
key: 287733, value: 
key: 7797, value: 
key: 59682, value: 
key: 126508, value: 
key: 478218, value: 
key: 256133, value: 
key: 860839, value: 
key: 57800, value: 
key: 861919, value: 
key: 575807, value: 
key: 22925, value: 
key: 2295, value: 
key: 101668, value: 
key: 65117, value: 
key: 162694, value: 
key: 593337, value: 
key: 525413, value: 
key: 36623, value: 
key: 63348, value: 
key: 24581, value: 
key: 2444, value: 
key: 706867, value: 
key: 396435, value: 
key: 886839, value: 
key: 187701, value: 
key: 147457, value: 
key: 190150, value: 
key: 178648, value: 
key: 25124, value: 
key: 46578, value: 
key: 141859, value: 
key: 925181, value: 
key: 261908, value: 
key: 72948, value: 
key: 375148, value: 
key: 48181, value: 
key: 499501, value: 
key: 132112, value: 
key: 549178, value: 
key: 996466, value: 
key: 176826, value: 
key: 550, value: 
key: 374646, value: 
key: 14016, value: 
key: 750303, value: 
key: 199663, value: 
key: 659154, value: 
key: 67807, value: 
key: 177209, value: 
key: 44837, value: 
key: 15347, value: 
key: 198750, value: 
key: 476874, value: 
key: 358022, value: 
key: 51778, value: 
key: 741675, value: 
key: 970226, value: 
key: 13947, value: 
key: 554031, value: 
key: 334295, value: 
key: 367879, value: 
key: 132244, value: 
key: 292850, value: 
key: 70685, value: 
key: 353388, value: 
key: 285199, value: 
key: 506416, value: 
key: 729387, value: 
key: 45083, value: 
key: 894485, value: 
key: 70081, value: 
key: 761, value: 
key: 229425, value: 
key: 394079, value: 
key: 993502, value: 
key: 2369, value: 
key: 159591, value: 
key: 751896, value: 
key: 463373, value: 
key: 7687, value: 
key: 760472, value: 
key: 852740, value: 
key: 5595, value: 
key: 220837, value: 
key: 9133, value: 
key: 439732, value: 
key: 794804, value: 
key: 274481, value: 
key: 829973, value: 
key: 71819, value: 
key: 888257, value: 
key: 533243, value: 
key: 121189, value: 
key: 143280, value: 
key: 497660, value: 
key: 157856, value: 
key: 481492, value: 
key: 291329, value: 
key: 107497, value: 
key: 815556, value: 
key: 77077, value: 
key: 6343, value: 
key: 879417, value: 
key: 754217, value: 
key: 799768, value: 
key: 487179, value: 
key: 741046, value: 
key: 291637, value: 
key: 7623, value: 
key: 709585, value: 
key: 187217, value: 
key: 77424, value: 
key: 8020, value: 
key: 512879, value: 
key: 119474, value: 
key: 110015, value: 
key: 456838, value: 
key: 328883, value: 
key: 132413, value: 
key: 449029, value: 
key: 1199, value: 
key: 125961, value: 
key: 456719, value: 
key: 462521, value: 
key: 563262, value: 
key: 12540, value: 
key: 324298, value: 
key: 113513, value: 
key: 106771, value: 
key: 65386, value: 
key: 667960, value: 
key: 602653, value: 
key: 147482, value: 
key: 105798, value: 
key: 64222, value: 
key: 230470, value: 
key: 635172, value: 
key: 917946, value: 
key: 411617, value: 
key: 928285, value: 
key: 497497, value: 
key: 526029, value: 
key: 201973, value: 
key: 560380, value: 
key: 124694, value: 
key: 81597, value: 
key: 42198, value: 
key: 282561, value: 
key: 280642, value: 
key: 172875, value: 
key: 608309, value: 
key: 550666, value: 
key: 33543, value: 
key: 30856, value: 
key: 94502, value: 
key: 810005, value: 
key: 49087, value: 
key: 15415, value: 
key: 308719, value: 
key: 462682, value: 
key: 470627, value: 
key: 738879, value: 
key: 242428, value: 
key: 22064, value: 
key: 463375, value: 
key: 7434, value: 
key: 29179, value: 
key: 205726, value: 
key: 203391, value: 
key: 391504, value: 
key: 553715, value: 
key: 680093, value: 
key: 800729, value: 
key: 3791, value: 
key: 61661, value: 
key: 629380, value: 
key: 975746, value: 
key: 22965, value: 
key: 198431, value: 
key: 27687, value: 
key: 700131, value: 
key: 553197, value: 
key: 788913, value: 
key: 401281, value: 
key: 51536, value: 
key: 417383, value: 
key: 446, value: 
key: 118378, value: 
key: 855350, value: 
key: 85997, value: 
key: 36603, value: 
key: 65401, value: 
key: 917740, value: 
key: 128991, value: 
key: 366540, value: 
key: 540698, value: 
key: 853844, value: 
key: 98566, value: 
key: 81513, value: 
key: 270030, value: 
key: 62901, value: 
key: 339450, value: 
key: 924656, value: 
key: 238348, value: 
key: 293653, value: 
key: 99004, value: 
key: 438715, value: 
key: 475141, value: 
key: 4307, value: 
key: 8802, value: 
key: 146234, value: 
key: 80277, value: 
key: 674173, value: 
key: 920577, value: 
key: 701051, value: 
key: 269940, value: 
key: 497178, value: 
key: 97950, value: 
key: 354, value: 
key: 22305, value: 
key: 66338, value: 
key: 96012, value: 
key: 163006, value: 
key: 71422, value: 
key: 278966, value: 
key: 21241, value: 
key: 224840, value: 
key: 181862, value: 
key: 992150, value: 
key: 11932, value: 
key: 775157, value: 
key: 731955, value: 
key: 345992, value: 
key: 299680, value: 
key: 365996, value: 
key: 199607, value: 
key: 410915, value: 
key: 534468, value: 
key: 494344, value: 
key: 236900, value: 
key: 340151, value: 
key: 628644, value: 
key: 405911, value: 
key: 95501, value: 
key: 219589, value: 
key: 233615, value: 
key: 832801, value: 
key: 646884, value: 
key: 4222, value: 
key: 926573, value: 
key: 935364, value: 
key: 39875, value: 
key: 135494, value: 
key: 863573, value: 
key: 783206, value: 
key: 505415, value: 
key: 81072, value: 
key: 414614, value: 
key: 584805, value: 
key: 266, value: 
key: 842039, value: 
key: 9616, value: 
key: 316732, value: 
key: 831305, value: 
key: 87621, value: 
key: 129789, value: 
key: 711704, value: 
key: 571043, value: 
key: 347, value: 
key: 769473, value: 
key: 155562, value: 
key: 488303, value: 
key: 2538, value: 
key: 4604, value: 
key: 752192, value: 
key: 190976, value: 
key: 21432, value: 
key: 299781, value: 
key: 37714, value: 
key: 613994, value: 
key: 192109, value: 
key: 336974, value: 
key: 109202, value: 
key: 946100, value: 
key: 214120, value: 
key: 47786, value: 
key: 923341, value: 
key: 809577, value: 
key: 273501, value: 
key: 5645, value: 
key: 112051, value: 
key: 172385, value: 
key: 307532, value: 
key: 122364, value: 
key: 1267, value: 
key: 52511, value: 
key: 136684, value: 
key: 491642, value: 
key: 19491, value: 
key: 857576, value: 
key: 587822, value: 
key: 90535, value: 
key: 3250, value: 
key: 893574, value: 
key: 122397, value: 
key: 195423, value: 
key: 211695, value: 
key: 398866, value: 
key: 585, value: 
key: 374172, value: 
key: 98025, value: 
key: 534994, value: 
key: 180650, value: 
key: 153737, value: 
key: 81384, value: 
key: 70218, value: 
key: 16975, value: 
key: 211842, value: 
key: 927802, value: 
key: 394145, value: 
key: 164414, value: 
key: 906113, value: 
key: 415783, value: 
key: 353784, value: 
key: 77509, value: 
key: 917999, value: 
key: 234500, value: 
key: 40312, value: 
key: 387079, value: 
key: 417170, value: 
key: 246172, value: 
key: 69526, value: 
key: 204594, value: 
key: 14782, value: 
key: 13677, value: 
key: 83131, value: 
key: 853534, value: 
key: 327178, value: 
key: 526939, value: 
key: 334798, value: 
key: 706799, value: 
key: 39910, value: 
key: 235428, value: 
key: 682246, value: 
key: 46930, value: 
key: 2367, value: 
key: 6826, value: 
key: 332255, value: 
key: 670720, value: 
key: 552853, value: 
key: 177953, value: 
key: 568722, value: 
key: 35392, value: 
key: 52526, value: 
key: 608389, value: 
key: 221586, value: 
key: 340836, value: 
key: 505969, value: 
key: 695501, value: 
key: 544513, value: 
key: 75884, value: 
key: 159588, value: 
key: 444820, value: 
key: 227467, value: 
key: 719537, value: 
key: 597850, value: 
key: 440518, value: 
key: 815723, value: 
key: 174570, value: 
key: 43010, value: 
key: 603964, value: 
key: 378934, value: 
key: 572248, value: 
key: 166931, value: 
key: 63591, value: 
key: 398840, value: 
key: 102775, value: 
key: 1858, value: 
key: 70805, value: 
key: 62385, value: 
key: 750019, value: 
key: 47937, value: 
key: 430780, value: 
key: 474896, value: 
key: 21845, value: 
key: 57426, value: 
key: 14573, value: 
key: 385073, value: 
key: 60642, value: 
key: 512, value: 
key: 432076, value: 
key: 769794, value: 
key: 531823, value: 
key: 377517, value: 
key: 975445, value: 
key: 236294, value: 
key: 7999, value: 
key: 277132, value: 
key: 27492, value: 
key: 958680, value: 
key: 991102, value: 
key: 728812, value: 
key: 766296, value: 
key: 600978, value: 
key: 719098, value: 
key: 37617, value: 
key: 650100, value: 
key: 387381, value: 
key: 12922, value: 
key: 254524, value: 
key: 177562, value: 
key: 28899, value: 
key: 11648, value: 
key: 456090, value: 
key: 4561, value: 
key: 33664, value: 
key: 544034, value: 
key: 435167, value: 
key: 556523, value: 
key: 941879, value: 
key: 577652, value: 
key: 39222, value: 
key: 40460, value: 
key: 444451, value: 
key: 323349, value: 
key: 8154, value: 
key: 117199, value: 
key: 774714, value: 
key: 19008, value: 
key: 337030, value: 
key: 982977, value: 
key: 621904, value: 
key: 174464, value: 
key: 3137, value: 
key: 11996, value: 
key: 30429, value: 
key: 386111, value: 
key: 28172, value: 
key: 650984, value: 
key: 295796, value: 
key: 338707, value: 
key: 85674, value: 
key: 615068, value: 
key: 33718, value: 
key: 109464, value: 
key: 43478, value: 
key: 80242, value: 
key: 209205, value: 
key: 8729, value: 
key: 353287, value: 
key: 18834, value: 
key: 271123, value: 
key: 240488, value: 
key: 35240, value: 
key: 46596, value: 
key: 876968, value: 
key: 836397, value: 
key: 842121, value: 
key: 47476, value: 
key: 608, value: 
key: 14182, value: 
key: 163202, value: 
key: 237952, value: 
key: 1331, value: 
key: 277677, value: 
key: 212564, value: 
key: 13732, value: 
key: 14108, value: 
key: 213608, value: 
key: 675, value: 
key: 483892, value: 
key: 729910, value: 
key: 311087, value: 
key: 750529, value: 
key: 307897, value: 
key: 402635, value: 
key: 272773, value: 
key: 150839, value: 
key: 670777, value: 
key: 72324, value: 
key: 21212, value: 
key: 12010, value: 
key: 739674, value: 
key: 951858, value: 
key: 712369, value: 
key: 36430, value: 
key: 84286, value: 
key: 122063, value: 
key: 64949, value: 
key: 109837, value: 
key: 9546, value: 
key: 305091, value: 
key: 8693, value: 
key: 281065, value: 
key: 824518, value: 
key: 71967, value: 
key: 276371, value: 
key: 63609, value: 
key: 385910, value: 
key: 480921, value: 
key: 337036, value: 
key: 151199, value: 
key: 309145, value: 
key: 91860, value: 
key: 741150, value: 
key: 27902, value: 
key: 417635, value: 
key: 54067, value: 
key: 151591, value: 
key: 962281, value: 
key: 309361, value: 
key: 735788, value: 
key: 281603, value: 
key: 120759, value: 
key: 4716, value: 
key: 539984, value: 
key: 142025, value: 
key: 428497, value: 
key: 193364, value: 
key: 515351, value: 
key: 268219, value: 
key: 305143, value: 
key: 100582, value: 
key: 13561, value: 
key: 310907, value: 
key: 132448, value: 
key: 74030, value: 
key: 87399, value: 
key: 669773, value: 
key: 308924, value: 
key: 262446, value: 
key: 3399, value: 
key: 496979, value: 
key: 938727, value: 
key: 693569, value: 
key: 256586, value: 
key: 18193, value: 
key: 41434, value: 
key: 727, value: 
key: 242930, value: 
key: 704735, value: 
key: 92124, value: 
key: 5629, value: 
key: 653422, value: 
key: 34333, value: 
key: 39891, value: 
key: 108184, value: 
key: 309963, value: 
key: 372565, value: 
key: 896991, value: 
key: 82479, value: 
key: 24620, value: 
key: 170635, value: 
key: 329796, value: 
key: 8774, value: 
key: 921510, value: 
key: 98388, value: 
key: 955036, value: 
key: 703949, value: 
key: 296164, value: 
key: 497345, value: 
key: 980951, value: 
key: 127534, value: 
key: 257996, value: 
key: 202204, value: 
key: 522973, value: 
key: 381819, value: 
key: 771582, value: 
key: 902041, value: 
key: 33831, value: 
key: 318305, value: 
key: 5739, value: 
key: 23427, value: 
key: 58038, value: 
key: 302470, value: 
key: 72544, value: 
key: 104294, value: 
key: 10177, value: 
key: 972721, value: 
key: 553984, value: 
key: 302261, value: 
key: 862, value: 
key: 2967, value: 
key: 100955, value: 
key: 474863, value: 
key: 331100, value: 
key: 5290, value: 
key: 7371, value: 
key: 1164, value: 
key: 78689, value: 
key: 815941, value: 
key: 871291, value: 
key: 395922, value: 
key: 95073, value: 
key: 1665, value: 
key: 47986, value: 
key: 176792, value: 
key: 72605, value: 
key: 453044, value: 
key: 585077, value: 
key: 680442, value: 
key: 937986, value: 
key: 967619, value: 
key: 258522, value: 
key: 360991, value: 
key: 18018, value: 
key: 49731, value: 
key: 755083, value: 
key: 342157, value: 
key: 353294, value: 
key: 595522, value: 
key: 878803, value: 
key: 674421, value: 
key: 20774, value: 
key: 688417, value: 
key: 317573, value: 
key: 487052, value: 
key: 1214, value: 
key: 336697, value: 
key: 996855, value: 
key: 472067, value: 
key: 76087, value: 
key: 2626, value: 
key: 881948, value: 
key: 281140, value: 
key: 53169, value: 
key: 307970, value: 
key: 641537, value: 
key: 120427, value: 
key: 903110, value: 
key: 736747, value: 
key: 749442, value: 
key: 39059, value: 
key: 868455, value: 
key: 544520, value: 
key: 166913, value: 
key: 278793, value: 
key: 343, value: 
key: 257750, value: 
key: 54155, value: 
key: 303749, value: 
key: 216962, value: 
key: 112383, value: 
key: 424011, value: 
key: 501132, value: 
key: 165998, value: 
key: 745219, value: 
key: 347819, value: 
key: 223717, value: 
key: 290786, value: 
key: 447704, value: 
key: 150545, value: 
key: 37109, value: 
key: 58247, value: 
key: 492278, value: 
key: 868178, value: 
key: 19497, value: 
key: 57592, value: 
key: 88525, value: 
key: 144403, value: 
key: 73026, value: 
key: 517638, value: 
key: 228413, value: 
key: 854735, value: 
key: 703356, value: 
key: 693169, value: 
key: 828857, value: 
key: 563103, value: 
key: 126115, value: 
key: 809319, value: 
key: 676720, value: 
key: 106261, value: 
key: 19774, value: 
key: 43935, value: 
key: 52153, value: 
key: 13035, value: 
key: 155072, value: 
key: 353148, value: 
key: 100674, value: 
key: 232421, value: 
key: 735357, value: 
key: 69540, value: 
key: 238892, value: 
key: 42316, value: 
key: 245269, value: 
key: 757474, value: 
key: 428912, value: 
key: 38603, value: 
key: 3841, value: 
key: 802400, value: 
key: 5593, value: 
key: 422729, value: 
key: 227212, value: 
key: 992734, value: 
key: 142588, value: 
key: 620037, value: 
key: 84150, value: 
key: 173469, value: 
key: 229683, value: 
key: 94498, value: 
key: 907170, value: 
key: 1094, value: 
key: 420321, value: 
key: 937883, value: 
key: 476656, value: 
key: 2747, value: 
key: 157191, value: 
key: 59754, value: 
key: 609793, value: 
key: 483566, value: 
key: 168890, value: 
key: 257145, value: 
key: 617, value: 
key: 259086, value: 
key: 631958, value: 
key: 51, value: 
key: 219864, value: 
key: 271459, value: 
key: 114707, value: 
key: 58629, value: 
key: 198198, value: 
key: 6033, value: 
key: 15617, value: 
key: 64431, value: 
key: 457460, value: 
key: 168302, value: 
key: 430005, value: 
key: 64817, value: 
key: 35435, value: 
key: 826668, value: 
key: 395300, value: 
key: 469775, value: 
key: 297174, value: 
key: 308483, value: 
key: 2635, value: 
key: 341152, value: 
key: 587222, value: 
key: 121127, value: 
key: 8413, value: 
key: 594312, value: 
key: 374125, value: 
key: 721565, value: 
key: 21690, value: 
key: 602374, value: 
key: 21201, value: 
key: 10436, value: 
key: 400932, value: 
key: 36784, value: 
key: 615886, value: 
key: 609388, value: 
key: 102393, value: 
key: 220835, value: 
key: 204453, value: 
key: 143053, value: 
key: 96531, value: 
key: 217761, value: 
key: 11576, value: 
key: 32353, value: 
key: 146308, value: 
key: 14753, value: 
key: 703442, value: 
key: 19189, value: 
key: 156338, value: 
key: 608534, value: 
key: 10506, value: 
key: 686772, value: 
key: 249250, value: 
key: 940423, value: 
key: 284570, value: 
key: 723088, value: 
key: 251776, value: 
key: 9878, value: 
key: 91134, value: 
key: 255671, value: 
key: 128881, value: 
key: 6556, value: 
key: 321309, value: 
key: 73738, value: 
key: 453206, value: 
key: 862013, value: 
key: 700654, value: 
key: 27997, value: 
key: 38629, value: 
key: 314042, value: 
key: 517218, value: 
key: 382984, value: 
key: 918587, value: 
key: 262059, value: 
key: 48981, value: 
key: 755894, value: 
key: 666628, value: 
key: 481678, value: 
key: 43922, value: 
key: 13376, value: 
key: 320906, value: 
key: 632809, value: 
key: 25429, value: 
key: 275877, value: 
key: 965422, value: 
key: 917922, value: 
key: 426338, value: 
key: 33530, value: 
key: 54384, value: 
key: 32306, value: 
key: 185549, value: 
key: 568210, value: 
key: 12256, value: 
key: 8769, value: 
key: 393812, value: 
key: 860075, value: 
key: 415901, value: 
key: 1999, value: 
key: 861728, value: 
key: 100430, value: 
key: 621658, value: 
key: 352026, value: 
key: 39329, value: 
key: 533883, value: 
key: 405056, value: 
key: 20097, value: 
key: 859367, value: 
key: 533348, value: 
key: 119742, value: 
key: 57390, value: 
key: 263113, value: 
key: 29061, value: 
key: 43047, value: 
key: 993317, value: 
key: 769914, value: 
key: 535643, value: 
key: 972325, value: 
key: 532428, value: 
key: 867427, value: 
key: 525848, value: 
key: 44028, value: 
key: 121565, value: 
key: 524320, value: 
key: 392695, value: 
key: 328001, value: 
key: 22613, value: 
key: 5070, value: 
key: 49863, value: 
key: 24420, value: 
key: 110141, value: 
key: 94306, value: 
key: 146724, value: 
key: 253, value: 
key: 3898, value: 
key: 383077, value: 
key: 3328, value: 
key: 54151, value: 
key: 281070, value: 
key: 94043, value: 
key: 107772, value: 
key: 122375, value: 
key: 324467, value: 
key: 7900, value: 
key: 37945, value: 
key: 88271, value: 
key: 677952, value: 
key: 409919, value: 
key: 119650, value: 
key: 371708, value: 
key: 365941, value: 
key: 217097, value: 
key: 37770, value: 
key: 112491, value: 
key: 886552, value: 
key: 27469, value: 
key: 6402, value: 
key: 135306, value: 
key: 83504, value: 
key: 9290, value: 
key: 482491, value: 
key: 377854, value: 
key: 258421, value: 
key: 7681, value: 
key: 209973, value: 
key: 24134, value: 
key: 39099, value: 
key: 62930, value: 
key: 313034, value: 
key: 417345, value: 
key: 858575, value: 
key: 543, value: 
key: 121066, value: 
key: 192808, value: 
key: 3423, value: 
key: 671251, value: 
key: 75996, value: 
key: 602336, value: 
key: 94762, value: 
key: 338219, value: 
key: 34553, value: 
key: 324014, value: 
key: 295927, value: 
key: 768735, value: 
key: 842611, value: 
key: 290704, value: 
key: 154033, value: 
key: 700021, value: 
key: 94205, value: 
key: 804350, value: 
key: 199612, value: 
key: 35828, value: 
key: 720157, value: 
key: 245728, value: 
key: 488776, value: 
key: 902908, value: 
key: 306852, value: 
key: 223964, value: 
key: 122704, value: 
key: 355690, value: 
key: 31167, value: 
key: 436320, value: 
key: 36780, value: 
key: 169947, value: 
key: 22008, value: 
key: 331223, value: 
key: 385099, value: 
key: 623647, value: 
key: 903332, value: 
key: 965444, value: 
key: 186346, value: 
key: 19662, value: 
key: 991771, value: 
key: 256296, value: 
key: 185271, value: 
key: 178428, value: 
key: 45306, value: 
key: 449281, value: 
key: 143200, value: 
key: 681328, value: 
key: 69573, value: 
key: 8495, value: 
key: 331423, value: 
key: 319489, value: 
key: 98524, value: 
key: 97521, value: 
key: 622468, value: 
key: 184467, value: 
key: 109392, value: 
key: 822004, value: 
key: 92238, value: 
key: 521835, value: 
key: 360357, value: 
key: 259196, value: 
key: 562922, value: 
key: 540432, value: 
key: 972963, value: 
key: 473903, value: 
key: 59389, value: 
key: 431033, value: 
key: 41685, value: 
key: 30609, value: 
key: 385545, value: 
key: 514952, value: 
key: 380764, value: 
key: 1566, value: 
key: 238575, value: 
key: 154200, value: 
key: 27272, value: 
key: 923000, value: 
key: 896559, value: 
key: 269007, value: 
key: 274229, value: 
key: 693527, value: 
key: 571159, value: 
key: 41973, value: 
key: 81139, value: 
key: 263089, value: 
key: 669256, value: 
key: 874214, value: 
key: 301019, value: 
key: 197135, value: 
key: 11781, value: 
key: 132330, value: 
key: 226558, value: 
key: 906188, value: 
key: 866, value: 
key: 892812, value: 
key: 355999, value: 
key: 534044, value: 
key: 245540, value: 
key: 846767, value: 
key: 154561, value: 
key: 469397, value: 
key: 821487, value: 
key: 664, value: 
key: 857123, value: 
key: 263364, value: 
key: 650412, value: 
key: 375711, value: 
key: 28833, value: 
key: 35288, value: 
key: 24895, value: 
key: 616445, value: 
key: 25517, value: 
key: 851358, value: 
key: 123691, value: 
key: 691208, value: 
key: 48138, value: 
key: 47546, value: 
key: 327257, value: 
key: 5012, value: 
key: 4211, value: 
key: 830557, value: 
key: 106665, value: 
key: 111687, value: 
key: 219019, value: 
key: 4758, value: 
key: 12928, value: 
key: 6301, value: 
key: 638377, value: 
key: 257301, value: 
key: 345475, value: 
key: 107794, value: 
key: 51361, value: 
key: 3779, value: 
key: 40370, value: 
key: 859411, value: 
key: 564212, value: 
key: 654669, value: 
key: 204882, value: 
key: 332754, value: 
key: 76126, value: 
key: 227003, value: 
key: 417914, value: 
key: 118259, value: 
key: 27025, value: 
key: 877079, value: 
key: 47526, value: 
key: 9773, value: 
key: 899398, value: 
key: 4017, value: 
key: 963442, value: 
key: 516321, value: 
key: 146470, value: 
key: 804998, value: 
key: 876791, value: 
key: 208442, value: 
key: 250515, value: 
key: 567350, value: 
key: 393043, value: 
key: 514864, value: 
key: 593003, value: 
key: 183204, value: 
key: 113993, value: 
key: 39727, value: 
key: 237815, value: 
key: 145462, value: 
key: 327240, value: 
key: 187343, value: 
key: 664242, value: 
key: 241115, value: 
key: 245782, value: 
key: 773463, value: 
key: 349503, value: 
key: 159807, value: 
key: 423148, value: 
key: 272407, value: 
key: 308557, value: 
key: 693062, value: 
key: 174990, value: 
key: 570983, value: 
key: 547150, value: 
key: 187024, value: 
key: 7278, value: 
key: 430304, value: 
key: 829573, value: 
key: 49344, value: 
key: 43669, value: 
key: 369006, value: 
key: 17282, value: 
key: 670386, value: 
key: 86682, value: 
key: 8402, value: 
key: 496821, value: 
key: 246691, value: 
key: 394071, value: 
key: 152437, value: 
key: 460895, value: 
key: 558231, value: 
key: 819589, value: 
key: 287474, value: 
key: 137531, value: 
key: 46884, value: 
key: 273907, value: 
key: 289016, value: 
key: 148519, value: 
key: 126896, value: 
key: 222073, value: 
key: 777375, value: 
key: 80721, value: 
key: 639525, value: 
key: 595681, value: 
key: 633280, value: 
key: 582643, value: 
key: 412685, value: 
key: 321969, value: 
key: 883939, value: 
key: 585488, value: 
key: 166768, value: 
key: 112309, value: 
key: 2255, value: 
key: 113504, value: 
key: 549774, value: 
key: 830038, value: 
key: 331830, value: 
key: 557380, value: 
key: 367572, value: 
key: 13482, value: 
key: 560977, value: 
key: 5177, value: 
key: 313731, value: 
key: 431721, value: 
key: 261269, value: 
key: 99509, value: 
key: 488893, value: 
key: 582809, value: 
key: 39136, value: 
key: 246718, value: 
key: 490607, value: 
key: 343239, value: 
key: 10687, value: 
key: 114055, value: 
key: 127114, value: 
key: 184739, value: 
key: 31154, value: 
key: 18827, value: 
key: 457879, value: 
key: 530460, value: 
key: 9744, value: 
key: 951504, value: 
key: 9843, value: 
key: 273279, value: 
key: 312802, value: 
key: 436878, value: 
key: 40617, value: 
key: 18645, value: 
key: 243632, value: 
key: 71033, value: 
key: 483766, value: 
key: 8057, value: 
key: 34975, value: 
key: 215505, value: 
key: 194035, value: 
key: 370336, value: 
key: 570699, value: 
key: 948805, value: 
key: 500160, value: 
key: 147028, value: 
key: 146757, value: 
key: 773207, value: 
key: 435206, value: 
key: 902977, value: 
key: 367817, value: 
key: 810146, value: 
key: 499332, value: 
key: 932691, value: 
key: 56285, value: 
key: 901264, value: 
key: 496931, value: 
key: 385589, value: 
key: 9591, value: 
key: 959285, value: 
key: 877592, value: 
key: 601296, value: 
key: 921372, value: 
key: 105231, value: 
key: 494603, value: 
key: 583796, value: 
key: 372817, value: 
key: 914109, value: 
key: 603502, value: 
key: 969110, value: 
key: 133793, value: 
key: 427289, value: 
key: 20154, value: 
key: 33305, value: 
key: 2321, value: 
key: 382775, value: 
key: 661764, value: 
key: 314, value: 
key: 27821, value: 
key: 892119, value: 
key: 176921, value: 
key: 374040, value: 
key: 30339, value: 
key: 1252, value: 
key: 148067, value: 
key: 942960, value: 
key: 13084, value: 
key: 29173, value: 
key: 278353, value: 
key: 25229, value: 
key: 892870, value: 
key: 438995, value: 
key: 8345, value: 
key: 91, value: 
key: 373438, value: 
key: 87609, value: 
key: 36960, value: 
key: 356985, value: 
key: 16603, value: 
key: 211415, value: 
key: 831761, value: 
key: 42015, value: 
key: 294610, value: 
key: 394763, value: 
key: 6376, value: 
key: 20242, value: 
key: 448154, value: 
key: 4589, value: 
key: 530774, value: 
key: 10870, value: 
key: 105275, value: 
key: 550398, value: 
key: 153434, value: 
key: 426358, value: 
key: 912, value: 
key: 10674, value: 
key: 161213, value: 
key: 389039, value: 
key: 894531, value: 
key: 145705, value: 
key: 456230, value: 
key: 652733, value: 
key: 735298, value: 
key: 423654, value: 
key: 177043, value: 
key: 968672, value: 
key: 972372, value: 
key: 33136, value: 
key: 819594, value: 
key: 260796, value: 
key: 8325, value: 
key: 71404, value: 
key: 33253, value: 
key: 66428, value: 
key: 282671, value: 
key: 914622, value: 
key: 297585, value: 
key: 785679, value: 
key: 83760, value: 
key: 23922, value: 
key: 376024, value: 
key: 931065, value: 
key: 364588, value: 
key: 103381, value: 
key: 814926, value: 
key: 27328, value: 
key: 10256, value: 
key: 402828, value: 
key: 3045, value: 
key: 224479, value: 
key: 735548, value: 
key: 92409, value: 
key: 1746, value: 
key: 484820, value: 
key: 679945, value: 
key: 23816, value: 
key: 988407, value: 
key: 769787, value: 
key: 238735, value: 
key: 24226, value: 
key: 432867, value: 
key: 361640, value: 
key: 907121, value: 
key: 747747, value: 
key: 473738, value: 
key: 44033, value: 
key: 32292, value: 
key: 19826, value: 
key: 53428, value: 
key: 609708, value: 
key: 24880, value: 
key: 323383, value: 
key: 104568, value: 
key: 921048, value: 
key: 623113, value: 
key: 506603, value: 
key: 646369, value: 
key: 2381, value: 
key: 496977, value: 
key: 167187, value: 
key: 202963, value: 
key: 15284, value: 
key: 69272, value: 
key: 355423, value: 
key: 106492, value: 
key: 35297, value: 
key: 448855, value: 
key: 682239, value: 
key: 679, value: 
key: 23135, value: 
key: 10874, value: 
key: 33855, value: 
key: 54111, value: 
key: 9599, value: 
key: 987925, value: 
key: 64866, value: 
key: 574, value: 
key: 358963, value: 
key: 446097, value: 
key: 631127, value: 
key: 5672, value: 
key: 356, value: 
key: 27780, value: 
key: 818212, value: 
key: 6439, value: 
key: 399449, value: 
key: 163262, value: 
key: 252311, value: 
key: 432001, value: 
key: 462, value: 
key: 481700, value: 
key: 331838, value: 
key: 22503, value: 
key: 189345, value: 
key: 816678, value: 
key: 713218, value: 
key: 875099, value: 
key: 219455, value: 
key: 102986, value: 
key: 76193, value: 
key: 604152, value: 
key: 140049, value: 
key: 496373, value: 
key: 103905, value: 
key: 30155, value: 
key: 915818, value: 
key: 133454, value: 
key: 666655, value: 
key: 248301, value: 
key: 813716, value: 
key: 21252, value: 
key: 234539, value: 
key: 532204, value: 
key: 115629, value: 
key: 37365, value: 
key: 512572, value: 
key: 627218, value: 
key: 52951, value: 
key: 8390, value: 
key: 223526, value: 
key: 813527, value: 
key: 223702, value: 
key: 919959, value: 
key: 50933, value: 
key: 10726, value: 
key: 3519, value: 
key: 3263, value: 
key: 226459, value: 
key: 1825, value: 
key: 34966, value: 
key: 195850, value: 
key: 275684, value: 
key: 285917, value: 
key: 279310, value: 
key: 148944, value: 
key: 726719, value: 
key: 8998, value: 
key: 95107, value: 
key: 53350, value: 
key: 80404, value: 
key: 880668, value: 
key: 751447, value: 
key: 427377, value: 
key: 796053, value: 
key: 890214, value: 
key: 51680, value: 
key: 156758, value: 
key: 43764, value: 
key: 28857, value: 
key: 914613, value: 
key: 648851, value: 
key: 345587, value: 
key: 668482, value: 
key: 217927, value: 
key: 100696, value: 
key: 513328, value: 
key: 30872, value: 
key: 446749, value: 
key: 436287, value: 
key: 62718, value: 
key: 726436, value: 
key: 3414, value: 
key: 443869, value: 
key: 307796, value: 
key: 880048, value: 
key: 50045, value: 
key: 534459, value: 
key: 946575, value: 
key: 112239, value: 
key: 21797, value: 
key: 520498, value: 
key: 37983, value: 
key: 969154, value: 
key: 803951, value: 
key: 375625, value: 
key: 94344, value: 
key: 966951, value: 
key: 118424, value: 
key: 78896, value: 
key: 937568, value: 
key: 606196, value: 
key: 410919, value: 
key: 607333, value: 
key: 21234, value: 
key: 31022, value: 
key: 349954, value: 
key: 128054, value: 
key: 238713, value: 
key: 649908, value: 
key: 622590, value: 
key: 60123, value: 
key: 73749, value: 
key: 705068, value: 
key: 51921, value: 
key: 631022, value: 
key: 25713, value: 
key: 576860, value: 
key: 16515, value: 
key: 710264, value: 
key: 37576, value: 
key: 40884, value: 
key: 651846, value: 
key: 413578, value: 
key: 295378, value: 
key: 52289, value: 
key: 101842, value: 
key: 476265, value: 
key: 261616, value: 
key: 132442, value: 
key: 4736, value: 
key: 813989, value: 
key: 1575, value: 
key: 65498, value: 
key: 900735, value: 
key: 891347, value: 
key: 5113, value: 
key: 38775, value: 
key: 789321, value: 
key: 7764, value: 
key: 184058, value: 
key: 70344, value: 
key: 62792, value: 
key: 73680, value: 
key: 453334, value: 
key: 186649, value: 
key: 188841, value: 
key: 378763, value: 
key: 502948, value: 
key: 482172, value: 
key: 1593, value: 
key: 565, value: 
key: 944245, value: 
key: 802750, value: 
key: 179276, value: 
key: 610911, value: 
key: 150202, value: 
key: 178444, value: 
key: 400909, value: 
key: 301004, value: 
key: 58508, value: 
key: 214810, value: 
key: 353496, value: 
key: 709583, value: 
key: 420909, value: 
key: 595803, value: 
key: 515177, value: 
key: 439549, value: 
key: 657642, value: 
key: 407364, value: 
key: 83876, value: 
key: 131199, value: 
key: 15000, value: 
key: 355287, value: 
key: 320032, value: 
key: 153274, value: 
key: 906980, value: 
key: 401344, value: 
key: 761402, value: 
key: 182256, value: 
key: 4569, value: 
key: 161992, value: 
key: 579621, value: 
key: 918491, value: 
key: 480798, value: 
key: 832186, value: 
key: 441805, value: 
key: 3386, value: 
key: 2260, value: 
key: 805625, value: 
key: 585954, value: 
key: 111650, value: 
key: 122029, value: 
key: 277204, value: 
key: 206994, value: 
key: 146638, value: 
key: 178446, value: 
key: 4286, value: 
key: 142803, value: 
key: 4754, value: 
key: 237008, value: 
key: 50027, value: 
key: 532714, value: 
key: 930, value: 
key: 153603, value: 
key: 931832, value: 
key: 908786, value: 
key: 507916, value: 
key: 435921, value: 
key: 438588, value: 
key: 24936, value: 
key: 682174, value: 
key: 849366, value: 
key: 51426, value: 
key: 76364, value: 
key: 13435, value: 
key: 291695, value: 
key: 7719, value: 
key: 9416, value: 
key: 802558, value: 
key: 78531, value: 
key: 97202, value: 
key: 81447, value: 
key: 233415, value: 
key: 806989, value: 
key: 369471, value: 
key: 846721, value: 
key: 510790, value: 
key: 916749, value: 
key: 588470, value: 
key: 29539, value: 
key: 2572, value: 
key: 870894, value: 
key: 131878, value: 
key: 287182, value: 
key: 556363, value: 
key: 277631, value: 
key: 44855, value: 
key: 192893, value: 
key: 439587, value: 
key: 260165, value: 
key: 321336, value: 
key: 830988, value: 
key: 581813, value: 
key: 481935, value: 
key: 645465, value: 
key: 25061, value: 
key: 88053, value: 
key: 492258, value: 
key: 74915, value: 
key: 122838, value: 
key: 992648, value: 
key: 389604, value: 
key: 185066, value: 
key: 105932, value: 
key: 227731, value: 
key: 648, value: 
key: 929233, value: 
key: 573559, value: 
key: 3689, value: 
key: 12175, value: 
key: 282886, value: 
key: 677587, value: 
key: 551504, value: 
key: 83337, value: 
key: 117577, value: 
key: 9104, value: 
key: 45706, value: 
key: 55484, value: 
key: 183534, value: 
key: 859424, value: 
key: 216102, value: 
key: 196220, value: 
key: 51433, value: 
key: 4743, value: 
key: 721585, value: 
key: 75288, value: 
key: 842169, value: 
key: 190871, value: 
key: 158853, value: 
key: 933003, value: 
key: 657578, value: 
key: 5696, value: 
key: 575487, value: 
key: 8442, value: 
key: 284569, value: 
key: 464338, value: 
key: 42202, value: 
key: 570503, value: 
key: 149037, value: 
key: 266468, value: 
key: 33835, value: 
key: 11101, value: 
key: 625443, value: 
key: 177737, value: 
key: 658481, value: 
key: 32777, value: 
key: 477059, value: 
key: 45681, value: 
key: 114877, value: 
key: 470445, value: 
key: 559045, value: 
key: 174666, value: 
key: 20675, value: 
key: 944562, value: 
key: 575254, value: 
key: 39305, value: 
key: 56391, value: 
key: 9018, value: 
key: 119540, value: 
key: 428798, value: 
key: 39714, value: 
key: 857343, value: 
key: 130284, value: 
key: 838760, value: 
key: 63784, value: 
key: 705763, value: 
key: 550987, value: 
key: 738192, value: 
key: 462244, value: 
key: 881285, value: 
key: 875, value: 
key: 601102, value: 
key: 233190, value: 
key: 708915, value: 
key: 11950, value: 
key: 17385, value: 
key: 16694, value: 
key: 24565, value: 
key: 327349, value: 
key: 834081, value: 
key: 113591, value: 
key: 773487, value: 
key: 975937, value: 
key: 301611, value: 
key: 917263, value: 
key: 623807, value: 
key: 894090, value: 
key: 364849, value: 
key: 415978, value: 
key: 878364, value: 
key: 949699, value: 
key: 976473, value: 
key: 83401, value: 
key: 3836, value: 
key: 10883, value: 
key: 537960, value: 
key: 418306, value: 
key: 96366, value: 
key: 1551, value: 
key: 311300, value: 
key: 369079, value: 
key: 235743, value: 
key: 951119, value: 
key: 543323, value: 
key: 631433, value: 
key: 758185, value: 
key: 622882, value: 
key: 774901, value: 
key: 527822, value: 
key: 835778, value: 
key: 61957, value: 
key: 312725, value: 
key: 0, value: 
key: 13871, value: 
key: 569808, value: 
key: 45368, value: 
key: 213338, value: 
key: 3829, value: 
key: 604804, value: 
key: 59710, value: 
key: 171351, value: 
key: 41597, value: 
key: 685476, value: 
key: 878140, value: 
key: 20051, value: 
key: 542300, value: 
key: 947721, value: 
key: 296276, value: 
key: 514084, value: 
key: 855880, value: 
key: 31783, value: 
key: 22442, value: 
key: 753700, value: 
key: 59392, value: 
key: 589154, value: 
key: 442147, value: 
key: 54469, value: 
key: 17626, value: 
key: 979731, value: 
key: 107, value: 
key: 845968, value: 
key: 859273, value: 
key: 152509, value: 
key: 62211, value: 
key: 503871, value: 
key: 522298, value: 
key: 63854, value: 
key: 35969, value: 
key: 897970, value: 
key: 620941, value: 
key: 828099, value: 
key: 406143, value: 
key: 356990, value: 
key: 565561, value: 
key: 121178, value: 
key: 283719, value: 
key: 856078, value: 
key: 991726, value: 
key: 276241, value: 
key: 601449, value: 
key: 119496, value: 
key: 1724, value: 
key: 8437, value: 
key: 387565, value: 
key: 17897, value: 
key: 195461, value: 
key: 114969, value: 
key: 449229, value: 
key: 270735, value: 
key: 83180, value: 
key: 917432, value: 
key: 1470, value: 
key: 853510, value: 
key: 57855, value: 
key: 1371, value: 
key: 725248, value: 
key: 65546, value: 
key: 109774, value: 
key: 568740, value: 
key: 3850, value: 
key: 51770, value: 
key: 947794, value: 
key: 463151, value: 
key: 35343, value: 
key: 869214, value: 
key: 335955, value: 
key: 484019, value: 
key: 503617, value: 
key: 254964, value: 
key: 90739, value: 
key: 773829, value: 
key: 542265, value: 
key: 216036, value: 
key: 865472, value: 
key: 941475, value: 
key: 104195, value: 
key: 456287, value: 
key: 905822, value: 
key: 267016, value: 
key: 169910, value: 
key: 25669, value: 
key: 82938, value: 
key: 50821, value: 
key: 702494, value: 
key: 261786, value: 
key: 846068, value: 
key: 118121, value: 
key: 376530, value: 
key: 102603, value: 
key: 409674, value: 
key: 698832, value: 
key: 498522, value: 
key: 228132, value: 
key: 2598, value: 
key: 322085, value: 
key: 94179, value: 
key: 308081, value: 
key: 160951, value: 
key: 428008, value: 
key: 77778, value: 
key: 752879, value: 
key: 949523, value: 
key: 435, value: 
key: 76409, value: 
key: 80886, value: 
key: 205683, value: 
key: 12988, value: 
key: 736116, value: 
key: 489568, value: 
key: 886732, value: 
key: 550772, value: 
key: 83441, value: 
key: 714226, value: 
key: 484118, value: 
key: 770954, value: 
key: 826686, value: 
key: 125189, value: 
key: 167767, value: 
key: 431347, value: 
key: 505390, value: 
key: 7788, value: 
key: 356592, value: 
key: 168777, value: 
key: 30124, value: 
key: 190107, value: 
key: 3197, value: 
key: 532134, value: 
key: 106733, value: 
key: 438195, value: 
key: 30861, value: 
key: 247128, value: 
key: 792903, value: 
key: 25038, value: 
key: 142599, value: 
key: 950459, value: 
key: 947842, value: 
key: 30335, value: 
key: 952798, value: 
key: 918983, value: 
key: 130024, value: 
key: 55990, value: 
key: 222259, value: 
key: 396860, value: 
key: 154059, value: 
key: 266613, value: 
key: 558200, value: 
key: 959540, value: 
key: 272904, value: 
key: 6525, value: 
key: 27430, value: 
key: 705819, value: 
key: 452027, value: 
key: 91619, value: 
key: 213707, value: 
key: 221630, value: 
key: 495413, value: 
key: 191728, value: 
key: 204103, value: 
key: 818160, value: 
key: 468770, value: 
key: 110462, value: 
key: 329963, value: 
key: 274876, value: 
key: 383615, value: 
key: 358299, value: 
key: 106449, value: 
key: 371555, value: 
key: 108638, value: 
key: 235138, value: 
key: 71215, value: 
key: 829182, value: 
key: 487452, value: 
key: 96597, value: 
key: 3380, value: 
key: 65094, value: 
key: 3603, value: 
key: 443519, value: 
key: 98872, value: 
key: 732181, value: 
key: 460390, value: 
key: 402044, value: 
key: 2781, value: 
key: 299626, value: 
key: 949051, value: 
key: 467375, value: 
key: 246334, value: 
key: 154673, value: 
key: 911502, value: 
key: 15275, value: 
key: 975719, value: 
key: 675321, value: 
key: 590291, value: 
key: 36380, value: 
key: 166481, value: 
key: 48714, value: 
key: 800756, value: 
key: 437691, value: 
key: 449391, value: 
key: 3485, value: 
key: 99882, value: 
key: 201074, value: 
key: 507558, value: 
key: 933067, value: 
key: 28253, value: 
key: 857303, value: 
key: 48828, value: 
key: 8064, value: 
key: 1568, value: 
key: 401944, value: 
key: 160045, value: 
key: 49810, value: 
key: 242228, value: 
key: 132677, value: 
key: 296980, value: 
key: 984278, value: 
key: 335205, value: 
key: 23764, value: 
key: 711230, value: 
key: 27993, value: 
key: 466697, value: 
key: 48378, value: 
key: 221634, value: 
key: 284178, value: 
key: 477073, value: 
key: 109723, value: 
key: 245953, value: 
key: 299268, value: 
key: 980481, value: 
key: 493248, value: 
key: 562555, value: 
key: 168191, value: 
key: 880204, value: 
key: 303123, value: 
key: 157036, value: 
key: 330895, value: 
key: 335274, value: 
key: 8668, value: 
key: 834016, value: 
key: 263489, value: 
key: 281962, value: 
key: 108032, value: 
key: 778831, value: 
key: 28417, value: 
key: 795005, value: 
key: 91554, value: 
key: 592523, value: 
key: 238799, value: 
key: 616188, value: 
key: 879631, value: 
key: 16441, value: 
key: 802985, value: 
key: 697064, value: 
key: 51448, value: 
key: 146667, value: 
key: 2916, value: 
key: 892667, value: 
key: 638733, value: 
key: 27092, value: 
key: 15877, value: 
key: 148186, value: 
key: 826020, value: 
key: 911791, value: 
key: 643652, value: 
key: 154420, value: 
key: 514976, value: 
key: 183, value: 
key: 255875, value: 
key: 830793, value: 
key: 757243, value: 
key: 550574, value: 
key: 221614, value: 
key: 192141, value: 
key: 705152, value: 
key: 799575, value: 
key: 52885, value: 
key: 15288, value: 
key: 321444, value: 
key: 6433, value: 
key: 811, value: 
key: 895617, value: 
key: 154842, value: 
key: 144054, value: 
key: 129749, value: 
key: 523224, value: 
key: 20563, value: 
key: 220082, value: 
key: 433947, value: 
key: 5616, value: 
key: 10582, value: 
key: 70755, value: 
key: 17484, value: 
key: 98489, value: 
key: 907204, value: 
key: 806569, value: 
key: 285924, value: 
key: 366328, value: 
key: 6354, value: 
key: 422796, value: 
key: 26899, value: 
key: 901345, value: 
key: 38238, value: 
key: 118969, value: 
key: 107806, value: 
key: 468149, value: 
key: 144061, value: 
key: 359317, value: 
key: 147374, value: 
key: 516325, value: 
key: 691402, value: 
key: 6613, value: 
key: 10160, value: 
key: 153069, value: 
key: 42389, value: 
key: 19976, value: 
key: 830126, value: 
key: 463496, value: 
key: 6987, value: 
key: 685832, value: 
key: 541161, value: 
key: 179504, value: 
key: 387271, value: 
key: 272337, value: 
key: 709792, value: 
key: 33118, value: 
key: 89427, value: 
key: 2338, value: 
key: 292584, value: 
key: 62732, value: 
key: 9483, value: 
key: 260316, value: 
key: 680523, value: 
key: 176231, value: 
key: 15576, value: 
key: 626787, value: 
key: 683539, value: 
key: 43720, value: 
key: 673574, value: 
key: 21159, value: 
key: 503318, value: 
key: 857596, value: 
key: 64053, value: 
key: 143336, value: 
key: 966447, value: 
key: 86806, value: 
key: 143947, value: 
key: 818809, value: 
key: 689151, value: 
key: 471048, value: 
key: 136143, value: 
key: 20482, value: 
key: 87896, value: 
key: 460860, value: 
key: 194653, value: 
key: 184281, value: 
key: 607067, value: 
key: 479736, value: 
key: 713889, value: 
key: 828426, value: 
key: 266637, value: 
key: 565587, value: 
key: 389800, value: 
key: 75664, value: 
key: 208479, value: 
key: 228792, value: 
key: 239903, value: 
key: 336992, value: 
key: 376455, value: 
key: 752275, value: 
key: 87311, value: 
key: 289733, value: 
key: 12991, value: 
key: 328005, value: 
key: 516468, value: 
key: 248622, value: 
key: 210467, value: 
key: 184515, value: 
key: 78117, value: 
key: 716448, value: 
key: 826774, value: 
key: 69869, value: 
key: 412427, value: 
key: 17451, value: 
key: 261685, value: 
key: 410636, value: 
key: 179928, value: 
key: 547642, value: 
key: 960720, value: 
key: 839273, value: 
key: 908922, value: 
key: 828150, value: 
key: 581181, value: 
key: 659389, value: 
key: 220127, value: 
key: 9892, value: 
key: 795470, value: 
key: 466071, value: 
key: 635587, value: 
key: 244044, value: 
key: 655, value: 
key: 90960, value: 
key: 706188, value: 
key: 475495, value: 
key: 278931, value: 
key: 4554, value: 
key: 6604, value: 
key: 118961, value: 
key: 874081, value: 
key: 2118, value: 
key: 23591, value: 
key: 34137, value: 
key: 307350, value: 
key: 64035, value: 
key: 589343, value: 
key: 322944, value: 
key: 712293, value: 
key: 67977, value: 
key: 178026, value: 
key: 6877, value: 
key: 160007, value: 
key: 188580, value: 
key: 120094, value: 
key: 474188, value: 
key: 499, value: 
key: 259592, value: 
key: 233055, value: 
key: 124348, value: 
key: 246826, value: 
key: 24912, value: 
key: 714381, value: 
key: 93714, value: 
key: 714538, value: 
key: 618601, value: 
key: 37578, value: 
key: 189710, value: 
key: 3755, value: 
key: 3061, value: 
key: 329798, value: 
key: 485780, value: 
key: 86888, value: 
key: 190, value: 
key: 155706, value: 
key: 941136, value: 
key: 622246, value: 
key: 617158, value: 
key: 405043, value: 
key: 199793, value: 
key: 205951, value: 
key: 93518, value: 
key: 6286, value: 
key: 975360, value: 
key: 125118, value: 
key: 164317, value: 
key: 56881, value: 
key: 82930, value: 
key: 646310, value: 
key: 31743, value: 
key: 383989, value: 
key: 359856, value: 
key: 200431, value: 
key: 242822, value: 
key: 280299, value: 
key: 446695, value: 
key: 448367, value: 
key: 394349, value: 
key: 56137, value: 
key: 428794, value: 
key: 69289, value: 
key: 368043, value: 
key: 94782, value: 
key: 232700, value: 
key: 30773, value: 
key: 538341, value: 
key: 327891, value: 
key: 871532, value: 
key: 4077, value: 
key: 52823, value: 
key: 109790, value: 
key: 96593, value: 
key: 8745, value: 
key: 140504, value: 
key: 150275, value: 
key: 371618, value: 
key: 591355, value: 
key: 803780, value: 
key: 9953, value: 
key: 84033, value: 
key: 60286, value: 
key: 849742, value: 
key: 17105, value: 
key: 237648, value: 
key: 20497, value: 
key: 584322, value: 
key: 64107, value: 
key: 738260, value: 
key: 733452, value: 
key: 42293, value: 
key: 146731, value: 
key: 122151, value: 
key: 8835, value: 
key: 571997, value: 
key: 3067, value: 
key: 753269, value: 
key: 5948, value: 
key: 295527, value: 
key: 284459, value: 
key: 408943, value: 
key: 19301, value: 
key: 916262, value: 
key: 714316, value: 
key: 480033, value: 
key: 20095, value: 
key: 11439, value: 
key: 57107, value: 
key: 187118, value: 
key: 353276, value: 
key: 650373, value: 
key: 540720, value: 
key: 21272, value: 
key: 90944, value: 
key: 733614, value: 
key: 927945, value: 
key: 486657, value: 
key: 468062, value: 
key: 365635, value: 
key: 776873, value: 
key: 349569, value: 
key: 946104, value: 
key: 338837, value: 
key: 419750, value: 
key: 146643, value: 
key: 843227, value: 
key: 746447, value: 
key: 264369, value: 
key: 679693, value: 
key: 109697, value: 
key: 100928, value: 
key: 8002, value: 
key: 141189, value: 
key: 772585, value: 
key: 667917, value: 
key: 706566, value: 
key: 292865, value: 
key: 602, value: 
key: 703437, value: 
key: 332431, value: 
key: 232016, value: 
key: 976745, value: 
key: 407553, value: 
key: 780719, value: 
key: 847896, value: 
key: 555418, value: 
key: 7515, value: 
key: 746470, value: 
key: 45854, value: 
key: 125873, value: 
key: 48040, value: 
key: 213819, value: 
key: 137016, value: 
key: 342661, value: 
key: 573874, value: 
key: 433354, value: 
key: 17077, value: 
key: 217295, value: 
key: 142995, value: 
key: 16814, value: 
key: 373807, value: 
key: 70524, value: 
key: 2365, value: 
key: 177313, value: 
key: 509266, value: 
key: 347806, value: 
key: 383581, value: 
key: 267027, value: 
key: 21861, value: 
key: 923815, value: 
key: 927020, value: 
key: 744298, value: 
key: 141107, value: 
key: 821775, value: 
key: 119654, value: 
key: 589725, value: 
key: 158903, value: 
key: 216944, value: 
key: 471242, value: 
key: 792538, value: 
key: 554956, value: 
key: 526841, value: 
key: 169556, value: 
key: 25768, value: 
key: 28866, value: 
key: 295242, value: 
key: 18441, value: 
key: 657040, value: 
key: 576246, value: 
key: 57026, value: 
key: 473899, value: 
key: 20996, value: 
key: 315742, value: 
key: 192693, value: 
key: 216245, value: 
key: 56337, value: 
key: 950477, value: 
key: 157711, value: 
key: 21229, value: 
key: 111126, value: 
key: 4895, value: 
key: 372941, value: 
key: 79736, value: 
key: 786791, value: 
key: 579889, value: 
key: 227270, value: 
key: 245681, value: 
key: 45144, value: 
key: 98083, value: 
key: 219165, value: 
key: 222307, value: 
key: 3023, value: 
key: 346627, value: 
key: 294904, value: 
key: 130293, value: 
key: 179924, value: 
key: 642350, value: 
key: 659332, value: 
key: 755924, value: 
key: 436467, value: 
key: 569400, value: 
key: 114, value: 
key: 139665, value: 
key: 506270, value: 
key: 337636, value: 
key: 28626, value: 
key: 621403, value: 
key: 648482, value: 
key: 691888, value: 
key: 247287, value: 
key: 222785, value: 
key: 537076, value: 
key: 660352, value: 
key: 428688, value: 
key: 78090, value: 
key: 728382, value: 
key: 17169, value: 
key: 507440, value: 
key: 70546, value: 
key: 609863, value: 
key: 5357, value: 
key: 631251, value: 
key: 711232, value: 
key: 121145, value: 
key: 311988, value: 
key: 210889, value: 
key: 316819, value: 
key: 241388, value: 
key: 98393, value: 
key: 445898, value: 
key: 4455, value: 
key: 327383, value: 
key: 445038, value: 
key: 425102, value: 
key: 526359, value: 
key: 519834, value: 
key: 562430, value: 
key: 12294, value: 
key: 53611, value: 
key: 900807, value: 
key: 415178, value: 
key: 398615, value: 
key: 55376, value: 
key: 19103, value: 
key: 876340, value: 
key: 196145, value: 
key: 488033, value: 
key: 930053, value: 
key: 213754, value: 
key: 224318, value: 
key: 97916, value: 
key: 83328, value: 
key: 498517, value: 
key: 437709, value: 
key: 304706, value: 
key: 848031, value: 
key: 53462, value: 
key: 5050, value: 
key: 29768, value: 
key: 330622, value: 
key: 531371, value: 
key: 882688, value: 
key: 92025, value: 
key: 719801, value: 
key: 3654, value: 
key: 59842, value: 
key: 143802, value: 
key: 108056, value: 
key: 620819, value: 
key: 827063, value: 
key: 249779, value: 
key: 24776, value: 
key: 690502, value: 
key: 90669, value: 
key: 16311, value: 
key: 31620, value: 
key: 234942, value: 
key: 656973, value: 
key: 373098, value: 
key: 124209, value: 
key: 107972, value: 
key: 103286, value: 
key: 970341, value: 
key: 53978, value: 
key: 758875, value: 
key: 56951, value: 
key: 46864, value: 
key: 39772, value: 
key: 7193, value: 
key: 936633, value: 
key: 14270, value: 
key: 446761, value: 
key: 356307, value: 
key: 193098, value: 
key: 102364, value: 
key: 967420, value: 
key: 641979, value: 
key: 239596, value: 
key: 588896, value: 
key: 160593, value: 
key: 58856, value: 
key: 665971, value: 
key: 125916, value: 
key: 158561, value: 
key: 348935, value: 
key: 5193, value: 
key: 143282, value: 
key: 104771, value: 
key: 486031, value: 
key: 513085, value: 
key: 863236, value: 
key: 10434, value: 
key: 153443, value: 
key: 51220, value: 
key: 228967, value: 
key: 855590, value: 
key: 194266, value: 
key: 31073, value: 
key: 635466, value: 
key: 891824, value: 
key: 183622, value: 
key: 1814, value: 
key: 83670, value: 
key: 29513, value: 
key: 935276, value: 
key: 848518, value: 
key: 58483, value: 
key: 148979, value: 
key: 359966, value: 
key: 750853, value: 
key: 111728, value: 
key: 177322, value: 
key: 200024, value: 
key: 924139, value: 
key: 282817, value: 
key: 784052, value: 
key: 523565, value: 
key: 33147, value: 
key: 516107, value: 
key: 2628, value: 
key: 87036, value: 
key: 110701, value: 
key: 338, value: 
key: 978404, value: 
key: 287085, value: 
key: 929930, value: 
key: 584621, value: 
key: 334570, value: 
key: 210410, value: 
key: 349453, value: 
key: 891736, value: 
key: 547479, value: 
key: 522669, value: 
key: 376637, value: 
key: 734648, value: 
key: 157676, value: 
key: 278164, value: 
key: 95, value: 
key: 62941, value: 
key: 709208, value: 
key: 182454, value: 
key: 255897, value: 
key: 349365, value: 
key: 3308, value: 
key: 275400, value: 
key: 445292, value: 
key: 408521, value: 
key: 685616, value: 
key: 214678, value: 
key: 4682, value: 
key: 66819, value: 
key: 689735, value: 
key: 3320, value: 
key: 15389, value: 
key: 730574, value: 
key: 7832, value: 
key: 2165, value: 
key: 762348, value: 
key: 63759, value: 
key: 3560, value: 
key: 196554, value: 
key: 39408, value: 
key: 789, value: 
key: 23281, value: 
key: 98463, value: 
key: 7933, value: 
key: 363341, value: 
key: 809393, value: 
key: 353742, value: 
key: 18324, value: 
key: 568623, value: 
key: 417981, value: 
key: 933977, value: 
key: 11185, value: 
key: 148832, value: 
key: 898841, value: 
key: 21104, value: 
key: 216827, value: 
key: 282640, value: 
key: 14995, value: 
key: 666163, value: 
key: 437989, value: 
key: 80565, value: 
key: 797270, value: 
key: 25979, value: 
key: 321350, value: 
key: 393704, value: 
key: 964520, value: 
key: 118178, value: 
key: 26017, value: 
key: 83625, value: 
key: 236151, value: 
key: 232025, value: 
key: 649461, value: 
key: 189358, value: 
key: 367864, value: 
key: 676885, value: 
key: 740845, value: 
key: 56719, value: 
key: 756084, value: 
key: 66932, value: 
key: 47759, value: 
key: 841113, value: 
key: 253097, value: 
key: 24381, value: 
key: 459381, value: 
key: 616900, value: 
key: 275950, value: 
key: 228499, value: 
key: 880684, value: 
key: 115120, value: 
key: 557629, value: 
key: 280750, value: 
key: 415765, value: 
key: 499099, value: 
key: 471893, value: 
key: 30458, value: 
key: 221717, value: 
key: 398275, value: 
key: 29566, value: 
key: 25632, value: 
key: 657, value: 
key: 955265, value: 
key: 613701, value: 
key: 109561, value: 
key: 7359, value: 
key: 4194, value: 
key: 100568, value: 
key: 7629, value: 
key: 63876, value: 
key: 344586, value: 
key: 202006, value: 
key: 997638, value: 
key: 101576, value: 
key: 927563, value: 
key: 186955, value: 
key: 389592, value: 
key: 7953, value: 
key: 52791, value: 
key: 950811, value: 
key: 1751, value: 
key: 911128, value: 
key: 167570, value: 
key: 35420, value: 
key: 437266, value: 
key: 549082, value: 
key: 516747, value: 
key: 528779, value: 
key: 166799, value: 
key: 927792, value: 
key: 338299, value: 
key: 356055, value: 
key: 382560, value: 
key: 3535, value: 
key: 584533, value: 
key: 140463, value: 
key: 250227, value: 
key: 53653, value: 
key: 175153, value: 
key: 293372, value: 
key: 375171, value: 
key: 91752, value: 
key: 177670, value: 
key: 237, value: 
key: 49832, value: 
key: 297992, value: 
key: 2570, value: 
key: 18568, value: 
key: 147039, value: 
key: 754741, value: 
key: 159250, value: 
key: 82, value: 
key: 57611, value: 
key: 60536, value: 
key: 600, value: 
key: 204215, value: 
key: 6581, value: 
key: 257820, value: 
key: 910769, value: 
key: 21218, value: 
key: 814153, value: 
key: 176552, value: 
key: 132606, value: 
key: 62134, value: 
key: 57246, value: 
key: 578064, value: 
key: 595988, value: 
key: 660279, value: 
key: 217985, value: 
key: 11857, value: 
key: 472254, value: 
key: 840992, value: 
key: 486813, value: 
key: 302272, value: 
key: 72953, value: 
key: 530802, value: 
key: 908724, value: 
key: 135711, value: 
key: 148920, value: 
key: 159162, value: 
key: 31385, value: 
key: 74203, value: 
key: 475310, value: 
key: 7652, value: 
key: 2947, value: 
key: 240040, value: 
key: 142416, value: 
key: 428552, value: 
key: 211437, value: 
key: 27953, value: 
key: 719560, value: 
key: 364559, value: 
key: 383066, value: 
key: 399155, value: 
key: 160430, value: 
key: 784447, value: 
key: 323156, value: 
key: 754, value: 
key: 128944, value: 
key: 965402, value: 
key: 52711, value: 
key: 45238, value: 
key: 101000, value: 
key: 408547, value: 
key: 607904, value: 
key: 681009, value: 
key: 184207, value: 
key: 2028, value: 
key: 703882, value: 
key: 560115, value: 
key: 703220, value: 
key: 929556, value: 
key: 652757, value: 
key: 678520, value: 
key: 790507, value: 
key: 12287, value: 
key: 30173, value: 
key: 358, value: 
key: 577362, value: 
key: 38302, value: 
key: 915856, value: 
key: 1348, value: 
key: 73879, value: 
key: 18937, value: 
key: 1025, value: 
key: 86800, value: 
key: 11264, value: 
key: 576772, value: 
key: 207911, value: 
key: 553001, value: 
key: 622280, value: 
key: 10328, value: 
key: 413714, value: 
key: 986443, value: 
key: 564885, value: 
key: 212104, value: 
key: 77466, value: 
key: 353120, value: 
key: 799584, value: 
key: 921291, value: 
key: 163738, value: 
key: 970374, value: 
key: 466602, value: 
key: 704373, value: 
key: 759364, value: 
key: 462121, value: 
key: 126700, value: 
key: 852049, value: 
key: 566337, value: 
key: 115342, value: 
key: 482035, value: 
key: 64105, value: 
key: 50672, value: 
key: 453646, value: 
key: 657565, value: 
key: 824491, value: 
key: 198695, value: 
key: 45487, value: 
key: 15802, value: 
key: 362654, value: 
key: 813815, value: 
key: 750110, value: 
key: 424, value: 
key: 1461, value: 
key: 967998, value: 
key: 35035, value: 
key: 162984, value: 
key: 865742, value: 
key: 112222, value: 
key: 808105, value: 
key: 4400, value: 
key: 16908, value: 
key: 162195, value: 
key: 43526, value: 
key: 8367, value: 
key: 35981, value: 
key: 217080, value: 
key: 673846, value: 
key: 499602, value: 
key: 266022, value: 
key: 949952, value: 
key: 455291, value: 
key: 21063, value: 
key: 448956, value: 
key: 857543, value: 
key: 524049, value: 
key: 874984, value: 
key: 84251, value: 
key: 279835, value: 
key: 924663, value: 
key: 352307, value: 
key: 115263, value: 
key: 622251, value: 
key: 354512, value: 
key: 606833, value: 
key: 186670, value: 
key: 241669, value: 
key: 706164, value: 
key: 751067, value: 
key: 368935, value: 
key: 77970, value: 
key: 20099, value: 
key: 747446, value: 
key: 130800, value: 
key: 13628, value: 
key: 38313, value: 
key: 47379, value: 
key: 513432, value: 
key: 231154, value: 
key: 63384, value: 
key: 188533, value: 
key: 299846, value: 
key: 870533, value: 
key: 903679, value: 
key: 703798, value: 
key: 909488, value: 
key: 434414, value: 
key: 275419, value: 
key: 517094, value: 
key: 69515, value: 
key: 324216, value: 
key: 331449, value: 
key: 102858, value: 
key: 159584, value: 
key: 697923, value: 
key: 111632, value: 
key: 162979, value: 
key: 728182, value: 
key: 676357, value: 
key: 18230, value: 
key: 57581, value: 
key: 222510, value: 
key: 75138, value: 
key: 149134, value: 
key: 917863, value: 
key: 68024, value: 
key: 282820, value: 
key: 233776, value: 
key: 15460, value: 
key: 559953, value: 
key: 753184, value: 
key: 381903, value: 
key: 107147, value: 
key: 739869, value: 
key: 17426, value: 
key: 5959, value: 
key: 106784, value: 
key: 132787, value: 
key: 18436, value: 
key: 9276, value: 
key: 47294, value: 
key: 175889, value: 
key: 236704, value: 
key: 90748, value: 
key: 415639, value: 
key: 769392, value: 
key: 11277, value: 
key: 3403, value: 
key: 123093, value: 
key: 693552, value: 
key: 364265, value: 
key: 913568, value: 
key: 42792, value: 
key: 198107, value: 
key: 283054, value: 
key: 121158, value: 
key: 27632, value: 
key: 362180, value: 
key: 309899, value: 
key: 835152, value: 
key: 207203, value: 
key: 680404, value: 
key: 976592, value: 
key: 100759, value: 
key: 70229, value: 
key: 46941, value: 
key: 274610, value: 
key: 731717, value: 
key: 279080, value: 
key: 158677, value: 
key: 34205, value: 
key: 231952, value: 
key: 469874, value: 
key: 599490, value: 
key: 241638, value: 
key: 502094, value: 
key: 165, value: 
key: 570529, value: 
key: 53644, value: 
key: 683663, value: 
key: 407674, value: 
key: 904083, value: 
key: 295345, value: 
key: 675246, value: 
key: 262998, value: 
key: 454764, value: 
key: 655129, value: 
key: 3852, value: 
key: 201366, value: 
key: 65447, value: 
key: 44673, value: 
key: 595388, value: 
key: 433905, value: 
key: 937940, value: 
key: 541035, value: 
key: 51219, value: 
key: 52818, value: 
key: 201531, value: 
key: 91822, value: 
key: 835200, value: 
key: 605711, value: 
key: 259738, value: 
key: 639565, value: 
key: 133191, value: 
key: 56753, value: 
key: 338112, value: 
key: 377799, value: 
key: 791904, value: 
key: 406051, value: 
key: 252564, value: 
key: 305570, value: 
key: 52586, value: 
key: 485609, value: 
key: 86857, value: 
key: 928919, value: 
key: 21302, value: 
key: 8107, value: 
key: 833798, value: 
key: 270818, value: 
key: 736440, value: 
key: 109660, value: 
key: 225285, value: 
key: 436564, value: 
key: 960197, value: 
key: 267957, value: 
key: 80859, value: 
key: 292898, value: 
key: 3074, value: 
key: 510, value: 
key: 572082, value: 
key: 944919, value: 
key: 67340, value: 
key: 4800, value: 
key: 844284, value: 
key: 41735, value: 
key: 949082, value: 
key: 41500, value: 
key: 597533, value: 
key: 362384, value: 
key: 108609, value: 
key: 309129, value: 
key: 357922, value: 
key: 298274, value: 
key: 474270, value: 
key: 809153, value: 
key: 209438, value: 
key: 70698, value: 
key: 942531, value: 
key: 60695, value: 
key: 683029, value: 
key: 124731, value: 
key: 562548, value: 
key: 459921, value: 
key: 740933, value: 
key: 435110, value: 
key: 134354, value: 
key: 64633, value: 
key: 41964, value: 
key: 721530, value: 
key: 353094, value: 
key: 4251, value: 
key: 44240, value: 
key: 10685, value: 
key: 119209, value: 
key: 170334, value: 
key: 181930, value: 
key: 319081, value: 
key: 61902, value: 
key: 727837, value: 
key: 219239, value: 
key: 70298, value: 
key: 270038, value: 
key: 57794, value: 
key: 902001, value: 
key: 55613, value: 
key: 591753, value: 
key: 514507, value: 
key: 734820, value: 
key: 361059, value: 
key: 841829, value: 
key: 884165, value: 
key: 741361, value: 
key: 14836, value: 
key: 30498, value: 
key: 662598, value: 
key: 57181, value: 
key: 422374, value: 
key: 209236, value: 
key: 990804, value: 
key: 26147, value: 
key: 2123, value: 
key: 938596, value: 
key: 581875, value: 
key: 552745, value: 
key: 102292, value: 
key: 51280, value: 
key: 765721, value: 
key: 352358, value: 
key: 133940, value: 
key: 674669, value: 
key: 693178, value: 
key: 30937, value: 
key: 12519, value: 
key: 320636, value: 
key: 756439, value: 
key: 2068, value: 
key: 284806, value: 
key: 36649, value: 
key: 8080, value: 
key: 316637, value: 
key: 867878, value: 
key: 894946, value: 
key: 327147, value: 
key: 283407, value: 
key: 374710, value: 
key: 36070, value: 
key: 100739, value: 
key: 755401, value: 
key: 165679, value: 
key: 935102, value: 
key: 27568, value: 
key: 72773, value: 
key: 649285, value: 
key: 589789, value: 
key: 446095, value: 
key: 575571, value: 
key: 70931, value: 
key: 157621, value: 
key: 356295, value: 
key: 644734, value: 
key: 127785, value: 
key: 613981, value: 
key: 226787, value: 
key: 918923, value: 
key: 50768, value: 
key: 262817, value: 
key: 809047, value: 
key: 433800, value: 
key: 644770, value: 
key: 33969, value: 
key: 281456, value: 
key: 94791, value: 
key: 461982, value: 
key: 451790, value: 
key: 211705, value: 
key: 256632, value: 
key: 493055, value: 
key: 217804, value: 
key: 4851, value: 
key: 140047, value: 
key: 169907, value: 
key: 367688, value: 
key: 396824, value: 
key: 410287, value: 
key: 126177, value: 
key: 116646, value: 
key: 608141, value: 
key: 869436, value: 
key: 814009, value: 
key: 70447, value: 
key: 364502, value: 
key: 172466, value: 
key: 33790, value: 
key: 487498, value: 
key: 943488, value: 
key: 306333, value: 
key: 202547, value: 
key: 85498, value: 
key: 1074, value: 
key: 75309, value: 
key: 852397, value: 
key: 306618, value: 
key: 974710, value: 
key: 294649, value: 
key: 11310, value: 
key: 350301, value: 
key: 583455, value: 
key: 26114, value: 
key: 58160, value: 
key: 59459, value: 
key: 235910, value: 
key: 372271, value: 
key: 51332, value: 
key: 5047, value: 
key: 67038, value: 
key: 371122, value: 
key: 16096, value: 
key: 194666, value: 
key: 498830, value: 
key: 617466, value: 
key: 405854, value: 
key: 42297, value: 
key: 537236, value: 
key: 202163, value: 
key: 445063, value: 
key: 228660, value: 
key: 262992, value: 
key: 368597, value: 
key: 19679, value: 
key: 91569, value: 
key: 267898, value: 
key: 225029, value: 
key: 800042, value: 
key: 462842, value: 
key: 731964, value: 
key: 740317, value: 
key: 191696, value: 
key: 177980, value: 
key: 776631, value: 
key: 615671, value: 
key: 2170, value: 
key: 37291, value: 
key: 752, value: 
key: 998615, value: 
key: 904382, value: 
key: 133708, value: 
key: 413671, value: 
key: 584582, value: 
key: 440435, value: 
key: 726184, value: 
key: 166845, value: 
key: 358202, value: 
key: 1131, value: 
key: 546676, value: 
key: 377238, value: 
key: 1036, value: 
key: 658368, value: 
key: 226165, value: 
key: 57310, value: 
key: 6284, value: 
key: 98090, value: 
key: 172316, value: 
key: 559520, value: 
key: 780881, value: 
key: 151566, value: 
key: 260334, value: 
key: 36421, value: 
key: 515874, value: 
key: 420905, value: 
key: 17831, value: 
key: 228196, value: 
key: 79, value: 
key: 6710, value: 
key: 34924, value: 
key: 804813, value: 
key: 301785, value: 
key: 386771, value: 
key: 126630, value: 
key: 492829, value: 
key: 31626, value: 
key: 751461, value: 
key: 9603, value: 
key: 25731, value: 
key: 379825, value: 
key: 22714, value: 
key: 13840, value: 
key: 806701, value: 
key: 814193, value: 
key: 58072, value: 
key: 169419, value: 
key: 782902, value: 
key: 739490, value: 
key: 127581, value: 
key: 156215, value: 
key: 66477, value: 
key: 187417, value: 
key: 49526, value: 
key: 16605, value: 
key: 185053, value: 
key: 109819, value: 
key: 245317, value: 
key: 880, value: 
key: 453295, value: 
key: 150457, value: 
key: 1700, value: 
key: 209081, value: 
key: 749932, value: 
key: 764438, value: 
key: 94627, value: 
key: 916499, value: 
key: 378981, value: 
key: 54232, value: 
key: 189738, value: 
key: 137210, value: 
key: 724016, value: 
key: 82839, value: 
key: 944458, value: 
key: 82211, value: 
key: 925284, value: 
key: 59769, value: 
key: 2990, value: 
key: 911302, value: 
key: 23447, value: 
key: 334110, value: 
key: 81029, value: 
key: 925590, value: 
key: 809674, value: 
key: 860233, value: 
key: 280606, value: 
key: 675837, value: 
key: 296458, value: 
key: 42583, value: 
key: 598037, value: 
key: 530848, value: 
key: 14823, value: 
key: 239754, value: 
key: 11574, value: 
key: 886091, value: 
key: 221407, value: 
key: 621573, value: 
key: 2763, value: 
key: 706937, value: 
key: 606820, value: 
key: 340142, value: 
key: 670483, value: 
key: 752158, value: 
key: 667887, value: 
key: 707800, value: 
key: 117447, value: 
key: 529712, value: 
key: 1029, value: 
key: 921136, value: 
key: 562823, value: 
key: 99372, value: 
key: 402480, value: 
key: 232692, value: 
key: 18094, value: 
key: 102159, value: 
key: 508982, value: 
key: 146247, value: 
key: 549532, value: 
key: 493770, value: 
key: 240257, value: 
key: 176095, value: 
key: 987659, value: 
key: 636289, value: 
key: 312378, value: 
key: 444639, value: 
key: 8127, value: 
key: 20998, value: 
key: 423245, value: 
key: 7814, value: 
key: 459167, value: 
key: 177290, value: 
key: 355212, value: 
key: 317106, value: 
key: 542216, value: 
key: 5120, value: 
key: 379991, value: 
key: 1463, value: 
key: 158394, value: 
key: 31, value: 
key: 283403, value: 
key: 558354, value: 
key: 10441, value: 
key: 138486, value: 
key: 933874, value: 
key: 643698, value: 
key: 477006, value: 
key: 211354, value: 
key: 79107, value: 
key: 405593, value: 
key: 1063, value: 
key: 858296, value: 
key: 114484, value: 
key: 968324, value: 
key: 330239, value: 
key: 35839, value: 
key: 769833, value: 
key: 125336, value: 
key: 12557, value: 
key: 68471, value: 
key: 735030, value: 
key: 625898, value: 
key: 580913, value: 
key: 867696, value: 
key: 62367, value: 
key: 792277, value: 
key: 100315, value: 
key: 992288, value: 
key: 208446, value: 
key: 416276, value: 
key: 545031, value: 
key: 927930, value: 
key: 962764, value: 
key: 448488, value: 
key: 159997, value: 
key: 3092, value: 
key: 132167, value: 
key: 1078, value: 
key: 42781, value: 
key: 500416, value: 
key: 909932, value: 
key: 307631, value: 
key: 867997, value: 
key: 545055, value: 
key: 572132, value: 
key: 146229, value: 
key: 192576, value: 
key: 317140, value: 
key: 18236, value: 
key: 904470, value: 
key: 554349, value: 
key: 911869, value: 
key: 39310, value: 
key: 516464, value: 
key: 3227, value: 
key: 237831, value: 
key: 233622, value: 
key: 11879, value: 
key: 152046, value: 
key: 57440, value: 
key: 466, value: 
key: 24697, value: 
key: 486097, value: 
key: 527, value: 
key: 766876, value: 
key: 554431, value: 
key: 422934, value: 
key: 37817, value: 
key: 383507, value: 
key: 320067, value: 
key: 750334, value: 
key: 558648, value: 
key: 84101, value: 
key: 448204, value: 
key: 720663, value: 
key: 52096, value: 
key: 567910, value: 
key: 772710, value: 
key: 543112, value: 
key: 708290, value: 
key: 928814, value: 
key: 525046, value: 
key: 301831, value: 
key: 398129, value: 
key: 265861, value: 
key: 257530, value: 
key: 80628, value: 
key: 421827, value: 
key: 128043, value: 
key: 890030, value: 
key: 217091, value: 
key: 119773, value: 
key: 51633, value: 
key: 595830, value: 
key: 4280, value: 
key: 762593, value: 
key: 125411, value: 
key: 943307, value: 
key: 79440, value: 
key: 312781, value: 
key: 16731, value: 
key: 174332, value: 
key: 493664, value: 
key: 325622, value: 
key: 374862, value: 
key: 843908, value: 
key: 15736, value: 
key: 603629, value: 
key: 932992, value: 
key: 247278, value: 
key: 5951, value: 
key: 242268, value: 
key: 9629, value: 
key: 24727, value: 
key: 487504, value: 
key: 630201, value: 
key: 544052, value: 
key: 50140, value: 
key: 601351, value: 
key: 11365, value: 
key: 645940, value: 
key: 540191, value: 
key: 609890, value: 
key: 860538, value: 
key: 56315, value: 
key: 767239, value: 
key: 586494, value: 
key: 346951, value: 
key: 170084, value: 
key: 783840, value: 
key: 930703, value: 
key: 570640, value: 
key: 912514, value: 
key: 331025, value: 
key: 88969, value: 
key: 245250, value: 
key: 479347, value: 
key: 521930, value: 
key: 65551, value: 
key: 95925, value: 
key: 51868, value: 
key: 82374, value: 
key: 9092, value: 
key: 134367, value: 
key: 285317, value: 
key: 234388, value: 
key: 259862, value: 
key: 786658, value: 
key: 287788, value: 
key: 335560, value: 
key: 3393, value: 
key: 206305, value: 
key: 365558, value: 
key: 689944, value: 
key: 150305, value: 
key: 20561, value: 
key: 40549, value: 
key: 831594, value: 
key: 39521, value: 
key: 214177, value: 
key: 197353, value: 
key: 295194, value: 
key: 889410, value: 
key: 203681, value: 
key: 130945, value: 
key: 690911, value: 
key: 569789, value: 
key: 7502, value: 
key: 279255, value: 
key: 820224, value: 
key: 206622, value: 
key: 86864, value: 
key: 273040, value: 
key: 4132, value: 
key: 130828, value: 
key: 326173, value: 
key: 843010, value: 
key: 139533, value: 
key: 144425, value: 
key: 900049, value: 
key: 156691, value: 
key: 6675, value: 
key: 261919, value: 
key: 17635, value: 
key: 17671, value: 
key: 97307, value: 
key: 370686, value: 
key: 208882, value: 
key: 432988, value: 
key: 53, value: 
key: 453, value: 
key: 395951, value: 
key: 84855, value: 
key: 117232, value: 
key: 736165, value: 
key: 72809, value: 
key: 666208, value: 
key: 831066, value: 
key: 693958, value: 
key: 815219, value: 
key: 588447, value: 
key: 630438, value: 
key: 308612, value: 
key: 614816, value: 
key: 782083, value: 
key: 3353, value: 
key: 559571, value: 
key: 12665, value: 
key: 981477, value: 
key: 471770, value: 
key: 286486, value: 
key: 259529, value: 
key: 338033, value: 
key: 434100, value: 
key: 441067, value: 
key: 446101, value: 
key: 8138, value: 
key: 968360, value: 
key: 87940, value: 
key: 985022, value: 
key: 69445, value: 
key: 31972, value: 
key: 14940, value: 
key: 569666, value: 
key: 498676, value: 
key: 908614, value: 
key: 451347, value: 
key: 595157, value: 
key: 39879, value: 
key: 598158, value: 
key: 191821, value: 
key: 282732, value: 
key: 38388, value: 
key: 668721, value: 
key: 784085, value: 
key: 60338, value: 
key: 344315, value: 
key: 133867, value: 
key: 62697, value: 
key: 19011, value: 
key: 40642, value: 
key: 17530, value: 
key: 144007, value: 
key: 78265, value: 
key: 606936, value: 
key: 359276, value: 
key: 24989, value: 
key: 122290, value: 
key: 72674, value: 
key: 528379, value: 
key: 688015, value: 
key: 720847, value: 
key: 202820, value: 
key: 558428, value: 
key: 287515, value: 
key: 242097, value: 
key: 834313, value: 
key: 287999, value: 
key: 458160, value: 
key: 277714, value: 
key: 178853, value: 
key: 718822, value: 
key: 547929, value: 
key: 442011, value: 
key: 56054, value: 
key: 406260, value: 
key: 914211, value: 
key: 799151, value: 
key: 121088, value: 
key: 823775, value: 
key: 3887, value: 
key: 945916, value: 
key: 973777, value: 
key: 210524, value: 
key: 543097, value: 
key: 56982, value: 
key: 208853, value: 
key: 6231, value: 
key: 396699, value: 
key: 49481, value: 
key: 651516, value: 
key: 297660, value: 
key: 920913, value: 
key: 929206, value: 
key: 154567, value: 
key: 2316, value: 
key: 29036, value: 
key: 991872, value: 
key: 628635, value: 
key: 443177, value: 
key: 36094, value: 
key: 532507, value: 
key: 239497, value: 
key: 122083, value: 
key: 610739, value: 
key: 3436, value: 
key: 16700, value: 
key: 76342, value: 
key: 11529, value: 
key: 4118, value: 
key: 499343, value: 
key: 527778, value: 
key: 372082, value: 
key: 197108, value: 
key: 59312, value: 
key: 173984, value: 
key: 978907, value: 
key: 500946, value: 
key: 10920, value: 
key: 47555, value: 
key: 762674, value: 
key: 379937, value: 
key: 232661, value: 
key: 199481, value: 
key: 645803, value: 
key: 34056, value: 
key: 181570, value: 
key: 24945, value: 
key: 155784, value: 
key: 518378, value: 
key: 455785, value: 
key: 802066, value: 
key: 698155, value: 
key: 22341, value: 
key: 23393, value: 
key: 353968, value: 
key: 371344, value: 
key: 17884, value: 
key: 895152, value: 
key: 588810, value: 
key: 332932, value: 
key: 571458, value: 
key: 45122, value: 
key: 11202, value: 
key: 161785, value: 
key: 905486, value: 
key: 62688, value: 
key: 39451, value: 
key: 734233, value: 
key: 350374, value: 
key: 843397, value: 
key: 278753, value: 
key: 457462, value: 
key: 624523, value: 
key: 643195, value: 
key: 949046, value: 
key: 542526, value: 
key: 295914, value: 
key: 558257, value: 
key: 461221, value: 
key: 492506, value: 
key: 979928, value: 
key: 193528, value: 
key: 15581, value: 
key: 769729, value: 
key: 811383, value: 
key: 17686, value: 
key: 109064, value: 
key: 7632, value: 
key: 188542, value: 
key: 778941, value: 
key: 259769, value: 
key: 175443, value: 
key: 10322, value: 
key: 677228, value: 
key: 19833, value: 
key: 585613, value: 
key: 886925, value: 
key: 641898, value: 
key: 441377, value: 
key: 80167, value: 
key: 416621, value: 
key: 2204, value: 
key: 925723, value: 
key: 186911, value: 
key: 45638, value: 
key: 827526, value: 
key: 164072, value: 
key: 25641, value: 
key: 27977, value: 
key: 130138, value: 
key: 417369, value: 
key: 13745, value: 
key: 931230, value: 
key: 10735, value: 
key: 47775, value: 
key: 481124, value: 
key: 550291, value: 
key: 721934, value: 
key: 64741, value: 
key: 827793, value: 
key: 117597, value: 
key: 43760, value: 
key: 111531, value: 
key: 56632, value: 
key: 571568, value: 
key: 45111, value: 
key: 93181, value: 
key: 204444, value: 
key: 643924, value: 
key: 429641, value: 
key: 735205, value: 
key: 298216, value: 
key: 191252, value: 
key: 420312, value: 
key: 422084, value: 
key: 495800, value: 
key: 920382, value: 
key: 470115, value: 
key: 97103, value: 
key: 474072, value: 
key: 80509, value: 
key: 479, value: 
key: 815231, value: 
key: 26864, value: 
key: 951580, value: 
key: 208866, value: 
key: 638610, value: 
key: 56812, value: 
key: 892191, value: 
key: 91008, value: 
key: 680196, value: 
key: 119391, value: 
key: 198820, value: 
key: 288716, value: 
key: 179665, value: 
key: 277985, value: 
key: 54391, value: 
key: 950318, value: 
key: 800228, value: 
key: 351742, value: 
key: 92935, value: 
key: 7018, value: 
key: 345, value: 
key: 770558, value: 
key: 66651, value: 
key: 697987, value: 
key: 8347, value: 
key: 797856, value: 
key: 530415, value: 
key: 87540, value: 
key: 181679, value: 
key: 51482, value: 
key: 207254, value: 
key: 601805, value: 
key: 631130, value: 
key: 731355, value: 
key: 105211, value: 
key: 504384, value: 
key: 88763, value: 
key: 646323, value: 
key: 399225, value: 
key: 56696, value: 
key: 283313, value: 
key: 19471, value: 
key: 142942, value: 
key: 245366, value: 
key: 135470, value: 
key: 614982, value: 
key: 59486, value: 
key: 347398, value: 
key: 927938, value: 
key: 176994, value: 
key: 528412, value: 
key: 214878, value: 
key: 440868, value: 
key: 24875, value: 
key: 58582, value: 
key: 755625, value: 
key: 884952, value: 
key: 217662, value: 
key: 551306, value: 
key: 341248, value: 
key: 656625, value: 
key: 563107, value: 
key: 26, value: 
key: 217372, value: 
key: 825061, value: 
key: 673060, value: 
key: 761505, value: 
key: 194741, value: 
key: 848231, value: 
key: 789420, value: 
key: 441344, value: 
key: 486745, value: 
key: 30830, value: 
key: 176086, value: 
key: 783442, value: 
key: 22868, value: 
key: 18663, value: 
key: 68877, value: 
key: 68086, value: 
key: 632247, value: 
key: 321716, value: 
key: 865289, value: 
key: 467689, value: 
key: 8329, value: 
key: 863698, value: 
key: 844738, value: 
key: 369185, value: 
key: 104106, value: 
key: 548759, value: 
key: 998699, value: 
key: 146175, value: 
key: 769532, value: 
key: 775559, value: 
key: 738996, value: 
key: 638434, value: 
key: 28909, value: 
key: 931041, value: 
key: 82873, value: 
key: 81186, value: 
key: 5474, value: 
key: 2154, value: 
key: 515191, value: 
key: 508658, value: 
key: 3955, value: 
key: 168098, value: 
key: 850128, value: 
key: 53590, value: 
key: 471060, value: 
key: 375173, value: 
key: 69588, value: 
key: 2114, value: 
key: 420196, value: 
key: 488020, value: 
key: 412506, value: 
key: 588799, value: 
key: 397166, value: 
key: 4093, value: 
key: 965437, value: 
key: 628996, value: 
key: 7254, value: 
key: 5195, value: 
key: 435378, value: 
key: 439776, value: 
key: 838126, value: 
key: 844392, value: 
key: 861713, value: 
key: 792347, value: 
key: 239879, value: 
key: 420303, value: 
key: 41216, value: 
key: 951438, value: 
key: 532363, value: 
key: 44066, value: 
key: 65535, value: 
key: 313951, value: 
key: 17545, value: 
key: 371300, value: 
key: 114897, value: 
key: 315810, value: 
key: 243553, value: 
key: 1294, value: 
key: 982515, value: 
key: 541440, value: 
key: 80833, value: 
key: 162214, value: 
key: 198480, value: 
key: 482651, value: 
key: 657332, value: 
key: 21748, value: 
key: 634326, value: 
key: 599548, value: 
key: 51460, value: 
key: 790635, value: 
key: 244837, value: 
key: 366193, value: 
key: 210656, value: 
key: 78049, value: 
key: 141864, value: 
key: 283515, value: 
key: 67360, value: 
key: 944412, value: 
key: 22048, value: 
key: 263559, value: 
key: 348609, value: 
key: 235776, value: 
key: 921066, value: 
key: 839547, value: 
key: 132879, value: 
key: 430292, value: 
key: 467964, value: 
key: 710761, value: 
key: 202808, value: 
key: 105035, value: 
key: 529002, value: 
key: 770484, value: 
key: 676634, value: 
key: 633064, value: 
key: 575599, value: 
key: 844116, value: 
key: 42017, value: 
key: 994598, value: 
key: 740975, value: 
key: 344469, value: 
key: 977557, value: 
key: 747556, value: 
key: 439642, value: 
key: 358996, value: 
key: 954613, value: 
key: 157179, value: 
key: 714741, value: 
key: 81948, value: 
key: 144483, value: 
key: 7270, value: 
key: 153010, value: 
key: 169468, value: 
key: 930893, value: 
key: 363479, value: 
key: 819741, value: 
key: 13114, value: 
key: 299635, value: 
key: 10098, value: 
key: 710505, value: 
key: 680707, value: 
key: 999557, value: 
key: 526485, value: 
key: 580908, value: 
key: 676676, value: 
key: 154671, value: 
key: 244330, value: 
key: 212212, value: 
key: 28165, value: 
key: 102034, value: 
key: 728133, value: 
key: 234915, value: 
key: 27003, value: 
key: 376013, value: 
key: 609809, value: 
key: 94588, value: 
key: 20613, value: 
key: 909770, value: 
key: 655590, value: 
key: 393977, value: 
key: 214647, value: 
key: 31143, value: 
key: 8552, value: 
key: 242044, value: 
key: 72522, value: 
key: 516383, value: 
key: 9759, value: 
key: 636487, value: 
key: 627209, value: 
key: 212650, value: 
key: 613011, value: 
key: 25076, value: 
key: 481670, value: 
key: 100881, value: 
key: 169761, value: 
key: 112921, value: 
key: 47265, value: 
key: 621935, value: 
key: 148500, value: 
key: 983477, value: 
key: 112662, value: 
key: 853521, value: 
key: 1991, value: 
key: 295112, value: 
key: 785037, value: 
key: 15118, value: 
key: 317740, value: 
key: 370684, value: 
key: 851992, value: 
key: 12254, value: 
key: 194804, value: 
key: 49975, value: 
key: 896344, value: 
key: 61366, value: 
key: 106315, value: 
key: 227636, value: 
key: 101718, value: 
key: 88321, value: 
key: 50605, value: 
key: 740070, value: 
key: 346801, value: 
key: 739812, value: 
key: 179043, value: 
key: 12803, value: 
key: 963853, value: 
key: 898481, value: 
key: 138477, value: 
key: 223825, value: 
key: 516640, value: 
key: 352628, value: 
key: 17354, value: 
key: 811156, value: 
key: 40747, value: 
key: 388915, value: 
key: 955926, value: 
key: 67841, value: 
key: 10111, value: 
key: 872492, value: 
key: 22523, value: 
key: 45308, value: 
key: 661276, value: 
key: 3973, value: 
key: 1612, value: 
key: 643649, value: 
key: 358118, value: 
key: 79534, value: 
key: 842523, value: 
key: 136411, value: 
key: 449825, value: 
key: 42107, value: 
key: 76485, value: 
key: 764986, value: 
key: 96304, value: 
key: 458467, value: 
key: 484365, value: 
key: 51615, value: 
key: 945761, value: 
key: 19527, value: 
key: 801010, value: 
key: 325813, value: 
key: 172228, value: 
key: 77561, value: 
key: 499837, value: 
key: 793184, value: 
key: 777351, value: 
key: 12153, value: 
key: 6967, value: 
key: 20677, value: 
key: 136893, value: 
key: 303747, value: 
key: 2286, value: 
key: 903956, value: 
key: 197212, value: 
key: 124100, value: 
key: 267782, value: 
key: 8970, value: 
key: 196585, value: 
key: 155672, value: 
key: 83333, value: 
key: 921923, value: 
key: 453424, value: 
key: 424567, value: 
key: 391234, value: 
key: 735111, value: 
key: 49986, value: 
key: 165336, value: 
key: 608655, value: 
key: 707545, value: 
key: 68705, value: 
key: 2655, value: 
key: 319867, value: 
key: 88, value: 
key: 212706, value: 
key: 148805, value: 
key: 445829, value: 
key: 281160, value: 
key: 505040, value: 
key: 663368, value: 
key: 275316, value: 
key: 2031, value: 
key: 17594, value: 
key: 240891, value: 
key: 642611, value: 
key: 441058, value: 
key: 409391, value: 
key: 954453, value: 
key: 594464, value: 
key: 47360, value: 
key: 902281, value: 
key: 58902, value: 
key: 335070, value: 
key: 22002, value: 
key: 233, value: 
key: 135250, value: 
key: 292757, value: 
key: 625504, value: 
key: 272386, value: 
key: 29197, value: 
key: 824817, value: 
key: 128005, value: 
key: 819794, value: 
key: 852409, value: 
key: 699336, value: 
key: 89984, value: 
key: 829043, value: 
key: 777801, value: 
key: 732299, value: 
key: 984735, value: 
key: 774637, value: 
key: 20356, value: 
key: 158367, value: 
key: 167132, value: 
key: 436371, value: 
key: 746722, value: 
key: 534268, value: 
key: 15002, value: 
key: 507147, value: 
key: 833284, value: 
key: 48002, value: 
key: 29892, value: 
key: 363336, value: 
key: 43366, value: 
key: 3908, value: 
key: 178231, value: 
key: 13042, value: 
key: 579685, value: 
key: 487443, value: 
key: 901343, value: 
key: 363817, value: 
key: 391502, value: 
key: 451730, value: 
key: 247876, value: 
key: 87348, value: 
key: 1539, value: 
key: 398871, value: 
key: 1427, value: 
key: 916402, value: 
key: 38092, value: 
key: 28929, value: 
key: 6918, value: 
key: 625429, value: 
key: 22266, value: 
key: 178352, value: 
key: 102988, value: 
key: 409199, value: 
key: 378257, value: 
key: 181, value: 
key: 511876, value: 
key: 115094, value: 
key: 448662, value: 
key: 153632, value: 
key: 880266, value: 
key: 271448, value: 
key: 189, value: 
key: 6501, value: 
key: 838805, value: 
key: 4167, value: 
key: 192734, value: 
key: 438302, value: 
key: 756073, value: 
key: 530217, value: 
key: 255974, value: 
key: 374211, value: 
key: 286613, value: 
key: 145985, value: 
key: 667935, value: 
key: 8679, value: 
key: 68758, value: 
key: 296597, value: 
key: 555920, value: 
key: 739236, value: 
key: 51295, value: 
key: 250791, value: 
key: 977562, value: 
key: 19134, value: 
key: 796280, value: 
key: 448363, value: 
key: 930246, value: 
key: 961411, value: 
key: 24541, value: 
key: 14980, value: 
key: 22363, value: 
key: 264398, value: 
key: 298717, value: 
key: 21533, value: 
key: 200705, value: 
key: 390408, value: 
key: 386690, value: 
key: 147929, value: 
key: 688109, value: 
key: 762687, value: 
key: 498292, value: 
key: 8639, value: 
key: 707123, value: 
key: 9047, value: 
key: 39756, value: 
key: 272089, value: 
key: 761970, value: 
key: 85708, value: 
key: 531289, value: 
key: 336682, value: 
key: 222169, value: 
key: 9250, value: 
key: 235255, value: 
key: 27243, value: 
key: 592547, value: 
key: 609373, value: 
key: 643720, value: 
key: 344964, value: 
key: 261715, value: 
key: 193735, value: 
key: 377133, value: 
key: 247937, value: 
key: 311036, value: 
key: 780762, value: 
key: 172444, value: 
key: 49586, value: 
key: 125084, value: 
key: 39741, value: 
key: 132, value: 
key: 808073, value: 
key: 632856, value: 
key: 43016, value: 
key: 43821, value: 
key: 218146, value: 
key: 2035, value: 
key: 83049, value: 
key: 681612, value: 
key: 115575, value: 
key: 684479, value: 
key: 890861, value: 
key: 69319, value: 
key: 729855, value: 
key: 1229, value: 
key: 595704, value: 
key: 146010, value: 
key: 850308, value: 
key: 22404, value: 
key: 294461, value: 
key: 329468, value: 
key: 49382, value: 
key: 375234, value: 
key: 555151, value: 
key: 9780, value: 
key: 837442, value: 
key: 121600, value: 
key: 24813, value: 
key: 826075, value: 
key: 81919, value: 
key: 131117, value: 
key: 678467, value: 
key: 210955, value: 
key: 670157, value: 
key: 523408, value: 
key: 17082, value: 
key: 78443, value: 
key: 18098, value: 
key: 124726, value: 
key: 300351, value: 
key: 27038, value: 
key: 646684, value: 
key: 275639, value: 
key: 438953, value: 
key: 134141, value: 
key: 129217, value: 
key: 281207, value: 
key: 3832, value: 
key: 299149, value: 
key: 95378, value: 
key: 86198, value: 
key: 779687, value: 
key: 262488, value: 
key: 4813, value: 
key: 49058, value: 
key: 885698, value: 
key: 203054, value: 
key: 274085, value: 
key: 53660, value: 
key: 672065, value: 
key: 648776, value: 
key: 7205, value: 
key: 485212, value: 
key: 31448, value: 
key: 17862, value: 
key: 217176, value: 
key: 887483, value: 
key: 933559, value: 
key: 400572, value: 
key: 8349, value: 
key: 244644, value: 
key: 758987, value: 
key: 785565, value: 
key: 17855, value: 
key: 234830, value: 
key: 339537, value: 
key: 2141, value: 
key: 464482, value: 
key: 106270, value: 
key: 177092, value: 
key: 879882, value: 
key: 256203, value: 
key: 115175, value: 
key: 23898, value: 
key: 488307, value: 
key: 647513, value: 
key: 308346, value: 
key: 929419, value: 
key: 95655, value: 
key: 568094, value: 
key: 10799, value: 
key: 585059, value: 
key: 315119, value: 
key: 3106, value: 
key: 302553, value: 
key: 324580, value: 
key: 3241, value: 
key: 458074, value: 
key: 953401, value: 
key: 222428, value: 
key: 127116, value: 
key: 911124, value: 
key: 314224, value: 
key: 219251, value: 
key: 565064, value: 
key: 2156, value: 
key: 460653, value: 
key: 605975, value: 
key: 309, value: 
key: 11604, value: 
key: 659428, value: 
key: 720764, value: 
key: 62604, value: 
key: 130781, value: 
key: 317128, value: 
key: 682774, value: 
key: 258278, value: 
key: 338271, value: 
key: 402372, value: 
key: 963981, value: 
key: 35312, value: 
key: 32478, value: 
key: 34092, value: 
key: 85236, value: 
key: 13895, value: 
key: 449973, value: 
key: 350381, value: 
key: 133786, value: 
key: 1452, value: 
key: 13815, value: 
key: 400402, value: 
key: 201926, value: 
key: 305741, value: 
key: 274335, value: 
key: 52843, value: 
key: 7432, value: 
key: 173050, value: 
key: 589891, value: 
key: 49511, value: 
key: 691592, value: 
key: 213062, value: 
key: 298564, value: 
key: 173281, value: 
key: 125569, value: 
key: 578231, value: 
key: 641755, value: 
key: 823186, value: 
key: 21791, value: 
key: 693, value: 
key: 964142, value: 
key: 423786, value: 
key: 10953, value: 
key: 734792, value: 
key: 9867, value: 
key: 45650, value: 
key: 62028, value: 
key: 133843, value: 
key: 670490, value: 
key: 219279, value: 
key: 836799, value: 
key: 897451, value: 
key: 62503, value: 
key: 34878, value: 
key: 61564, value: 
key: 948205, value: 
key: 635626, value: 
key: 892753, value: 
key: 455792, value: 
key: 197131, value: 
key: 569455, value: 
key: 474368, value: 
key: 30317, value: 
key: 141518, value: 
key: 365150, value: 
key: 414056, value: 
key: 261331, value: 
key: 421731, value: 
key: 153773, value: 
key: 343990, value: 
key: 982487, value: 
key: 802932, value: 
key: 436760, value: 
key: 819312, value: 
key: 509013, value: 
key: 361305, value: 
key: 184733, value: 
key: 756121, value: 
key: 22372, value: 
key: 15396, value: 
key: 258133, value: 
key: 83498, value: 
key: 552985, value: 
key: 6387, value: 
key: 740470, value: 
key: 147530, value: 
key: 418562, value: 
key: 250834, value: 
key: 402448, value: 
key: 37671, value: 
key: 873390, value: 
key: 329464, value: 
key: 809931, value: 
key: 297329, value: 
key: 95237, value: 
key: 94913, value: 
key: 805788, value: 
key: 233345, value: 
key: 55640, value: 
key: 34209, value: 
key: 257806, value: 
key: 6471, value: 
key: 23328, value: 
key: 715966, value: 
key: 981981, value: 
key: 113711, value: 
key: 185439, value: 
key: 111092, value: 
key: 419686, value: 
key: 958358, value: 
key: 9818, value: 
key: 381039, value: 
key: 337867, value: 
key: 956969, value: 
key: 468288, value: 
key: 670012, value: 
key: 694753, value: 
key: 334493, value: 
key: 471, value: 
key: 25348, value: 
key: 115201, value: 
key: 174266, value: 
key: 168926, value: 
key: 168560, value: 
key: 998132, value: 
key: 537867, value: 
key: 718156, value: 
key: 160379, value: 
key: 178000, value: 
key: 36993, value: 
key: 44844, value: 
key: 153135, value: 
key: 857800, value: 
key: 616416, value: 
key: 222901, value: 
key: 15914, value: 
key: 290159, value: 
key: 4707, value: 
key: 39688, value: 
key: 436827, value: 
key: 850537, value: 
key: 247838, value: 
key: 34847, value: 
key: 943822, value: 
key: 868437, value: 
key: 222206, value: 
key: 3269, value: 
key: 57019, value: 
key: 877075, value: 
key: 777043, value: 
key: 930996, value: 
key: 36553, value: 
key: 114215, value: 
key: 56818, value: 
key: 3511, value: 
key: 8758, value: 
key: 944346, value: 
key: 46934, value: 
key: 254632, value: 
key: 49012, value: 
key: 152354, value: 
key: 37152, value: 
key: 868787, value: 
key: 148984, value: 
key: 968867, value: 
key: 474331, value: 
key: 857945, value: 
key: 6606, value: 
key: 37822, value: 
key: 935393, value: 
key: 124874, value: 
key: 114367, value: 
key: 27922, value: 
key: 57213, value: 
key: 21144, value: 
key: 360449, value: 
key: 495033, value: 
key: 528144, value: 
key: 19259, value: 
key: 364696, value: 
key: 446778, value: 
key: 383345, value: 
key: 75417, value: 
key: 505088, value: 
key: 475356, value: 
key: 407883, value: 
key: 293886, value: 
key: 650306, value: 
key: 592127, value: 
key: 964524, value: 
key: 345127, value: 
key: 349958, value: 
key: 29784, value: 
key: 546878, value: 
key: 948582, value: 
key: 265902, value: 
key: 29850, value: 
key: 43542, value: 
key: 794, value: 
key: 10456, value: 
key: 925547, value: 
key: 975564, value: 
key: 51048, value: 
key: 66611, value: 
key: 7461, value: 
key: 95853, value: 
key: 543758, value: 
key: 487566, value: 
key: 543330, value: 
key: 187574, value: 
key: 57020, value: 
key: 290142, value: 
key: 510246, value: 
key: 125293, value: 
key: 22749, value: 
key: 48512, value: 
key: 54315, value: 
key: 315960, value: 
key: 1193, value: 
key: 924548, value: 
key: 258339, value: 
key: 53022, value: 
key: 1445, value: 
key: 20950, value: 
key: 967534, value: 
key: 268718, value: 
key: 1531, value: 
key: 682554, value: 
key: 551999, value: 
key: 132613, value: 
key: 512923, value: 
key: 280095, value: 
key: 1298, value: 
key: 272319, value: 
key: 607623, value: 
key: 3009, value: 
key: 780894, value: 
key: 530789, value: 
key: 53796, value: 
key: 177328, value: 
key: 455972, value: 
key: 399292, value: 
key: 303075, value: 
key: 293837, value: 
key: 213583, value: 
key: 584069, value: 
key: 555234, value: 
key: 808145, value: 
key: 151023, value: 
key: 5027, value: 
key: 188157, value: 
key: 468891, value: 
key: 580117, value: 
key: 482778, value: 
key: 114206, value: 
get/s 0.00
put/s 0.00
aborts/s 0.00
ops/s 0.00

key: 6945, value: 
key: 964586, value: 
key: 187992, value: 
key: 53659, value: 
key: 747143, value: 
key: 995869, value: 
key: 116473, value: 
key: 556895, value: 
key: 24673, value: 
key: 209928, value: 
key: 493217, value: 
key: 224493, value: 
key: 46589, value: 
key: 589703, value: 
key: 660224, value: 
key: 28947, value: 
key: 532169, value: 
key: 2767, value: 
key: 76445, value: 
key: 329978, value: 
key: 882406, value: 
key: 101422, value: 
key: 948704, value: 
key: 824084, value: 
key: 273589, value: 
key: 543659, value: 
key: 333416, value: 
key: 852212, value: 
key: 274805, value: 
key: 179368, value: 
key: 398570, value: 
key: 833, value: 
key: 518024, value: 
key: 364157, value: 
key: 591423, value: 
key: 296694, value: 
key: 511249, value: 
key: 100218, value: 
key: 946388, value: 
key: 323893, value: 
key: 197311, value: 
key: 521116, value: 
key: 49634, value: 
key: 22152, value: 
key: 502472, value: 
key: 51673, value: 
key: 503329, value: 
key: 878223, value: 
key: 328780, value: 
key: 55644, value: 
key: 17204, value: 
key: 463313, value: 
key: 297842, value: 
key: 921, value: 
key: 448190, value: 
key: 317139, value: 
key: 979614, value: 
key: 15806, value: 
key: 29960, value: 
key: 34254, value: 
key: 6583, value: 
key: 53543, value: 
key: 61687, value: 
key: 32739, value: 
key: 70287, value: 
key: 118310, value: 
key: 92201, value: 
key: 754138, value: 
key: 484471, value: 
key: 325477, value: 
key: 184485, value: 
key: 611271, value: 
key: 794936, value: 
key: 2633, value: 
key: 209146, value: 
key: 583154, value: 
key: 582166, value: 
key: 830689, value: 
key: 352268, value: 
key: 32953, value: 
key: 317041, value: 
key: 298681, value: 
key: 198965, value: 
key: 217525, value: 
key: 864132, value: 
key: 528858, value: 
key: 330785, value: 
key: 207621, value: 
key: 860819, value: 
key: 456269, value: 
key: 597748, value: 
key: 69742, value: 
key: 75024, value: 
key: 158, value: 
key: 21843, value: 
key: 10535, value: 
key: 116987, value: 
key: 88547, value: 
key: 533995, value: 
key: 545981, value: 
key: 95374, value: 
key: 63674, value: 
key: 297, value: 
key: 268581, value: 
key: 34175, value: 
key: 401452, value: 
key: 14593, value: 
key: 147617, value: 
key: 580283, value: 
key: 537333, value: 
key: 423872, value: 
key: 192785, value: 
key: 88435, value: 
key: 83777, value: 
key: 142148, value: 
key: 613459, value: 
key: 183255, value: 
key: 14777, value: 
key: 576154, value: 
key: 306078, value: 
key: 666741, value: 
key: 430760, value: 
key: 613473, value: 
key: 296993, value: 
key: 12478, value: 
key: 484349, value: 
key: 497677, value: 
key: 795687, value: 
key: 15516, value: 
key: 37419, value: 
key: 380603, value: 
key: 388241, value: 
key: 197302, value: 
key: 750091, value: 
key: 672041, value: 
key: 99266, value: 
key: 50669, value: 
key: 102443, value: 
key: 487579, value: 
key: 892900, value: 
key: 681540, value: 
key: 842831, value: 
key: 15763, value: 
key: 194253, value: 
key: 778330, value: 
key: 806194, value: 
key: 488103, value: 
key: 533469, value: 
key: 5762, value: 
key: 851309, value: 
key: 375661, value: 
key: 498508, value: 
key: 925075, value: 
key: 16292, value: 
key: 311346, value: 
key: 675774, value: 
key: 40624, value: 
key: 114442, value: 
key: 862767, value: 
key: 131254, value: 
key: 635563, value: 
key: 90661, value: 
key: 459297, value: 
key: 810863, value: 
key: 80011, value: 
key: 573715, value: 
key: 401034, value: 
key: 563136, value: 
key: 44400, value: 
key: 515076, value: 
key: 41650, value: 
key: 44187, value: 
key: 488875, value: 
key: 449469, value: 
key: 140430, value: 
key: 20831, value: 
key: 995919, value: 
key: 273967, value: 
key: 267436, value: 
key: 248013, value: 
key: 353146, value: 
key: 42381, value: 
key: 59961, value: 
key: 809959, value: 
key: 33974, value: 
key: 409085, value: 
key: 246730, value: 
key: 60354, value: 
key: 658515, value: 
key: 78586, value: 
key: 30243, value: 
key: 95660, value: 
key: 311557, value: 
key: 115133, value: 
key: 227069, value: 
key: 7405, value: 
key: 95855, value: 
key: 843212, value: 
key: 436496, value: 
key: 426147, value: 
key: 283371, value: 
key: 410399, value: 
key: 1519, value: 
key: 900045, value: 
key: 562991, value: 
key: 9540, value: 
key: 480400, value: 
key: 48310, value: 
key: 446145, value: 
key: 386605, value: 
key: 652229, value: 
key: 141156, value: 
key: 560074, value: 
key: 1647, value: 
key: 611509, value: 
key: 218380, value: 
key: 792031, value: 
key: 521307, value: 
key: 454100, value: 
key: 303765, value: 
key: 819695, value: 
key: 170211, value: 
key: 492753, value: 
key: 32650, value: 
key: 862134, value: 
key: 441108, value: 
key: 322418, value: 
key: 249087, value: 
key: 15532, value: 
key: 972468, value: 
key: 671482, value: 
key: 129543, value: 
key: 30069, value: 
key: 428516, value: 
key: 83117, value: 
key: 967178, value: 
key: 50586, value: 
key: 819921, value: 
key: 58609, value: 
key: 575795, value: 
key: 872579, value: 
key: 456285, value: 
key: 122175, value: 
key: 71028, value: 
key: 159731, value: 
key: 443515, value: 
key: 394608, value: 
key: 59846, value: 
key: 761567, value: 
key: 300728, value: 
key: 102195, value: 
key: 604134, value: 
key: 17785, value: 
key: 222707, value: 
key: 43553, value: 
key: 863030, value: 
key: 389981, value: 
key: 9186, value: 
key: 100276, value: 
key: 62156, value: 
key: 19723, value: 
key: 42352, value: 
key: 273844, value: 
key: 91965, value: 
key: 821250, value: 
key: 782674, value: 
key: 988975, value: 
key: 338189, value: 
key: 38371, value: 
key: 904193, value: 
key: 4668, value: 
key: 272490, value: 
key: 89957, value: 
key: 661487, value: 
key: 138594, value: 
key: 124676, value: 
key: 4147, value: 
key: 75079, value: 
key: 161857, value: 
key: 393971, value: 
key: 307637, value: 
key: 483014, value: 
key: 959111, value: 
key: 354985, value: 
key: 7524, value: 
key: 412946, value: 
key: 972295, value: 
key: 16890, value: 
key: 177414, value: 
key: 512062, value: 
key: 89430, value: 
key: 3896, value: 
key: 937830, value: 
key: 825210, value: 
key: 590325, value: 
key: 209997, value: 
key: 427528, value: 
key: 75637, value: 
key: 99224, value: 
key: 7771, value: 
key: 24512, value: 
key: 142694, value: 
key: 27285, value: 
key: 169101, value: 
key: 17231, value: 
key: 82617, value: 
key: 171562, value: 
key: 49056, value: 
key: 761701, value: 
key: 80929, value: 
key: 52461, value: 
key: 11402, value: 
key: 557029, value: 
key: 651, value: 
key: 253408, value: 
key: 799029, value: 
key: 179030, value: 
key: 562876, value: 
key: 721309, value: 
key: 310121, value: 
key: 603991, value: 
key: 8752, value: 
key: 5128, value: 
key: 602598, value: 
key: 405667, value: 
key: 193852, value: 
key: 970907, value: 
key: 877114, value: 
key: 785585, value: 
key: 740782, value: 
key: 541031, value: 
key: 940199, value: 
key: 394, value: 
key: 696696, value: 
key: 30661, value: 
key: 586540, value: 
key: 181174, value: 
key: 141530, value: 
key: 337100, value: 
key: 312453, value: 
key: 160058, value: 
key: 553881, value: 
key: 32757, value: 
key: 57376, value: 
key: 714851, value: 
key: 591476, value: 
key: 141080, value: 
key: 35060, value: 
key: 429472, value: 
key: 64671, value: 
key: 956549, value: 
key: 660255, value: 
key: 207968, value: 
key: 122843, value: 
key: 779056, value: 
key: 222886, value: 
key: 137410, value: 
key: 15930, value: 
key: 186577, value: 
key: 441902, value: 
key: 35006, value: 
key: 542485, value: 
key: 232881, value: 
key: 61401, value: 
key: 1142, value: 
key: 611596, value: 
key: 262868, value: 
key: 555829, value: 
key: 934532, value: 
key: 533412, value: 
key: 35114, value: 
key: 889074, value: 
key: 209461, value: 
key: 364687, value: 
key: 613709, value: 
key: 84002, value: 
key: 86659, value: 
key: 30944, value: 
key: 35202, value: 
key: 4514, value: 
key: 129400, value: 
key: 974413, value: 
key: 678625, value: 
key: 169857, value: 
key: 510761, value: 
key: 415374, value: 
key: 127, value: 
key: 229221, value: 
key: 635152, value: 
key: 423382, value: 
key: 94874, value: 
key: 414913, value: 
key: 831954, value: 
key: 24066, value: 
key: 826770, value: 
key: 70193, value: 
key: 362757, value: 
key: 184935, value: 
key: 758983, value: 
key: 972024, value: 
key: 760373, value: 
key: 26266, value: 
key: 891992, value: 
key: 768335, value: 
key: 335821, value: 
key: 498379, value: 
key: 37923, value: 
key: 24929, value: 
key: 214355, value: 
key: 775906, value: 
key: 185529, value: 
key: 96894, value: 
key: 162049, value: 
key: 513472, value: 
key: 458250, value: 
key: 102566, value: 
key: 813581, value: 
key: 157182, value: 
key: 15965, value: 
key: 921589, value: 
key: 150886, value: 
key: 725457, value: 
key: 410735, value: 
key: 335629, value: 
key: 608404, value: 
key: 880374, value: 
key: 279143, value: 
key: 82947, value: 
key: 162939, value: 
key: 543570, value: 
key: 6318, value: 
key: 2664, value: 
key: 224183, value: 
key: 51545, value: 
key: 609021, value: 
key: 355854, value: 
key: 185783, value: 
key: 193663, value: 
key: 33754, value: 
key: 120573, value: 
key: 3812, value: 
key: 53888, value: 
key: 297381, value: 
key: 110954, value: 
key: 647874, value: 
key: 99015, value: 
key: 866000, value: 
key: 2680, value: 
key: 145875, value: 
key: 301657, value: 
key: 457765, value: 
key: 360795, value: 
key: 553625, value: 
key: 327510, value: 
key: 336217, value: 
key: 486334, value: 
key: 226518, value: 
key: 329943, value: 
key: 836643, value: 
key: 473712, value: 
key: 219044, value: 
key: 865786, value: 
key: 47155, value: 
key: 389154, value: 
key: 138747, value: 
key: 384476, value: 
key: 814685, value: 
key: 228590, value: 
key: 267094, value: 
key: 67119, value: 
key: 992282, value: 
key: 855387, value: 
key: 229326, value: 
key: 245850, value: 
key: 625968, value: 
key: 669906, value: 
key: 806172, value: 
key: 771634, value: 
key: 215107, value: 
key: 44172, value: 
key: 20581, value: 
key: 111364, value: 
key: 845795, value: 
key: 272050, value: 
key: 547167, value: 
key: 369826, value: 
key: 177373, value: 
key: 973986, value: 
key: 172981, value: 
key: 260097, value: 
key: 48, value: 
key: 10430, value: 
key: 682709, value: 
key: 3036, value: 
key: 767, value: 
key: 319375, value: 
key: 283809, value: 
key: 713429, value: 
key: 573119, value: 
key: 221562, value: 
key: 10788, value: 
key: 99361, value: 
key: 836212, value: 
key: 310602, value: 
key: 111742, value: 
key: 277703, value: 
key: 33972, value: 
key: 462271, value: 
key: 498175, value: 
key: 3238, value: 
key: 537425, value: 
key: 42655, value: 
key: 813828, value: 
key: 592099, value: 
key: 10058, value: 
key: 627359, value: 
key: 782692, value: 
key: 34294, value: 
key: 246453, value: 
key: 925949, value: 
key: 643582, value: 
key: 259185, value: 
key: 306494, value: 
key: 3478, value: 
key: 130695, value: 
key: 93716, value: 
key: 160401, value: 
key: 137405, value: 
key: 12469, value: 
key: 9614, value: 
key: 662369, value: 
key: 157917, value: 
key: 982421, value: 
key: 5801, value: 
key: 439439, value: 
key: 527145, value: 
key: 561479, value: 
key: 203067, value: 
key: 351324, value: 
key: 97110, value: 
key: 79693, value: 
key: 190378, value: 
key: 947323, value: 
key: 85115, value: 
key: 48006, value: 
key: 128326, value: 
key: 457002, value: 
key: 656616, value: 
key: 175360, value: 
key: 291936, value: 
key: 248943, value: 
key: 164096, value: 
key: 227447, value: 
key: 408123, value: 
key: 940443, value: 
key: 92405, value: 
key: 902665, value: 
key: 725503, value: 
key: 10250, value: 
key: 12601, value: 
key: 453253, value: 
key: 397377, value: 
key: 131759, value: 
key: 927743, value: 
key: 19398, value: 
key: 79947, value: 
key: 829328, value: 
key: 478436, value: 
key: 309932, value: 
key: 442914, value: 
key: 423843, value: 
key: 252465, value: 
key: 111803, value: 
key: 346731, value: 
key: 204031, value: 
key: 34867, value: 
key: 881452, value: 
key: 10104, value: 
key: 584588, value: 
key: 56508, value: 
key: 783644, value: 
key: 320124, value: 
key: 478852, value: 
key: 115577, value: 
key: 104153, value: 
key: 6545, value: 
key: 870975, value: 
key: 392309, value: 
key: 556327, value: 
key: 462619, value: 
key: 18535, value: 
key: 525811, value: 
key: 3319, value: 
key: 592512, value: 
key: 43551, value: 
key: 306285, value: 
key: 63962, value: 
key: 236917, value: 
key: 171016, value: 
key: 975311, value: 
key: 23863, value: 
key: 109590, value: 
key: 882000, value: 
key: 322146, value: 
key: 622114, value: 
key: 42026, value: 
key: 551364, value: 
key: 368568, value: 
key: 775193, value: 
key: 701604, value: 
key: 384021, value: 
key: 989138, value: 
key: 5131, value: 
key: 18517, value: 
key: 224341, value: 
key: 9245, value: 
key: 171982, value: 
key: 27096, value: 
key: 668954, value: 
key: 107370, value: 
key: 86330, value: 
key: 290539, value: 
key: 649085, value: 
key: 18201, value: 
key: 406471, value: 
key: 379962, value: 
key: 403807, value: 
key: 457954, value: 
key: 256340, value: 
key: 616373, value: 
key: 25256, value: 
key: 700597, value: 
key: 2815, value: 
key: 486882, value: 
key: 363927, value: 
key: 684365, value: 
key: 659677, value: 
key: 389824, value: 
key: 129677, value: 
key: 341857, value: 
key: 187747, value: 
key: 363028, value: 
key: 334389, value: 
key: 648523, value: 
key: 12984, value: 
key: 17756, value: 
key: 958204, value: 
key: 257341, value: 
key: 669960, value: 
key: 19123, value: 
key: 58436, value: 
key: 891204, value: 
key: 567464, value: 
key: 950480, value: 
key: 4028, value: 
key: 630915, value: 
key: 833859, value: 
key: 220, value: 
key: 195353, value: 
key: 29953, value: 
key: 78863, value: 
key: 123136, value: 
key: 4273, value: 
key: 140832, value: 
key: 604356, value: 
key: 697433, value: 
key: 3410, value: 
key: 276023, value: 
key: 575968, value: 
key: 646093, value: 
key: 91327, value: 
key: 279062, value: 
key: 396558, value: 
key: 656021, value: 
key: 139568, value: 
key: 483087, value: 
key: 571889, value: 
key: 472502, value: 
key: 212621, value: 
key: 3058, value: 
key: 12326, value: 
key: 877194, value: 
key: 326083, value: 
key: 772682, value: 
key: 57419, value: 
key: 106193, value: 
key: 720908, value: 
key: 457563, value: 
key: 213363, value: 
key: 366674, value: 
key: 120401, value: 
key: 517201, value: 
key: 672870, value: 
key: 151522, value: 
key: 560320, value: 
key: 195498, value: 
key: 484, value: 
key: 386803, value: 
key: 1537, value: 
key: 747233, value: 
key: 674593, value: 
key: 145451, value: 
key: 5986, value: 
key: 1441, value: 
key: 427715, value: 
key: 66662, value: 
key: 613321, value: 
key: 350480, value: 
key: 560678, value: 
key: 480235, value: 
key: 623119, value: 
key: 195340, value: 
key: 98377, value: 
key: 108212, value: 
key: 268226, value: 
key: 203058, value: 
key: 548270, value: 
key: 17608, value: 
key: 39934, value: 
key: 757775, value: 
key: 49508, value: 
key: 247681, value: 
key: 2772, value: 
key: 754291, value: 
key: 11617, value: 
key: 617763, value: 
key: 32830, value: 
key: 232034, value: 
key: 592620, value: 
key: 278362, value: 
key: 129040, value: 
key: 12324, value: 
key: 60288, value: 
key: 6035, value: 
key: 2877, value: 
key: 669643, value: 
key: 79608, value: 
key: 600200, value: 
key: 212098, value: 
key: 140618, value: 
key: 524263, value: 
key: 770206, value: 
key: 8594, value: 
key: 41003, value: 
key: 548069, value: 
key: 52845, value: 
key: 84446, value: 
key: 333915, value: 
key: 141844, value: 
key: 623591, value: 
key: 347345, value: 
key: 273901, value: 
key: 187903, value: 
key: 308472, value: 
key: 632391, value: 
key: 773614, value: 
key: 350837, value: 
key: 772435, value: 
key: 75279, value: 
key: 325158, value: 
key: 99437, value: 
key: 53491, value: 
key: 442088, value: 
key: 332565, value: 
key: 635808, value: 
key: 52168, value: 
key: 290254, value: 
key: 233244, value: 
key: 201728, value: 
key: 91358, value: 
key: 881870, value: 
key: 393908, value: 
key: 958248, value: 
key: 574846, value: 
key: 30346, value: 
key: 614188, value: 
key: 697158, value: 
key: 350251, value: 
key: 41319, value: 
key: 986933, value: 
key: 356073, value: 
key: 633581, value: 
key: 50238, value: 
key: 356031, value: 
key: 492193, value: 
key: 34234, value: 
key: 451260, value: 
key: 183033, value: 
key: 63025, value: 
key: 32687, value: 
key: 2008, value: 
key: 41957, value: 
key: 158875, value: 
key: 802721, value: 
key: 951506, value: 
key: 777612, value: 
key: 116, value: 
key: 379700, value: 
key: 21476, value: 
key: 220310, value: 
key: 817510, value: 
key: 419491, value: 
key: 354147, value: 
key: 600918, value: 
key: 620745, value: 
key: 406677, value: 
key: 392154, value: 
key: 250856, value: 
key: 279552, value: 
key: 42020, value: 
key: 158592, value: 
key: 505084, value: 
key: 261937, value: 
key: 564362, value: 
key: 213204, value: 
key: 299992, value: 
key: 190769, value: 
key: 682833, value: 
key: 16188, value: 
key: 304799, value: 
key: 3746, value: 
key: 144081, value: 
key: 163037, value: 
key: 48855, value: 
key: 814652, value: 
key: 683058, value: 
key: 38517, value: 
key: 253642, value: 
key: 346182, value: 
key: 446118, value: 
key: 3672, value: 
key: 278405, value: 
key: 23845, value: 
key: 518165, value: 
key: 489919, value: 
key: 42420, value: 
key: 919799, value: 
key: 550066, value: 
key: 280118, value: 
key: 55479, value: 
key: 26099, value: 
key: 368485, value: 
key: 185969, value: 
key: 140098, value: 
key: 277367, value: 
key: 187309, value: 
key: 73862, value: 
key: 180968, value: 
key: 823175, value: 
key: 777928, value: 
key: 403816, value: 
key: 464985, value: 
key: 633392, value: 
key: 371678, value: 
key: 675792, value: 
key: 481759, value: 
key: 167046, value: 
key: 869890, value: 
key: 918970, value: 
key: 15062, value: 
key: 329817, value: 
key: 72810, value: 
key: 1959, value: 
key: 757861, value: 
key: 101921, value: 
key: 10100, value: 
key: 572907, value: 
key: 24754, value: 
key: 943, value: 
key: 297145, value: 
key: 597001, value: 
key: 206356, value: 
key: 34023, value: 
key: 938976, value: 
key: 204640, value: 
key: 363141, value: 
key: 284987, value: 
key: 416319, value: 
key: 129617, value: 
key: 178644, value: 
key: 706517, value: 
key: 806723, value: 
key: 452319, value: 
key: 81816, value: 
key: 418133, value: 
key: 330233, value: 
key: 66116, value: 
key: 37961, value: 
key: 212506, value: 
key: 28615, value: 
key: 630076, value: 
key: 901301, value: 
key: 763279, value: 
key: 385505, value: 
key: 362786, value: 
key: 843221, value: 
key: 164166, value: 
key: 862435, value: 
key: 436184, value: 
key: 34342, value: 
key: 49043, value: 
key: 475639, value: 
key: 674371, value: 
key: 96069, value: 
key: 696014, value: 
key: 917823, value: 
key: 524209, value: 
key: 8620, value: 
key: 148911, value: 
key: 78043, value: 
key: 516660, value: 
key: 834348, value: 
key: 883870, value: 
key: 157449, value: 
key: 16221, value: 
key: 89052, value: 
key: 648486, value: 
key: 771326, value: 
key: 587958, value: 
key: 689021, value: 
key: 1544, value: 
key: 423159, value: 
key: 755647, value: 
key: 258418, value: 
key: 318756, value: 
key: 460336, value: 
key: 49160, value: 
key: 247759, value: 
key: 90476, value: 
key: 129767, value: 
key: 270160, value: 
key: 353324, value: 
key: 116626, value: 
key: 598888, value: 
key: 144487, value: 
key: 263993, value: 
key: 41429, value: 
key: 259107, value: 
key: 606156, value: 
key: 306816, value: 
key: 11044, value: 
key: 302546, value: 
key: 458681, value: 
key: 632070, value: 
key: 342472, value: 
key: 10470, value: 
key: 917449, value: 
key: 836359, value: 
key: 69917, value: 
key: 967118, value: 
key: 99990, value: 
key: 887607, value: 
key: 5133, value: 
key: 86365, value: 
key: 54768, value: 
key: 665384, value: 
key: 734132, value: 
key: 1920, value: 
key: 682255, value: 
key: 988746, value: 
key: 269685, value: 
key: 933256, value: 
key: 668251, value: 
key: 802150, value: 
key: 292904, value: 
key: 361174, value: 
key: 187228, value: 
key: 115939, value: 
key: 716277, value: 
key: 27069, value: 
key: 199708, value: 
key: 959014, value: 
key: 13927, value: 
key: 108421, value: 
key: 274872, value: 
key: 4637, value: 
key: 464008, value: 
key: 465928, value: 
key: 457732, value: 
key: 452807, value: 
key: 212052, value: 
key: 614665, value: 
key: 536198, value: 
key: 503886, value: 
key: 642664, value: 
key: 679158, value: 
key: 911621, value: 
key: 194332, value: 
key: 161820, value: 
key: 76935, value: 
key: 42677, value: 
key: 66590, value: 
key: 444383, value: 
key: 992260, value: 
key: 128298, value: 
key: 67438, value: 
key: 441692, value: 
key: 382014, value: 
key: 554721, value: 
key: 978501, value: 
key: 79242, value: 
key: 116150, value: 
key: 351687, value: 
key: 29142, value: 
key: 5317, value: 
key: 99109, value: 
key: 147936, value: 
key: 153254, value: 
key: 931470, value: 
key: 259097, value: 
key: 1175, value: 
key: 951210, value: 
key: 928016, value: 
key: 206211, value: 
key: 797218, value: 
key: 32645, value: 
key: 2389, value: 
key: 947820, value: 
key: 462305, value: 
key: 531416, value: 
key: 416126, value: 
key: 46994, value: 
key: 429805, value: 
key: 794846, value: 
key: 663052, value: 
key: 20583, value: 
key: 333469, value: 
key: 25896, value: 
key: 39, value: 
key: 18023, value: 
key: 17581, value: 
key: 446644, value: 
key: 361950, value: 
key: 44408, value: 
key: 189473, value: 
key: 489627, value: 
key: 78773, value: 
key: 844217, value: 
key: 181448, value: 
key: 5722, value: 
key: 489555, value: 
key: 418869, value: 
key: 360913, value: 
key: 896812, value: 
key: 549747, value: 
key: 333355, value: 
key: 166467, value: 
key: 820439, value: 
key: 583370, value: 
key: 384539, value: 
key: 338855, value: 
key: 645351, value: 
key: 104508, value: 
key: 67698, value: 
key: 710648, value: 
key: 773188, value: 
key: 265700, value: 
key: 3287, value: 
key: 4486, value: 
key: 744788, value: 
key: 424545, value: 
key: 237709, value: 
key: 753942, value: 
key: 24349, value: 
key: 746355, value: 
key: 799520, value: 
key: 443616, value: 
key: 197230, value: 
key: 1326, value: 
key: 106034, value: 
key: 204237, value: 
key: 207487, value: 
key: 506685, value: 
key: 674315, value: 
key: 762029, value: 
key: 284381, value: 
key: 608455, value: 
key: 61159, value: 
key: 54124, value: 
key: 647812, value: 
key: 223522, value: 
key: 756200, value: 
key: 494874, value: 
key: 80138, value: 
key: 10847, value: 
key: 165710, value: 
key: 1335, value: 
key: 547790, value: 
key: 11970, value: 
key: 442936, value: 
key: 170983, value: 
key: 200200, value: 
key: 704445, value: 
key: 668998, value: 
key: 83568, value: 
key: 493628, value: 
key: 30722, value: 
key: 72560, value: 
key: 130367, value: 
key: 1355, value: 
key: 501152, value: 
key: 59987, value: 
key: 890351, value: 
key: 700063, value: 
key: 236782, value: 
key: 199526, value: 
key: 992523, value: 
key: 73253, value: 
key: 1454, value: 
key: 80923, value: 
key: 188230, value: 
key: 694830, value: 
key: 41380, value: 
key: 436058, value: 
key: 784290, value: 
key: 161479, value: 
key: 706874, value: 
key: 370815, value: 
key: 263535, value: 
key: 162061, value: 
key: 491680, value: 
key: 667160, value: 
key: 104984, value: 
key: 33231, value: 
key: 583240, value: 
key: 94719, value: 
key: 742142, value: 
key: 326409, value: 
key: 274407, value: 
key: 125925, value: 
key: 627856, value: 
key: 78571, value: 
key: 443656, value: 
key: 180926, value: 
key: 148737, value: 
key: 1362, value: 
key: 131498, value: 
key: 730778, value: 
key: 49834, value: 
key: 77985, value: 
key: 875893, value: 
key: 832566, value: 
key: 783620, value: 
key: 936945, value: 
key: 113980, value: 
key: 21388, value: 
key: 300681, value: 
key: 54906, value: 
key: 95112, value: 
key: 171933, value: 
key: 281360, value: 
key: 834676, value: 
key: 489980, value: 
key: 507725, value: 
key: 469625, value: 
key: 497390, value: 
key: 48178, value: 
key: 19170, value: 
key: 73211, value: 
key: 647768, value: 
key: 178875, value: 
key: 89096, value: 
key: 164003, value: 
key: 4109, value: 
key: 788801, value: 
key: 135728, value: 
key: 621355, value: 
key: 584306, value: 
key: 321769, value: 
key: 212928, value: 
key: 68538, value: 
key: 254247, value: 
key: 505437, value: 
key: 21722, value: 
key: 148809, value: 
key: 785341, value: 
key: 159623, value: 
key: 120838, value: 
key: 317173, value: 
key: 108478, value: 
key: 293295, value: 
key: 485241, value: 
key: 288709, value: 
key: 889146, value: 
key: 1306, value: 
key: 10577, value: 
key: 492245, value: 
key: 945583, value: 
key: 727860, value: 
key: 27265, value: 
key: 16993, value: 
key: 290467, value: 
key: 813668, value: 
key: 5377, value: 
key: 137694, value: 
key: 17541, value: 
key: 659590, value: 
key: 641894, value: 
key: 4181, value: 
key: 16582, value: 
key: 346430, value: 
key: 414652, value: 
key: 243328, value: 
key: 671587, value: 
key: 50256, value: 
key: 183978, value: 
key: 204699, value: 
key: 170758, value: 
key: 2194, value: 
key: 372020, value: 
key: 209993, value: 
key: 238083, value: 
key: 212838, value: 
key: 629241, value: 
key: 837882, value: 
key: 299967, value: 
key: 815970, value: 
key: 677848, value: 
key: 1490, value: 
key: 52779, value: 
key: 606143, value: 
key: 4398, value: 
key: 123, value: 
key: 962872, value: 
key: 22992, value: 
key: 425412, value: 
key: 255198, value: 
key: 11008, value: 
key: 945327, value: 
key: 145947, value: 
key: 819042, value: 
key: 662721, value: 
key: 324434, value: 
key: 927129, value: 
key: 705774, value: 
key: 3869, value: 
key: 34212, value: 
key: 465780, value: 
key: 24792, value: 
key: 561532, value: 
key: 399676, value: 
key: 879257, value: 
key: 100146, value: 
key: 37280, value: 
key: 893965, value: 
key: 108153, value: 
key: 1012, value: 
key: 664217, value: 
key: 65892, value: 
key: 596347, value: 
key: 27146, value: 
key: 299677, value: 
key: 102694, value: 
key: 170826, value: 
key: 701907, value: 
key: 813491, value: 
key: 439462, value: 
key: 545460, value: 
key: 40750, value: 
key: 792367, value: 
key: 729011, value: 
key: 584317, value: 
key: 211491, value: 
key: 429230, value: 
key: 63982, value: 
key: 6554, value: 
key: 723488, value: 
key: 59253, value: 
key: 734732, value: 
key: 36128, value: 
key: 87191, value: 
key: 952282, value: 
key: 543101, value: 
key: 208877, value: 
key: 135241, value: 
key: 663236, value: 
key: 50339, value: 
key: 33307, value: 
key: 546485, value: 
