Starting KVS server on :8080
get/s 0.00
put/s 0.00
aborts/s 0.00
ops/s 0.00

get/s 0.00
put/s 0.00
aborts/s 0.00
ops/s 0.00

get/s 0.00
put/s 0.00
aborts/s 0.00
ops/s 0.00

get/s 0.00
put/s 0.00
aborts/s 0.00
ops/s 0.00

get/s 74896.07
put/s 1505.88
aborts/s 36.00
ops/s 76401.95

get/s 79976.09
put/s 1410.74
aborts/s 90.98
ops/s 81386.83

get/s 79389.80
put/s 1623.75
aborts/s 227.96
ops/s 81013.55

get/s 73918.60
put/s 1437.84
aborts/s 300.97
ops/s 75356.44

get/s 76352.30
put/s 1452.53
aborts/s 395.87
ops/s 77804.83

get/s 75498.73
put/s 1443.80
aborts/s 471.94
ops/s 76942.54

get/s 70168.43
put/s 1228.87
aborts/s 505.95
ops/s 71397.30

get/s 80871.74
put/s 1537.77
aborts/s 687.90
ops/s 82409.51

get/s 75791.29
put/s 1303.87
aborts/s 715.93
ops/s 77095.16

get/s 70730.76
put/s 1296.78
aborts/s 730.87
ops/s 72027.54


Shutting down server...
key: 832264, value: 
key: 276921, value: 
key: 826564, value: 
key: 737226, value: 
key: 89088, value: 
key: 601284, value: 
key: 993275, value: 
key: 639425, value: 
key: 723034, value: 
key: 718238, value: 
key: 430541, value: 
key: 886638, value: 
key: 433333, value: 
key: 563472, value: 
key: 6463, value: 
key: 24388, value: 
key: 218989, value: 
key: 347919, value: 
key: 668412, value: 
key: 933798, value: 
key: 135549, value: 
key: 21529, value: 
key: 961502, value: 
key: 135121, value: 
key: 158728, value: 
key: 575570, value: 
key: 769854, value: 
key: 396186, value: 
key: 374252, value: 
key: 789180, value: 
key: 987698, value: 
key: 455106, value: 
key: 301816, value: 
key: 649750, value: 
key: 168631, value: 
key: 491429, value: 
key: 249714, value: 
key: 987788, value: 
key: 287349, value: 
key: 964897, value: 
key: 809783, value: 
key: 377871, value: 
key: 338937, value: 
key: 54806, value: 
key: 381629, value: 
key: 419438, value: 
key: 460133, value: 
key: 712393, value: 
key: 873137, value: 
key: 507131, value: 
key: 331822, value: 
key: 975695, value: 
key: 249987, value: 
key: 577709, value: 
key: 511277, value: 
key: 676978, value: 
key: 830794, value: 
key: 581922, value: 
key: 277665, value: 
key: 746686, value: 
key: 489314, value: 
key: 743140, value: 
key: 640313, value: 
key: 307531, value: 
key: 108541, value: 
key: 776906, value: 
key: 931310, value: 
key: 874325, value: 
key: 174032, value: 
key: 82430, value: 
key: 445527, value: 
key: 258152, value: 
key: 467367, value: 
key: 695184, value: 
key: 494044, value: 
key: 138957, value: 
key: 442771, value: 
key: 651980, value: 
key: 558168, value: 
key: 713370, value: 
key: 970557, value: 
key: 232037, value: 
key: 257573, value: 
key: 57513, value: 
key: 569656, value: 
key: 446687, value: 
key: 761616, value: 
key: 599781, value: 
key: 417696, value: 
key: 797341, value: 
key: 794520, value: 
key: 862656, value: 
key: 418880, value: 
key: 153060, value: 
key: 851386, value: 
key: 845763, value: 
key: 271791, value: 
key: 454374, value: 
key: 880766, value: 
key: 302424, value: 
key: 832589, value: 
key: 336498, value: 
key: 486791, value: 
key: 701355, value: 
key: 274804, value: 
key: 42012, value: 
key: 98693, value: 
key: 768679, value: 
key: 240971, value: 
key: 78747, value: 
key: 196652, value: 
key: 889503, value: 
key: 637007, value: 
key: 357815, value: 
key: 358005, value: 
key: 558904, value: 
key: 779712, value: 
key: 591934, value: 
key: 325788, value: 
key: 673915, value: 
key: 90118, value: 
key: 876431, value: 
key: 212354, value: 
key: 486214, value: 
key: 392795, value: 
key: 486766, value: 
key: 600814, value: 
key: 89987, value: 
key: 263307, value: 
key: 311169, value: 
key: 129085, value: 
key: 766273, value: 
key: 490886, value: 
key: 188044, value: 
key: 643110, value: 
key: 774319, value: 
key: 242319, value: 
key: 342776, value: 
key: 67420, value: 
key: 480731, value: 
key: 64728, value: 
key: 220690, value: 
key: 418918, value: 
key: 278006, value: 
key: 361643, value: 
key: 327429, value: 
key: 338236, value: 
key: 788457, value: 
key: 24670, value: 
key: 631605, value: 
key: 909599, value: 
key: 16055, value: 
key: 828889, value: 
key: 461402, value: 
key: 690792, value: 
key: 936119, value: 
key: 39063, value: 
key: 527898, value: 
key: 85594, value: 
key: 881323, value: 
key: 927023, value: 
key: 862052, value: 
key: 837656, value: 
key: 670248, value: 
key: 408249, value: 
key: 652325, value: 
key: 77018, value: 
key: 720459, value: 
key: 171240, value: 
key: 683464, value: 
key: 691869, value: 
key: 708080, value: 
key: 546053, value: 
key: 903434, value: 
key: 120729, value: 
key: 863286, value: 
key: 723249, value: 
key: 51533, value: 
key: 481198, value: 
key: 779996, value: 
key: 330807, value: 
key: 648991, value: 
key: 588002, value: 
key: 323487, value: 
key: 989744, value: 
key: 126828, value: 
key: 835849, value: 
key: 82780, value: 
key: 180341, value: 
key: 948006, value: 
key: 149836, value: 
key: 271984, value: 
key: 438972, value: 
key: 382806, value: 
key: 741333, value: 
key: 629259, value: 
key: 789306, value: 
key: 513958, value: 
key: 553277, value: 
key: 752584, value: 
key: 794836, value: 
key: 175961, value: 
key: 15843, value: 
key: 491306, value: 
key: 998724, value: 
key: 560035, value: 
key: 58064, value: 
key: 390894, value: 
key: 106235, value: 
key: 160219, value: 
key: 389830, value: 
key: 321696, value: 
key: 813225, value: 
key: 879861, value: 
key: 712074, value: 
key: 90194, value: 
key: 574209, value: 
key: 710292, value: 
key: 476527, value: 
key: 321199, value: 
key: 576665, value: 
key: 147207, value: 
key: 460496, value: 
key: 953596, value: 
key: 210262, value: 
key: 284401, value: 
key: 744031, value: 
key: 261596, value: 
key: 345951, value: 
key: 901960, value: 
key: 736375, value: 
key: 281509, value: 
key: 956733, value: 
key: 4306, value: 
key: 661880, value: 
key: 665987, value: 
key: 423859, value: 
key: 605543, value: 
key: 677405, value: 
key: 709854, value: 
key: 924790, value: 
key: 40014, value: 
key: 884269, value: 
key: 246056, value: 
key: 855241, value: 
key: 166266, value: 
key: 375121, value: 
key: 71713, value: 
key: 72082, value: 
key: 73630, value: 
key: 31249, value: 
key: 45738, value: 
key: 102046, value: 
key: 246838, value: 
key: 252448, value: 
key: 867673, value: 
key: 320080, value: 
key: 211340, value: 
key: 652871, value: 
key: 148174, value: 
key: 153415, value: 
key: 8366, value: 
key: 885369, value: 
key: 143289, value: 
key: 571615, value: 
key: 971880, value: 
key: 807435, value: 
key: 843583, value: 
key: 618822, value: 
key: 115888, value: 
key: 484047, value: 
key: 851632, value: 
key: 538427, value: 
key: 922686, value: 
key: 116654, value: 
key: 878295, value: 
key: 844469, value: 
key: 290510, value: 
key: 710504, value: 
key: 801949, value: 
key: 808502, value: 
key: 467558, value: 
key: 515255, value: 
key: 68762, value: 
key: 954997, value: 
key: 23309, value: 
key: 518500, value: 
key: 405545, value: 
key: 133417, value: 
key: 615322, value: 
key: 909546, value: 
key: 631760, value: 
key: 940895, value: 
key: 470228, value: 
key: 813973, value: 
key: 904523, value: 
key: 220962, value: 
key: 777293, value: 
key: 512265, value: 
key: 798847, value: 
key: 277782, value: 
key: 581045, value: 
key: 159163, value: 
key: 196706, value: 
key: 80009, value: 
key: 376089, value: 
key: 393589, value: 
key: 15605, value: 
key: 265657, value: 
key: 501177, value: 
key: 747362, value: 
key: 586439, value: 
key: 213180, value: 
key: 279324, value: 
key: 703911, value: 
key: 45280, value: 
key: 648551, value: 
key: 299902, value: 
key: 910568, value: 
key: 601561, value: 
key: 921711, value: 
key: 848977, value: 
key: 912876, value: 
key: 942440, value: 
key: 139206, value: 
key: 244799, value: 
key: 315206, value: 
key: 562022, value: 
key: 362187, value: 
key: 544495, value: 
key: 284409, value: 
key: 67615, value: 
key: 517671, value: 
key: 879577, value: 
key: 977800, value: 
key: 544596, value: 
key: 260148, value: 
key: 349470, value: 
key: 820126, value: 
key: 650435, value: 
key: 978690, value: 
key: 315321, value: 
key: 837256, value: 
key: 151051, value: 
key: 435487, value: 
key: 155624, value: 
key: 347230, value: 
key: 222209, value: 
key: 881064, value: 
key: 237966, value: 
key: 465910, value: 
key: 982468, value: 
key: 811845, value: 
key: 793457, value: 
key: 486542, value: 
key: 74019, value: 
key: 777161, value: 
key: 881253, value: 
key: 208111, value: 
key: 239973, value: 
key: 195301, value: 
key: 500354, value: 
key: 529999, value: 
key: 575046, value: 
key: 891704, value: 
key: 642090, value: 
key: 595316, value: 
key: 749399, value: 
key: 89790, value: 
key: 594957, value: 
key: 477821, value: 
key: 298934, value: 
key: 444551, value: 
key: 15034, value: 
key: 161083, value: 
key: 718810, value: 
key: 186132, value: 
key: 976982, value: 
key: 943546, value: 
key: 628221, value: 
key: 994553, value: 
key: 79605, value: 
key: 725296, value: 
key: 614651, value: 
key: 21088, value: 
key: 950034, value: 
key: 173796, value: 
key: 227332, value: 
key: 402557, value: 
key: 8409, value: 
key: 664452, value: 
key: 852570, value: 
key: 218390, value: 
key: 238996, value: 
key: 110823, value: 
key: 74532, value: 
key: 354827, value: 
key: 793754, value: 
key: 125166, value: 
key: 704866, value: 
key: 804517, value: 
key: 928640, value: 
key: 447398, value: 
key: 23002, value: 
key: 223558, value: 
key: 110359, value: 
key: 679795, value: 
key: 268007, value: 
key: 850530, value: 
key: 316649, value: 
key: 456754, value: 
key: 965818, value: 
key: 628502, value: 
key: 12002, value: 
key: 702792, value: 
key: 76325, value: 
key: 570366, value: 
key: 975978, value: 
key: 541111, value: 
key: 407075, value: 
key: 895364, value: 
key: 495247, value: 
key: 899263, value: 
key: 690299, value: 
key: 228623, value: 
key: 155587, value: 
key: 189810, value: 
key: 103788, value: 
key: 34617, value: 
key: 393792, value: 
key: 443352, value: 
key: 650028, value: 
key: 54554, value: 
key: 776524, value: 
key: 871270, value: 
key: 599835, value: 
key: 149447, value: 
key: 759077, value: 
key: 344136, value: 
key: 610657, value: 
key: 342422, value: 
key: 44399, value: 
key: 582527, value: 
key: 740846, value: 
key: 132821, value: 
key: 922091, value: 
key: 989166, value: 
key: 851810, value: 
key: 791714, value: 
key: 821783, value: 
key: 596513, value: 
key: 257371, value: 
key: 809884, value: 
key: 152539, value: 
key: 597408, value: 
key: 778768, value: 
key: 190542, value: 
key: 622944, value: 
key: 97270, value: 
key: 931442, value: 
key: 15087, value: 
key: 773178, value: 
key: 453218, value: 
key: 671445, value: 
key: 996478, value: 
key: 898064, value: 
key: 885073, value: 
key: 704154, value: 
key: 327717, value: 
key: 958919, value: 
key: 466995, value: 
key: 621062, value: 
key: 452473, value: 
key: 262344, value: 
key: 647875, value: 
key: 174304, value: 
key: 402344, value: 
key: 373293, value: 
key: 714393, value: 
key: 884515, value: 
key: 536580, value: 
key: 766778, value: 
key: 892547, value: 
key: 569537, value: 
key: 915493, value: 
key: 681521, value: 
key: 310487, value: 
key: 829095, value: 
key: 536690, value: 
key: 991091, value: 
key: 777833, value: 
key: 676871, value: 
key: 171260, value: 
key: 415247, value: 
key: 561669, value: 
key: 608531, value: 
key: 277690, value: 
key: 758753, value: 
key: 152304, value: 
key: 91081, value: 
key: 918416, value: 
key: 584237, value: 
key: 685114, value: 
key: 672851, value: 
key: 977668, value: 
key: 630899, value: 
key: 750580, value: 
key: 251290, value: 
key: 111516, value: 
key: 624249, value: 
key: 894622, value: 
key: 885066, value: 
key: 911152, value: 
key: 483158, value: 
key: 492507, value: 
key: 771606, value: 
key: 796645, value: 
key: 715721, value: 
key: 949898, value: 
key: 570308, value: 
key: 104347, value: 
key: 723566, value: 
key: 470161, value: 
key: 892707, value: 
key: 823284, value: 
key: 767454, value: 
key: 917756, value: 
key: 237809, value: 
key: 31049, value: 
key: 976539, value: 
key: 359983, value: 
key: 388189, value: 
key: 769865, value: 
key: 753392, value: 
key: 912070, value: 
key: 839285, value: 
key: 109731, value: 
key: 92758, value: 
key: 39997, value: 
key: 873034, value: 
key: 114276, value: 
key: 198263, value: 
key: 59591, value: 
key: 866940, value: 
key: 696217, value: 
key: 456109, value: 
key: 715019, value: 
key: 656619, value: 
key: 333086, value: 
key: 399888, value: 
key: 862429, value: 
key: 715192, value: 
key: 846524, value: 
key: 66687, value: 
key: 897399, value: 
key: 703164, value: 
key: 904231, value: 
key: 744655, value: 
key: 625604, value: 
key: 583409, value: 
key: 764907, value: 
key: 132337, value: 
key: 441914, value: 
key: 726949, value: 
key: 752405, value: 
key: 993712, value: 
key: 35935, value: 
key: 4821, value: 
key: 26092, value: 
key: 731707, value: 
key: 601334, value: 
key: 427408, value: 
key: 705430, value: 
key: 214736, value: 
key: 118171, value: 
key: 931390, value: 
key: 82487, value: 
key: 865385, value: 
key: 216503, value: 
key: 785508, value: 
key: 679544, value: 
key: 822692, value: 
key: 146611, value: 
key: 249444, value: 
key: 350285, value: 
key: 496952, value: 
key: 925195, value: 
key: 572557, value: 
key: 19735, value: 
key: 854857, value: 
key: 554522, value: 
key: 151815, value: 
key: 83457, value: 
key: 558571, value: 
key: 165238, value: 
key: 445255, value: 
key: 408438, value: 
key: 636918, value: 
key: 508277, value: 
key: 561117, value: 
key: 190832, value: 
key: 533091, value: 
key: 948556, value: 
key: 552953, value: 
key: 641239, value: 
key: 100101, value: 
key: 440692, value: 
key: 45420, value: 
key: 409615, value: 
key: 152548, value: 
key: 138546, value: 
key: 817991, value: 
key: 909955, value: 
key: 461350, value: 
key: 495245, value: 
key: 945520, value: 
key: 429789, value: 
key: 206580, value: 
key: 837544, value: 
key: 875595, value: 
key: 246319, value: 
key: 107445, value: 
key: 738168, value: 
key: 624478, value: 
key: 203952, value: 
key: 926479, value: 
key: 721429, value: 
key: 138078, value: 
key: 637832, value: 
key: 76097, value: 
key: 128585, value: 
key: 569571, value: 
key: 880768, value: 
key: 999507, value: 
key: 91111, value: 
key: 866779, value: 
key: 680005, value: 
key: 965900, value: 
key: 372436, value: 
key: 393907, value: 
key: 512937, value: 
key: 472253, value: 
key: 186554, value: 
key: 744910, value: 
key: 241895, value: 
key: 606531, value: 
key: 864126, value: 
key: 936946, value: 
key: 384738, value: 
key: 538429, value: 
key: 982433, value: 
key: 814679, value: 
key: 937190, value: 
key: 916175, value: 
key: 187108, value: 
key: 508987, value: 
key: 885356, value: 
key: 117170, value: 
key: 621390, value: 
key: 317347, value: 
key: 564152, value: 
key: 528031, value: 
key: 318418, value: 
key: 681251, value: 
key: 222391, value: 
key: 467642, value: 
key: 24135, value: 
key: 459010, value: 
key: 144606, value: 
key: 920956, value: 
key: 93140, value: 
key: 25877, value: 
key: 233535, value: 
key: 978458, value: 
key: 119952, value: 
key: 560477, value: 
key: 511424, value: 
key: 929689, value: 
key: 473577, value: 
key: 805923, value: 
key: 818947, value: 
key: 244456, value: 
key: 162109, value: 
key: 379910, value: 
key: 377538, value: 
key: 876125, value: 
key: 603040, value: 
key: 607817, value: 
key: 128806, value: 
key: 129645, value: 
key: 939666, value: 
key: 486586, value: 
key: 920855, value: 
key: 502594, value: 
key: 605350, value: 
key: 779389, value: 
key: 253483, value: 
key: 385911, value: 
key: 815258, value: 
key: 612028, value: 
key: 628881, value: 
key: 834671, value: 
key: 218888, value: 
key: 238581, value: 
key: 352036, value: 
key: 251427, value: 
key: 617627, value: 
key: 593635, value: 
key: 491861, value: 
key: 650594, value: 
key: 847257, value: 
key: 470619, value: 
key: 174313, value: 
key: 56778, value: 
key: 219531, value: 
key: 915840, value: 
key: 997349, value: 
key: 747841, value: 
key: 27873, value: 
key: 583474, value: 
key: 128206, value: 
key: 691827, value: 
key: 395013, value: 
key: 948462, value: 
key: 989816, value: 
key: 243794, value: 
key: 227217, value: 
key: 746293, value: 
key: 181696, value: 
key: 689211, value: 
key: 810868, value: 
key: 31311, value: 
key: 574737, value: 
key: 949997, value: 
key: 721605, value: 
key: 87444, value: 
key: 436992, value: 
key: 351451, value: 
key: 523162, value: 
key: 909373, value: 
key: 867835, value: 
key: 102035, value: 
key: 729267, value: 
key: 833933, value: 
key: 943869, value: 
key: 375657, value: 
key: 242485, value: 
key: 465381, value: 
key: 561692, value: 
key: 466739, value: 
key: 736843, value: 
key: 845286, value: 
key: 226575, value: 
key: 869626, value: 
key: 930548, value: 
key: 485484, value: 
key: 919659, value: 
key: 850453, value: 
key: 442243, value: 
key: 523234, value: 
key: 481918, value: 
key: 36453, value: 
key: 222999, value: 
key: 340512, value: 
key: 252941, value: 
key: 16499, value: 
key: 806926, value: 
key: 463336, value: 
key: 512982, value: 
key: 398283, value: 
key: 169531, value: 
key: 327492, value: 
key: 530577, value: 
key: 978535, value: 
key: 385458, value: 
key: 393938, value: 
key: 288968, value: 
key: 622742, value: 
key: 644720, value: 
key: 85314, value: 
key: 983216, value: 
key: 996319, value: 
key: 694691, value: 
key: 592458, value: 
key: 985083, value: 
key: 210383, value: 
key: 755921, value: 
key: 95649, value: 
key: 60915, value: 
key: 594481, value: 
key: 953910, value: 
key: 328992, value: 
key: 478327, value: 
key: 941445, value: 
key: 318247, value: 
key: 159787, value: 
key: 717222, value: 
key: 884733, value: 
key: 37065, value: 
key: 989153, value: 
key: 240920, value: 
key: 944750, value: 
key: 461248, value: 
key: 691119, value: 
key: 965834, value: 
key: 495001, value: 
key: 593026, value: 
key: 841431, value: 
key: 95241, value: 
key: 793572, value: 
key: 74736, value: 
key: 814945, value: 
key: 32914, value: 
key: 497757, value: 
key: 741645, value: 
key: 887677, value: 
key: 234554, value: 
key: 87493, value: 
key: 524011, value: 
key: 123869, value: 
key: 848920, value: 
key: 278305, value: 
key: 872224, value: 
key: 192672, value: 
key: 73810, value: 
key: 686900, value: 
key: 961748, value: 
key: 351811, value: 
key: 351312, value: 
key: 144417, value: 
key: 740280, value: 
key: 568062, value: 
key: 218468, value: 
key: 779732, value: 
key: 908576, value: 
key: 283231, value: 
key: 28579, value: 
key: 961058, value: 
key: 253942, value: 
key: 892022, value: 
key: 158485, value: 
key: 355329, value: 
key: 973129, value: 
key: 924976, value: 
key: 130555, value: 
key: 691351, value: 
key: 820537, value: 
key: 955574, value: 
key: 22106, value: 
key: 333183, value: 
key: 872271, value: 
key: 292381, value: 
key: 127177, value: 
key: 35979, value: 
key: 879517, value: 
key: 62533, value: 
key: 526381, value: 
key: 546501, value: 
key: 753244, value: 
key: 691399, value: 
key: 213775, value: 
key: 224933, value: 
key: 965186, value: 
key: 161630, value: 
key: 496291, value: 
key: 940602, value: 
key: 607482, value: 
key: 229556, value: 
key: 461769, value: 
key: 243363, value: 
key: 727744, value: 
key: 517237, value: 
key: 880582, value: 
key: 695395, value: 
key: 687091, value: 
key: 592225, value: 
key: 371299, value: 
key: 647613, value: 
key: 841619, value: 
key: 705647, value: 
key: 950308, value: 
key: 598164, value: 
key: 967599, value: 
key: 727706, value: 
key: 943254, value: 
key: 138865, value: 
key: 278224, value: 
key: 926455, value: 
key: 70754, value: 
key: 664487, value: 
key: 209286, value: 
key: 678420, value: 
key: 359574, value: 
key: 839836, value: 
key: 33931, value: 
key: 993439, value: 
key: 739114, value: 
key: 348918, value: 
key: 167427, value: 
key: 301997, value: 
key: 550799, value: 
key: 383799, value: 
key: 364507, value: 
key: 999882, value: 
key: 813339, value: 
key: 344992, value: 
key: 624894, value: 
key: 862043, value: 
key: 260933, value: 
key: 799835, value: 
key: 592607, value: 
key: 97340, value: 
key: 72453, value: 
key: 552111, value: 
key: 602111, value: 
key: 867833, value: 
key: 182534, value: 
key: 152513, value: 
key: 89457, value: 
key: 214303, value: 
key: 313048, value: 
key: 412169, value: 
key: 131213, value: 
key: 887192, value: 
key: 210121, value: 
key: 795055, value: 
key: 419494, value: 
key: 504037, value: 
key: 474884, value: 
key: 360891, value: 
key: 778308, value: 
key: 660234, value: 
key: 995123, value: 
key: 821149, value: 
key: 333165, value: 
key: 592285, value: 
key: 153873, value: 
key: 860816, value: 
key: 79887, value: 
key: 642418, value: 
key: 62616, value: 
key: 299485, value: 
key: 870855, value: 
key: 554656, value: 
key: 812453, value: 
key: 146961, value: 
key: 711718, value: 
key: 524998, value: 
key: 179213, value: 
key: 231287, value: 
key: 736021, value: 
key: 932281, value: 
key: 301467, value: 
key: 694279, value: 
key: 327531, value: 
key: 436613, value: 
key: 121137, value: 
key: 229103, value: 
key: 253472, value: 
key: 220669, value: 
key: 854312, value: 
key: 137233, value: 
key: 527049, value: 
key: 108875, value: 
key: 325940, value: 
key: 900545, value: 
key: 134429, value: 
key: 858659, value: 
key: 132106, value: 
key: 654792, value: 
key: 921441, value: 
key: 876408, value: 
key: 372575, value: 
key: 564468, value: 
key: 820733, value: 
key: 567272, value: 
key: 71683, value: 
key: 609411, value: 
key: 22414, value: 
key: 873410, value: 
key: 643923, value: 
key: 980794, value: 
key: 259032, value: 
key: 685727, value: 
key: 503375, value: 
key: 978089, value: 
key: 834280, value: 
key: 312294, value: 
key: 260175, value: 
key: 152593, value: 
key: 703120, value: 
key: 481628, value: 
key: 406252, value: 
key: 343829, value: 
key: 270400, value: 
key: 709715, value: 
key: 736258, value: 
key: 202249, value: 
key: 916159, value: 
key: 273333, value: 
key: 746589, value: 
key: 597468, value: 
key: 212785, value: 
key: 681424, value: 
key: 823118, value: 
key: 688384, value: 
key: 804845, value: 
key: 808162, value: 
key: 653841, value: 
key: 772717, value: 
key: 240294, value: 
key: 524660, value: 
key: 286627, value: 
key: 536652, value: 
key: 504460, value: 
key: 309249, value: 
key: 723061, value: 
key: 182934, value: 
key: 959583, value: 
key: 965919, value: 
key: 585614, value: 
key: 17757, value: 
key: 515967, value: 
key: 700628, value: 
key: 278734, value: 
key: 718067, value: 
key: 268755, value: 
key: 996272, value: 
key: 865644, value: 
key: 10699, value: 
key: 770432, value: 
key: 339695, value: 
key: 524738, value: 
key: 603149, value: 
key: 562242, value: 
key: 704798, value: 
key: 774407, value: 
key: 975169, value: 
key: 828410, value: 
key: 342505, value: 
key: 115550, value: 
key: 86591, value: 
key: 452561, value: 
key: 788574, value: 
key: 282597, value: 
key: 662661, value: 
key: 2092, value: 
key: 622469, value: 
key: 421817, value: 
key: 1246, value: 
key: 413838, value: 
key: 41196, value: 
key: 364369, value: 
key: 673984, value: 
key: 240425, value: 
key: 946370, value: 
key: 84212, value: 
key: 146125, value: 
key: 805019, value: 
key: 761940, value: 
key: 363148, value: 
key: 976391, value: 
key: 380761, value: 
key: 158511, value: 
key: 836, value: 
key: 643619, value: 
key: 773864, value: 
key: 560222, value: 
key: 789685, value: 
key: 442818, value: 
key: 44793, value: 
key: 896192, value: 
key: 834745, value: 
key: 362792, value: 
key: 367816, value: 
key: 259476, value: 
key: 822603, value: 
key: 687231, value: 
key: 384242, value: 
key: 997150, value: 
key: 77263, value: 
key: 891111, value: 
key: 375224, value: 
key: 44306, value: 
key: 73270, value: 
key: 828939, value: 
key: 516164, value: 
key: 742831, value: 
key: 670628, value: 
key: 228988, value: 
key: 987676, value: 
key: 857106, value: 
key: 265769, value: 
key: 299010, value: 
key: 340693, value: 
key: 99065, value: 
key: 530159, value: 
key: 633478, value: 
key: 688001, value: 
key: 610431, value: 
key: 643693, value: 
key: 672332, value: 
key: 423729, value: 
key: 301418, value: 
key: 377969, value: 
key: 48702, value: 
key: 295210, value: 
key: 312856, value: 
key: 149418, value: 
key: 483385, value: 
key: 976302, value: 
key: 579035, value: 
key: 152166, value: 
key: 316300, value: 
key: 407024, value: 
key: 875225, value: 
key: 345441, value: 
key: 823112, value: 
key: 969643, value: 
key: 858820, value: 
key: 172942, value: 
key: 326152, value: 
key: 206409, value: 
key: 321612, value: 
key: 475050, value: 
key: 291964, value: 
key: 965711, value: 
key: 396564, value: 
key: 372641, value: 
key: 62689, value: 
key: 272769, value: 
key: 416581, value: 
key: 2708, value: 
key: 888603, value: 
key: 662690, value: 
key: 99687, value: 
key: 822858, value: 
key: 223923, value: 
key: 822894, value: 
key: 523843, value: 
key: 726622, value: 
key: 358328, value: 
key: 772113, value: 
key: 534676, value: 
key: 654552, value: 
key: 519950, value: 
key: 257254, value: 
key: 342772, value: 
key: 933918, value: 
key: 798849, value: 
key: 531651, value: 
key: 773332, value: 
key: 890822, value: 
key: 343670, value: 
key: 370902, value: 
key: 140334, value: 
key: 444951, value: 
key: 180411, value: 
key: 544125, value: 
key: 795064, value: 
key: 954937, value: 
key: 113534, value: 
key: 49899, value: 
key: 63723, value: 
key: 428425, value: 
key: 860926, value: 
key: 318500, value: 
key: 963434, value: 
key: 560398, value: 
key: 204876, value: 
key: 330430, value: 
key: 764714, value: 
key: 325483, value: 
key: 625015, value: 
key: 848955, value: 
key: 501278, value: 
key: 539385, value: 
key: 483224, value: 
key: 555512, value: 
key: 613199, value: 
key: 12626, value: 
key: 640191, value: 
key: 600410, value: 
key: 646669, value: 
key: 343359, value: 
key: 725159, value: 
key: 593752, value: 
key: 91568, value: 
key: 190461, value: 
key: 395703, value: 
key: 200751, value: 
key: 988026, value: 
key: 148558, value: 
key: 193088, value: 
key: 587801, value: 
key: 810561, value: 
key: 992632, value: 
key: 786712, value: 
key: 61413, value: 
key: 244414, value: 
key: 35984, value: 
key: 350579, value: 
key: 434455, value: 
key: 775684, value: 
key: 428207, value: 
key: 611894, value: 
key: 363047, value: 
key: 197871, value: 
key: 44694, value: 
key: 99456, value: 
key: 845440, value: 
key: 869664, value: 
key: 855117, value: 
key: 900138, value: 
key: 990944, value: 
key: 349346, value: 
key: 900990, value: 
key: 497436, value: 
key: 131721, value: 
key: 684290, value: 
key: 937965, value: 
key: 969816, value: 
key: 762224, value: 
key: 605637, value: 
key: 949335, value: 
key: 448571, value: 
key: 188109, value: 
key: 805345, value: 
key: 720138, value: 
key: 551387, value: 
key: 344598, value: 
key: 752755, value: 
key: 591550, value: 
key: 383351, value: 
key: 57810, value: 
key: 172175, value: 
key: 971428, value: 
key: 700349, value: 
key: 780983, value: 
key: 307700, value: 
key: 122000, value: 
key: 685996, value: 
key: 870710, value: 
key: 910504, value: 
key: 216206, value: 
key: 593387, value: 
key: 989315, value: 
key: 635157, value: 
key: 40872, value: 
key: 852022, value: 
key: 119532, value: 
key: 495117, value: 
key: 275649, value: 
key: 145450, value: 
key: 357855, value: 
key: 34921, value: 
key: 145007, value: 
key: 292107, value: 
key: 666959, value: 
key: 839902, value: 
key: 515473, value: 
key: 867798, value: 
key: 279935, value: 
key: 749492, value: 
key: 209572, value: 
key: 44357, value: 
key: 190362, value: 
key: 548873, value: 
key: 139350, value: 
key: 595196, value: 
key: 502501, value: 
key: 147342, value: 
key: 65000, value: 
key: 624689, value: 
key: 338227, value: 
key: 600519, value: 
key: 857360, value: 
key: 712571, value: 
key: 654217, value: 
key: 670899, value: 
key: 370247, value: 
key: 986439, value: 
key: 636570, value: 
key: 146501, value: 
key: 846566, value: 
key: 654349, value: 
key: 657250, value: 
key: 580556, value: 
key: 817498, value: 
key: 605538, value: 
key: 484386, value: 
key: 102592, value: 
key: 360877, value: 
key: 772111, value: 
key: 795972, value: 
key: 299472, value: 
key: 492370, value: 
key: 379172, value: 
key: 327278, value: 
key: 813964, value: 
key: 885846, value: 
key: 272091, value: 
key: 926150, value: 
key: 313837, value: 
key: 294242, value: 
key: 29873, value: 
key: 957930, value: 
key: 589531, value: 
key: 311664, value: 
key: 895562, value: 
key: 751064, value: 
key: 463435, value: 
key: 503892, value: 
key: 739237, value: 
key: 325498, value: 
key: 466834, value: 
key: 221305, value: 
key: 683118, value: 
key: 979295, value: 
key: 35074, value: 
key: 741164, value: 
key: 450558, value: 
key: 775718, value: 
key: 776847, value: 
key: 116261, value: 
key: 486339, value: 
key: 94165, value: 
key: 79409, value: 
key: 114519, value: 
key: 910409, value: 
key: 645286, value: 
key: 913077, value: 
key: 636446, value: 
key: 712009, value: 
key: 416259, value: 
key: 675171, value: 
key: 705502, value: 
key: 186448, value: 
key: 179871, value: 
key: 216833, value: 
key: 248849, value: 
key: 34211, value: 
key: 693410, value: 
key: 915594, value: 
key: 419582, value: 
key: 616336, value: 
key: 258648, value: 
key: 543797, value: 
key: 526844, value: 
key: 488085, value: 
key: 341490, value: 
key: 715750, value: 
key: 551097, value: 
key: 208692, value: 
key: 794250, value: 
key: 797662, value: 
key: 712122, value: 
key: 395464, value: 
key: 93173, value: 
key: 304228, value: 
key: 554443, value: 
key: 558911, value: 
key: 659278, value: 
key: 891809, value: 
key: 111082, value: 
key: 984468, value: 
key: 353381, value: 
key: 511523, value: 
key: 387108, value: 
key: 416310, value: 
key: 343498, value: 
key: 524169, value: 
key: 244977, value: 
key: 116935, value: 
key: 283000, value: 
key: 902176, value: 
key: 464906, value: 
key: 925010, value: 
key: 306440, value: 
key: 668728, value: 
key: 13078, value: 
key: 83778, value: 
key: 404045, value: 
key: 240191, value: 
key: 311961, value: 
key: 694495, value: 
key: 578650, value: 
key: 761058, value: 
key: 831117, value: 
key: 863817, value: 
key: 472462, value: 
key: 320158, value: 
key: 290891, value: 
key: 209644, value: 
key: 894866, value: 
key: 794090, value: 
key: 16578, value: 
key: 548945, value: 
key: 520578, value: 
key: 938849, value: 
key: 315457, value: 
key: 544459, value: 
key: 600380, value: 
key: 856848, value: 
key: 390766, value: 
key: 54868, value: 
key: 819593, value: 
key: 481291, value: 
key: 396005, value: 
key: 48683, value: 
key: 467361, value: 
key: 627075, value: 
key: 838741, value: 
key: 309566, value: 
key: 335378, value: 
key: 939495, value: 
key: 612370, value: 
key: 652008, value: 
key: 704918, value: 
key: 715091, value: 
key: 304174, value: 
key: 896622, value: 
key: 554320, value: 
key: 771022, value: 
key: 850518, value: 
key: 413713, value: 
key: 8115, value: 
key: 347096, value: 
key: 40052, value: 
key: 684159, value: 
key: 809804, value: 
key: 886115, value: 
key: 204012, value: 
key: 314511, value: 
key: 266634, value: 
key: 556207, value: 
key: 943201, value: 
key: 249509, value: 
key: 633300, value: 
key: 587102, value: 
key: 764107, value: 
key: 255304, value: 
key: 254851, value: 
key: 618879, value: 
key: 52376, value: 
key: 554849, value: 
key: 322389, value: 
key: 238134, value: 
key: 913639, value: 
key: 487406, value: 
key: 278431, value: 
key: 85091, value: 
key: 971651, value: 
key: 802636, value: 
key: 47516, value: 
key: 822982, value: 
key: 995967, value: 
key: 832439, value: 
key: 786420, value: 
key: 754993, value: 
key: 69055, value: 
key: 347050, value: 
key: 939952, value: 
key: 890578, value: 
key: 547366, value: 
key: 627622, value: 
key: 950243, value: 
key: 983209, value: 
key: 584341, value: 
key: 409268, value: 
key: 871492, value: 
key: 275294, value: 
key: 846106, value: 
key: 806850, value: 
key: 688346, value: 
key: 301179, value: 
key: 932986, value: 
key: 956559, value: 
key: 729799, value: 
key: 625992, value: 
key: 178157, value: 
key: 614165, value: 
key: 609233, value: 
key: 442634, value: 
key: 113172, value: 
key: 440328, value: 
key: 907267, value: 
key: 254277, value: 
key: 681152, value: 
key: 21680, value: 
key: 468919, value: 
key: 271739, value: 
key: 506282, value: 
key: 311776, value: 
key: 757158, value: 
key: 343432, value: 
key: 250574, value: 
key: 143245, value: 
key: 493287, value: 
key: 463211, value: 
key: 876011, value: 
key: 672260, value: 
key: 777114, value: 
key: 321836, value: 
key: 930647, value: 
key: 851423, value: 
key: 748002, value: 
key: 19832, value: 
key: 439294, value: 
key: 771622, value: 
key: 676716, value: 
key: 866432, value: 
key: 225303, value: 
key: 330984, value: 
key: 601451, value: 
key: 28294, value: 
key: 481518, value: 
key: 628234, value: 
key: 352212, value: 
key: 760466, value: 
key: 831508, value: 
key: 750672, value: 
key: 566578, value: 
key: 762040, value: 
key: 973725, value: 
key: 376096, value: 
key: 344150, value: 
key: 13030, value: 
key: 158324, value: 
key: 78334, value: 
key: 957972, value: 
key: 274327, value: 
key: 13908, value: 
key: 93571, value: 
key: 900244, value: 
key: 751457, value: 
key: 842232, value: 
key: 48737, value: 
key: 817315, value: 
key: 919134, value: 
key: 918922, value: 
key: 947683, value: 
key: 886375, value: 
key: 41042, value: 
key: 170386, value: 
key: 154724, value: 
key: 130177, value: 
key: 413096, value: 
key: 994018, value: 
key: 135921, value: 
key: 878729, value: 
key: 636903, value: 
key: 593138, value: 
key: 394517, value: 
key: 738207, value: 
key: 821455, value: 
key: 647639, value: 
key: 198717, value: 
key: 899324, value: 
key: 886843, value: 
key: 854767, value: 
key: 156289, value: 
key: 843732, value: 
key: 263222, value: 
key: 140543, value: 
key: 617887, value: 
key: 587193, value: 
key: 585766, value: 
key: 292642, value: 
key: 901645, value: 
key: 127618, value: 
key: 352083, value: 
key: 999673, value: 
key: 959453, value: 
key: 27055, value: 
key: 136175, value: 
key: 965173, value: 
key: 787096, value: 
key: 846955, value: 
key: 429491, value: 
key: 894105, value: 
key: 796702, value: 
key: 93658, value: 
key: 585953, value: 
key: 422395, value: 
key: 721616, value: 
key: 944321, value: 
key: 930595, value: 
key: 848487, value: 
key: 920381, value: 
key: 552302, value: 
key: 267846, value: 
key: 362190, value: 
key: 533059, value: 
key: 371062, value: 
key: 405332, value: 
key: 171842, value: 
key: 242652, value: 
key: 506644, value: 
key: 633690, value: 
key: 133048, value: 
key: 223945, value: 
key: 919547, value: 
key: 706857, value: 
key: 779862, value: 
key: 430011, value: 
key: 667565, value: 
key: 690633, value: 
key: 139282, value: 
key: 553666, value: 
key: 41529, value: 
key: 513448, value: 
key: 245392, value: 
key: 3705, value: 
key: 500750, value: 
key: 597534, value: 
key: 203321, value: 
key: 451773, value: 
key: 265415, value: 
key: 234794, value: 
key: 216318, value: 
key: 413371, value: 
key: 472901, value: 
key: 714580, value: 
key: 214499, value: 
key: 626566, value: 
key: 73175, value: 
key: 302150, value: 
key: 84869, value: 
key: 804140, value: 
key: 969612, value: 
key: 975310, value: 
key: 401112, value: 
key: 905689, value: 
key: 615854, value: 
key: 79140, value: 
key: 363331, value: 
key: 775073, value: 
key: 42139, value: 
key: 15018, value: 
key: 563926, value: 
key: 621488, value: 
key: 722035, value: 
key: 248083, value: 
key: 67758, value: 
key: 801242, value: 
key: 532937, value: 
key: 69992, value: 
key: 171633, value: 
key: 37016, value: 
key: 468153, value: 
key: 775976, value: 
key: 298369, value: 
key: 174416, value: 
key: 828061, value: 
key: 617173, value: 
key: 569250, value: 
key: 445316, value: 
key: 793101, value: 
key: 934892, value: 
key: 11188, value: 
key: 138742, value: 
key: 362503, value: 
key: 533048, value: 
key: 13238, value: 
key: 618349, value: 
key: 934629, value: 
key: 107388, value: 
key: 413399, value: 
key: 590151, value: 
key: 905971, value: 
key: 836365, value: 
key: 228829, value: 
key: 734049, value: 
key: 77524, value: 
key: 733204, value: 
key: 924082, value: 
key: 923797, value: 
key: 697124, value: 
key: 28131, value: 
key: 538966, value: 
key: 293984, value: 
key: 13528, value: 
key: 37508, value: 
key: 951947, value: 
key: 919130, value: 
key: 632367, value: 
key: 43352, value: 
key: 607806, value: 
key: 643482, value: 
key: 985311, value: 
key: 126882, value: 
key: 683347, value: 
key: 468995, value: 
key: 682490, value: 
key: 202982, value: 
key: 841989, value: 
key: 387436, value: 
key: 762512, value: 
key: 295638, value: 
key: 860674, value: 
key: 310504, value: 
key: 902949, value: 
key: 409826, value: 
key: 923593, value: 
key: 181416, value: 
key: 186664, value: 
key: 689239, value: 
key: 533264, value: 
key: 135493, value: 
key: 420582, value: 
key: 407983, value: 
key: 951154, value: 
key: 252219, value: 
key: 806836, value: 
key: 727577, value: 
key: 516665, value: 
key: 676422, value: 
key: 231904, value: 
key: 346068, value: 
key: 947603, value: 
key: 924172, value: 
key: 406720, value: 
key: 648061, value: 
key: 655603, value: 
key: 634965, value: 
key: 550902, value: 
key: 355936, value: 
key: 399859, value: 
key: 195341, value: 
key: 236297, value: 
key: 750401, value: 
key: 276000, value: 
key: 253265, value: 
key: 521946, value: 
key: 214352, value: 
key: 415933, value: 
key: 678464, value: 
key: 962754, value: 
key: 427381, value: 
key: 892347, value: 
key: 85554, value: 
key: 290419, value: 
key: 969517, value: 
key: 915848, value: 
key: 500077, value: 
key: 844038, value: 
key: 75146, value: 
key: 836808, value: 
key: 793107, value: 
key: 802429, value: 
key: 673236, value: 
key: 901722, value: 
key: 835559, value: 
key: 213038, value: 
key: 721191, value: 
key: 524075, value: 
key: 920686, value: 
key: 125966, value: 
key: 7606, value: 
key: 431090, value: 
key: 620265, value: 
key: 183924, value: 
key: 749100, value: 
key: 513088, value: 
key: 443378, value: 
key: 859513, value: 
key: 634189, value: 
key: 99270, value: 
key: 789780, value: 
key: 903045, value: 
key: 902884, value: 
key: 643000, value: 
key: 940703, value: 
key: 900840, value: 
key: 831650, value: 
key: 940394, value: 
key: 959213, value: 
key: 729573, value: 
key: 824405, value: 
key: 330616, value: 
key: 431500, value: 
key: 520293, value: 
key: 556131, value: 
key: 953538, value: 
key: 364518, value: 
key: 809853, value: 
key: 246955, value: 
key: 989405, value: 
key: 849451, value: 
key: 126404, value: 
key: 336317, value: 
key: 762444, value: 
key: 809837, value: 
key: 448252, value: 
key: 492206, value: 
key: 243727, value: 
key: 848056, value: 
key: 676572, value: 
key: 187971, value: 
key: 524123, value: 
key: 124448, value: 
key: 302011, value: 
key: 271533, value: 
key: 380750, value: 
key: 277722, value: 
key: 702194, value: 
key: 413421, value: 
key: 73676, value: 
key: 385391, value: 
key: 464577, value: 
key: 7710, value: 
key: 422722, value: 
key: 886199, value: 
key: 369092, value: 
key: 626388, value: 
key: 949975, value: 
key: 116483, value: 
key: 482643, value: 
key: 684779, value: 
key: 512186, value: 
key: 631544, value: 
key: 87604, value: 
key: 437632, value: 
key: 911730, value: 
key: 276693, value: 
key: 752843, value: 
key: 996070, value: 
key: 687844, value: 
key: 53339, value: 
key: 225671, value: 
key: 596478, value: 
key: 662201, value: 
key: 789704, value: 
key: 195433, value: 
key: 744107, value: 
key: 465693, value: 
key: 50303, value: 
key: 961065, value: 
key: 461040, value: 
key: 813849, value: 
key: 906004, value: 
key: 849729, value: 
key: 589410, value: 
key: 403013, value: 
key: 505988, value: 
key: 940563, value: 
key: 965164, value: 
key: 140693, value: 
key: 438307, value: 
key: 402986, value: 
key: 427288, value: 
key: 910687, value: 
key: 710436, value: 
key: 985012, value: 
key: 102497, value: 
key: 968253, value: 
key: 71564, value: 
key: 962202, value: 
key: 587803, value: 
key: 630437, value: 
key: 217685, value: 
key: 399635, value: 
key: 110335, value: 
key: 18817, value: 
key: 822038, value: 
key: 250112, value: 
key: 723702, value: 
key: 115727, value: 
key: 494448, value: 
key: 981964, value: 
key: 711848, value: 
key: 778430, value: 
key: 481536, value: 
key: 798678, value: 
key: 909539, value: 
key: 752139, value: 
key: 530089, value: 
key: 292222, value: 
key: 860616, value: 
key: 496640, value: 
key: 262542, value: 
key: 171341, value: 
key: 969830, value: 
key: 104686, value: 
key: 910696, value: 
key: 136821, value: 
key: 963470, value: 
key: 10260, value: 
key: 100004, value: 
key: 834848, value: 
key: 678479, value: 
key: 302884, value: 
key: 381081, value: 
key: 673489, value: 
key: 600742, value: 
key: 689271, value: 
key: 304437, value: 
key: 990717, value: 
key: 621114, value: 
key: 493029, value: 
key: 189650, value: 
key: 47965, value: 
key: 40984, value: 
key: 9040, value: 
key: 32578, value: 
key: 282630, value: 
key: 467325, value: 
key: 700219, value: 
key: 499609, value: 
key: 540194, value: 
key: 742523, value: 
key: 667413, value: 
key: 665020, value: 
key: 322943, value: 
key: 399426, value: 
key: 970470, value: 
key: 653878, value: 
key: 53050, value: 
key: 720699, value: 
key: 544280, value: 
key: 173073, value: 
key: 618817, value: 
key: 144536, value: 
key: 972993, value: 
key: 270044, value: 
key: 793778, value: 
key: 976472, value: 
key: 441811, value: 
key: 391794, value: 
key: 145207, value: 
key: 808625, value: 
key: 743403, value: 
key: 161045, value: 
key: 778076, value: 
key: 929355, value: 
key: 424120, value: 
key: 258365, value: 
key: 946220, value: 
key: 469439, value: 
key: 743182, value: 
key: 562905, value: 
key: 926527, value: 
key: 328262, value: 
key: 344651, value: 
key: 604669, value: 
key: 228900, value: 
key: 53492, value: 
key: 375934, value: 
key: 344129, value: 
key: 425332, value: 
key: 705564, value: 
key: 174649, value: 
key: 337390, value: 
key: 146923, value: 
key: 218381, value: 
key: 235768, value: 
key: 272325, value: 
key: 637090, value: 
key: 422115, value: 
key: 459986, value: 
key: 204832, value: 
key: 962073, value: 
key: 118603, value: 
key: 227714, value: 
key: 366431, value: 
key: 937983, value: 
key: 875403, value: 
key: 548673, value: 
key: 980763, value: 
key: 660416, value: 
key: 866409, value: 
key: 319628, value: 
key: 958412, value: 
key: 35096, value: 
key: 50169, value: 
key: 28832, value: 
key: 438004, value: 
key: 320129, value: 
key: 440267, value: 
key: 627141, value: 
key: 391695, value: 
key: 238363, value: 
key: 505744, value: 
key: 517361, value: 
key: 25145, value: 
key: 359770, value: 
key: 527867, value: 
key: 174856, value: 
key: 834448, value: 
key: 256679, value: 
key: 586693, value: 
key: 368831, value: 
key: 296794, value: 
key: 673045, value: 
key: 309319, value: 
key: 124923, value: 
key: 212837, value: 
key: 912229, value: 
key: 280560, value: 
key: 388493, value: 
key: 44920, value: 
key: 87215, value: 
key: 424137, value: 
key: 90659, value: 
key: 815368, value: 
key: 706985, value: 
key: 634055, value: 
key: 892974, value: 
key: 80904, value: 
key: 998151, value: 
key: 532155, value: 
key: 236558, value: 
key: 553596, value: 
key: 216044, value: 
key: 471791, value: 
key: 108, value: 
key: 189470, value: 
key: 770016, value: 
key: 660919, value: 
key: 7082, value: 
key: 282238, value: 
key: 643710, value: 
key: 410387, value: 
key: 447547, value: 
key: 393222, value: 
key: 655010, value: 
key: 246438, value: 
key: 427734, value: 
key: 945816, value: 
key: 375565, value: 
key: 68599, value: 
key: 854196, value: 
key: 792290, value: 
key: 695577, value: 
key: 452914, value: 
key: 624405, value: 
key: 440706, value: 
key: 914984, value: 
key: 796069, value: 
key: 631528, value: 
key: 472839, value: 
key: 267686, value: 
key: 249648, value: 
key: 634015, value: 
key: 333220, value: 
key: 472772, value: 
key: 577220, value: 
key: 544855, value: 
key: 70640, value: 
key: 373734, value: 
key: 352775, value: 
key: 698462, value: 
key: 81824, value: 
key: 532221, value: 
key: 913123, value: 
key: 19627, value: 
key: 50673, value: 
key: 835995, value: 
key: 52653, value: 
key: 905256, value: 
key: 568679, value: 
key: 277157, value: 
key: 508044, value: 
key: 995082, value: 
key: 338418, value: 
key: 953763, value: 
key: 236730, value: 
key: 639782, value: 
key: 826133, value: 
key: 35058, value: 
key: 992472, value: 
key: 103562, value: 
key: 41257, value: 
key: 876774, value: 
key: 961658, value: 
key: 885864, value: 
key: 172744, value: 
key: 985179, value: 
key: 746907, value: 
key: 374773, value: 
key: 537084, value: 
key: 847761, value: 
key: 649347, value: 
key: 512726, value: 
key: 694516, value: 
key: 24566, value: 
key: 905731, value: 
key: 254817, value: 
key: 494545, value: 
key: 135299, value: 
key: 420193, value: 
key: 407837, value: 
key: 781494, value: 
key: 535039, value: 
key: 734869, value: 
key: 700257, value: 
key: 270877, value: 
key: 662166, value: 
key: 35346, value: 
key: 197600, value: 
key: 327748, value: 
key: 394816, value: 
key: 33005, value: 
key: 842416, value: 
key: 491412, value: 
key: 906307, value: 
key: 518157, value: 
key: 317707, value: 
key: 780495, value: 
key: 290710, value: 
key: 943847, value: 
key: 903100, value: 
key: 926826, value: 
key: 894086, value: 
key: 355701, value: 
key: 372063, value: 
key: 429769, value: 
key: 933262, value: 
key: 819111, value: 
key: 485466, value: 
key: 177929, value: 
key: 789766, value: 
key: 515097, value: 
key: 900345, value: 
key: 522233, value: 
key: 655133, value: 
key: 532096, value: 
key: 495719, value: 
key: 931039, value: 
key: 54525, value: 
key: 69646, value: 
key: 444120, value: 
key: 861796, value: 
key: 638055, value: 
key: 732968, value: 
key: 474297, value: 
key: 470804, value: 
key: 833023, value: 
key: 703292, value: 
key: 268467, value: 
key: 840416, value: 
key: 995895, value: 
key: 957499, value: 
key: 87914, value: 
key: 130728, value: 
key: 604348, value: 
key: 821602, value: 
key: 125760, value: 
key: 461567, value: 
key: 567373, value: 
key: 665736, value: 
key: 116946, value: 
key: 772177, value: 
key: 152045, value: 
key: 97333, value: 
key: 350111, value: 
key: 965593, value: 
key: 320303, value: 
key: 416400, value: 
key: 969939, value: 
key: 210196, value: 
key: 321142, value: 
key: 402621, value: 
key: 517204, value: 
key: 408940, value: 
key: 852710, value: 
key: 117798, value: 
key: 466517, value: 
key: 10828, value: 
key: 54361, value: 
key: 873409, value: 
key: 889118, value: 
key: 167577, value: 
key: 232321, value: 
key: 746783, value: 
key: 736137, value: 
key: 145476, value: 
key: 103964, value: 
key: 635597, value: 
key: 599062, value: 
key: 827370, value: 
key: 259221, value: 
key: 481211, value: 
key: 751862, value: 
key: 107212, value: 
key: 811265, value: 
key: 863194, value: 
key: 875098, value: 
key: 791358, value: 
key: 699168, value: 
key: 56310, value: 
key: 803020, value: 
key: 527656, value: 
key: 479289, value: 
key: 434110, value: 
key: 706877, value: 
key: 886904, value: 
key: 216875, value: 
key: 526635, value: 
key: 902589, value: 
key: 192104, value: 
key: 494453, value: 
key: 270633, value: 
key: 638646, value: 
key: 141432, value: 
key: 99490, value: 
key: 118393, value: 
key: 693069, value: 
key: 275184, value: 
key: 798636, value: 
key: 234617, value: 
key: 799990, value: 
key: 318902, value: 
key: 124031, value: 
key: 420003, value: 
key: 722424, value: 
key: 795460, value: 
key: 401172, value: 
key: 11528, value: 
key: 195767, value: 
key: 616084, value: 
key: 679467, value: 
key: 139008, value: 
key: 635861, value: 
key: 244764, value: 
key: 614992, value: 
key: 101300, value: 
key: 75160, value: 
key: 391042, value: 
key: 265824, value: 
key: 965759, value: 
key: 195288, value: 
key: 389230, value: 
key: 684724, value: 
key: 978517, value: 
key: 558128, value: 
key: 89826, value: 
key: 333312, value: 
key: 57171, value: 
key: 821882, value: 
key: 337318, value: 
key: 250682, value: 
key: 745258, value: 
key: 843466, value: 
key: 986972, value: 
key: 444230, value: 
key: 385913, value: 
key: 939246, value: 
key: 733130, value: 
key: 241206, value: 
key: 534083, value: 
key: 1167, value: 
key: 640722, value: 
key: 364147, value: 
key: 393110, value: 
key: 931404, value: 
key: 785711, value: 
key: 987054, value: 
key: 784901, value: 
key: 131341, value: 
key: 682883, value: 
key: 11218, value: 
key: 470613, value: 
key: 601707, value: 
key: 701089, value: 
key: 755336, value: 
key: 782156, value: 
key: 501773, value: 
key: 952524, value: 
key: 156528, value: 
key: 676262, value: 
key: 60218, value: 
key: 104581, value: 
key: 445732, value: 
key: 281525, value: 
key: 712795, value: 
key: 161050, value: 
key: 90507, value: 
key: 772780, value: 
key: 24386, value: 
key: 307344, value: 
key: 452390, value: 
key: 757783, value: 
key: 510771, value: 
key: 451641, value: 
key: 337914, value: 
key: 940842, value: 
key: 880555, value: 
key: 506459, value: 
key: 901382, value: 
key: 657579, value: 
key: 509186, value: 
key: 920659, value: 
key: 399202, value: 
key: 287356, value: 
key: 840928, value: 
key: 609501, value: 
key: 828911, value: 
key: 77973, value: 
key: 290507, value: 
key: 334698, value: 
key: 944804, value: 
key: 970306, value: 
key: 361858, value: 
key: 619803, value: 
key: 636956, value: 
key: 841916, value: 
key: 382417, value: 
key: 373815, value: 
key: 488214, value: 
key: 988468, value: 
key: 84135, value: 
key: 352571, value: 
key: 39160, value: 
key: 963131, value: 
key: 916838, value: 
key: 957156, value: 
key: 374492, value: 
key: 10440, value: 
key: 317088, value: 
key: 27798, value: 
key: 401882, value: 
key: 542709, value: 
key: 590711, value: 
key: 258721, value: 
key: 973260, value: 
key: 54336, value: 
key: 992456, value: 
key: 551574, value: 
key: 213027, value: 
key: 993725, value: 
key: 938012, value: 
key: 799550, value: 
key: 297221, value: 
key: 948280, value: 
key: 518634, value: 
key: 522550, value: 
key: 391260, value: 
key: 30136, value: 
key: 906459, value: 
key: 475201, value: 
key: 70590, value: 
key: 467646, value: 
key: 356265, value: 
key: 786459, value: 
key: 528754, value: 
key: 71414, value: 
key: 639368, value: 
key: 985687, value: 
key: 332506, value: 
key: 606924, value: 
key: 826317, value: 
key: 908857, value: 
key: 539286, value: 
key: 426753, value: 
key: 97009, value: 
key: 642838, value: 
key: 613300, value: 
key: 498899, value: 
key: 58754, value: 
key: 252620, value: 
key: 254048, value: 
key: 488207, value: 
key: 274109, value: 
key: 993369, value: 
key: 241453, value: 
key: 123535, value: 
key: 946259, value: 
key: 566736, value: 
key: 90103, value: 
key: 544583, value: 
key: 501733, value: 
key: 729133, value: 
key: 965317, value: 
key: 211081, value: 
key: 36222, value: 
key: 11029, value: 
key: 491582, value: 
key: 736678, value: 
key: 300589, value: 
key: 409745, value: 
key: 870965, value: 
key: 854194, value: 
key: 984783, value: 
key: 291698, value: 
key: 477829, value: 
key: 689974, value: 
key: 66443, value: 
key: 32196, value: 
key: 572533, value: 
key: 985603, value: 
key: 726785, value: 
key: 644177, value: 
key: 157217, value: 
key: 884337, value: 
key: 142152, value: 
key: 516102, value: 
key: 674066, value: 
key: 395109, value: 
key: 755590, value: 
key: 163186, value: 
key: 24678, value: 
key: 850554, value: 
key: 280744, value: 
key: 41914, value: 
key: 195987, value: 
key: 397071, value: 
key: 108859, value: 
key: 461444, value: 
key: 175910, value: 
key: 428351, value: 
key: 933000, value: 
key: 811735, value: 
key: 837591, value: 
key: 718634, value: 
key: 737314, value: 
key: 14868, value: 
key: 942624, value: 
key: 760181, value: 
key: 485831, value: 
key: 96990, value: 
key: 37078, value: 
key: 880102, value: 
key: 52583, value: 
key: 386330, value: 
key: 518517, value: 
key: 681107, value: 
key: 294602, value: 
key: 394939, value: 
key: 448191, value: 
key: 841840, value: 
key: 665091, value: 
key: 12109, value: 
key: 463983, value: 
key: 812169, value: 
key: 860731, value: 
key: 833788, value: 
key: 614804, value: 
key: 63024, value: 
key: 781650, value: 
key: 450167, value: 
key: 868096, value: 
key: 818468, value: 
key: 284845, value: 
key: 388507, value: 
key: 145780, value: 
key: 470147, value: 
key: 773916, value: 
key: 660751, value: 
key: 956379, value: 
key: 684999, value: 
key: 757642, value: 
key: 284030, value: 
key: 255502, value: 
key: 555558, value: 
key: 352502, value: 
key: 765021, value: 
key: 730896, value: 
key: 322480, value: 
key: 185540, value: 
key: 985131, value: 
key: 157312, value: 
key: 519378, value: 
key: 817142, value: 
key: 555668, value: 
key: 293926, value: 
key: 252121, value: 
key: 999297, value: 
key: 584729, value: 
key: 845756, value: 
key: 549441, value: 
key: 873533, value: 
key: 908121, value: 
key: 307346, value: 
key: 163414, value: 
key: 938405, value: 
key: 683710, value: 
key: 424595, value: 
key: 862441, value: 
key: 982574, value: 
key: 807158, value: 
key: 483255, value: 
key: 742897, value: 
key: 475937, value: 
key: 940015, value: 
key: 647004, value: 
key: 454680, value: 
key: 733693, value: 
key: 435157, value: 
key: 388431, value: 
key: 140169, value: 
key: 543692, value: 
key: 87909, value: 
key: 606089, value: 
key: 519228, value: 
key: 374935, value: 
key: 876679, value: 
key: 507566, value: 
key: 583045, value: 
key: 108044, value: 
key: 363845, value: 
key: 405990, value: 
key: 992036, value: 
key: 560293, value: 
key: 306370, value: 
key: 304370, value: 
key: 663341, value: 
key: 283305, value: 
key: 572513, value: 
key: 537020, value: 
key: 780752, value: 
key: 136335, value: 
key: 974133, value: 
key: 947764, value: 
key: 14909, value: 
key: 69370, value: 
key: 170249, value: 
key: 166233, value: 
key: 423343, value: 
key: 768015, value: 
key: 521568, value: 
key: 567524, value: 
key: 37827, value: 
key: 788084, value: 
key: 783777, value: 
key: 193064, value: 
key: 38615, value: 
key: 595206, value: 
key: 823299, value: 
key: 221891, value: 
key: 35133, value: 
key: 500981, value: 
key: 503957, value: 
key: 545780, value: 
key: 785012, value: 
key: 468096, value: 
key: 546051, value: 
key: 398669, value: 
key: 124169, value: 
key: 439515, value: 
key: 366699, value: 
key: 930506, value: 
key: 36903, value: 
key: 661961, value: 
key: 750229, value: 
key: 815904, value: 
key: 414763, value: 
key: 965838, value: 
key: 756845, value: 
key: 451810, value: 
key: 424362, value: 
key: 68201, value: 
key: 844144, value: 
key: 697331, value: 
key: 900699, value: 
key: 405619, value: 
key: 363755, value: 
key: 931114, value: 
key: 401837, value: 
key: 461725, value: 
key: 66678, value: 
key: 84762, value: 
key: 738528, value: 
key: 435553, value: 
key: 372973, value: 
key: 985740, value: 
key: 133369, value: 
key: 375116, value: 
key: 652901, value: 
key: 951059, value: 
key: 313808, value: 
key: 893553, value: 
key: 945038, value: 
key: 58572, value: 
key: 135815, value: 
key: 820962, value: 
key: 465279, value: 
key: 867471, value: 
key: 663374, value: 
key: 570926, value: 
key: 721045, value: 
key: 200164, value: 
key: 172935, value: 
key: 98419, value: 
key: 201435, value: 
key: 358854, value: 
key: 629299, value: 
key: 636125, value: 
key: 43936, value: 
key: 959459, value: 
key: 635874, value: 
key: 589588, value: 
key: 253438, value: 
key: 592966, value: 
key: 608524, value: 
key: 606331, value: 
key: 223031, value: 
key: 220986, value: 
key: 869473, value: 
key: 262399, value: 
key: 736955, value: 
key: 864001, value: 
key: 770960, value: 
key: 185115, value: 
key: 117242, value: 
key: 402306, value: 
key: 238125, value: 
key: 164448, value: 
key: 36923, value: 
key: 500859, value: 
key: 931820, value: 
key: 904079, value: 
key: 744152, value: 
key: 992243, value: 
key: 284317, value: 
key: 658240, value: 
key: 428753, value: 
key: 386776, value: 
key: 454152, value: 
key: 675258, value: 
key: 413944, value: 
key: 348590, value: 
key: 432079, value: 
key: 114342, value: 
key: 667374, value: 
key: 360310, value: 
key: 327762, value: 
key: 807741, value: 
key: 384402, value: 
key: 884665, value: 
key: 573831, value: 
key: 374313, value: 
key: 472071, value: 
key: 585942, value: 
key: 808733, value: 
key: 325346, value: 
key: 536502, value: 
key: 184127, value: 
key: 367029, value: 
key: 448007, value: 
key: 938355, value: 
key: 366581, value: 
key: 492291, value: 
key: 533408, value: 
key: 353781, value: 
key: 705849, value: 
key: 740923, value: 
key: 126750, value: 
key: 47477, value: 
key: 556461, value: 
key: 615780, value: 
key: 848122, value: 
key: 448902, value: 
key: 57696, value: 
key: 285855, value: 
key: 12682, value: 
key: 161160, value: 
key: 84412, value: 
key: 96798, value: 
key: 973376, value: 
key: 680984, value: 
key: 465532, value: 
key: 795341, value: 
key: 271294, value: 
key: 979600, value: 
key: 579707, value: 
key: 852923, value: 
key: 662159, value: 
key: 420502, value: 
key: 511598, value: 
key: 335570, value: 
key: 189605, value: 
key: 894789, value: 
key: 248159, value: 
key: 186439, value: 
key: 689396, value: 
key: 389573, value: 
key: 21853, value: 
key: 223981, value: 
key: 316890, value: 
key: 112418, value: 
key: 288788, value: 
key: 979992, value: 
key: 377666, value: 
key: 938629, value: 
key: 625026, value: 
key: 735758, value: 
key: 583780, value: 
key: 483525, value: 
key: 343599, value: 
key: 580350, value: 
key: 563944, value: 
key: 381450, value: 
key: 851243, value: 
key: 670637, value: 
key: 880681, value: 
key: 350272, value: 
key: 536058, value: 
key: 904198, value: 
key: 448939, value: 
key: 274794, value: 
key: 711699, value: 
key: 425932, value: 
key: 348066, value: 
key: 528778, value: 
key: 841002, value: 
key: 622821, value: 
key: 566574, value: 
key: 302611, value: 
key: 385764, value: 
key: 544668, value: 
key: 385456, value: 
key: 603646, value: 
key: 117880, value: 
key: 598762, value: 
key: 321872, value: 
key: 96930, value: 
key: 165924, value: 
key: 142303, value: 
key: 947083, value: 
key: 870462, value: 
key: 47486, value: 
key: 946381, value: 
key: 380446, value: 
key: 160011, value: 
key: 423970, value: 
key: 216327, value: 
key: 229105, value: 
key: 667680, value: 
key: 463118, value: 
key: 697892, value: 
key: 775253, value: 
key: 403446, value: 
key: 73276, value: 
key: 685657, value: 
key: 60975, value: 
key: 802652, value: 
key: 809567, value: 
key: 34767, value: 
key: 64957, value: 
key: 864722, value: 
key: 492404, value: 
key: 370403, value: 
key: 649680, value: 
key: 921931, value: 
key: 470462, value: 
key: 679852, value: 
key: 285772, value: 
key: 234121, value: 
key: 609907, value: 
key: 127487, value: 
key: 790913, value: 
key: 42191, value: 
key: 401468, value: 
key: 922507, value: 
key: 965579, value: 
key: 757842, value: 
key: 514012, value: 
key: 826425, value: 
key: 362796, value: 
key: 436923, value: 
key: 396014, value: 
key: 899872, value: 
key: 877522, value: 
key: 201828, value: 
key: 112221, value: 
key: 502101, value: 
key: 476985, value: 
key: 924118, value: 
key: 11988, value: 
key: 102787, value: 
key: 364510, value: 
key: 761869, value: 
key: 363869, value: 
key: 432778, value: 
key: 304787, value: 
key: 183959, value: 
key: 235287, value: 
key: 416336, value: 
key: 484528, value: 
key: 981773, value: 
key: 558533, value: 
key: 341845, value: 
key: 498743, value: 
key: 182541, value: 
key: 43705, value: 
key: 725270, value: 
key: 17779, value: 
key: 23316, value: 
key: 146013, value: 
key: 123322, value: 
key: 561771, value: 
key: 864537, value: 
key: 130722, value: 
key: 251690, value: 
key: 651795, value: 
key: 462915, value: 
key: 670215, value: 
key: 743443, value: 
key: 114050, value: 
key: 181739, value: 
key: 960886, value: 
key: 348578, value: 
key: 543324, value: 
key: 510041, value: 
key: 18912, value: 
key: 660016, value: 
key: 145119, value: 
key: 637337, value: 
key: 981481, value: 
key: 138504, value: 
key: 219111, value: 
key: 566981, value: 
key: 18127, value: 
key: 351835, value: 
key: 594069, value: 
key: 462887, value: 
key: 893829, value: 
key: 448474, value: 
key: 502637, value: 
key: 323313, value: 
key: 534283, value: 
key: 446537, value: 
key: 833003, value: 
key: 448456, value: 
key: 292262, value: 
key: 544857, value: 
key: 235575, value: 
key: 515510, value: 
key: 806681, value: 
key: 294095, value: 
key: 396065, value: 
key: 528828, value: 
key: 186323, value: 
key: 700899, value: 
key: 570193, value: 
key: 823468, value: 
key: 767049, value: 
key: 878170, value: 
key: 82092, value: 
key: 740787, value: 
key: 929924, value: 
key: 220470, value: 
key: 843174, value: 
key: 436323, value: 
key: 470273, value: 
key: 306798, value: 
key: 13931, value: 
key: 834479, value: 
key: 976366, value: 
key: 153507, value: 
key: 505663, value: 
key: 243136, value: 
key: 732834, value: 
key: 330133, value: 
key: 713523, value: 
key: 604894, value: 
key: 363252, value: 
key: 585854, value: 
key: 788756, value: 
key: 440072, value: 
key: 513275, value: 
key: 453098, value: 
key: 568804, value: 
key: 326545, value: 
key: 211823, value: 
key: 823527, value: 
key: 162015, value: 
key: 316045, value: 
key: 393442, value: 
key: 901568, value: 
key: 493999, value: 
key: 868399, value: 
key: 136676, value: 
key: 927809, value: 
key: 744923, value: 
key: 339213, value: 
key: 966095, value: 
key: 494549, value: 
key: 680540, value: 
key: 249042, value: 
key: 96664, value: 
key: 659551, value: 
key: 420261, value: 
key: 795516, value: 
key: 748617, value: 
key: 53083, value: 
key: 87619, value: 
key: 321614, value: 
key: 117709, value: 
key: 144367, value: 
key: 33038, value: 
key: 250505, value: 
key: 310612, value: 
key: 802058, value: 
key: 854134, value: 
key: 650354, value: 
key: 218978, value: 
key: 476925, value: 
key: 146118, value: 
key: 59351, value: 
key: 788163, value: 
key: 523287, value: 
key: 132225, value: 
key: 797323, value: 
key: 957675, value: 
key: 530667, value: 
key: 754588, value: 
key: 861291, value: 
key: 386653, value: 
key: 856972, value: 
key: 678152, value: 
key: 61202, value: 
key: 847736, value: 
key: 929096, value: 
key: 973383, value: 
key: 722268, value: 
key: 791758, value: 
key: 892860, value: 
key: 82120, value: 
key: 705782, value: 
key: 562844, value: 
key: 899476, value: 
key: 443835, value: 
key: 732847, value: 
key: 170485, value: 
key: 527847, value: 
key: 158049, value: 
key: 171918, value: 
key: 720093, value: 
key: 957352, value: 
key: 604366, value: 
key: 789409, value: 
key: 82267, value: 
key: 1462, value: 
key: 447310, value: 
key: 748321, value: 
key: 52213, value: 
key: 402070, value: 
key: 671526, value: 
key: 803848, value: 
key: 295807, value: 
key: 230772, value: 
key: 204238, value: 
key: 418637, value: 
key: 924873, value: 
key: 358353, value: 
key: 98482, value: 
key: 569818, value: 
key: 492251, value: 
key: 995417, value: 
key: 476967, value: 
key: 131310, value: 
key: 133617, value: 
key: 964567, value: 
key: 753691, value: 
key: 563335, value: 
key: 186518, value: 
key: 982321, value: 
key: 743041, value: 
key: 564998, value: 
key: 345586, value: 
key: 592601, value: 
key: 713389, value: 
key: 200120, value: 
key: 936452, value: 
key: 359178, value: 
key: 693357, value: 
key: 368893, value: 
key: 818, value: 
key: 896837, value: 
key: 830488, value: 
key: 999211, value: 
key: 495014, value: 
key: 811931, value: 
key: 964893, value: 
key: 824539, value: 
key: 208243, value: 
key: 365344, value: 
key: 658365, value: 
key: 714652, value: 
key: 908040, value: 
key: 54493, value: 
key: 367472, value: 
key: 608944, value: 
key: 49099, value: 
key: 975271, value: 
key: 150432, value: 
key: 833173, value: 
key: 252590, value: 
key: 634266, value: 
key: 343689, value: 
key: 497528, value: 
key: 473229, value: 
key: 435900, value: 
key: 825590, value: 
key: 475005, value: 
key: 424294, value: 
key: 850462, value: 
key: 200582, value: 
key: 944743, value: 
key: 355794, value: 
key: 383681, value: 
key: 282472, value: 
key: 853379, value: 
key: 207099, value: 
key: 929735, value: 
key: 451793, value: 
key: 916210, value: 
key: 1978, value: 
key: 221916, value: 
key: 341281, value: 
key: 919763, value: 
key: 579286, value: 
key: 563638, value: 
key: 852620, value: 
key: 802276, value: 
key: 762262, value: 
key: 399501, value: 
key: 684090, value: 
key: 730535, value: 
key: 613960, value: 
key: 987438, value: 
key: 487280, value: 
key: 363355, value: 
key: 507102, value: 
key: 874512, value: 
key: 756694, value: 
key: 241815, value: 
key: 904624, value: 
key: 565593, value: 
key: 899487, value: 
key: 434864, value: 
key: 319817, value: 
key: 351536, value: 
key: 515716, value: 
key: 651052, value: 
key: 762583, value: 
key: 33252, value: 
key: 46854, value: 
key: 183793, value: 
key: 791310, value: 
key: 168347, value: 
key: 450532, value: 
key: 403965, value: 
key: 448328, value: 
key: 841101, value: 
key: 465824, value: 
key: 478752, value: 
key: 763977, value: 
key: 84953, value: 
key: 701807, value: 
key: 33104, value: 
key: 992605, value: 
key: 103900, value: 
key: 996160, value: 
key: 468076, value: 
key: 509245, value: 
key: 809233, value: 
key: 526534, value: 
key: 682379, value: 
key: 269460, value: 
key: 582077, value: 
key: 775271, value: 
key: 261824, value: 
key: 558399, value: 
key: 370678, value: 
key: 147638, value: 
key: 79386, value: 
key: 133257, value: 
key: 784781, value: 
key: 767265, value: 
key: 727276, value: 
key: 790517, value: 
key: 839650, value: 
key: 53252, value: 
key: 831768, value: 
key: 661291, value: 
key: 178971, value: 
key: 230242, value: 
key: 400126, value: 
key: 737042, value: 
key: 354801, value: 
key: 659649, value: 
key: 369959, value: 
key: 742811, value: 
key: 393642, value: 
key: 797051, value: 
key: 757152, value: 
key: 698583, value: 
key: 38963, value: 
key: 628632, value: 
key: 375851, value: 
key: 589131, value: 
key: 184859, value: 
key: 138715, value: 
key: 464807, value: 
key: 813166, value: 
key: 368976, value: 
key: 458907, value: 
key: 283060, value: 
key: 460438, value: 
key: 839928, value: 
key: 283345, value: 
key: 774979, value: 
key: 252060, value: 
key: 473386, value: 
key: 830071, value: 
key: 22605, value: 
key: 917826, value: 
key: 646672, value: 
key: 260140, value: 
key: 833326, value: 
key: 212688, value: 
key: 383469, value: 
key: 958380, value: 
key: 178450, value: 
key: 101171, value: 
key: 848683, value: 
key: 939099, value: 
key: 742565, value: 
key: 410813, value: 
key: 702758, value: 
key: 483129, value: 
key: 506161, value: 
key: 846173, value: 
key: 889741, value: 
key: 980428, value: 
key: 789890, value: 
key: 727962, value: 
key: 221947, value: 
key: 250107, value: 
key: 231049, value: 
key: 607464, value: 
key: 526101, value: 
key: 99470, value: 
key: 737938, value: 
key: 17490, value: 
key: 429480, value: 
key: 754764, value: 
key: 711453, value: 
key: 110018, value: 
key: 113169, value: 
key: 216707, value: 
key: 49620, value: 
key: 106204, value: 
key: 765870, value: 
key: 597891, value: 
key: 82865, value: 
key: 603712, value: 
key: 99586, value: 
key: 77555, value: 
key: 347629, value: 
key: 405501, value: 
key: 249080, value: 
key: 837443, value: 
key: 1811, value: 
key: 371079, value: 
key: 45365, value: 
key: 551046, value: 
key: 269806, value: 
key: 151286, value: 
key: 64100, value: 
key: 271511, value: 
key: 323586, value: 
key: 715488, value: 
key: 924819, value: 
key: 468494, value: 
key: 111691, value: 
key: 314034, value: 
key: 717149, value: 
key: 703227, value: 
key: 164233, value: 
key: 597707, value: 
key: 296321, value: 
key: 564954, value: 
key: 698037, value: 
key: 861594, value: 
key: 103612, value: 
key: 170656, value: 
key: 349962, value: 
key: 422962, value: 
key: 362323, value: 
key: 203394, value: 
key: 100930, value: 
key: 718953, value: 
key: 726532, value: 
key: 361308, value: 
key: 71836, value: 
key: 252248, value: 
key: 752254, value: 
key: 343548, value: 
key: 809464, value: 
key: 391488, value: 
key: 344886, value: 
key: 475269, value: 
key: 413559, value: 
key: 759644, value: 
key: 260805, value: 
key: 590379, value: 
key: 593501, value: 
key: 945315, value: 
key: 440825, value: 
key: 455744, value: 
key: 572344, value: 
key: 115956, value: 
key: 119912, value: 
key: 470972, value: 
key: 472783, value: 
key: 632161, value: 
key: 302590, value: 
key: 943010, value: 
key: 486991, value: 
key: 728936, value: 
key: 489006, value: 
key: 646469, value: 
key: 198162, value: 
key: 709852, value: 
key: 711011, value: 
key: 44472, value: 
key: 845543, value: 
key: 433195, value: 
key: 378108, value: 
key: 594577, value: 
key: 393060, value: 
key: 38620, value: 
key: 825619, value: 
key: 112777, value: 
key: 244098, value: 
key: 496592, value: 
key: 296776, value: 
key: 22623, value: 
key: 69200, value: 
key: 806892, value: 
key: 657270, value: 
key: 643466, value: 
key: 974502, value: 
key: 754722, value: 
key: 67530, value: 
key: 275391, value: 
key: 548020, value: 
key: 111822, value: 
key: 384620, value: 
key: 64777, value: 
key: 819841, value: 
key: 793163, value: 
key: 257988, value: 
key: 405657, value: 
key: 401619, value: 
key: 114843, value: 
key: 475258, value: 
key: 778584, value: 
key: 51234, value: 
key: 44083, value: 
key: 836376, value: 
key: 272459, value: 
key: 657597, value: 
key: 766770, value: 
key: 315817, value: 
key: 359950, value: 
key: 329003, value: 
key: 910056, value: 
key: 773471, value: 
key: 618653, value: 
key: 50309, value: 
key: 904608, value: 
key: 531114, value: 
key: 81772, value: 
key: 408304, value: 
key: 792674, value: 
key: 223994, value: 
key: 287590, value: 
key: 221846, value: 
key: 556076, value: 
key: 167179, value: 
key: 154986, value: 
key: 679250, value: 
key: 891027, value: 
key: 84016, value: 
key: 787133, value: 
key: 70738, value: 
key: 721751, value: 
key: 642881, value: 
key: 87574, value: 
key: 143917, value: 
key: 741472, value: 
key: 331581, value: 
key: 843341, value: 
key: 705520, value: 
key: 541939, value: 
key: 296101, value: 
key: 226186, value: 
key: 802030, value: 
key: 765524, value: 
key: 889347, value: 
key: 120165, value: 
key: 702035, value: 
key: 650015, value: 
key: 414202, value: 
key: 32950, value: 
key: 291018, value: 
key: 512559, value: 
key: 994320, value: 
key: 203057, value: 
key: 688294, value: 
key: 367122, value: 
key: 870097, value: 
key: 261578, value: 
key: 279944, value: 
key: 52334, value: 
key: 313512, value: 
key: 781117, value: 
key: 720523, value: 
key: 543557, value: 
key: 51490, value: 
key: 261800, value: 
key: 738117, value: 
key: 868373, value: 
key: 640799, value: 
key: 459153, value: 
key: 927263, value: 
key: 999785, value: 
key: 176601, value: 
key: 494932, value: 
key: 928198, value: 
key: 146848, value: 
key: 3310, value: 
key: 815179, value: 
key: 286438, value: 
key: 578755, value: 
key: 741551, value: 
key: 224814, value: 
key: 806461, value: 
key: 689244, value: 
key: 669222, value: 
key: 717242, value: 
key: 134476, value: 
key: 512201, value: 
key: 278248, value: 
key: 541562, value: 
key: 232343, value: 
key: 103809, value: 
key: 16460, value: 
key: 390081, value: 
key: 396742, value: 
key: 346251, value: 
key: 247949, value: 
key: 177015, value: 
key: 988125, value: 
key: 372665, value: 
key: 402755, value: 
key: 843239, value: 
key: 988909, value: 
key: 986183, value: 
key: 688144, value: 
key: 941779, value: 
key: 68681, value: 
key: 644942, value: 
key: 402117, value: 
key: 127557, value: 
key: 856521, value: 
key: 374764, value: 
key: 902769, value: 
key: 325281, value: 
key: 893771, value: 
key: 900257, value: 
key: 659850, value: 
key: 215342, value: 
key: 537828, value: 
key: 313299, value: 
key: 207288, value: 
key: 681954, value: 
key: 221635, value: 
key: 683738, value: 
key: 650480, value: 
key: 44421, value: 
key: 834873, value: 
key: 401794, value: 
key: 680018, value: 
key: 529955, value: 
key: 686450, value: 
key: 690662, value: 
key: 653328, value: 
key: 892185, value: 
key: 911129, value: 
key: 233618, value: 
key: 65932, value: 
key: 962288, value: 
key: 211186, value: 
key: 772878, value: 
key: 802551, value: 
key: 549838, value: 
key: 849701, value: 
key: 99670, value: 
key: 310946, value: 
key: 179769, value: 
key: 159761, value: 
key: 501876, value: 
key: 639924, value: 
key: 458871, value: 
key: 467631, value: 
key: 216628, value: 
key: 377671, value: 
key: 434006, value: 
key: 969139, value: 
key: 733604, value: 
key: 731998, value: 
key: 873162, value: 
key: 42665, value: 
key: 463000, value: 
key: 287039, value: 
key: 79539, value: 
key: 123155, value: 
key: 631379, value: 
key: 321397, value: 
key: 41646, value: 
key: 314429, value: 
key: 942657, value: 
key: 197721, value: 
key: 87671, value: 
key: 793772, value: 
key: 512067, value: 
key: 729410, value: 
key: 18222, value: 
key: 654000, value: 
key: 65453, value: 
key: 962349, value: 
key: 146545, value: 
key: 178384, value: 
key: 719336, value: 
key: 254440, value: 
key: 569317, value: 
key: 776155, value: 
key: 641622, value: 
key: 758162, value: 
key: 485475, value: 
key: 21121, value: 
key: 640591, value: 
key: 989779, value: 
key: 84759, value: 
key: 967924, value: 
key: 163603, value: 
key: 954115, value: 
key: 683480, value: 
key: 754405, value: 
key: 379356, value: 
key: 667736, value: 
key: 412239, value: 
key: 383751, value: 
key: 663200, value: 
key: 986475, value: 
key: 699551, value: 
key: 45572, value: 
key: 614394, value: 
key: 954034, value: 
key: 432271, value: 
key: 65251, value: 
key: 510607, value: 
key: 363559, value: 
key: 901331, value: 
key: 974865, value: 
key: 477805, value: 
key: 181003, value: 
key: 372313, value: 
key: 882339, value: 
key: 549162, value: 
key: 781715, value: 
key: 309324, value: 
key: 245622, value: 
key: 855364, value: 
key: 424348, value: 
key: 518849, value: 
key: 312041, value: 
key: 673601, value: 
key: 660195, value: 
key: 320734, value: 
key: 540574, value: 
key: 405134, value: 
key: 513334, value: 
key: 360132, value: 
key: 288005, value: 
key: 593701, value: 
key: 489626, value: 
key: 914742, value: 
key: 751334, value: 
key: 639254, value: 
key: 369735, value: 
key: 452116, value: 
key: 208515, value: 
key: 962846, value: 
key: 185302, value: 
key: 138753, value: 
key: 397268, value: 
key: 638794, value: 
key: 769623, value: 
key: 839559, value: 
key: 690552, value: 
key: 199028, value: 
key: 124185, value: 
key: 708815, value: 
key: 333192, value: 
key: 749315, value: 
key: 124510, value: 
key: 235674, value: 
key: 894196, value: 
key: 996483, value: 
key: 615821, value: 
key: 190412, value: 
key: 634705, value: 
key: 552753, value: 
key: 844511, value: 
key: 164080, value: 
key: 490811, value: 
key: 738490, value: 
key: 314517, value: 
key: 903944, value: 
key: 674837, value: 
key: 615447, value: 
key: 608232, value: 
key: 919754, value: 
key: 712344, value: 
key: 838466, value: 
key: 500152, value: 
key: 57416, value: 
key: 454581, value: 
key: 882834, value: 
key: 788273, value: 
key: 94358, value: 
key: 503050, value: 
key: 30121, value: 
key: 84348, value: 
key: 213375, value: 
key: 924918, value: 
key: 887567, value: 
key: 101647, value: 
key: 136137, value: 
key: 581409, value: 
key: 825279, value: 
key: 850604, value: 
key: 93245, value: 
key: 960352, value: 
key: 609026, value: 
key: 273898, value: 
key: 830844, value: 
key: 895472, value: 
key: 797666, value: 
key: 624658, value: 
key: 252459, value: 
key: 439238, value: 
key: 626553, value: 
key: 7974, value: 
key: 636154, value: 
key: 830996, value: 
key: 266667, value: 
key: 132171, value: 
key: 448955, value: 
key: 781397, value: 
key: 442018, value: 
key: 113763, value: 
key: 226612, value: 
key: 545410, value: 
key: 610688, value: 
key: 519770, value: 
key: 302932, value: 
key: 99777, value: 
key: 620977, value: 
key: 87204, value: 
key: 118333, value: 
key: 651566, value: 
key: 146369, value: 
key: 690473, value: 
key: 247200, value: 
key: 386411, value: 
key: 738690, value: 
key: 651559, value: 
key: 308646, value: 
key: 448618, value: 
key: 265549, value: 
key: 514878, value: 
key: 97317, value: 
key: 621653, value: 
key: 377369, value: 
key: 723911, value: 
key: 888717, value: 
key: 624900, value: 
key: 938601, value: 
key: 669666, value: 
key: 151596, value: 
key: 79551, value: 
key: 252558, value: 
key: 819320, value: 
key: 352638, value: 
key: 716588, value: 
key: 518171, value: 
key: 90024, value: 
key: 715972, value: 
key: 992322, value: 
key: 664528, value: 
key: 796748, value: 
key: 726820, value: 
key: 851939, value: 
key: 483497, value: 
key: 399981, value: 
key: 839445, value: 
key: 209794, value: 
key: 153495, value: 
key: 898363, value: 
key: 722211, value: 
key: 455313, value: 
key: 962170, value: 
key: 411489, value: 
key: 762572, value: 
key: 105520, value: 
key: 659885, value: 
key: 336377, value: 
key: 31641, value: 
key: 408469, value: 
key: 395563, value: 
key: 467501, value: 
key: 613652, value: 
key: 717521, value: 
key: 839863, value: 
key: 702918, value: 
key: 691852, value: 
key: 415973, value: 
key: 158711, value: 
key: 957143, value: 
key: 726147, value: 
key: 900394, value: 
key: 777644, value: 
key: 495348, value: 
key: 662939, value: 
key: 969034, value: 
key: 610361, value: 
key: 578935, value: 
key: 327487, value: 
key: 984707, value: 
key: 545452, value: 
key: 482737, value: 
key: 979497, value: 
key: 476949, value: 
key: 711103, value: 
key: 701797, value: 
key: 637937, value: 
key: 259830, value: 
key: 222667, value: 
key: 645354, value: 
key: 794537, value: 
key: 390272, value: 
key: 964107, value: 
key: 119480, value: 
key: 551, value: 
key: 568653, value: 
key: 795668, value: 
key: 443158, value: 
key: 884937, value: 
key: 340671, value: 
key: 317408, value: 
key: 783568, value: 
key: 573835, value: 
key: 256949, value: 
key: 98741, value: 
key: 549599, value: 
key: 658442, value: 
key: 61655, value: 
key: 567209, value: 
key: 554452, value: 
key: 93764, value: 
key: 13322, value: 
key: 407963, value: 
key: 303023, value: 
key: 406559, value: 
key: 246689, value: 
key: 942109, value: 
key: 39300, value: 
key: 159288, value: 
key: 296295, value: 
key: 226913, value: 
key: 61404, value: 
key: 521539, value: 
key: 753578, value: 
key: 275320, value: 
key: 54334, value: 
key: 220018, value: 
key: 43413, value: 
key: 104873, value: 
key: 550227, value: 
key: 797952, value: 
key: 780990, value: 
key: 233250, value: 
key: 333545, value: 
key: 862478, value: 
key: 918951, value: 
key: 430765, value: 
key: 154177, value: 
key: 810590, value: 
key: 554768, value: 
key: 961962, value: 
key: 86764, value: 
key: 812961, value: 
key: 339185, value: 
key: 990771, value: 
key: 194995, value: 
key: 390001, value: 
key: 898222, value: 
key: 40531, value: 
key: 356827, value: 
key: 573493, value: 
key: 368891, value: 
key: 820294, value: 
key: 498480, value: 
key: 917592, value: 
key: 711701, value: 
key: 638970, value: 
key: 949162, value: 
key: 164598, value: 
key: 920141, value: 
key: 285345, value: 
key: 186084, value: 
key: 799363, value: 
key: 349319, value: 
key: 750667, value: 
key: 673065, value: 
key: 321162, value: 
key: 96949, value: 
key: 874774, value: 
key: 942145, value: 
key: 53340, value: 
key: 760444, value: 
key: 692400, value: 
key: 302592, value: 
key: 745278, value: 
key: 373578, value: 
key: 269318, value: 
key: 541557, value: 
key: 146974, value: 
key: 897865, value: 
key: 821787, value: 
key: 108372, value: 
key: 984138, value: 
key: 32091, value: 
key: 328378, value: 
key: 85378, value: 
key: 41985, value: 
key: 264311, value: 
key: 767074, value: 
key: 712434, value: 
key: 760646, value: 
key: 463479, value: 
key: 284878, value: 
key: 968828, value: 
key: 84478, value: 
key: 827831, value: 
key: 439616, value: 
key: 126745, value: 
key: 773482, value: 
key: 605727, value: 
key: 953499, value: 
key: 214772, value: 
key: 621585, value: 
key: 712630, value: 
key: 693894, value: 
key: 695803, value: 
key: 370610, value: 
key: 264276, value: 
key: 202535, value: 
key: 635740, value: 
key: 332779, value: 
key: 792654, value: 
key: 647369, value: 
key: 430600, value: 
key: 425444, value: 
key: 810462, value: 
key: 5417, value: 
key: 513248, value: 
key: 792328, value: 
key: 927092, value: 
key: 353761, value: 
key: 864698, value: 
key: 484461, value: 
key: 250848, value: 
key: 740659, value: 
key: 455830, value: 
key: 852134, value: 
key: 712982, value: 
key: 724804, value: 
key: 111000, value: 
key: 653816, value: 
key: 679304, value: 
key: 126563, value: 
key: 410088, value: 
key: 967494, value: 
key: 876501, value: 
key: 552366, value: 
key: 23129, value: 
key: 728284, value: 
key: 68203, value: 
key: 619807, value: 
key: 621288, value: 
key: 135327, value: 
key: 28458, value: 
key: 761764, value: 
key: 77285, value: 
key: 165711, value: 
key: 472961, value: 
key: 931440, value: 
key: 256192, value: 
key: 188970, value: 
key: 281873, value: 
key: 972841, value: 
key: 443178, value: 
key: 561102, value: 
key: 224182, value: 
key: 596858, value: 
key: 28298, value: 
key: 539387, value: 
key: 907483, value: 
key: 89693, value: 
key: 137600, value: 
key: 368183, value: 
key: 994135, value: 
key: 369881, value: 
key: 603347, value: 
key: 423127, value: 
key: 716575, value: 
key: 995794, value: 
key: 66520, value: 
key: 751477, value: 
key: 444908, value: 
key: 358610, value: 
key: 970166, value: 
key: 730014, value: 
key: 645651, value: 
key: 566358, value: 
key: 913686, value: 
key: 144446, value: 
key: 649954, value: 
key: 133156, value: 
key: 635070, value: 
key: 580222, value: 
key: 900734, value: 
key: 534540, value: 
key: 326352, value: 
key: 520228, value: 
key: 118908, value: 
key: 207882, value: 
key: 714845, value: 
key: 357989, value: 
key: 554948, value: 
key: 821655, value: 
key: 691335, value: 
key: 89305, value: 
key: 633939, value: 
key: 727571, value: 
key: 299746, value: 
key: 425565, value: 
key: 398267, value: 
key: 448272, value: 
key: 206144, value: 
key: 911356, value: 
key: 177633, value: 
key: 466838, value: 
key: 598025, value: 
key: 974850, value: 
key: 498552, value: 
key: 947382, value: 
key: 159572, value: 
key: 723939, value: 
key: 204737, value: 
key: 932364, value: 
key: 282487, value: 
key: 623909, value: 
key: 680977, value: 
key: 789469, value: 
key: 498598, value: 
key: 776432, value: 
key: 853719, value: 
key: 285882, value: 
key: 615850, value: 
key: 111828, value: 
key: 29082, value: 
key: 21941, value: 
key: 720192, value: 
key: 675366, value: 
key: 844339, value: 
key: 124554, value: 
key: 367504, value: 
key: 22823, value: 
key: 733530, value: 
key: 355358, value: 
key: 518906, value: 
key: 49428, value: 
key: 197064, value: 
key: 733473, value: 
key: 584860, value: 
key: 667198, value: 
key: 190519, value: 
key: 574595, value: 
key: 592164, value: 
key: 234499, value: 
key: 755435, value: 
key: 906723, value: 
key: 169094, value: 
key: 975426, value: 
key: 542282, value: 
key: 318595, value: 
key: 134573, value: 
key: 489653, value: 
key: 171574, value: 
key: 964277, value: 
key: 229482, value: 
key: 216776, value: 
key: 535073, value: 
key: 234208, value: 
key: 827240, value: 
key: 389247, value: 
key: 223208, value: 
key: 410024, value: 
key: 414286, value: 
key: 384194, value: 
key: 260629, value: 
key: 862997, value: 
key: 641985, value: 
key: 170250, value: 
key: 739109, value: 
key: 872039, value: 
key: 138720, value: 
key: 247961, value: 
key: 915260, value: 
key: 435146, value: 
key: 601734, value: 
key: 758067, value: 
key: 144963, value: 
key: 273122, value: 
key: 380125, value: 
key: 235760, value: 
key: 370441, value: 
key: 964978, value: 
key: 478208, value: 
key: 436424, value: 
key: 809309, value: 
key: 725997, value: 
key: 311431, value: 
key: 104916, value: 
key: 646636, value: 
key: 547197, value: 
key: 207387, value: 
key: 786433, value: 
key: 772665, value: 
key: 348213, value: 
key: 73342, value: 
key: 619005, value: 
key: 183913, value: 
key: 615847, value: 
key: 973110, value: 
key: 751912, value: 
key: 505577, value: 
key: 12844, value: 
key: 460715, value: 
key: 112522, value: 
key: 109711, value: 
key: 918067, value: 
key: 228818, value: 
key: 354564, value: 
key: 546466, value: 
key: 420870, value: 
key: 443895, value: 
key: 562200, value: 
key: 281556, value: 
key: 562628, value: 
key: 624102, value: 
key: 665958, value: 
key: 939204, value: 
key: 853874, value: 
key: 779758, value: 
key: 406760, value: 
key: 137280, value: 
key: 89523, value: 
key: 945502, value: 
key: 102367, value: 
key: 843455, value: 
key: 827884, value: 
key: 994911, value: 
key: 610617, value: 
key: 126606, value: 
key: 658279, value: 
key: 503337, value: 
key: 97045, value: 
key: 792553, value: 
key: 92598, value: 
key: 20711, value: 
key: 112182, value: 
key: 959310, value: 
key: 389553, value: 
key: 450022, value: 
key: 622618, value: 
key: 913091, value: 
key: 941845, value: 
key: 240306, value: 
key: 277058, value: 
key: 625556, value: 
key: 540224, value: 
key: 659081, value: 
key: 501636, value: 
key: 346109, value: 
key: 69903, value: 
key: 574366, value: 
key: 129993, value: 
key: 244636, value: 
key: 303661, value: 
key: 434949, value: 
key: 858389, value: 
key: 850109, value: 
key: 520572, value: 
key: 926778, value: 
key: 480399, value: 
key: 416668, value: 
key: 994355, value: 
key: 828441, value: 
key: 885831, value: 
key: 260304, value: 
key: 956801, value: 
key: 706754, value: 
key: 358313, value: 
key: 599578, value: 
key: 346763, value: 
key: 700046, value: 
key: 998360, value: 
key: 468063, value: 
key: 988303, value: 
key: 800593, value: 
key: 731040, value: 
key: 717017, value: 
key: 687970, value: 
key: 731413, value: 
key: 599730, value: 
key: 968228, value: 
key: 85714, value: 
key: 762972, value: 
key: 106042, value: 
key: 768608, value: 
key: 459252, value: 
key: 891782, value: 
key: 998120, value: 
key: 413489, value: 
key: 480610, value: 
key: 728260, value: 
key: 344075, value: 
key: 444096, value: 
key: 538632, value: 
key: 239735, value: 
key: 385780, value: 
key: 29473, value: 
key: 419805, value: 
key: 573231, value: 
key: 135783, value: 
key: 800816, value: 
key: 594786, value: 
key: 786233, value: 
key: 156939, value: 
key: 899724, value: 
key: 227321, value: 
key: 682609, value: 
key: 970249, value: 
key: 583667, value: 
key: 823174, value: 
key: 126125, value: 
key: 709465, value: 
key: 757219, value: 
key: 934429, value: 
key: 782547, value: 
key: 780086, value: 
key: 876086, value: 
key: 942976, value: 
key: 653339, value: 
key: 44805, value: 
key: 130535, value: 
key: 366734, value: 
key: 952533, value: 
key: 300484, value: 
key: 552470, value: 
key: 298897, value: 
key: 408757, value: 
key: 174683, value: 
key: 920312, value: 
key: 958638, value: 
key: 848715, value: 
key: 934562, value: 
key: 575703, value: 
key: 910607, value: 
key: 416868, value: 
key: 566776, value: 
key: 6739, value: 
key: 315323, value: 
key: 435524, value: 
key: 283181, value: 
key: 724503, value: 
key: 184501, value: 
key: 463709, value: 
key: 308031, value: 
key: 616936, value: 
key: 202340, value: 
key: 645273, value: 
key: 142833, value: 
key: 635685, value: 
key: 661677, value: 
key: 568277, value: 
key: 150825, value: 
key: 499760, value: 
key: 72585, value: 
key: 236176, value: 
key: 793242, value: 
key: 450037, value: 
key: 198856, value: 
key: 783247, value: 
key: 986402, value: 
key: 445059, value: 
key: 467503, value: 
key: 656657, value: 
key: 460799, value: 
key: 492697, value: 
key: 36396, value: 
key: 498789, value: 
key: 110834, value: 
key: 92897, value: 
key: 516029, value: 
key: 503377, value: 
key: 491463, value: 
key: 302743, value: 
key: 383887, value: 
key: 371651, value: 
key: 117495, value: 
key: 904363, value: 
key: 294826, value: 
key: 540653, value: 
key: 577017, value: 
key: 667808, value: 
key: 186682, value: 
key: 255261, value: 
key: 289824, value: 
key: 107571, value: 
key: 786462, value: 
key: 408034, value: 
key: 527281, value: 
key: 715268, value: 
key: 69828, value: 
key: 701957, value: 
key: 415078, value: 
key: 852824, value: 
key: 169054, value: 
key: 999521, value: 
key: 900237, value: 
key: 116193, value: 
key: 485581, value: 
key: 66289, value: 
key: 92851, value: 
key: 239184, value: 
key: 202203, value: 
key: 928169, value: 
key: 253263, value: 
key: 114360, value: 
key: 481123, value: 
key: 684629, value: 
key: 379943, value: 
key: 557101, value: 
key: 599477, value: 
key: 865480, value: 
key: 765580, value: 
key: 886265, value: 
key: 544929, value: 
key: 892499, value: 
key: 35809, value: 
key: 150874, value: 
key: 235667, value: 
key: 718511, value: 
key: 649899, value: 
key: 872370, value: 
key: 621716, value: 
key: 233241, value: 
key: 401884, value: 
key: 613807, value: 
key: 106013, value: 
key: 515020, value: 
key: 995422, value: 
key: 754124, value: 
key: 700680, value: 
key: 524273, value: 
key: 830671, value: 
key: 705946, value: 
key: 754551, value: 
key: 540714, value: 
key: 125935, value: 
key: 622276, value: 
key: 335613, value: 
key: 834336, value: 
key: 121500, value: 
key: 703045, value: 
key: 966981, value: 
key: 9949, value: 
key: 568916, value: 
key: 811805, value: 
key: 189610, value: 
key: 489967, value: 
key: 239144, value: 
key: 512155, value: 
key: 702015, value: 
key: 318993, value: 
key: 214066, value: 
key: 230466, value: 
key: 626232, value: 
key: 857641, value: 
key: 494442, value: 
key: 931989, value: 
key: 550407, value: 
key: 207558, value: 
key: 744895, value: 
key: 138801, value: 
key: 467743, value: 
key: 639186, value: 
key: 546730, value: 
key: 758052, value: 
key: 444098, value: 
key: 779266, value: 
key: 709296, value: 
key: 687303, value: 
key: 973280, value: 
key: 923193, value: 
key: 355899, value: 
key: 660193, value: 
key: 179385, value: 
key: 244784, value: 
key: 126499, value: 
key: 54284, value: 
key: 579569, value: 
key: 283981, value: 
key: 54776, value: 
key: 297377, value: 
key: 169489, value: 
key: 577015, value: 
key: 15742, value: 
key: 914830, value: 
key: 519891, value: 
key: 948882, value: 
key: 70828, value: 
key: 784565, value: 
key: 582039, value: 
key: 362459, value: 
key: 472073, value: 
key: 887710, value: 
key: 435652, value: 
key: 583997, value: 
key: 624544, value: 
key: 124037, value: 
key: 111677, value: 
key: 669200, value: 
key: 178654, value: 
key: 586534, value: 
key: 441927, value: 
key: 174836, value: 
key: 427404, value: 
key: 202603, value: 
key: 994094, value: 
key: 964336, value: 
key: 491485, value: 
key: 840155, value: 
key: 98080, value: 
key: 867080, value: 
key: 600379, value: 
key: 929270, value: 
key: 314704, value: 
key: 46694, value: 
key: 77986, value: 
key: 437827, value: 
key: 63712, value: 
key: 294211, value: 
key: 179994, value: 
key: 283213, value: 
key: 427914, value: 
key: 411243, value: 
key: 752197, value: 
key: 102662, value: 
key: 183788, value: 
key: 887189, value: 
key: 488113, value: 
key: 805547, value: 
key: 285507, value: 
key: 3141, value: 
key: 886568, value: 
key: 888430, value: 
key: 764062, value: 
key: 483222, value: 
key: 638426, value: 
key: 657100, value: 
key: 134375, value: 
key: 909276, value: 
key: 313493, value: 
key: 80999, value: 
key: 734937, value: 
key: 501777, value: 
key: 754959, value: 
key: 870482, value: 
key: 170988, value: 
key: 676275, value: 
key: 788600, value: 
key: 810127, value: 
key: 186800, value: 
key: 736243, value: 
key: 903852, value: 
key: 973655, value: 
key: 431588, value: 
key: 635142, value: 
key: 213054, value: 
key: 437553, value: 
key: 961285, value: 
key: 758366, value: 
key: 340398, value: 
key: 140053, value: 
key: 398467, value: 
key: 269657, value: 
key: 144376, value: 
key: 580219, value: 
key: 191866, value: 
key: 775844, value: 
key: 649662, value: 
key: 661390, value: 
key: 350919, value: 
key: 981834, value: 
key: 727182, value: 
key: 168721, value: 
key: 345425, value: 
key: 680269, value: 
key: 439153, value: 
key: 652231, value: 
key: 122150, value: 
key: 414765, value: 
key: 530429, value: 
key: 705634, value: 
key: 811649, value: 
key: 233902, value: 
key: 380501, value: 
key: 369452, value: 
key: 468304, value: 
key: 386080, value: 
key: 417553, value: 
key: 774074, value: 
key: 937930, value: 
key: 295177, value: 
key: 961054, value: 
key: 577846, value: 
key: 225563, value: 
key: 895281, value: 
key: 381416, value: 
key: 218767, value: 
key: 709740, value: 
key: 55171, value: 
key: 24854, value: 
key: 336069, value: 
key: 500996, value: 
key: 182903, value: 
key: 577039, value: 
key: 613463, value: 
key: 489550, value: 
key: 973860, value: 
key: 523454, value: 
key: 186110, value: 
key: 599561, value: 
key: 13667, value: 
key: 646232, value: 
key: 428722, value: 
key: 965595, value: 
key: 504040, value: 
key: 177653, value: 
key: 593277, value: 
key: 397545, value: 
key: 608577, value: 
key: 825204, value: 
key: 120107, value: 
key: 441378, value: 
key: 303489, value: 
key: 881770, value: 
key: 225169, value: 
key: 504194, value: 
key: 704239, value: 
key: 463091, value: 
key: 206582, value: 
key: 85060, value: 
key: 93489, value: 
key: 965490, value: 
key: 551486, value: 
key: 916511, value: 
key: 147832, value: 
key: 5532, value: 
key: 20380, value: 
key: 294170, value: 
key: 231076, value: 
key: 948774, value: 
key: 685864, value: 
key: 521072, value: 
key: 712005, value: 
key: 375486, value: 
key: 243712, value: 
key: 362149, value: 
key: 707081, value: 
key: 886898, value: 
key: 773772, value: 
key: 50901, value: 
key: 848773, value: 
key: 830398, value: 
key: 199839, value: 
key: 897111, value: 
key: 738571, value: 
key: 668665, value: 
key: 904868, value: 
key: 36237, value: 
key: 676996, value: 
key: 85644, value: 
key: 924839, value: 
key: 112218, value: 
key: 72976, value: 
key: 758522, value: 
key: 932214, value: 
key: 945711, value: 
key: 170405, value: 
key: 393558, value: 
key: 76282, value: 
key: 487907, value: 
key: 471913, value: 
key: 47282, value: 
key: 303403, value: 
key: 876343, value: 
key: 828957, value: 
key: 167858, value: 
key: 21686, value: 
key: 63671, value: 
key: 610806, value: 
key: 509841, value: 
key: 739392, value: 
key: 310995, value: 
key: 937367, value: 
key: 983621, value: 
key: 682005, value: 
key: 802795, value: 
key: 158650, value: 
key: 454181, value: 
key: 312212, value: 
key: 133606, value: 
key: 531613, value: 
key: 652222, value: 
key: 373253, value: 
key: 835171, value: 
key: 4836, value: 
key: 512122, value: 
key: 597699, value: 
key: 812284, value: 
key: 963412, value: 
key: 526378, value: 
key: 676671, value: 
key: 659740, value: 
key: 687721, value: 
key: 104280, value: 
key: 717758, value: 
key: 320039, value: 
key: 810107, value: 
key: 969489, value: 
key: 131817, value: 
key: 669008, value: 
key: 915851, value: 
key: 23671, value: 
key: 249088, value: 
key: 182426, value: 
key: 563715, value: 
key: 238288, value: 
key: 855607, value: 
key: 43723, value: 
key: 646122, value: 
key: 511367, value: 
key: 222683, value: 
key: 742954, value: 
key: 588505, value: 
key: 262793, value: 
key: 725753, value: 
key: 640227, value: 
key: 725739, value: 
key: 793442, value: 
key: 420964, value: 
key: 745272, value: 
key: 22892, value: 
key: 941496, value: 
key: 556940, value: 
key: 650523, value: 
key: 695216, value: 
key: 553446, value: 
key: 626324, value: 
key: 325627, value: 
key: 581036, value: 
key: 960295, value: 
key: 183232, value: 
key: 213115, value: 
key: 443112, value: 
key: 550108, value: 
key: 168673, value: 
key: 871986, value: 
key: 40841, value: 
key: 81596, value: 
key: 402777, value: 
key: 740374, value: 
key: 480021, value: 
key: 362723, value: 
key: 417641, value: 
key: 135790, value: 
key: 937206, value: 
key: 914900, value: 
key: 420894, value: 
key: 693142, value: 
key: 263422, value: 
key: 254354, value: 
key: 913040, value: 
key: 275935, value: 
key: 824995, value: 
key: 97346, value: 
key: 129133, value: 
key: 871908, value: 
key: 341834, value: 
key: 654857, value: 
key: 80067, value: 
key: 998429, value: 
key: 661855, value: 
key: 438297, value: 
key: 404441, value: 
key: 198379, value: 
key: 882504, value: 
key: 42252, value: 
key: 101425, value: 
key: 9440, value: 
key: 282142, value: 
key: 520949, value: 
key: 828296, value: 
key: 123724, value: 
key: 464281, value: 
key: 942341, value: 
key: 563212, value: 
key: 904385, value: 
key: 791381, value: 
key: 389807, value: 
key: 469295, value: 
key: 211272, value: 
key: 357462, value: 
key: 860584, value: 
key: 842568, value: 
key: 224162, value: 
key: 772063, value: 
key: 502831, value: 
key: 377808, value: 
key: 195686, value: 
key: 858891, value: 
key: 491896, value: 
key: 112120, value: 
key: 416404, value: 
key: 498477, value: 
key: 135585, value: 
key: 540378, value: 
key: 95708, value: 
key: 807493, value: 
key: 306734, value: 
key: 160965, value: 
key: 971329, value: 
key: 807404, value: 
key: 950465, value: 
key: 253144, value: 
key: 795853, value: 
key: 639261, value: 
key: 610220, value: 
key: 406089, value: 
key: 302536, value: 
key: 40579, value: 
key: 865918, value: 
key: 197037, value: 
key: 185438, value: 
key: 629866, value: 
key: 286456, value: 
key: 116265, value: 
key: 974407, value: 
key: 576623, value: 
key: 702855, value: 
key: 756128, value: 
key: 922651, value: 
key: 411047, value: 
key: 997479, value: 
key: 692828, value: 
key: 645686, value: 
key: 940204, value: 
key: 750274, value: 
key: 59777, value: 
key: 894608, value: 
key: 443343, value: 
key: 899210, value: 
key: 592678, value: 
key: 127016, value: 
key: 890547, value: 
key: 340965, value: 
key: 1929, value: 
key: 99153, value: 
key: 410978, value: 
key: 705975, value: 
key: 306338, value: 
key: 353895, value: 
key: 176256, value: 
key: 357774, value: 
key: 481251, value: 
key: 376559, value: 
key: 147591, value: 
key: 532841, value: 
key: 770461, value: 
key: 38008, value: 
key: 947762, value: 
key: 232668, value: 
key: 556658, value: 
key: 748862, value: 
key: 152216, value: 
key: 533497, value: 
key: 134670, value: 
key: 746802, value: 
key: 579437, value: 
key: 798908, value: 
key: 535004, value: 
key: 232200, value: 
key: 36178, value: 
key: 102471, value: 
key: 768369, value: 
key: 906413, value: 
key: 443062, value: 
key: 635999, value: 
key: 975356, value: 
key: 262285, value: 
key: 751116, value: 
key: 932078, value: 
key: 548842, value: 
key: 359776, value: 
key: 157969, value: 
key: 481958, value: 
key: 133086, value: 
key: 197736, value: 
key: 755251, value: 
key: 129513, value: 
key: 396276, value: 
key: 707964, value: 
key: 79474, value: 
key: 281420, value: 
key: 160190, value: 
key: 384677, value: 
key: 788000, value: 
key: 639687, value: 
key: 158773, value: 
key: 282715, value: 
key: 453788, value: 
key: 617689, value: 
key: 60654, value: 
key: 401187, value: 
key: 745744, value: 
key: 316597, value: 
key: 452743, value: 
key: 338083, value: 
key: 345926, value: 
key: 210101, value: 
key: 388211, value: 
key: 211520, value: 
key: 837421, value: 
key: 475481, value: 
key: 617603, value: 
key: 705001, value: 
key: 276028, value: 
key: 816510, value: 
key: 251306, value: 
key: 714395, value: 
key: 79414, value: 
key: 769692, value: 
key: 868012, value: 
key: 473368, value: 
key: 924998, value: 
key: 159567, value: 
key: 140901, value: 
key: 914786, value: 
key: 540314, value: 
key: 16756, value: 
key: 191853, value: 
key: 313844, value: 
key: 481266, value: 
key: 110111, value: 
key: 103834, value: 
key: 517260, value: 
key: 244539, value: 
key: 333400, value: 
key: 393688, value: 
key: 282700, value: 
key: 147665, value: 
key: 356445, value: 
key: 425835, value: 
key: 503603, value: 
key: 408874, value: 
key: 316335, value: 
key: 97546, value: 
key: 318171, value: 
key: 893863, value: 
key: 977693, value: 
key: 389814, value: 
key: 829237, value: 
key: 46179, value: 
key: 530900, value: 
key: 802955, value: 
key: 250981, value: 
key: 111521, value: 
key: 830709, value: 
key: 227754, value: 
key: 750966, value: 
key: 683677, value: 
key: 144611, value: 
key: 315176, value: 
key: 215117, value: 
key: 913767, value: 
key: 907203, value: 
key: 188886, value: 
key: 760585, value: 
key: 838390, value: 
key: 994795, value: 
key: 656202, value: 
key: 960796, value: 
key: 47619, value: 
key: 406652, value: 
key: 853230, value: 
key: 242656, value: 
key: 292615, value: 
key: 715518, value: 
key: 449747, value: 
key: 713480, value: 
key: 925265, value: 
key: 850222, value: 
key: 270767, value: 
key: 410237, value: 
key: 958094, value: 
key: 526666, value: 
key: 863028, value: 
key: 907591, value: 
key: 545096, value: 
key: 120356, value: 
key: 77799, value: 
key: 509362, value: 
key: 357132, value: 
key: 496530, value: 
key: 377466, value: 
key: 636947, value: 
key: 377385, value: 
key: 476981, value: 
key: 660548, value: 
key: 807961, value: 
key: 403017, value: 
key: 884458, value: 
key: 829798, value: 
key: 213117, value: 
key: 121229, value: 
key: 167106, value: 
key: 877128, value: 
key: 422470, value: 
key: 131703, value: 
key: 643220, value: 
key: 951277, value: 
key: 413090, value: 
key: 90996, value: 
key: 112427, value: 
key: 198887, value: 
key: 126736, value: 
key: 237023, value: 
key: 7196, value: 
key: 207626, value: 
key: 591402, value: 
key: 557439, value: 
key: 722352, value: 
key: 407383, value: 
key: 552951, value: 
key: 321564, value: 
key: 883011, value: 
key: 812552, value: 
key: 857375, value: 
key: 167753, value: 
key: 879764, value: 
key: 828704, value: 
key: 904190, value: 
key: 489532, value: 
key: 298916, value: 
key: 59391, value: 
key: 828072, value: 
key: 82856, value: 
key: 934179, value: 
key: 515936, value: 
key: 605598, value: 
key: 60818, value: 
key: 114403, value: 
key: 349371, value: 
key: 796076, value: 
key: 986772, value: 
key: 674136, value: 
key: 117460, value: 
key: 835544, value: 
key: 605965, value: 
key: 822010, value: 
key: 462465, value: 
key: 287972, value: 
key: 694040, value: 
key: 267738, value: 
key: 649998, value: 
key: 21806, value: 
key: 392346, value: 
key: 307144, value: 
key: 551019, value: 
key: 469110, value: 
key: 385021, value: 
key: 971985, value: 
key: 69246, value: 
key: 61846, value: 
key: 168950, value: 
key: 40737, value: 
key: 427464, value: 
key: 808915, value: 
key: 939840, value: 
key: 536001, value: 
key: 891180, value: 
key: 322677, value: 
key: 360572, value: 
key: 896123, value: 
key: 220575, value: 
key: 609130, value: 
key: 632279, value: 
key: 82289, value: 
key: 929979, value: 
key: 66627, value: 
key: 939222, value: 
key: 366235, value: 
key: 812352, value: 
key: 431854, value: 
key: 299816, value: 
key: 867121, value: 
key: 407570, value: 
key: 417357, value: 
key: 502763, value: 
key: 649844, value: 
key: 968990, value: 
key: 74325, value: 
key: 236936, value: 
key: 757147, value: 
key: 406281, value: 
key: 317541, value: 
key: 544000, value: 
key: 121300, value: 
key: 676314, value: 
key: 246791, value: 
key: 778276, value: 
key: 990146, value: 
key: 418820, value: 
key: 934614, value: 
key: 119086, value: 
key: 193103, value: 
key: 88146, value: 
key: 176845, value: 
key: 335262, value: 
key: 343506, value: 
key: 985139, value: 
key: 670912, value: 
key: 846043, value: 
key: 911341, value: 
key: 14644, value: 
key: 322914, value: 
key: 535499, value: 
key: 897933, value: 
key: 598692, value: 
key: 921850, value: 
key: 350122, value: 
key: 30606, value: 
key: 557024, value: 
key: 852820, value: 
key: 390269, value: 
key: 344787, value: 
key: 664012, value: 
key: 362462, value: 
key: 861660, value: 
key: 244704, value: 
key: 93766, value: 
key: 19038, value: 
key: 64515, value: 
key: 216828, value: 
key: 678161, value: 
key: 593873, value: 
key: 602197, value: 
key: 80779, value: 
key: 370782, value: 
key: 761489, value: 
key: 294057, value: 
key: 974207, value: 
key: 237353, value: 
key: 9275, value: 
key: 572511, value: 
key: 238334, value: 
key: 748248, value: 
key: 532559, value: 
key: 662216, value: 
key: 962925, value: 
key: 154980, value: 
key: 576331, value: 
key: 127333, value: 
key: 170207, value: 
key: 435379, value: 
key: 489646, value: 
key: 990702, value: 
key: 966158, value: 
key: 248382, value: 
key: 105711, value: 
key: 615575, value: 
key: 744192, value: 
key: 923098, value: 
key: 376959, value: 
key: 487350, value: 
key: 465622, value: 
key: 923388, value: 
key: 159093, value: 
key: 914788, value: 
key: 571374, value: 
key: 701317, value: 
key: 149700, value: 
key: 76127, value: 
key: 424542, value: 
key: 269174, value: 
key: 436655, value: 
key: 959730, value: 
key: 320628, value: 
key: 182080, value: 
key: 161946, value: 
key: 321384, value: 
key: 486960, value: 
key: 508914, value: 
key: 397312, value: 
key: 769467, value: 
key: 739004, value: 
key: 417038, value: 
key: 250936, value: 
key: 777950, value: 
key: 890318, value: 
key: 237421, value: 
key: 378238, value: 
key: 755855, value: 
key: 210770, value: 
key: 985883, value: 
key: 564598, value: 
key: 463460, value: 
key: 92592, value: 
key: 958898, value: 
key: 209695, value: 
key: 797961, value: 
key: 866223, value: 
key: 477638, value: 
key: 491931, value: 
key: 835904, value: 
key: 801495, value: 
key: 665770, value: 
key: 25062, value: 
key: 821178, value: 
key: 298697, value: 
key: 408447, value: 
key: 9039, value: 
key: 390795, value: 
key: 142802, value: 
key: 160169, value: 
key: 690031, value: 
key: 371688, value: 
key: 351330, value: 
key: 298217, value: 
key: 283031, value: 
key: 393260, value: 
key: 278505, value: 
key: 916647, value: 
key: 981500, value: 
key: 978023, value: 
key: 877339, value: 
key: 297203, value: 
key: 41857, value: 
key: 476305, value: 
key: 900413, value: 
key: 503067, value: 
key: 198755, value: 
key: 287150, value: 
key: 123654, value: 
key: 695519, value: 
key: 523067, value: 
key: 39775, value: 
key: 874608, value: 
key: 39546, value: 
key: 753082, value: 
key: 278691, value: 
key: 565722, value: 
key: 790232, value: 
key: 514760, value: 
key: 521618, value: 
key: 107029, value: 
key: 190313, value: 
key: 621600, value: 
key: 349544, value: 
key: 865635, value: 
key: 519972, value: 
key: 253302, value: 
key: 223509, value: 
key: 729393, value: 
key: 264049, value: 
key: 15641, value: 
key: 481839, value: 
key: 934537, value: 
key: 306226, value: 
key: 813623, value: 
key: 653054, value: 
key: 819292, value: 
key: 943957, value: 
key: 592577, value: 
key: 540521, value: 
key: 928659, value: 
key: 796861, value: 
key: 556610, value: 
key: 644562, value: 
key: 13267, value: 
key: 597921, value: 
key: 504835, value: 
key: 325065, value: 
key: 937354, value: 
key: 621022, value: 
key: 138021, value: 
key: 485442, value: 
key: 323494, value: 
key: 76914, value: 
key: 897953, value: 
key: 733934, value: 
key: 49484, value: 
key: 371156, value: 
key: 696435, value: 
key: 11243, value: 
key: 552818, value: 
key: 951820, value: 
key: 918681, value: 
key: 319703, value: 
key: 967904, value: 
key: 126019, value: 
key: 102277, value: 
key: 763450, value: 
key: 77779, value: 
key: 789599, value: 
key: 158515, value: 
key: 997288, value: 
key: 436303, value: 
key: 375103, value: 
key: 306211, value: 
key: 825446, value: 
key: 773930, value: 
key: 461839, value: 
key: 59788, value: 
key: 586932, value: 
key: 975444, value: 
key: 133507, value: 
key: 615713, value: 
key: 101740, value: 
key: 424445, value: 
key: 619197, value: 
key: 498242, value: 
key: 349559, value: 
key: 607974, value: 
key: 185821, value: 
key: 605338, value: 
key: 894013, value: 
key: 379152, value: 
key: 172867, value: 
key: 875599, value: 
key: 675038, value: 
key: 92589, value: 
key: 269206, value: 
key: 874624, value: 
key: 385940, value: 
key: 764381, value: 
key: 663712, value: 
key: 431865, value: 
key: 834718, value: 
key: 634343, value: 
key: 680759, value: 
key: 622357, value: 
key: 479416, value: 
key: 447949, value: 
key: 662867, value: 
key: 448320, value: 
key: 614275, value: 
key: 86159, value: 
key: 662074, value: 
key: 926439, value: 
key: 340790, value: 
key: 664407, value: 
key: 163579, value: 
key: 422409, value: 
key: 235276, value: 
key: 520129, value: 
key: 60331, value: 
key: 273636, value: 
key: 97449, value: 
key: 692538, value: 
key: 834518, value: 
key: 90608, value: 
key: 674774, value: 
key: 169005, value: 
key: 374670, value: 
key: 50260, value: 
key: 658716, value: 
key: 352858, value: 
key: 842605, value: 
key: 149005, value: 
key: 49178, value: 
key: 16408, value: 
key: 444458, value: 
key: 194379, value: 
key: 474903, value: 
key: 767441, value: 
key: 249051, value: 
key: 889141, value: 
key: 134614, value: 
key: 274293, value: 
key: 888302, value: 
key: 214565, value: 
key: 919608, value: 
key: 469181, value: 
key: 248414, value: 
key: 74819, value: 
key: 699900, value: 
key: 678501, value: 
key: 80902, value: 
key: 230233, value: 
key: 721188, value: 
key: 158331, value: 
key: 730258, value: 
key: 710586, value: 
key: 200566, value: 
key: 580578, value: 
key: 471739, value: 
key: 357116, value: 
key: 325287, value: 
key: 412914, value: 
key: 606368, value: 
key: 943106, value: 
key: 548552, value: 
key: 373107, value: 
key: 626706, value: 
key: 18600, value: 
key: 402409, value: 
key: 14534, value: 
key: 979107, value: 
key: 903137, value: 
key: 370584, value: 
key: 160372, value: 
key: 285237, value: 
key: 984767, value: 
key: 461651, value: 
key: 665899, value: 
key: 93650, value: 
key: 810116, value: 
key: 176968, value: 
key: 2357, value: 
key: 586488, value: 
key: 891740, value: 
key: 879144, value: 
key: 25622, value: 
key: 548109, value: 
key: 208021, value: 
key: 871643, value: 
key: 837908, value: 
key: 841365, value: 
key: 907281, value: 
key: 243196, value: 
key: 572232, value: 
key: 633403, value: 
key: 29611, value: 
key: 169944, value: 
key: 97131, value: 
key: 421781, value: 
key: 399013, value: 
key: 570544, value: 
key: 74943, value: 
key: 580693, value: 
key: 397110, value: 
key: 585241, value: 
key: 401448, value: 
key: 234219, value: 
key: 281673, value: 
key: 99216, value: 
key: 15298, value: 
key: 819249, value: 
key: 122093, value: 
key: 946222, value: 
key: 555949, value: 
key: 86344, value: 
key: 954878, value: 
key: 919329, value: 
key: 625879, value: 
key: 412082, value: 
key: 984235, value: 
key: 806630, value: 
key: 52709, value: 
key: 357307, value: 
key: 255764, value: 
key: 268243, value: 
key: 627198, value: 
key: 176137, value: 
key: 727537, value: 
key: 272501, value: 
key: 249657, value: 
key: 73159, value: 
key: 167924, value: 
key: 160435, value: 
key: 401910, value: 
key: 988462, value: 
key: 843075, value: 
key: 803406, value: 
key: 492615, value: 
key: 526392, value: 
key: 658000, value: 
key: 880267, value: 
key: 50411, value: 
key: 55652, value: 
key: 252956, value: 
key: 81103, value: 
key: 761698, value: 
key: 147199, value: 
key: 684384, value: 
key: 176751, value: 
key: 688146, value: 
key: 1222, value: 
key: 225172, value: 
key: 96606, value: 
key: 187308, value: 
key: 456222, value: 
key: 200131, value: 
key: 523421, value: 
key: 422663, value: 
key: 52123, value: 
key: 799877, value: 
key: 655797, value: 
key: 110805, value: 
key: 917839, value: 
key: 784554, value: 
key: 370959, value: 
key: 873713, value: 
key: 507500, value: 
key: 662368, value: 
key: 992984, value: 
key: 59966, value: 
key: 279270, value: 
key: 996788, value: 
key: 282326, value: 
key: 591684, value: 
key: 481833, value: 
key: 909359, value: 
key: 711703, value: 
key: 966985, value: 
key: 497935, value: 
key: 546974, value: 
key: 918683, value: 
key: 504378, value: 
key: 129197, value: 
key: 569249, value: 
key: 629468, value: 
key: 861080, value: 
key: 318148, value: 
key: 956410, value: 
key: 546, value: 
key: 676453, value: 
key: 157585, value: 
key: 5712, value: 
key: 189447, value: 
key: 289217, value: 
key: 256659, value: 
key: 152379, value: 
key: 567052, value: 
key: 808650, value: 
key: 659951, value: 
key: 156373, value: 
key: 893939, value: 
key: 510029, value: 
key: 984068, value: 
key: 700015, value: 
key: 893001, value: 
key: 989388, value: 
key: 396173, value: 
key: 438138, value: 
key: 589447, value: 
key: 785546, value: 
key: 206056, value: 
key: 853748, value: 
key: 725474, value: 
key: 183971, value: 
key: 363300, value: 
key: 787346, value: 
key: 5729, value: 
key: 351677, value: 
key: 944668, value: 
key: 134357, value: 
key: 833902, value: 
key: 409088, value: 
key: 937156, value: 
key: 387870, value: 
key: 42746, value: 
key: 811375, value: 
key: 950858, value: 
key: 762862, value: 
key: 638138, value: 
key: 835894, value: 
key: 68227, value: 
key: 683192, value: 
key: 633023, value: 
key: 385928, value: 
key: 502318, value: 
key: 848991, value: 
key: 833465, value: 
key: 701917, value: 
key: 765515, value: 
key: 559321, value: 
key: 853447, value: 
key: 484975, value: 
key: 847079, value: 
key: 23927, value: 
key: 234958, value: 
key: 974717, value: 
key: 157729, value: 
key: 536188, value: 
key: 390265, value: 
key: 739068, value: 
key: 992889, value: 
key: 835054, value: 
key: 485482, value: 
key: 888531, value: 
key: 382138, value: 
key: 644878, value: 
key: 399660, value: 
key: 434446, value: 
key: 996218, value: 
key: 239467, value: 
key: 425776, value: 
key: 781250, value: 
key: 350360, value: 
key: 523838, value: 
key: 756937, value: 
key: 434934, value: 
key: 584336, value: 
key: 384006, value: 
key: 130063, value: 
key: 800469, value: 
key: 394629, value: 
key: 742282, value: 
key: 542196, value: 
key: 634824, value: 
key: 351062, value: 
key: 811269, value: 
key: 237258, value: 
key: 927100, value: 
key: 17081, value: 
key: 273324, value: 
key: 497814, value: 
key: 596216, value: 
key: 992672, value: 
key: 101953, value: 
key: 78514, value: 
key: 792465, value: 
key: 943179, value: 
key: 590652, value: 
key: 525285, value: 
key: 756162, value: 
key: 171585, value: 
key: 524622, value: 
key: 984756, value: 
key: 297054, value: 
key: 825316, value: 
key: 672444, value: 
key: 903465, value: 
key: 692468, value: 
key: 520374, value: 
key: 513774, value: 
key: 505858, value: 
key: 477782, value: 
key: 61073, value: 
key: 248535, value: 
key: 360466, value: 
key: 988277, value: 
key: 161830, value: 
key: 419414, value: 
key: 772809, value: 
key: 40944, value: 
key: 761049, value: 
key: 157673, value: 
key: 608034, value: 
key: 931066, value: 
key: 980705, value: 
key: 297559, value: 
key: 105991, value: 
key: 98213, value: 
key: 791329, value: 
key: 356252, value: 
key: 135107, value: 
key: 593989, value: 
key: 557176, value: 
key: 617874, value: 
key: 577165, value: 
key: 46522, value: 
key: 311190, value: 
key: 776586, value: 
key: 751620, value: 
key: 299654, value: 
key: 553044, value: 
key: 192973, value: 
key: 865378, value: 
key: 730041, value: 
key: 834220, value: 
key: 656035, value: 
key: 366325, value: 
key: 981269, value: 
key: 963003, value: 
key: 422522, value: 
key: 81514, value: 
key: 696064, value: 
key: 381391, value: 
key: 537459, value: 
key: 54019, value: 
key: 767007, value: 
key: 285150, value: 
key: 178263, value: 
key: 925522, value: 
key: 861529, value: 
key: 14916, value: 
key: 406681, value: 
key: 897799, value: 
key: 236015, value: 
key: 803930, value: 
key: 836080, value: 
key: 646386, value: 
key: 977817, value: 
key: 18651, value: 
key: 929560, value: 
key: 79809, value: 
key: 69444, value: 
key: 66252, value: 
key: 867860, value: 
key: 101382, value: 
key: 75656, value: 
key: 265110, value: 
key: 1718, value: 
key: 86733, value: 
key: 68487, value: 
key: 797446, value: 
key: 505748, value: 
key: 566976, value: 
key: 656693, value: 
key: 2261, value: 
key: 526406, value: 
key: 446508, value: 
key: 133912, value: 
key: 428702, value: 
key: 193583, value: 
key: 662762, value: 
key: 243732, value: 
key: 101885, value: 
key: 358847, value: 
key: 204601, value: 
key: 565005, value: 
key: 445024, value: 
key: 668515, value: 
key: 388743, value: 
key: 815953, value: 
key: 634114, value: 
key: 620940, value: 
key: 625734, value: 
key: 783153, value: 
key: 457450, value: 
key: 85101, value: 
key: 889703, value: 
key: 19159, value: 
key: 366406, value: 
key: 516728, value: 
key: 347410, value: 
key: 18255, value: 
key: 47365, value: 
key: 883039, value: 
key: 614233, value: 
key: 674228, value: 
key: 987397, value: 
key: 487974, value: 
key: 755806, value: 
key: 811838, value: 
key: 367173, value: 
key: 464519, value: 
key: 851225, value: 
key: 155268, value: 
key: 243400, value: 
key: 832370, value: 
key: 943081, value: 
key: 133466, value: 
key: 585676, value: 
key: 796414, value: 
key: 757402, value: 
key: 912027, value: 
key: 63819, value: 
key: 92374, value: 
key: 9226, value: 
key: 203774, value: 
key: 489776, value: 
key: 989126, value: 
key: 249642, value: 
key: 846986, value: 
key: 482283, value: 
key: 298408, value: 
key: 277812, value: 
key: 319334, value: 
key: 982510, value: 
key: 934573, value: 
key: 336953, value: 
key: 502666, value: 
key: 103753, value: 
key: 670, value: 
key: 544453, value: 
key: 371813, value: 
key: 157602, value: 
key: 132764, value: 
key: 614235, value: 
key: 284254, value: 
key: 966770, value: 
key: 761171, value: 
key: 887149, value: 
key: 405420, value: 
key: 233278, value: 
key: 937273, value: 
key: 165694, value: 
key: 907098, value: 
key: 335653, value: 
key: 131039, value: 
key: 30435, value: 
key: 283613, value: 
key: 989306, value: 
key: 335873, value: 
key: 695971, value: 
key: 613210, value: 
key: 918126, value: 
key: 211641, value: 
key: 774281, value: 
key: 822283, value: 
key: 313536, value: 
key: 354094, value: 
key: 532962, value: 
key: 169935, value: 
key: 916946, value: 
key: 836543, value: 
key: 270910, value: 
key: 121337, value: 
key: 583818, value: 
key: 284867, value: 
key: 212671, value: 
key: 203194, value: 
key: 759956, value: 
key: 496439, value: 
key: 602258, value: 
key: 573752, value: 
key: 852886, value: 
key: 825365, value: 
key: 218792, value: 
key: 762804, value: 
key: 294147, value: 
key: 846753, value: 
key: 950494, value: 
key: 324295, value: 
key: 666850, value: 
key: 889594, value: 
key: 438044, value: 
key: 593354, value: 
key: 907180, value: 
key: 58095, value: 
key: 457696, value: 
key: 11025, value: 
key: 792171, value: 
key: 573945, value: 
key: 620546, value: 
key: 561872, value: 
key: 34369, value: 
key: 19519, value: 
key: 502493, value: 
key: 150465, value: 
key: 383685, value: 
key: 769519, value: 
key: 360286, value: 
key: 18606, value: 
key: 480210, value: 
key: 107199, value: 
key: 4409, value: 
key: 956276, value: 
key: 947739, value: 
key: 102161, value: 
key: 747166, value: 
key: 32871, value: 
key: 829305, value: 
key: 501263, value: 
key: 308873, value: 
key: 918474, value: 
key: 162750, value: 
key: 51496, value: 
key: 265879, value: 
key: 549186, value: 
key: 384431, value: 
key: 818134, value: 
key: 237049, value: 
key: 208362, value: 
key: 698819, value: 
key: 336591, value: 
key: 758410, value: 
key: 685305, value: 
key: 599798, value: 
key: 763186, value: 
key: 249293, value: 
key: 711831, value: 
key: 365557, value: 
key: 711233, value: 
key: 200962, value: 
key: 378573, value: 
key: 853760, value: 
key: 353554, value: 
key: 894466, value: 
key: 183243, value: 
key: 894871, value: 
key: 311783, value: 
key: 657984, value: 
key: 129777, value: 
key: 876116, value: 
key: 214202, value: 
key: 197783, value: 
key: 243383, value: 
key: 87235, value: 
key: 539747, value: 
key: 372564, value: 
key: 526956, value: 
key: 77850, value: 
key: 291212, value: 
key: 774764, value: 
key: 698794, value: 
key: 786426, value: 
key: 104525, value: 
key: 683864, value: 
key: 225673, value: 
key: 533369, value: 
key: 25259, value: 
key: 12453, value: 
key: 521036, value: 
key: 396269, value: 
key: 380422, value: 
key: 644432, value: 
key: 842173, value: 
key: 671566, value: 
key: 474893, value: 
key: 531749, value: 
key: 691944, value: 
key: 240935, value: 
key: 469774, value: 
key: 634800, value: 
key: 236585, value: 
key: 702727, value: 
key: 334768, value: 
key: 75078, value: 
key: 945043, value: 
key: 454981, value: 
key: 595589, value: 
key: 407091, value: 
key: 593774, value: 
key: 17799, value: 
key: 476598, value: 
key: 879894, value: 
key: 97564, value: 
key: 275665, value: 
key: 436080, value: 
key: 592010, value: 
key: 654754, value: 
key: 949346, value: 
key: 765078, value: 
key: 402760, value: 
key: 38189, value: 
key: 529304, value: 
key: 27235, value: 
key: 426887, value: 
key: 922305, value: 
key: 807152, value: 
key: 713170, value: 
key: 846063, value: 
key: 162110, value: 
key: 968192, value: 
key: 507733, value: 
key: 971745, value: 
key: 984266, value: 
key: 430820, value: 
key: 814750, value: 
key: 815193, value: 
key: 874804, value: 
key: 870824, value: 
key: 124897, value: 
key: 419762, value: 
key: 39681, value: 
key: 621527, value: 
key: 374304, value: 
key: 49714, value: 
key: 170931, value: 
key: 927353, value: 
key: 65431, value: 
key: 197918, value: 
key: 649169, value: 
key: 829307, value: 
key: 853649, value: 
key: 694367, value: 
key: 663974, value: 
key: 39070, value: 
key: 866935, value: 
key: 95908, value: 
key: 897076, value: 
key: 662982, value: 
key: 554119, value: 
key: 206346, value: 
key: 39951, value: 
key: 293557, value: 
key: 155594, value: 
key: 908514, value: 
key: 115091, value: 
key: 314502, value: 
key: 490617, value: 
key: 183481, value: 
key: 826302, value: 
key: 816150, value: 
key: 166033, value: 
key: 92316, value: 
key: 497847, value: 
key: 989494, value: 
key: 422900, value: 
key: 425433, value: 
key: 876671, value: 
key: 693290, value: 
key: 366730, value: 
key: 842285, value: 
key: 85046, value: 
key: 282267, value: 
key: 284931, value: 
key: 763739, value: 
key: 245394, value: 
key: 949399, value: 
key: 811281, value: 
key: 300408, value: 
key: 877412, value: 
key: 313514, value: 
key: 602542, value: 
key: 559725, value: 
key: 580770, value: 
key: 451458, value: 
key: 212233, value: 
key: 46492, value: 
key: 733790, value: 
key: 469277, value: 
key: 539880, value: 
key: 427949, value: 
key: 372032, value: 
key: 380839, value: 
key: 797147, value: 
key: 665426, value: 
key: 625233, value: 
key: 893539, value: 
key: 953286, value: 
key: 602870, value: 
key: 940123, value: 
key: 762941, value: 
key: 74242, value: 
key: 653021, value: 
key: 244036, value: 
key: 125395, value: 
key: 605219, value: 
key: 346714, value: 
key: 547432, value: 
key: 535222, value: 
key: 664474, value: 
key: 966763, value: 
key: 558698, value: 
key: 838468, value: 
key: 630855, value: 
key: 680490, value: 
key: 633771, value: 
key: 382602, value: 
key: 57667, value: 
key: 102213, value: 
key: 285880, value: 
key: 411234, value: 
key: 936898, value: 
key: 3367, value: 
key: 57179, value: 
key: 400629, value: 
key: 450318, value: 
key: 751659, value: 
key: 340659, value: 
key: 359596, value: 
key: 867217, value: 
key: 735415, value: 
key: 233445, value: 
key: 763638, value: 
key: 983551, value: 
key: 452462, value: 
key: 621655, value: 
key: 91557, value: 
key: 451555, value: 
key: 522592, value: 
key: 597998, value: 
key: 281969, value: 
key: 620632, value: 
key: 124844, value: 
key: 248762, value: 
key: 636897, value: 
key: 56826, value: 
key: 137448, value: 
key: 606504, value: 
key: 682843, value: 
key: 509555, value: 
key: 680843, value: 
key: 999549, value: 
key: 917659, value: 
key: 85295, value: 
key: 939532, value: 
key: 279407, value: 
key: 736227, value: 
key: 937750, value: 
key: 707506, value: 
key: 108332, value: 
key: 838350, value: 
key: 561409, value: 
key: 259706, value: 
key: 178283, value: 
key: 441994, value: 
key: 231375, value: 
key: 598089, value: 
key: 31902, value: 
key: 71395, value: 
key: 465116, value: 
key: 934858, value: 
key: 965292, value: 
key: 202612, value: 
key: 77650, value: 
key: 93177, value: 
key: 893241, value: 
key: 99911, value: 
key: 548934, value: 
key: 728253, value: 
key: 69631, value: 
key: 701818, value: 
key: 331141, value: 
key: 837739, value: 
key: 158704, value: 
key: 61543, value: 
key: 184826, value: 
key: 272518, value: 
key: 156322, value: 
key: 348633, value: 
key: 230662, value: 
key: 781418, value: 
key: 259863, value: 
key: 844050, value: 
key: 407895, value: 
key: 41929, value: 
key: 125829, value: 
key: 213014, value: 
key: 323418, value: 
key: 484672, value: 
key: 542390, value: 
key: 809406, value: 
key: 189148, value: 
key: 949366, value: 
key: 398360, value: 
key: 735392, value: 
key: 650624, value: 
key: 188442, value: 
key: 372337, value: 
key: 164248, value: 
key: 761322, value: 
key: 582103, value: 
key: 61501, value: 
key: 130102, value: 
key: 692897, value: 
key: 78347, value: 
key: 262054, value: 
key: 439313, value: 
key: 627844, value: 
key: 810149, value: 
key: 63613, value: 
key: 109072, value: 
key: 908712, value: 
key: 774926, value: 
key: 255612, value: 
key: 447664, value: 
key: 127683, value: 
key: 48809, value: 
key: 750577, value: 
key: 680096, value: 
key: 567696, value: 
key: 457423, value: 
key: 60999, value: 
key: 796355, value: 
key: 305865, value: 
key: 33153, value: 
key: 690741, value: 
key: 327539, value: 
key: 67419, value: 
key: 104291, value: 
key: 489284, value: 
key: 234244, value: 
key: 744525, value: 
key: 215180, value: 
key: 164969, value: 
key: 524659, value: 
key: 784349, value: 
key: 910586, value: 
key: 256259, value: 
key: 81558, value: 
key: 709014, value: 
key: 486562, value: 
key: 764448, value: 
key: 164921, value: 
key: 666342, value: 
key: 122488, value: 
key: 760938, value: 
key: 402089, value: 
key: 687338, value: 
key: 908819, value: 
key: 548693, value: 
key: 647840, value: 
key: 839379, value: 
key: 918276, value: 
key: 403190, value: 
key: 42982, value: 
key: 112533, value: 
key: 450002, value: 
key: 219492, value: 
key: 453049, value: 
key: 772566, value: 
key: 894084, value: 
key: 100918, value: 
key: 909395, value: 
key: 6872, value: 
key: 156443, value: 
key: 262595, value: 
key: 870266, value: 
key: 115738, value: 
key: 471689, value: 
key: 75997, value: 
key: 31896, value: 
key: 438543, value: 
key: 131082, value: 
key: 606005, value: 
key: 871719, value: 
key: 745490, value: 
key: 80834, value: 
key: 971477, value: 
key: 24869, value: 
key: 348651, value: 
key: 431290, value: 
key: 468975, value: 
key: 863844, value: 
key: 871681, value: 
key: 391068, value: 
key: 784347, value: 
key: 941692, value: 
key: 331941, value: 
key: 396401, value: 
key: 867259, value: 
key: 758089, value: 
key: 523850, value: 
key: 96581, value: 
key: 272660, value: 
key: 57191, value: 
key: 307553, value: 
key: 653827, value: 
key: 430323, value: 
key: 621275, value: 
key: 415294, value: 
key: 668630, value: 
key: 687703, value: 
key: 766523, value: 
key: 409356, value: 
key: 349586, value: 
key: 420362, value: 
key: 407073, value: 
key: 673685, value: 
key: 454518, value: 
key: 430048, value: 
key: 378713, value: 
key: 564365, value: 
key: 57690, value: 
key: 671881, value: 
key: 240849, value: 
key: 991028, value: 
key: 683457, value: 
key: 181382, value: 
key: 374599, value: 
key: 499087, value: 
key: 937653, value: 
key: 501654, value: 
key: 971567, value: 
key: 475160, value: 
key: 292392, value: 
key: 816581, value: 
key: 214868, value: 
key: 971208, value: 
key: 347153, value: 
key: 119057, value: 
key: 621745, value: 
key: 677861, value: 
key: 18530, value: 
key: 94583, value: 
key: 246597, value: 
key: 428906, value: 
key: 471614, value: 
key: 33872, value: 
key: 13520, value: 
key: 78499, value: 
key: 727258, value: 
key: 901696, value: 
key: 710012, value: 
key: 378591, value: 
key: 334766, value: 
key: 959521, value: 
key: 926381, value: 
key: 357998, value: 
key: 887217, value: 
key: 134571, value: 
key: 278406, value: 
key: 312713, value: 
key: 389544, value: 
key: 928842, value: 
key: 208726, value: 
key: 253465, value: 
key: 612556, value: 
key: 999073, value: 
key: 185108, value: 
key: 687600, value: 
key: 717394, value: 
key: 693454, value: 
key: 557457, value: 
key: 1387, value: 
key: 415944, value: 
key: 857294, value: 
key: 197002, value: 
key: 307814, value: 
key: 198658, value: 
key: 945784, value: 
key: 8942, value: 
key: 8340, value: 
key: 509465, value: 
key: 481653, value: 
key: 87231, value: 
key: 332113, value: 
key: 208652, value: 
key: 76848, value: 
key: 469064, value: 
key: 698888, value: 
key: 786174, value: 
key: 353668, value: 
key: 217513, value: 
key: 251001, value: 
key: 145692, value: 
key: 521490, value: 
key: 638961, value: 
key: 51191, value: 
key: 326862, value: 
key: 31678, value: 
key: 545320, value: 
key: 960907, value: 
key: 910247, value: 
key: 960857, value: 
key: 832226, value: 
key: 13058, value: 
key: 213089, value: 
key: 932744, value: 
key: 10224, value: 
key: 85954, value: 
key: 972324, value: 
key: 313280, value: 
key: 258772, value: 
key: 643699, value: 
key: 743975, value: 
key: 2920, value: 
key: 376533, value: 
key: 41840, value: 
key: 38312, value: 
key: 771790, value: 
key: 838943, value: 
key: 553415, value: 
key: 492727, value: 
key: 573695, value: 
key: 311262, value: 
key: 837537, value: 
key: 245459, value: 
key: 762480, value: 
key: 591772, value: 
key: 149021, value: 
key: 862025, value: 
key: 276547, value: 
key: 690709, value: 
key: 51173, value: 
key: 183214, value: 
key: 249163, value: 
key: 858853, value: 
key: 868294, value: 
key: 534193, value: 
key: 19263, value: 
key: 921973, value: 
key: 118896, value: 
key: 587834, value: 
key: 159341, value: 
key: 752324, value: 
key: 143681, value: 
key: 825390, value: 
key: 277704, value: 
key: 196162, value: 
key: 974999, value: 
key: 96143, value: 
key: 293474, value: 
key: 954724, value: 
key: 590450, value: 
key: 475155, value: 
key: 417733, value: 
key: 837140, value: 
key: 944309, value: 
key: 753493, value: 
key: 360833, value: 
key: 835959, value: 
key: 105351, value: 
key: 771778, value: 
key: 246308, value: 
key: 959828, value: 
key: 566648, value: 
key: 157062, value: 
key: 773211, value: 
key: 573475, value: 
key: 421220, value: 
key: 457832, value: 
key: 517873, value: 
key: 930722, value: 
key: 952157, value: 
key: 764899, value: 
key: 891724, value: 
key: 79674, value: 
key: 83866, value: 
key: 991239, value: 
key: 345722, value: 
key: 532863, value: 
key: 128440, value: 
key: 440012, value: 
key: 724828, value: 
key: 989399, value: 
key: 657768, value: 
key: 30329, value: 
key: 397095, value: 
key: 683666, value: 
key: 710786, value: 
key: 984608, value: 
key: 531138, value: 
key: 774687, value: 
key: 65907, value: 
key: 648201, value: 
key: 923665, value: 
key: 88412, value: 
key: 405570, value: 
key: 573637, value: 
key: 702202, value: 
key: 804331, value: 
key: 438574, value: 
key: 863059, value: 
key: 416961, value: 
key: 603987, value: 
key: 176115, value: 
key: 449727, value: 
key: 18101, value: 
key: 589296, value: 
key: 906215, value: 
key: 527193, value: 
key: 858220, value: 
key: 943333, value: 
key: 721256, value: 
key: 718955, value: 
key: 82696, value: 
key: 930393, value: 
key: 961586, value: 
key: 682498, value: 
key: 374065, value: 
key: 814723, value: 
key: 519493, value: 
key: 227136, value: 
key: 211562, value: 
key: 785304, value: 
key: 346659, value: 
key: 78112, value: 
key: 895843, value: 
key: 562635, value: 
key: 574186, value: 
key: 160860, value: 
key: 648717, value: 
key: 464603, value: 
key: 644061, value: 
key: 11438, value: 
key: 259700, value: 
key: 986541, value: 
key: 36480, value: 
key: 562204, value: 
key: 232011, value: 
key: 152977, value: 
key: 129548, value: 
key: 562482, value: 
key: 981845, value: 
key: 605581, value: 
key: 886854, value: 
key: 536645, value: 
key: 403907, value: 
key: 479021, value: 
key: 776773, value: 
key: 2100, value: 
key: 818710, value: 
key: 720327, value: 
key: 426939, value: 
key: 306147, value: 
key: 788578, value: 
key: 163254, value: 
key: 584938, value: 
key: 289406, value: 
key: 460948, value: 
key: 338238, value: 
key: 598759, value: 
key: 649758, value: 
key: 884856, value: 
key: 224979, value: 
key: 679539, value: 
key: 966659, value: 
key: 892790, value: 
key: 664616, value: 
key: 222188, value: 
key: 263730, value: 
key: 42526, value: 
key: 193015, value: 
key: 629390, value: 
key: 731486, value: 
key: 890282, value: 
key: 593930, value: 
key: 357969, value: 
key: 501382, value: 
key: 260201, value: 
key: 363621, value: 
key: 669251, value: 
key: 177259, value: 
key: 246933, value: 
key: 402283, value: 
key: 153071, value: 
key: 74778, value: 
key: 819348, value: 
key: 591882, value: 
key: 644641, value: 
key: 236042, value: 
key: 698651, value: 
key: 645321, value: 
key: 792018, value: 
key: 756300, value: 
key: 210187, value: 
key: 341182, value: 
key: 266867, value: 
key: 766156, value: 
key: 121698, value: 
key: 811030, value: 
key: 845084, value: 
key: 370063, value: 
key: 465310, value: 
key: 581207, value: 
key: 713888, value: 
key: 307489, value: 
key: 52824, value: 
key: 98174, value: 
key: 18181, value: 
key: 39568, value: 
key: 634134, value: 
key: 969098, value: 
key: 42991, value: 
key: 447226, value: 
key: 711019, value: 
key: 711554, value: 
key: 747711, value: 
key: 942969, value: 
key: 184109, value: 
key: 864111, value: 
key: 474347, value: 
key: 215887, value: 
key: 510540, value: 
key: 508680, value: 
key: 368666, value: 
key: 645284, value: 
key: 412893, value: 
key: 809215, value: 
key: 199334, value: 
key: 757677, value: 
key: 134629, value: 
key: 375826, value: 
key: 825983, value: 
key: 909838, value: 
key: 456020, value: 
key: 812631, value: 
key: 565063, value: 
key: 422991, value: 
key: 928062, value: 
key: 385373, value: 
key: 740499, value: 
key: 949276, value: 
key: 705247, value: 
key: 881176, value: 
key: 461938, value: 
key: 865916, value: 
key: 70064, value: 
key: 435522, value: 
key: 211139, value: 
key: 394645, value: 
key: 785825, value: 
key: 322633, value: 
key: 395484, value: 
key: 727490, value: 
key: 629310, value: 
key: 905557, value: 
key: 281563, value: 
key: 373318, value: 
key: 898185, value: 
key: 535749, value: 
key: 358991, value: 
key: 46474, value: 
key: 684991, value: 
key: 125403, value: 
key: 52749, value: 
key: 880294, value: 
key: 618262, value: 
key: 234873, value: 
key: 416879, value: 
key: 969779, value: 
key: 324693, value: 
key: 936922, value: 
key: 544176, value: 
key: 27943, value: 
key: 982884, value: 
key: 515390, value: 
key: 119570, value: 
key: 553114, value: 
key: 225161, value: 
key: 902145, value: 
key: 973752, value: 
key: 191242, value: 
key: 494727, value: 
key: 362875, value: 
key: 260085, value: 
key: 106198, value: 
key: 303344, value: 
key: 660614, value: 
key: 97193, value: 
key: 731518, value: 
key: 278237, value: 
key: 342437, value: 
key: 143481, value: 
key: 303469, value: 
key: 836590, value: 
key: 801570, value: 
key: 940163, value: 
key: 300563, value: 
key: 637249, value: 
key: 425851, value: 
key: 493937, value: 
key: 789779, value: 
key: 148631, value: 
key: 983481, value: 
key: 953505, value: 
key: 732599, value: 
key: 865499, value: 
key: 353767, value: 
key: 19632, value: 
key: 936124, value: 
key: 457434, value: 
key: 547616, value: 
key: 137468, value: 
key: 972001, value: 
key: 123108, value: 
key: 401338, value: 
key: 529568, value: 
key: 927148, value: 
key: 50301, value: 
key: 583627, value: 
key: 730568, value: 
key: 740819, value: 
key: 70039, value: 
key: 407046, value: 
key: 925856, value: 
key: 234387, value: 
key: 406227, value: 
key: 705708, value: 
key: 766738, value: 
key: 173082, value: 
key: 762910, value: 
key: 990360, value: 
key: 456406, value: 
key: 427970, value: 
key: 799691, value: 
key: 49929, value: 
key: 816437, value: 
key: 336876, value: 
key: 996074, value: 
key: 831494, value: 
key: 257544, value: 
key: 773468, value: 
key: 344909, value: 
key: 571101, value: 
key: 943186, value: 
key: 391118, value: 
key: 997109, value: 
key: 180451, value: 
key: 932339, value: 
key: 650822, value: 
key: 238680, value: 
key: 432857, value: 
key: 268052, value: 
key: 761225, value: 
key: 80089, value: 
key: 811421, value: 
key: 411289, value: 
key: 298312, value: 
key: 534216, value: 
key: 710005, value: 
key: 333916, value: 
key: 586736, value: 
key: 270170, value: 
key: 906949, value: 
key: 824210, value: 
key: 207105, value: 
key: 327351, value: 
key: 130861, value: 
key: 846126, value: 
key: 671030, value: 
key: 532380, value: 
key: 708206, value: 
key: 564015, value: 
key: 122783, value: 
key: 270541, value: 
key: 742659, value: 
key: 787009, value: 
key: 340888, value: 
key: 729047, value: 
key: 190214, value: 
key: 791297, value: 
key: 799167, value: 
key: 853078, value: 
key: 148493, value: 
key: 506273, value: 
key: 111446, value: 
key: 587401, value: 
key: 634211, value: 
key: 179914, value: 
key: 736278, value: 
key: 962383, value: 
key: 132771, value: 
key: 191330, value: 
key: 752979, value: 
key: 352351, value: 
key: 83273, value: 
key: 815188, value: 
key: 815126, value: 
key: 370698, value: 
key: 632752, value: 
key: 39292, value: 
key: 204791, value: 
key: 306475, value: 
key: 813122, value: 
key: 751994, value: 
key: 457706, value: 
key: 74185, value: 
key: 451735, value: 
key: 159169, value: 
key: 909401, value: 
key: 353862, value: 
key: 769580, value: 
key: 609611, value: 
key: 443413, value: 
key: 216066, value: 
key: 837003, value: 
key: 113387, value: 
key: 903902, value: 
key: 861569, value: 
key: 119587, value: 
key: 265981, value: 
key: 152928, value: 
key: 215869, value: 
key: 734276, value: 
key: 299724, value: 
key: 551291, value: 
key: 643534, value: 
key: 73265, value: 
key: 642100, value: 
key: 709874, value: 
key: 145894, value: 
key: 580000, value: 
key: 916926, value: 
key: 508781, value: 
key: 193350, value: 
key: 896585, value: 
key: 851496, value: 
key: 606216, value: 
key: 874846, value: 
key: 814857, value: 
key: 457151, value: 
key: 829848, value: 
key: 583508, value: 
key: 889761, value: 
key: 365687, value: 
key: 691830, value: 
key: 451616, value: 
key: 825194, value: 
key: 828683, value: 
key: 123793, value: 
key: 676604, value: 
key: 678738, value: 
key: 259465, value: 
key: 819898, value: 
key: 711200, value: 
key: 632244, value: 
key: 744484, value: 
key: 670934, value: 
key: 357064, value: 
key: 675124, value: 
key: 51032, value: 
key: 669406, value: 
key: 673285, value: 
key: 330531, value: 
key: 443253, value: 
key: 700165, value: 
key: 980354, value: 
key: 335608, value: 
key: 815506, value: 
key: 456529, value: 
key: 882429, value: 
key: 339785, value: 
key: 48188, value: 
key: 674224, value: 
key: 649163, value: 
key: 264704, value: 
key: 196610, value: 
key: 844830, value: 
key: 480278, value: 
key: 470547, value: 
key: 111970, value: 
key: 687323, value: 
key: 705757, value: 
key: 345681, value: 
key: 102404, value: 
key: 984387, value: 
key: 763999, value: 
key: 265619, value: 
key: 723812, value: 
key: 112937, value: 
key: 47194, value: 
key: 221989, value: 
key: 338782, value: 
key: 18525, value: 
key: 866755, value: 
key: 815607, value: 
key: 267839, value: 
key: 75740, value: 
key: 508338, value: 
key: 76523, value: 
key: 636738, value: 
key: 986235, value: 
key: 210181, value: 
key: 738733, value: 
key: 49246, value: 
key: 45800, value: 
key: 766066, value: 
key: 927964, value: 
key: 192515, value: 
key: 201903, value: 
key: 52321, value: 
key: 596168, value: 
key: 259971, value: 
key: 510021, value: 
key: 624315, value: 
key: 263543, value: 
key: 830233, value: 
key: 83150, value: 
key: 73410, value: 
key: 953905, value: 
key: 838394, value: 
key: 301959, value: 
key: 413247, value: 
key: 568657, value: 
key: 180, value: 
key: 98745, value: 
key: 71205, value: 
key: 187814, value: 
key: 620384, value: 
key: 697368, value: 
key: 236129, value: 
key: 852879, value: 
key: 330441, value: 
key: 404724, value: 
key: 823507, value: 
key: 615559, value: 
key: 799987, value: 
key: 126705, value: 
key: 79526, value: 
key: 129386, value: 
key: 511477, value: 
key: 710672, value: 
key: 329045, value: 
key: 230659, value: 
key: 147364, value: 
key: 123641, value: 
key: 594096, value: 
key: 262269, value: 
key: 482658, value: 
key: 745348, value: 
key: 751996, value: 
key: 131424, value: 
key: 823260, value: 
key: 114456, value: 
key: 601873, value: 
key: 34240, value: 
key: 66452, value: 
key: 618411, value: 
key: 321472, value: 
key: 95007, value: 
key: 438523, value: 
key: 333118, value: 
key: 29002, value: 
key: 706949, value: 
key: 461079, value: 
key: 706901, value: 
key: 871636, value: 
key: 851201, value: 
key: 877795, value: 
key: 118025, value: 
key: 936784, value: 
key: 681147, value: 
key: 190603, value: 
key: 26449, value: 
key: 201318, value: 
key: 65732, value: 
key: 946529, value: 
key: 362950, value: 
key: 709944, value: 
key: 528404, value: 
key: 728545, value: 
key: 247864, value: 
key: 631054, value: 
key: 271285, value: 
key: 867604, value: 
key: 567788, value: 
key: 717752, value: 
key: 562248, value: 
key: 26582, value: 
key: 178405, value: 
key: 346822, value: 
key: 759532, value: 
key: 692598, value: 
key: 536320, value: 
key: 730636, value: 
key: 623246, value: 
key: 564741, value: 
key: 732348, value: 
key: 990829, value: 
key: 518931, value: 
key: 460920, value: 
key: 214114, value: 
key: 168235, value: 
key: 752917, value: 
key: 119798, value: 
key: 843389, value: 
key: 424131, value: 
key: 262531, value: 
key: 581357, value: 
key: 144145, value: 
key: 605817, value: 
key: 420933, value: 
key: 63114, value: 
key: 702639, value: 
key: 108862, value: 
key: 608342, value: 
key: 148954, value: 
key: 37490, value: 
key: 185261, value: 
key: 61884, value: 
key: 989272, value: 
key: 3767, value: 
key: 969313, value: 
key: 63893, value: 
key: 393480, value: 
key: 733820, value: 
key: 217656, value: 
key: 572920, value: 
key: 983434, value: 
key: 611566, value: 
key: 141342, value: 
key: 772302, value: 
key: 245675, value: 
key: 203589, value: 
key: 861749, value: 
key: 304901, value: 
key: 474040, value: 
key: 575213, value: 
key: 53256, value: 
key: 874402, value: 
key: 110779, value: 
key: 65327, value: 
key: 95854, value: 
key: 391046, value: 
key: 723944, value: 
key: 865882, value: 
key: 937358, value: 
key: 64852, value: 
key: 605954, value: 
key: 342576, value: 
key: 141786, value: 
key: 428670, value: 
key: 976869, value: 
key: 554984, value: 
key: 179590, value: 
key: 565052, value: 
key: 412794, value: 
key: 561690, value: 
key: 797886, value: 
key: 162213, value: 
key: 908868, value: 
key: 474882, value: 
key: 665716, value: 
key: 621828, value: 
key: 574218, value: 
key: 773086, value: 
key: 216662, value: 
key: 48836, value: 
key: 811377, value: 
key: 117127, value: 
key: 653481, value: 
key: 511547, value: 
key: 877641, value: 
key: 123782, value: 
key: 668122, value: 
key: 339349, value: 
key: 821695, value: 
key: 313992, value: 
key: 828397, value: 
key: 332436, value: 
key: 696002, value: 
key: 958739, value: 
key: 537440, value: 
key: 583078, value: 
key: 455713, value: 
key: 633258, value: 
key: 291993, value: 
key: 820856, value: 
key: 336779, value: 
key: 715602, value: 
key: 870789, value: 
key: 869893, value: 
key: 152100, value: 
key: 194391, value: 
key: 29006, value: 
key: 600733, value: 
key: 558281, value: 
key: 419072, value: 
key: 193039, value: 
key: 673423, value: 
key: 495298, value: 
key: 566608, value: 
key: 798254, value: 
key: 664441, value: 
key: 823628, value: 
key: 11410, value: 
key: 391574, value: 
key: 338045, value: 
key: 403936, value: 
key: 994917, value: 
key: 213207, value: 
key: 220355, value: 
key: 277810, value: 
key: 470901, value: 
key: 468418, value: 
key: 760705, value: 
key: 796463, value: 
key: 817391, value: 
key: 102273, value: 
key: 958667, value: 
key: 66694, value: 
key: 410613, value: 
key: 112393, value: 
key: 805156, value: 
key: 526710, value: 
key: 155206, value: 
key: 570090, value: 
key: 250141, value: 
key: 38527, value: 
key: 861808, value: 
key: 978182, value: 
key: 100697, value: 
key: 728996, value: 
key: 550391, value: 
key: 303836, value: 
key: 232714, value: 
key: 335592, value: 
key: 613247, value: 
key: 53836, value: 
key: 149393, value: 
key: 580738, value: 
key: 635713, value: 
key: 29729, value: 
key: 554878, value: 
key: 536465, value: 
key: 511468, value: 
key: 379639, value: 
key: 575415, value: 
key: 89365, value: 
key: 202047, value: 
key: 746019, value: 
key: 901450, value: 
key: 497458, value: 
key: 663840, value: 
key: 221107, value: 
key: 984011, value: 
key: 411050, value: 
key: 888164, value: 
key: 625017, value: 
key: 281415, value: 
key: 56334, value: 
key: 909645, value: 
key: 903221, value: 
key: 42412, value: 
key: 241440, value: 
key: 543272, value: 
key: 17704, value: 
key: 449833, value: 
key: 758177, value: 
key: 679898, value: 
key: 680306, value: 
key: 525502, value: 
key: 649855, value: 
key: 600096, value: 
key: 331123, value: 
key: 893661, value: 
key: 761399, value: 
key: 56426, value: 
key: 981636, value: 
key: 223381, value: 
key: 21527, value: 
key: 817159, value: 
key: 981351, value: 
key: 911905, value: 
key: 973017, value: 
key: 685482, value: 
key: 98381, value: 
key: 558797, value: 
key: 123506, value: 
key: 675610, value: 
key: 329221, value: 
key: 164765, value: 
key: 804407, value: 
key: 310191, value: 
key: 88720, value: 
key: 740899, value: 
key: 52615, value: 
key: 425075, value: 
key: 194917, value: 
key: 281123, value: 
key: 2821, value: 
key: 929564, value: 
key: 477214, value: 
key: 725623, value: 
key: 152922, value: 
key: 771419, value: 
key: 142952, value: 
key: 27394, value: 
key: 614253, value: 
key: 381483, value: 
key: 157893, value: 
key: 958449, value: 
key: 86137, value: 
key: 124642, value: 
key: 531787, value: 
key: 476620, value: 
key: 938164, value: 
key: 979969, value: 
key: 364826, value: 
key: 793475, value: 
key: 850178, value: 
key: 33601, value: 
key: 506358, value: 
key: 861570, value: 
key: 349179, value: 
key: 121977, value: 
key: 51904, value: 
key: 818246, value: 
key: 382231, value: 
key: 550694, value: 
key: 768594, value: 
key: 575156, value: 
key: 548486, value: 
key: 348107, value: 
key: 490857, value: 
key: 16130, value: 
key: 546554, value: 
key: 938595, value: 
key: 677825, value: 
key: 935921, value: 
key: 30053, value: 
key: 659173, value: 
key: 237724, value: 
key: 261352, value: 
key: 837067, value: 
key: 486201, value: 
key: 733028, value: 
key: 577703, value: 
key: 17915, value: 
key: 933550, value: 
key: 28375, value: 
key: 449945, value: 
key: 146156, value: 
key: 455267, value: 
key: 651610, value: 
key: 169560, value: 
key: 810194, value: 
key: 466975, value: 
key: 622085, value: 
key: 417119, value: 
key: 75948, value: 
key: 814219, value: 
key: 695713, value: 
key: 414934, value: 
key: 185784, value: 
key: 455814, value: 
key: 137798, value: 
key: 389041, value: 
key: 364705, value: 
key: 287004, value: 
key: 832875, value: 
key: 638121, value: 
key: 116173, value: 
key: 910456, value: 
key: 965791, value: 
key: 828546, value: 
key: 344574, value: 
key: 284403, value: 
key: 728459, value: 
key: 607727, value: 
key: 333194, value: 
key: 515271, value: 
key: 324080, value: 
key: 610732, value: 
key: 273344, value: 
key: 418093, value: 
key: 697076, value: 
key: 337989, value: 
key: 466973, value: 
key: 69732, value: 
key: 483453, value: 
key: 815382, value: 
key: 71300, value: 
key: 677511, value: 
key: 525359, value: 
key: 295225, value: 
key: 544312, value: 
key: 999578, value: 
key: 555503, value: 
key: 243431, value: 
key: 482892, value: 
key: 380198, value: 
key: 196889, value: 
key: 551073, value: 
key: 406285, value: 
key: 403653, value: 
key: 61806, value: 
key: 701221, value: 
key: 703117, value: 
key: 296460, value: 
key: 515556, value: 
key: 689057, value: 
key: 323148, value: 
key: 535176, value: 
key: 607024, value: 
key: 669211, value: 
key: 982297, value: 
key: 905614, value: 
key: 870972, value: 
key: 967470, value: 
key: 965801, value: 
key: 238701, value: 
key: 29163, value: 
key: 487587, value: 
key: 916089, value: 
key: 543966, value: 
key: 366705, value: 
key: 179330, value: 
key: 478183, value: 
key: 60630, value: 
key: 207697, value: 
key: 149294, value: 
key: 935985, value: 
key: 26238, value: 
key: 937316, value: 
key: 863048, value: 
key: 777765, value: 
key: 156533, value: 
key: 785373, value: 
key: 904068, value: 
key: 402447, value: 
key: 806047, value: 
key: 953736, value: 
key: 578991, value: 
key: 557299, value: 
key: 674080, value: 
key: 509931, value: 
key: 1295, value: 
key: 99678, value: 
key: 684982, value: 
key: 191967, value: 
key: 690730, value: 
key: 940604, value: 
key: 452482, value: 
key: 661389, value: 
key: 143696, value: 
key: 547436, value: 
key: 773291, value: 
key: 361285, value: 
key: 909461, value: 
key: 676411, value: 
key: 484434, value: 
key: 332382, value: 
key: 818110, value: 
key: 926990, value: 
key: 330696, value: 
key: 958708, value: 
key: 987814, value: 
key: 34583, value: 
key: 184895, value: 
key: 24263, value: 
key: 430398, value: 
key: 486560, value: 
key: 592597, value: 
key: 357305, value: 
key: 234622, value: 
key: 897340, value: 
key: 270581, value: 
key: 198836, value: 
key: 911051, value: 
key: 341711, value: 
key: 145825, value: 
key: 99203, value: 
key: 638200, value: 
key: 740077, value: 
key: 764811, value: 
key: 875939, value: 
key: 780806, value: 
key: 630477, value: 
key: 270567, value: 
key: 277469, value: 
key: 584394, value: 
key: 255049, value: 
key: 946118, value: 
key: 81611, value: 
key: 53940, value: 
key: 80658, value: 
key: 908466, value: 
key: 275339, value: 
key: 129234, value: 
key: 255432, value: 
key: 54327, value: 
key: 194157, value: 
key: 757200, value: 
key: 884249, value: 
key: 232673, value: 
key: 915383, value: 
key: 911660, value: 
key: 709391, value: 
key: 464791, value: 
key: 546747, value: 
key: 903016, value: 
key: 692930, value: 
key: 16286, value: 
key: 566677, value: 
key: 694415, value: 
key: 782172, value: 
key: 419131, value: 
key: 173509, value: 
key: 843181, value: 
key: 479355, value: 
key: 764415, value: 
key: 482469, value: 
key: 714197, value: 
key: 47073, value: 
key: 664531, value: 
key: 82889, value: 
key: 896534, value: 
key: 604779, value: 
key: 368606, value: 
key: 775781, value: 
key: 858732, value: 
key: 402991, value: 
key: 381632, value: 
key: 889343, value: 
key: 963355, value: 
key: 217218, value: 
key: 734818, value: 
key: 488876, value: 
key: 465747, value: 
key: 636831, value: 
key: 316698, value: 
key: 589793, value: 
key: 862843, value: 
key: 662634, value: 
key: 285921, value: 
key: 447659, value: 
key: 350564, value: 
key: 706275, value: 
key: 299063, value: 
key: 725586, value: 
key: 521812, value: 
key: 119860, value: 
key: 594616, value: 
key: 922394, value: 
key: 200070, value: 
key: 149113, value: 
key: 864416, value: 
key: 140, value: 
key: 319453, value: 
key: 494246, value: 
key: 619757, value: 
key: 974014, value: 
key: 500967, value: 
key: 487673, value: 
key: 5932, value: 
key: 133035, value: 
key: 872259, value: 
key: 416800, value: 
key: 767571, value: 
key: 837119, value: 
key: 372971, value: 
key: 300701, value: 
key: 162877, value: 
key: 110755, value: 
key: 197770, value: 
key: 812912, value: 
key: 855407, value: 
key: 457612, value: 
key: 641592, value: 
key: 628047, value: 
key: 208872, value: 
key: 117895, value: 
key: 178021, value: 
key: 305692, value: 
key: 300635, value: 
key: 405998, value: 
key: 173387, value: 
key: 414358, value: 
key: 172164, value: 
key: 596814, value: 
key: 800074, value: 
key: 661789, value: 
key: 155967, value: 
key: 369133, value: 
key: 26706, value: 
key: 938588, value: 
key: 151383, value: 
key: 542479, value: 
key: 21651, value: 
key: 48636, value: 
key: 336230, value: 
key: 246528, value: 
key: 578951, value: 
key: 538458, value: 
key: 389050, value: 
key: 154696, value: 
key: 544064, value: 
key: 584909, value: 
key: 191385, value: 
key: 651856, value: 
key: 988198, value: 
key: 904459, value: 
key: 141953, value: 
key: 786837, value: 
key: 316887, value: 
key: 338991, value: 
key: 612576, value: 
key: 587397, value: 
key: 728466, value: 
key: 962718, value: 
key: 288539, value: 
key: 914542, value: 
key: 553350, value: 
key: 848847, value: 
key: 760620, value: 
key: 228580, value: 
key: 479050, value: 
key: 193884, value: 
key: 709717, value: 
key: 301241, value: 
key: 203725, value: 
key: 40238, value: 
key: 373477, value: 
key: 428212, value: 
key: 502167, value: 
key: 454596, value: 
key: 337303, value: 
key: 490864, value: 
key: 608795, value: 
key: 771453, value: 
key: 432323, value: 
key: 67653, value: 
key: 589128, value: 
key: 654699, value: 
key: 371372, value: 
key: 75717, value: 
key: 742934, value: 
key: 778555, value: 
key: 691180, value: 
key: 552210, value: 
key: 608386, value: 
key: 274349, value: 
key: 930674, value: 
key: 268469, value: 
key: 942835, value: 
key: 701104, value: 
key: 28193, value: 
key: 778722, value: 
key: 479283, value: 
key: 830581, value: 
key: 940396, value: 
key: 549728, value: 
key: 487088, value: 
key: 783566, value: 
key: 82816, value: 
key: 184532, value: 
key: 433281, value: 
key: 895931, value: 
key: 447536, value: 
key: 480649, value: 
key: 829587, value: 
key: 2692, value: 
key: 852505, value: 
key: 418895, value: 
key: 783045, value: 
key: 210059, value: 
key: 434028, value: 
key: 89624, value: 
key: 448160, value: 
key: 858725, value: 
key: 454639, value: 
key: 543452, value: 
key: 903380, value: 
key: 446553, value: 
key: 823840, value: 
key: 827026, value: 
key: 385575, value: 
key: 27907, value: 
key: 34220, value: 
key: 403239, value: 
key: 685352, value: 
key: 948130, value: 
key: 371493, value: 
key: 92260, value: 
key: 981623, value: 
key: 338531, value: 
key: 639645, value: 
key: 505289, value: 
key: 694246, value: 
key: 80953, value: 
key: 141184, value: 
key: 487031, value: 
key: 860249, value: 
key: 138023, value: 
key: 51078, value: 
key: 686151, value: 
key: 788473, value: 
key: 659665, value: 
key: 888982, value: 
key: 217825, value: 
key: 155192, value: 
key: 577428, value: 
key: 218756, value: 
key: 540972, value: 
key: 35089, value: 
key: 407097, value: 
key: 174849, value: 
key: 803107, value: 
key: 243600, value: 
key: 219016, value: 
key: 921371, value: 
key: 125768, value: 
key: 641374, value: 
key: 64966, value: 
key: 75487, value: 
key: 366044, value: 
key: 650459, value: 
key: 18701, value: 
key: 345386, value: 
key: 978960, value: 
key: 973769, value: 
key: 636486, value: 
key: 581968, value: 
key: 592708, value: 
key: 297364, value: 
key: 25040, value: 
key: 82540, value: 
key: 878172, value: 
key: 888656, value: 
key: 418893, value: 
key: 139082, value: 
key: 492547, value: 
key: 277397, value: 
key: 848368, value: 
key: 868586, value: 
key: 700493, value: 
key: 188778, value: 
key: 100224, value: 
key: 201251, value: 
key: 608867, value: 
key: 205866, value: 
key: 439913, value: 
key: 192843, value: 
key: 623242, value: 
key: 813678, value: 
key: 388370, value: 
key: 334281, value: 
key: 903371, value: 
key: 105236, value: 
key: 807042, value: 
key: 28821, value: 
key: 766325, value: 
key: 22810, value: 
key: 572696, value: 
key: 199754, value: 
key: 547946, value: 
key: 520916, value: 
key: 922417, value: 
key: 808906, value: 
key: 125438, value: 
key: 29387, value: 
key: 258468, value: 
key: 771554, value: 
key: 342567, value: 
key: 63635, value: 
key: 316533, value: 
key: 199963, value: 
key: 788329, value: 
key: 134515, value: 
key: 141771, value: 
key: 13881, value: 
key: 633656, value: 
key: 119305, value: 
key: 413519, value: 
key: 888324, value: 
key: 853049, value: 
key: 805569, value: 
key: 70503, value: 
key: 589683, value: 
key: 845402, value: 
key: 765485, value: 
key: 633074, value: 
key: 112698, value: 
key: 527654, value: 
key: 478482, value: 
key: 704833, value: 
key: 611452, value: 
key: 737705, value: 
key: 356854, value: 
key: 442326, value: 
key: 319053, value: 
key: 429145, value: 
key: 354234, value: 
key: 371644, value: 
key: 141803, value: 
key: 768505, value: 
key: 322165, value: 
key: 510845, value: 
key: 121269, value: 
key: 626434, value: 
key: 833638, value: 
key: 731202, value: 
key: 880317, value: 
key: 403080, value: 
key: 22913, value: 
key: 611955, value: 
key: 78545, value: 
key: 496811, value: 
key: 326385, value: 
key: 198557, value: 
key: 906633, value: 
key: 423592, value: 
key: 533943, value: 
key: 677889, value: 
key: 254338, value: 
key: 813616, value: 
key: 288034, value: 
key: 184921, value: 
key: 866803, value: 
key: 560789, value: 
key: 82854, value: 
key: 561243, value: 
key: 693881, value: 
key: 735020, value: 
key: 847927, value: 
key: 895964, value: 
key: 792090, value: 
key: 988149, value: 
key: 264122, value: 
key: 206430, value: 
key: 339154, value: 
key: 710313, value: 
key: 944464, value: 
key: 4702, value: 
key: 867712, value: 
key: 986231, value: 
key: 908196, value: 
key: 739868, value: 
key: 522093, value: 
key: 372812, value: 
key: 25266, value: 
key: 727892, value: 
key: 18846, value: 
key: 316665, value: 
key: 415159, value: 
key: 143865, value: 
key: 655638, value: 
key: 811278, value: 
key: 673373, value: 
key: 446852, value: 
key: 536856, value: 
key: 3774, value: 
key: 377813, value: 
key: 555660, value: 
key: 144424, value: 
key: 706842, value: 
key: 257382, value: 
key: 566985, value: 
key: 965407, value: 
key: 388484, value: 
key: 268092, value: 
key: 493744, value: 
key: 922792, value: 
key: 790126, value: 
key: 394027, value: 
key: 97627, value: 
key: 282748, value: 
key: 876329, value: 
key: 445330, value: 
key: 895308, value: 
key: 349997, value: 
key: 872774, value: 
key: 42544, value: 
key: 108284, value: 
key: 669350, value: 
key: 970898, value: 
key: 95430, value: 
key: 258435, value: 
key: 593677, value: 
key: 247967, value: 
key: 80674, value: 
key: 313211, value: 
key: 819917, value: 
key: 471555, value: 
key: 327344, value: 
key: 13683, value: 
key: 583313, value: 
key: 588068, value: 
key: 424089, value: 
key: 645101, value: 
key: 560303, value: 
key: 281194, value: 
key: 219528, value: 
key: 322220, value: 
key: 643396, value: 
key: 926796, value: 
key: 967922, value: 
key: 768231, value: 
key: 377307, value: 
key: 20216, value: 
key: 15485, value: 
key: 196711, value: 
key: 164509, value: 
key: 982459, value: 
key: 399648, value: 
key: 228467, value: 
key: 238923, value: 
key: 746121, value: 
key: 291885, value: 
key: 289596, value: 
key: 741829, value: 
key: 305171, value: 
key: 329155, value: 
key: 129540, value: 
key: 956115, value: 
key: 285578, value: 
key: 864706, value: 
key: 333330, value: 
key: 222207, value: 
key: 915062, value: 
key: 692127, value: 
key: 392355, value: 
key: 345449, value: 
key: 559994, value: 
key: 799048, value: 
key: 638842, value: 
key: 878707, value: 
key: 972968, value: 
key: 812824, value: 
key: 149928, value: 
key: 999206, value: 
key: 482939, value: 
key: 588152, value: 
key: 367731, value: 
key: 118403, value: 
key: 636017, value: 
key: 776078, value: 
key: 576601, value: 
key: 120082, value: 
key: 995309, value: 
key: 101821, value: 
key: 910065, value: 
key: 202371, value: 
key: 862755, value: 
key: 138500, value: 
key: 310544, value: 
key: 485684, value: 
key: 952252, value: 
key: 216042, value: 
key: 78569, value: 
key: 861064, value: 
key: 734193, value: 
key: 57054, value: 
key: 7727, value: 
key: 704190, value: 
key: 228407, value: 
key: 292310, value: 
key: 888502, value: 
key: 406575, value: 
key: 688126, value: 
key: 771493, value: 
key: 307720, value: 
key: 379099, value: 
key: 823354, value: 
key: 372779, value: 
key: 756982, value: 
key: 219713, value: 
key: 97795, value: 
key: 836480, value: 
key: 157488, value: 
key: 913158, value: 
key: 220122, value: 
key: 776317, value: 
key: 751837, value: 
key: 877454, value: 
key: 557956, value: 
key: 267855, value: 
key: 604144, value: 
key: 873023, value: 
key: 812969, value: 
key: 659816, value: 
key: 885233, value: 
key: 250732, value: 
key: 760790, value: 
key: 794692, value: 
key: 630352, value: 
key: 589874, value: 
key: 110117, value: 
key: 451120, value: 
key: 170995, value: 
key: 844090, value: 
key: 144486, value: 
key: 451922, value: 
key: 209392, value: 
key: 774935, value: 
key: 220551, value: 
key: 473492, value: 
key: 947924, value: 
key: 709436, value: 
key: 128639, value: 
key: 307483, value: 
key: 298738, value: 
key: 673836, value: 
key: 965319, value: 
key: 122671, value: 
key: 141854, value: 
key: 506145, value: 
key: 535376, value: 
key: 509621, value: 
key: 177264, value: 
key: 471544, value: 
key: 576324, value: 
key: 4261, value: 
key: 836798, value: 
key: 167933, value: 
key: 700884, value: 
key: 421745, value: 
key: 832129, value: 
key: 367915, value: 
key: 944268, value: 
key: 398784, value: 
key: 597350, value: 
key: 302066, value: 
key: 483116, value: 
key: 145168, value: 
key: 895542, value: 
key: 599325, value: 
key: 549238, value: 
key: 894734, value: 
key: 136038, value: 
key: 261862, value: 
key: 2342, value: 
key: 826724, value: 
key: 648731, value: 
key: 690512, value: 
key: 560330, value: 
key: 190003, value: 
key: 621743, value: 
key: 659241, value: 
key: 635401, value: 
key: 56297, value: 
key: 123326, value: 
key: 203338, value: 
key: 229383, value: 
key: 634228, value: 
key: 160633, value: 
key: 909418, value: 
key: 638460, value: 
key: 364082, value: 
key: 543788, value: 
key: 490954, value: 
key: 774887, value: 
key: 129429, value: 
key: 37908, value: 
key: 138960, value: 
key: 236457, value: 
key: 174333, value: 
key: 651748, value: 
key: 848126, value: 
key: 683440, value: 
key: 980600, value: 
key: 549182, value: 
key: 761720, value: 
key: 790652, value: 
key: 431568, value: 
key: 502163, value: 
key: 329180, value: 
key: 277076, value: 
key: 212813, value: 
key: 802241, value: 
key: 115060, value: 
key: 97982, value: 
key: 930755, value: 
key: 177316, value: 
key: 844151, value: 
key: 606782, value: 
key: 302761, value: 
key: 141047, value: 
key: 705935, value: 
key: 637562, value: 
key: 328093, value: 
key: 612921, value: 
key: 223819, value: 
key: 558520, value: 
key: 557534, value: 
key: 148053, value: 
key: 258, value: 
key: 222630, value: 
key: 36794, value: 
key: 611821, value: 
key: 151550, value: 
key: 130784, value: 
key: 972489, value: 
key: 668009, value: 
key: 726415, value: 
key: 624474, value: 
key: 597356, value: 
key: 12336, value: 
key: 580400, value: 
key: 67844, value: 
key: 731066, value: 
key: 695078, value: 
key: 132397, value: 
key: 256789, value: 
key: 990984, value: 
key: 697445, value: 
key: 819946, value: 
key: 318971, value: 
key: 229747, value: 
key: 520255, value: 
key: 953835, value: 
key: 392904, value: 
key: 666812, value: 
key: 928426, value: 
key: 891366, value: 
key: 709566, value: 
key: 936241, value: 
key: 115255, value: 
key: 68773, value: 
key: 315686, value: 
key: 499672, value: 
key: 180275, value: 
key: 633179, value: 
key: 184499, value: 
key: 343571, value: 
key: 283233, value: 
key: 304, value: 
key: 81844, value: 
key: 921960, value: 
key: 324163, value: 
key: 377907, value: 
key: 391389, value: 
key: 179536, value: 
key: 222544, value: 
key: 749487, value: 
key: 135082, value: 
key: 773152, value: 
key: 426168, value: 
key: 209699, value: 
key: 790548, value: 
key: 853694, value: 
key: 308846, value: 
key: 891391, value: 
key: 498930, value: 
key: 438411, value: 
key: 76617, value: 
key: 164378, value: 
key: 785319, value: 
key: 36592, value: 
key: 579215, value: 
key: 632660, value: 
key: 535413, value: 
key: 211786, value: 
key: 780057, value: 
key: 243248, value: 
key: 500147, value: 
key: 617788, value: 
key: 860454, value: 
key: 174502, value: 
key: 330335, value: 
key: 33265, value: 
key: 273223, value: 
key: 39173, value: 
key: 6834, value: 
key: 741041, value: 
key: 733343, value: 
key: 131130, value: 
key: 369641, value: 
key: 590366, value: 
key: 768004, value: 
key: 429534, value: 
key: 741490, value: 
key: 628014, value: 
key: 894840, value: 
key: 112928, value: 
key: 779888, value: 
key: 735169, value: 
key: 804360, value: 
key: 812820, value: 
key: 627639, value: 
key: 467619, value: 
key: 182121, value: 
key: 856682, value: 
key: 296963, value: 
key: 173921, value: 
key: 307610, value: 
key: 289808, value: 
key: 594856, value: 
key: 368837, value: 
key: 953457, value: 
key: 623163, value: 
key: 968125, value: 
key: 827996, value: 
key: 264333, value: 
key: 852754, value: 
key: 344611, value: 
key: 192979, value: 
key: 608739, value: 
key: 469369, value: 
key: 742370, value: 
key: 304259, value: 
key: 518528, value: 
key: 820441, value: 
key: 443426, value: 
key: 144136, value: 
key: 896691, value: 
key: 451508, value: 
key: 369159, value: 
key: 73597, value: 
key: 283985, value: 
key: 88618, value: 
key: 922811, value: 
key: 653421, value: 
key: 158508, value: 
key: 906796, value: 
key: 78914, value: 
key: 192959, value: 
key: 728547, value: 
key: 583500, value: 
key: 178340, value: 
key: 47200, value: 
key: 72286, value: 
key: 204405, value: 
key: 480870, value: 
key: 666207, value: 
key: 524640, value: 
key: 384929, value: 
key: 434387, value: 
key: 435971, value: 
key: 416451, value: 
key: 639362, value: 
key: 129069, value: 
key: 56442, value: 
key: 720275, value: 
key: 70932, value: 
key: 779486, value: 
key: 994052, value: 
key: 215405, value: 
key: 338854, value: 
key: 629051, value: 
key: 990986, value: 
key: 819027, value: 
key: 596021, value: 
key: 8964, value: 
key: 646302, value: 
key: 718193, value: 
key: 859438, value: 
key: 661198, value: 
key: 599132, value: 
key: 67309, value: 
key: 325340, value: 
key: 166057, value: 
key: 964592, value: 
key: 829552, value: 
key: 315774, value: 
key: 685699, value: 
key: 543946, value: 
key: 256808, value: 
key: 51827, value: 
key: 333884, value: 
key: 892952, value: 
key: 186080, value: 
key: 59535, value: 
key: 377938, value: 
key: 320998, value: 
key: 33489, value: 
key: 734728, value: 
key: 673278, value: 
key: 649862, value: 
key: 814583, value: 
key: 431432, value: 
key: 785885, value: 
key: 517303, value: 
key: 706996, value: 
key: 218675, value: 
key: 654228, value: 
key: 221936, value: 
key: 125050, value: 
key: 312669, value: 
key: 780965, value: 
key: 316014, value: 
key: 501911, value: 
key: 548194, value: 
key: 28890, value: 
key: 824656, value: 
key: 838484, value: 
key: 974252, value: 
key: 648601, value: 
key: 503894, value: 
key: 509957, value: 
key: 423217, value: 
key: 348983, value: 
key: 623451, value: 
key: 224139, value: 
key: 389427, value: 
key: 422027, value: 
key: 444591, value: 
key: 106811, value: 
key: 456943, value: 
key: 901287, value: 
key: 747289, value: 
key: 987076, value: 
key: 69389, value: 
key: 85569, value: 
key: 149962, value: 
key: 516106, value: 
key: 150029, value: 
key: 310092, value: 
key: 847684, value: 
key: 593738, value: 
key: 108794, value: 
key: 736993, value: 
key: 517323, value: 
key: 110090, value: 
key: 90213, value: 
key: 520660, value: 
key: 463910, value: 
key: 256273, value: 
key: 667686, value: 
key: 626351, value: 
key: 382525, value: 
key: 200805, value: 
key: 966167, value: 
key: 30570, value: 
key: 488249, value: 
key: 451553, value: 
key: 57757, value: 
key: 983397, value: 
key: 682827, value: 
key: 232383, value: 
key: 804122, value: 
key: 113220, value: 
key: 875205, value: 
key: 90604, value: 
key: 187179, value: 
key: 603028, value: 
key: 143212, value: 
key: 659005, value: 
key: 910720, value: 
key: 577079, value: 
key: 717374, value: 
key: 711800, value: 
key: 610655, value: 
key: 292154, value: 
key: 549177, value: 
key: 136696, value: 
key: 566277, value: 
key: 34604, value: 
key: 996779, value: 
key: 4788, value: 
key: 414019, value: 
key: 477854, value: 
key: 862308, value: 
key: 961481, value: 
key: 445222, value: 
key: 601181, value: 
key: 748912, value: 
key: 367618, value: 
key: 217461, value: 
key: 373389, value: 
key: 720190, value: 
key: 598968, value: 
key: 200171, value: 
key: 229239, value: 
key: 529115, value: 
key: 739532, value: 
key: 445815, value: 
key: 519635, value: 
key: 62926, value: 
key: 546325, value: 
key: 16769, value: 
key: 827400, value: 
key: 378517, value: 
key: 733550, value: 
key: 626502, value: 
key: 517880, value: 
key: 837315, value: 
key: 7662, value: 
key: 814787, value: 
key: 109555, value: 
key: 472033, value: 
key: 169052, value: 
key: 68470, value: 
key: 7444, value: 
key: 635957, value: 
key: 896738, value: 
key: 200368, value: 
key: 957394, value: 
key: 598214, value: 
key: 988611, value: 
key: 733624, value: 
key: 369520, value: 
key: 564738, value: 
key: 845482, value: 
key: 988747, value: 
key: 155488, value: 
key: 367962, value: 
key: 383221, value: 
key: 71230, value: 
key: 453573, value: 
key: 287440, value: 
key: 956636, value: 
key: 733275, value: 
key: 638747, value: 
key: 228883, value: 
key: 337945, value: 
key: 425325, value: 
key: 18967, value: 
key: 834888, value: 
key: 735727, value: 
key: 128970, value: 
key: 393028, value: 
key: 358485, value: 
key: 802032, value: 
key: 947430, value: 
key: 491175, value: 
key: 37591, value: 
key: 403581, value: 
key: 603008, value: 
key: 670938, value: 
key: 75526, value: 
key: 519075, value: 
key: 492826, value: 
key: 478761, value: 
key: 21583, value: 
key: 713602, value: 
key: 849871, value: 
key: 74921, value: 
key: 72813, value: 
key: 792861, value: 
key: 900385, value: 
key: 180466, value: 
key: 350508, value: 
key: 635151, value: 
key: 481967, value: 
key: 35025, value: 
key: 286085, value: 
key: 549867, value: 
key: 665127, value: 
key: 771880, value: 
key: 567737, value: 
key: 368927, value: 
key: 905973, value: 
key: 300682, value: 
key: 938294, value: 
key: 840221, value: 
key: 851526, value: 
key: 382042, value: 
key: 751547, value: 
key: 415289, value: 
key: 345133, value: 
key: 892158, value: 
key: 499067, value: 
key: 570379, value: 
key: 216271, value: 
key: 77351, value: 
key: 410053, value: 
key: 203358, value: 
key: 879342, value: 
key: 379145, value: 
key: 150692, value: 
key: 918342, value: 
key: 218422, value: 
key: 371088, value: 
key: 719789, value: 
key: 562231, value: 
key: 768822, value: 
key: 97779, value: 
key: 535994, value: 
key: 421268, value: 
key: 203583, value: 
key: 608593, value: 
key: 774199, value: 
key: 548871, value: 
key: 41927, value: 
key: 246810, value: 
key: 302266, value: 
key: 346271, value: 
key: 904424, value: 
key: 169948, value: 
key: 991439, value: 
key: 338731, value: 
key: 632899, value: 
key: 720257, value: 
key: 792502, value: 
key: 111046, value: 
key: 196593, value: 
key: 26553, value: 
key: 31630, value: 
key: 989995, value: 
key: 878693, value: 
key: 744127, value: 
key: 413685, value: 
key: 662681, value: 
key: 771640, value: 
key: 581041, value: 
key: 676538, value: 
key: 664070, value: 
key: 597545, value: 
key: 604089, value: 
key: 873724, value: 
key: 631537, value: 
key: 844850, value: 
key: 141052, value: 
key: 936010, value: 
key: 427079, value: 
key: 230361, value: 
key: 712063, value: 
key: 235843, value: 
key: 995277, value: 
key: 597486, value: 
key: 327212, value: 
key: 551152, value: 
key: 790212, value: 
key: 660030, value: 
key: 179620, value: 
key: 499469, value: 
key: 527913, value: 
key: 488298, value: 
key: 450169, value: 
key: 620928, value: 
key: 751316, value: 
key: 446201, value: 
key: 984914, value: 
key: 221518, value: 
key: 869381, value: 
key: 250680, value: 
key: 143685, value: 
key: 976591, value: 
key: 836068, value: 
key: 494657, value: 
key: 383711, value: 
key: 176724, value: 
key: 394117, value: 
key: 902510, value: 
key: 402276, value: 
key: 184099, value: 
key: 494521, value: 
key: 9754, value: 
key: 14886, value: 
key: 140273, value: 
key: 608403, value: 
key: 178210, value: 
key: 120882, value: 
key: 516302, value: 
key: 871171, value: 
key: 717004, value: 
key: 100084, value: 
key: 49596, value: 
key: 109254, value: 
key: 289646, value: 
key: 424719, value: 
key: 649590, value: 
key: 902749, value: 
key: 590577, value: 
key: 357613, value: 
key: 278309, value: 
key: 279913, value: 
key: 944208, value: 
key: 551206, value: 
key: 412312, value: 
key: 280029, value: 
key: 755217, value: 
key: 665529, value: 
key: 866328, value: 
key: 179101, value: 
key: 2722, value: 
key: 222687, value: 
key: 127104, value: 
key: 609136, value: 
key: 795671, value: 
key: 25279, value: 
key: 271803, value: 
key: 949049, value: 
key: 891579, value: 
key: 308879, value: 
key: 618341, value: 
key: 307373, value: 
key: 65068, value: 
key: 552106, value: 
key: 620506, value: 
key: 94905, value: 
key: 747566, value: 
key: 925364, value: 
key: 687330, value: 
key: 326585, value: 
key: 365793, value: 
key: 350524, value: 
key: 188118, value: 
key: 778306, value: 
key: 202513, value: 
key: 375404, value: 
key: 90590, value: 
key: 38774, value: 
key: 818042, value: 
key: 617533, value: 
key: 938692, value: 
key: 700916, value: 
key: 833908, value: 
key: 383144, value: 
key: 792524, value: 
key: 52534, value: 
key: 35010, value: 
key: 524046, value: 
key: 551149, value: 
key: 101766, value: 
key: 256950, value: 
key: 460634, value: 
key: 512579, value: 
key: 389425, value: 
key: 981843, value: 
key: 709337, value: 
key: 999154, value: 
key: 947704, value: 
key: 935017, value: 
key: 112982, value: 
key: 584318, value: 
key: 836147, value: 
key: 64175, value: 
key: 548284, value: 
key: 589696, value: 
key: 446807, value: 
key: 32404, value: 
key: 743852, value: 
key: 553895, value: 
key: 85758, value: 
key: 652495, value: 
key: 136249, value: 
key: 173970, value: 
key: 251041, value: 
key: 536948, value: 
key: 362118, value: 
key: 94413, value: 
key: 557628, value: 
key: 387906, value: 
key: 125874, value: 
key: 151536, value: 
key: 403389, value: 
key: 869080, value: 
key: 899418, value: 
key: 749182, value: 
key: 519114, value: 
key: 813386, value: 
key: 971677, value: 
key: 869008, value: 
key: 641707, value: 
key: 419537, value: 
key: 696901, value: 
key: 643307, value: 
key: 49725, value: 
key: 484720, value: 
key: 605628, value: 
key: 577059, value: 
key: 958342, value: 
key: 269370, value: 
key: 706587, value: 
key: 361449, value: 
key: 741944, value: 
key: 652941, value: 
key: 439760, value: 
key: 746985, value: 
key: 944066, value: 
key: 791332, value: 
key: 34734, value: 
key: 913970, value: 
key: 459920, value: 
key: 32387, value: 
key: 945467, value: 
key: 815827, value: 
key: 423819, value: 
key: 698374, value: 
key: 471326, value: 
key: 368958, value: 
key: 323700, value: 
key: 780648, value: 
key: 669747, value: 
key: 313013, value: 
key: 442100, value: 
key: 536881, value: 
key: 114139, value: 
key: 995686, value: 
key: 571774, value: 
key: 813979, value: 
key: 805363, value: 
key: 868285, value: 
key: 399778, value: 
key: 846292, value: 
key: 929687, value: 
key: 244823, value: 
key: 564406, value: 
key: 422960, value: 
key: 712647, value: 
key: 267967, value: 
key: 245905, value: 
key: 845116, value: 
key: 568622, value: 
key: 440397, value: 
key: 926387, value: 
key: 501995, value: 
key: 700271, value: 
key: 141391, value: 
key: 6667, value: 
key: 584459, value: 
key: 162675, value: 
key: 213377, value: 
key: 223439, value: 
key: 347218, value: 
key: 630633, value: 
key: 834370, value: 
key: 612402, value: 
key: 756850, value: 
key: 136009, value: 
key: 552102, value: 
key: 967232, value: 
key: 575493, value: 
key: 365696, value: 
key: 520761, value: 
key: 599965, value: 
key: 146691, value: 
key: 24494, value: 
key: 59672, value: 
key: 462663, value: 
key: 758029, value: 
key: 953794, value: 
key: 979718, value: 
key: 602254, value: 
key: 407792, value: 
key: 37289, value: 
key: 393549, value: 
key: 382473, value: 
key: 976522, value: 
key: 341650, value: 
key: 497337, value: 
key: 504976, value: 
key: 290208, value: 
key: 945292, value: 
key: 119237, value: 
key: 211931, value: 
key: 132841, value: 
key: 676352, value: 
key: 470022, value: 
key: 177080, value: 
key: 351408, value: 
key: 155644, value: 
key: 735620, value: 
key: 839838, value: 
key: 530492, value: 
key: 329067, value: 
key: 609059, value: 
key: 767168, value: 
key: 922145, value: 
key: 988529, value: 
key: 534186, value: 
key: 601158, value: 
key: 599525, value: 
key: 621516, value: 
key: 141283, value: 
key: 156461, value: 
key: 906031, value: 
key: 174933, value: 
key: 404452, value: 
key: 637681, value: 
key: 797499, value: 
key: 350151, value: 
key: 106998, value: 
key: 170362, value: 
key: 396386, value: 
key: 131509, value: 
key: 108417, value: 
key: 915545, value: 
key: 873674, value: 
key: 575114, value: 
key: 253173, value: 
key: 958137, value: 
key: 553510, value: 
key: 500095, value: 
key: 590245, value: 
key: 995600, value: 
key: 166060, value: 
key: 435841, value: 
key: 831434, value: 
key: 749326, value: 
key: 6265, value: 
key: 207093, value: 
key: 389771, value: 
key: 808999, value: 
key: 941155, value: 
key: 560752, value: 
key: 199181, value: 
key: 409851, value: 
key: 772865, value: 
key: 543621, value: 
key: 685444, value: 
key: 933226, value: 
key: 723492, value: 
key: 282784, value: 
key: 976227, value: 
key: 318023, value: 
key: 624694, value: 
key: 732685, value: 
key: 704981, value: 
key: 973862, value: 
key: 390164, value: 
key: 532810, value: 
key: 197572, value: 
key: 870626, value: 
key: 866001, value: 
key: 936018, value: 
key: 484331, value: 
key: 339170, value: 
key: 74390, value: 
key: 468876, value: 
key: 915376, value: 
key: 641570, value: 
key: 296307, value: 
key: 419368, value: 
key: 479452, value: 
key: 143317, value: 
key: 327401, value: 
key: 268283, value: 
key: 734319, value: 
key: 301522, value: 
key: 667174, value: 
key: 43110, value: 
key: 137701, value: 
key: 102389, value: 
key: 252006, value: 
key: 353204, value: 
key: 383999, value: 
key: 866911, value: 
key: 580161, value: 
key: 489930, value: 
key: 129564, value: 
key: 402753, value: 
key: 752210, value: 
key: 13232, value: 
key: 218691, value: 
key: 812835, value: 
key: 588413, value: 
key: 237311, value: 
key: 216631, value: 
key: 771316, value: 
key: 937107, value: 
key: 839674, value: 
key: 378117, value: 
key: 195693, value: 
key: 190971, value: 
key: 66027, value: 
key: 499696, value: 
key: 115332, value: 
key: 426788, value: 
key: 885457, value: 
key: 409859, value: 
key: 986851, value: 
key: 39964, value: 
key: 357163, value: 
key: 809882, value: 
key: 380347, value: 
key: 648047, value: 
key: 409222, value: 
key: 936111, value: 
key: 999293, value: 
key: 81998, value: 
key: 348248, value: 
key: 313752, value: 
key: 204218, value: 
key: 705852, value: 
key: 366709, value: 
key: 984114, value: 
key: 616361, value: 
key: 766437, value: 
key: 518188, value: 
key: 371514, value: 
key: 493681, value: 
key: 402375, value: 
key: 562057, value: 
key: 610552, value: 
key: 184114, value: 
key: 98624, value: 
key: 876068, value: 
key: 183478, value: 
key: 794186, value: 
key: 156913, value: 
key: 199552, value: 
key: 861330, value: 
key: 360736, value: 
key: 726008, value: 
key: 469455, value: 
key: 706495, value: 
key: 121122, value: 
key: 197954, value: 
key: 567564, value: 
key: 307461, value: 
key: 242313, value: 
key: 829686, value: 
key: 305034, value: 
key: 586978, value: 
key: 455832, value: 
key: 578548, value: 
key: 2597, value: 
key: 125195, value: 
key: 864793, value: 
key: 368677, value: 
key: 119275, value: 
key: 781210, value: 
key: 503490, value: 
key: 484692, value: 
key: 851797, value: 
key: 430310, value: 
key: 507458, value: 
key: 913497, value: 
key: 53043, value: 
key: 429996, value: 
key: 318496, value: 
key: 527944, value: 
key: 492514, value: 
key: 616264, value: 
key: 491674, value: 
key: 491498, value: 
key: 860179, value: 
key: 778289, value: 
key: 74741, value: 
key: 745427, value: 
key: 78138, value: 
key: 325649, value: 
key: 472138, value: 
key: 807057, value: 
key: 749533, value: 
key: 724532, value: 
key: 153208, value: 
key: 438875, value: 
key: 784604, value: 
key: 350728, value: 
key: 963238, value: 
key: 883677, value: 
key: 928190, value: 
key: 238811, value: 
key: 468737, value: 
key: 31379, value: 
key: 536326, value: 
key: 689189, value: 
key: 793028, value: 
key: 711509, value: 
key: 578500, value: 
key: 480940, value: 
key: 115138, value: 
key: 175134, value: 
key: 71993, value: 
key: 410996, value: 
key: 566639, value: 
key: 367454, value: 
key: 409516, value: 
key: 16659, value: 
key: 388684, value: 
key: 681370, value: 
key: 774375, value: 
key: 536746, value: 
key: 511660, value: 
key: 391682, value: 
key: 27938, value: 
key: 868144, value: 
key: 865639, value: 
key: 676761, value: 
key: 422313, value: 
key: 898172, value: 
key: 449295, value: 
key: 454343, value: 
key: 807446, value: 
key: 494635, value: 
key: 791729, value: 
key: 761180, value: 
key: 92134, value: 
key: 644902, value: 
key: 832541, value: 
key: 74912, value: 
key: 187973, value: 
key: 435155, value: 
key: 593187, value: 
key: 254684, value: 
key: 42764, value: 
key: 271609, value: 
key: 916157, value: 
key: 562406, value: 
key: 407244, value: 
key: 631933, value: 
key: 536892, value: 
key: 125098, value: 
key: 915503, value: 
key: 488272, value: 
key: 536584, value: 
key: 78493, value: 
key: 832763, value: 
key: 151675, value: 
key: 119662, value: 
key: 959433, value: 
key: 587591, value: 
key: 799273, value: 
key: 717813, value: 
key: 494651, value: 
key: 365081, value: 
key: 954296, value: 
key: 449903, value: 
key: 424472, value: 
key: 459007, value: 
key: 973561, value: 
key: 882771, value: 
key: 381465, value: 
key: 352643, value: 
key: 681259, value: 
key: 947120, value: 
key: 394340, value: 
key: 243019, value: 
key: 57885, value: 
key: 506165, value: 
key: 457900, value: 
key: 328769, value: 
key: 229275, value: 
key: 521757, value: 
key: 854899, value: 
key: 707746, value: 
key: 633096, value: 
key: 169777, value: 
key: 960123, value: 
key: 988880, value: 
key: 480319, value: 
key: 471746, value: 
key: 984284, value: 
key: 984297, value: 
key: 64975, value: 
key: 39627, value: 
key: 743744, value: 
key: 214705, value: 
key: 241820, value: 
key: 331741, value: 
key: 935590, value: 
key: 704163, value: 
key: 194179, value: 
key: 918634, value: 
key: 941461, value: 
key: 836608, value: 
key: 899690, value: 
key: 287336, value: 
key: 895751, value: 
key: 841941, value: 
key: 920152, value: 
key: 692907, value: 
key: 734737, value: 
key: 602971, value: 
key: 603723, value: 
key: 328318, value: 
key: 408045, value: 
key: 149971, value: 
key: 809879, value: 
key: 320778, value: 
key: 112953, value: 
key: 172876, value: 
key: 767348, value: 
key: 794878, value: 
key: 916900, value: 
key: 218817, value: 
key: 385339, value: 
key: 709719, value: 
key: 978018, value: 
key: 486898, value: 
key: 308666, value: 
key: 847930, value: 
key: 769643, value: 
key: 860867, value: 
key: 753440, value: 
key: 888900, value: 
key: 2005, value: 
key: 148282, value: 
key: 303634, value: 
key: 668876, value: 
key: 228713, value: 
key: 261107, value: 
key: 912135, value: 
key: 72062, value: 
key: 878288, value: 
key: 225749, value: 
key: 670864, value: 
key: 631836, value: 
key: 826847, value: 
key: 158470, value: 
key: 224241, value: 
key: 911343, value: 
key: 164075, value: 
key: 305676, value: 
key: 259335, value: 
key: 716164, value: 
key: 841769, value: 
key: 971545, value: 
key: 659072, value: 
key: 525681, value: 
key: 799130, value: 
key: 905339, value: 
key: 418611, value: 
key: 872789, value: 
key: 237821, value: 
key: 380293, value: 
key: 142967, value: 
key: 436475, value: 
key: 724394, value: 
key: 647662, value: 
key: 923904, value: 
key: 553831, value: 
key: 338355, value: 
key: 702455, value: 
key: 925391, value: 
key: 399705, value: 
key: 683006, value: 
key: 258905, value: 
key: 285617, value: 
key: 200247, value: 
key: 65862, value: 
key: 858039, value: 
key: 551763, value: 
key: 806942, value: 
key: 443213, value: 
key: 42399, value: 
key: 263170, value: 
key: 40432, value: 
key: 649648, value: 
key: 559572, value: 
key: 221501, value: 
key: 440515, value: 
key: 236772, value: 
key: 924437, value: 
key: 641107, value: 
key: 706329, value: 
key: 281279, value: 
key: 87958, value: 
key: 490325, value: 
key: 173460, value: 
key: 642959, value: 
key: 156618, value: 
key: 752412, value: 
key: 423183, value: 
key: 525331, value: 
key: 41314, value: 
key: 31520, value: 
key: 672035, value: 
key: 247552, value: 
key: 803129, value: 
key: 367968, value: 
key: 948217, value: 
key: 574427, value: 
key: 415265, value: 
key: 158906, value: 
key: 699166, value: 
key: 803644, value: 
key: 165849, value: 
key: 335235, value: 
key: 294413, value: 
key: 227107, value: 
key: 691904, value: 
key: 678091, value: 
key: 949339, value: 
key: 368457, value: 
key: 500389, value: 
key: 661248, value: 
key: 721225, value: 
key: 632785, value: 
key: 587191, value: 
key: 7455, value: 
key: 114775, value: 
key: 242540, value: 
key: 906662, value: 
key: 611098, value: 
key: 208166, value: 
key: 379587, value: 
key: 361915, value: 
key: 227, value: 
key: 607084, value: 
key: 827208, value: 
key: 251924, value: 
key: 413403, value: 
key: 892563, value: 
key: 347696, value: 
key: 384749, value: 
key: 639177, value: 
key: 844117, value: 
key: 415904, value: 
key: 393912, value: 
key: 383391, value: 
key: 818716, value: 
key: 59083, value: 
key: 584189, value: 
key: 104996, value: 
key: 734052, value: 
key: 354560, value: 
key: 227921, value: 
key: 994997, value: 
key: 961971, value: 
key: 806449, value: 
key: 771891, value: 
key: 31586, value: 
key: 433955, value: 
key: 539521, value: 
key: 838424, value: 
key: 820641, value: 
key: 797354, value: 
key: 862115, value: 
key: 584585, value: 
key: 885509, value: 
key: 590434, value: 
key: 294332, value: 
key: 551590, value: 
key: 690307, value: 
key: 787120, value: 
key: 333282, value: 
key: 406212, value: 
key: 440548, value: 
key: 659018, value: 
key: 242023, value: 
key: 177871, value: 
key: 369698, value: 
key: 882108, value: 
key: 634163, value: 
key: 955095, value: 
key: 780402, value: 
key: 969977, value: 
key: 305681, value: 
key: 590883, value: 
key: 148378, value: 
key: 817610, value: 
key: 106822, value: 
key: 902284, value: 
key: 497564, value: 
key: 253487, value: 
key: 328956, value: 
key: 20029, value: 
key: 538016, value: 
key: 446982, value: 
key: 384693, value: 
key: 214370, value: 
key: 409965, value: 
key: 60481, value: 
key: 252758, value: 
key: 501935, value: 
key: 250167, value: 
key: 545852, value: 
key: 675953, value: 
key: 125876, value: 
key: 769632, value: 
key: 631236, value: 
key: 576171, value: 
key: 265268, value: 
key: 584105, value: 
key: 750317, value: 
key: 24577, value: 
key: 987339, value: 
key: 610071, value: 
key: 348264, value: 
key: 820959, value: 
key: 883516, value: 
key: 329184, value: 
key: 443909, value: 
key: 104295, value: 
key: 861839, value: 
key: 884025, value: 
key: 962790, value: 
key: 594621, value: 
key: 196010, value: 
key: 543115, value: 
key: 666508, value: 
key: 640386, value: 
key: 947735, value: 
key: 206162, value: 
key: 853953, value: 
key: 209545, value: 
key: 30857, value: 
key: 973895, value: 
key: 37939, value: 
key: 769241, value: 
key: 100967, value: 
key: 785120, value: 
key: 404951, value: 
key: 654097, value: 
key: 771365, value: 
key: 933639, value: 
key: 509104, value: 
key: 825303, value: 
key: 648173, value: 
key: 527973, value: 
key: 315358, value: 
key: 696145, value: 
key: 342404, value: 
key: 549326, value: 
key: 417847, value: 
key: 760024, value: 
key: 885620, value: 
key: 872819, value: 
key: 939462, value: 
key: 988206, value: 
key: 759163, value: 
key: 16587, value: 
key: 304532, value: 
key: 707478, value: 
key: 533459, value: 
key: 775251, value: 
key: 141247, value: 
key: 108329, value: 
key: 108394, value: 
key: 682755, value: 
key: 660492, value: 
key: 666223, value: 
key: 534731, value: 
key: 774623, value: 
key: 538522, value: 
key: 15522, value: 
key: 851209, value: 
key: 949933, value: 
key: 712261, value: 
key: 979091, value: 
key: 480461, value: 
key: 589054, value: 
key: 120150, value: 
key: 710221, value: 
key: 954414, value: 
key: 313756, value: 
key: 701779, value: 
key: 150658, value: 
key: 356737, value: 
key: 759840, value: 
key: 568307, value: 
key: 663745, value: 
key: 756991, value: 
key: 498466, value: 
key: 319747, value: 
key: 576173, value: 
key: 322893, value: 
key: 771400, value: 
key: 302662, value: 
key: 462014, value: 
key: 556953, value: 
key: 2463, value: 
key: 997383, value: 
key: 218130, value: 
key: 363685, value: 
key: 408139, value: 
key: 593837, value: 
key: 887781, value: 
key: 690657, value: 
key: 534416, value: 
key: 482467, value: 
key: 490138, value: 
key: 228867, value: 
key: 403455, value: 
key: 967223, value: 
key: 135444, value: 
key: 543506, value: 
key: 391813, value: 
key: 245004, value: 
key: 413661, value: 
key: 458095, value: 
key: 705609, value: 
key: 650190, value: 
key: 636176, value: 
key: 776630, value: 
key: 696761, value: 
key: 50994, value: 
key: 828735, value: 
key: 902206, value: 
key: 726374, value: 
key: 598179, value: 
key: 186095, value: 
key: 459357, value: 
key: 505966, value: 
key: 55436, value: 
key: 89602, value: 
key: 411319, value: 
key: 552991, value: 
key: 678453, value: 
key: 757563, value: 
key: 672301, value: 
key: 709355, value: 
key: 771000, value: 
key: 340316, value: 
key: 389779, value: 
key: 710272, value: 
key: 223442, value: 
key: 666221, value: 
key: 139279, value: 
key: 399323, value: 
key: 901869, value: 
key: 988440, value: 
key: 60788, value: 
key: 88258, value: 
key: 422737, value: 
key: 683785, value: 
key: 15313, value: 
key: 465442, value: 
key: 115262, value: 
key: 107324, value: 
key: 730904, value: 
key: 848849, value: 
key: 868391, value: 
key: 949861, value: 
key: 671296, value: 
key: 575680, value: 
key: 4184, value: 
key: 628786, value: 
key: 410947, value: 
key: 604766, value: 
key: 971950, value: 
key: 77122, value: 
key: 645501, value: 
key: 867538, value: 
key: 66238, value: 
key: 313965, value: 
key: 43428, value: 
key: 643969, value: 
key: 424968, value: 
key: 650998, value: 
key: 343777, value: 
key: 653564, value: 
key: 557668, value: 
key: 764051, value: 
key: 11250, value: 
key: 465161, value: 
key: 855382, value: 
key: 311002, value: 
key: 471571, value: 
key: 87309, value: 
key: 763416, value: 
key: 537257, value: 
key: 213160, value: 
key: 95449, value: 
key: 929906, value: 
key: 492552, value: 
key: 485783, value: 
key: 222270, value: 
key: 716199, value: 
key: 295038, value: 
key: 446117, value: 
key: 739789, value: 
key: 498198, value: 
key: 617388, value: 
key: 532227, value: 
key: 123128, value: 
key: 225035, value: 
key: 396744, value: 
key: 244223, value: 
key: 230280, value: 
key: 927160, value: 
key: 692501, value: 
key: 700141, value: 
key: 686647, value: 
key: 619175, value: 
key: 60692, value: 
key: 92440, value: 
key: 350108, value: 
key: 456776, value: 
key: 713860, value: 
key: 780785, value: 
key: 717321, value: 
key: 556216, value: 
key: 587382, value: 
key: 535118, value: 
key: 227972, value: 
key: 258686, value: 
key: 994290, value: 
key: 251131, value: 
key: 304879, value: 
key: 59221, value: 
key: 415407, value: 
key: 340994, value: 
key: 308930, value: 
key: 720361, value: 
key: 326318, value: 
key: 332751, value: 
key: 319550, value: 
key: 409015, value: 
key: 473588, value: 
key: 316395, value: 
key: 582257, value: 
key: 312201, value: 
key: 357600, value: 
key: 369571, value: 
key: 96170, value: 
key: 149634, value: 
key: 430006, value: 
key: 597026, value: 
key: 706994, value: 
key: 560284, value: 
key: 908495, value: 
key: 480968, value: 
key: 172719, value: 
key: 139363, value: 
key: 776445, value: 
key: 920444, value: 
key: 548305, value: 
key: 922882, value: 
key: 321289, value: 
key: 851100, value: 
key: 898646, value: 
key: 927791, value: 
key: 794386, value: 
key: 417513, value: 
key: 59870, value: 
key: 584673, value: 
key: 231340, value: 
key: 605877, value: 
key: 451537, value: 
key: 359527, value: 
key: 992445, value: 
key: 201217, value: 
key: 802926, value: 
key: 248580, value: 
key: 167799, value: 
key: 264252, value: 
key: 484119, value: 
key: 865420, value: 
key: 55214, value: 
key: 270277, value: 
key: 32066, value: 
key: 366383, value: 
key: 74200, value: 
key: 960776, value: 
key: 24418, value: 
key: 711673, value: 
key: 362316, value: 
key: 745256, value: 
key: 312429, value: 
key: 281314, value: 
key: 185041, value: 
key: 477089, value: 
key: 932894, value: 
key: 617768, value: 
key: 714148, value: 
key: 962734, value: 
key: 239373, value: 
key: 757473, value: 
key: 712098, value: 
key: 628630, value: 
key: 801828, value: 
key: 10064, value: 
key: 62634, value: 
key: 954250, value: 
key: 39766, value: 
key: 514157, value: 
key: 571152, value: 
key: 38305, value: 
key: 978816, value: 
key: 67974, value: 
key: 437184, value: 
key: 52264, value: 
key: 840100, value: 
key: 901476, value: 
key: 935653, value: 
key: 379851, value: 
key: 957240, value: 
key: 232464, value: 
key: 28036, value: 
key: 794869, value: 
key: 222399, value: 
key: 575851, value: 
key: 884175, value: 
key: 576577, value: 
key: 394506, value: 
key: 890136, value: 
key: 120956, value: 
key: 491904, value: 
key: 164956, value: 
key: 642869, value: 
key: 375048, value: 
key: 548350, value: 
key: 903065, value: 
key: 124804, value: 
key: 918292, value: 
key: 624926, value: 
key: 883080, value: 
key: 135653, value: 
key: 402487, value: 
key: 16215, value: 
key: 816943, value: 
key: 477090, value: 
key: 448049, value: 
key: 8230, value: 
key: 698165, value: 
key: 373503, value: 
key: 971367, value: 
key: 597190, value: 
key: 895290, value: 
key: 165481, value: 
key: 903113, value: 
key: 159617, value: 
key: 809121, value: 
key: 17571, value: 
key: 29613, value: 
key: 928163, value: 
key: 523678, value: 
key: 811720, value: 
key: 835331, value: 
key: 145371, value: 
key: 938322, value: 
key: 120765, value: 
key: 764024, value: 
key: 283398, value: 
key: 167580, value: 
key: 649372, value: 
key: 224869, value: 
key: 603305, value: 
key: 11393, value: 
key: 862137, value: 
key: 415634, value: 
key: 419052, value: 
key: 896569, value: 
key: 849767, value: 
key: 751820, value: 
key: 657151, value: 
key: 282544, value: 
key: 845787, value: 
key: 132467, value: 
key: 768914, value: 
key: 489466, value: 
key: 464942, value: 
key: 693908, value: 
key: 507542, value: 
key: 385696, value: 
key: 243358, value: 
key: 274785, value: 
key: 212860, value: 
key: 44252, value: 
key: 298170, value: 
key: 720161, value: 
key: 292879, value: 
key: 435760, value: 
key: 19937, value: 
key: 771460, value: 
key: 364668, value: 
key: 620515, value: 
key: 108554, value: 
key: 732791, value: 
key: 208999, value: 
key: 396438, value: 
key: 58365, value: 
key: 444090, value: 
key: 499227, value: 
key: 369898, value: 
key: 545047, value: 
key: 516698, value: 
key: 783139, value: 
key: 614396, value: 
key: 241008, value: 
key: 578818, value: 
key: 211661, value: 
key: 774919, value: 
key: 171053, value: 
key: 161748, value: 
key: 449837, value: 
key: 867349, value: 
key: 113718, value: 
key: 930623, value: 
key: 195671, value: 
key: 142594, value: 
key: 575941, value: 
key: 484106, value: 
key: 862984, value: 
key: 851531, value: 
key: 468955, value: 
key: 749081, value: 
key: 552054, value: 
key: 190700, value: 
key: 419478, value: 
key: 554959, value: 
key: 942703, value: 
key: 668786, value: 
key: 31748, value: 
key: 357042, value: 
key: 326033, value: 
key: 441868, value: 
key: 577406, value: 
key: 749021, value: 
key: 64890, value: 
key: 876697, value: 
key: 144987, value: 
key: 914874, value: 
key: 221626, value: 
key: 95214, value: 
key: 987670, value: 
key: 919042, value: 
key: 96697, value: 
key: 813401, value: 
key: 612732, value: 
key: 62236, value: 
key: 521537, value: 
key: 839315, value: 
key: 871432, value: 
key: 513345, value: 
key: 201411, value: 
key: 507366, value: 
key: 102936, value: 
key: 726413, value: 
key: 373082, value: 
key: 850646, value: 
key: 34271, value: 
key: 155505, value: 
key: 569315, value: 
key: 969757, value: 
key: 864278, value: 
key: 699546, value: 
key: 898725, value: 
key: 891270, value: 
key: 727719, value: 
key: 385029, value: 
key: 573958, value: 
key: 330977, value: 
key: 401651, value: 
key: 740334, value: 
key: 114223, value: 
key: 221974, value: 
key: 482535, value: 
key: 612273, value: 
key: 637502, value: 
key: 878521, value: 
key: 108039, value: 
key: 841127, value: 
key: 307362, value: 
key: 567425, value: 
key: 721832, value: 
key: 947418, value: 
key: 190586, value: 
key: 958014, value: 
key: 465660, value: 
key: 213010, value: 
key: 968811, value: 
key: 311011, value: 
key: 59313, value: 
key: 399453, value: 
key: 511721, value: 
key: 211216, value: 
key: 522901, value: 
key: 508282, value: 
key: 300453, value: 
key: 734601, value: 
key: 216145, value: 
key: 216965, value: 
key: 99090, value: 
key: 573842, value: 
key: 266463, value: 
key: 208380, value: 
key: 943175, value: 
key: 907894, value: 
key: 658851, value: 
key: 587274, value: 
key: 991419, value: 
key: 782039, value: 
key: 582916, value: 
key: 209507, value: 
key: 658220, value: 
key: 137659, value: 
key: 680689, value: 
key: 116731, value: 
key: 716696, value: 
key: 749715, value: 
key: 219944, value: 
key: 227736, value: 
key: 256897, value: 
key: 908370, value: 
key: 209512, value: 
key: 125825, value: 
key: 377037, value: 
key: 641208, value: 
key: 243930, value: 
key: 331923, value: 
key: 513198, value: 
key: 376526, value: 
key: 876035, value: 
key: 266076, value: 
key: 287523, value: 
key: 797437, value: 
key: 310184, value: 
key: 508442, value: 
key: 574252, value: 
key: 37191, value: 
key: 65945, value: 
key: 288580, value: 
key: 464973, value: 
key: 199363, value: 
key: 763753, value: 
key: 780378, value: 
key: 681077, value: 
key: 405204, value: 
key: 816077, value: 
key: 435797, value: 
key: 26669, value: 
key: 685792, value: 
key: 247406, value: 
key: 507982, value: 
key: 60759, value: 
key: 69714, value: 
key: 413876, value: 
key: 473645, value: 
key: 378256, value: 
key: 683534, value: 
key: 932144, value: 
key: 636529, value: 
key: 879322, value: 
key: 101999, value: 
key: 986174, value: 
key: 829840, value: 
key: 680151, value: 
key: 627710, value: 
key: 359914, value: 
key: 270620, value: 
key: 925535, value: 
key: 362644, value: 
key: 797747, value: 
key: 505892, value: 
key: 798856, value: 
key: 311127, value: 
key: 951145, value: 
key: 145225, value: 
key: 110887, value: 
key: 176528, value: 
key: 31182, value: 
key: 732148, value: 
key: 655029, value: 
key: 722758, value: 
key: 50310, value: 
key: 524529, value: 
key: 377329, value: 
key: 644188, value: 
key: 798452, value: 
key: 412327, value: 
key: 817399, value: 
key: 545337, value: 
key: 287372, value: 
key: 232213, value: 
key: 983539, value: 
key: 788057, value: 
key: 927838, value: 
key: 296633, value: 
key: 712935, value: 
key: 519284, value: 
key: 142192, value: 
key: 255478, value: 
key: 365054, value: 
key: 806117, value: 
key: 895489, value: 
key: 50039, value: 
key: 842043, value: 
key: 131839, value: 
key: 931327, value: 
key: 996311, value: 
key: 738867, value: 
key: 672662, value: 
key: 65390, value: 
key: 206083, value: 
key: 962842, value: 
key: 978292, value: 
key: 371136, value: 
key: 331079, value: 
key: 453809, value: 
key: 839195, value: 
key: 322015, value: 
key: 394775, value: 
key: 367124, value: 
key: 503087, value: 
key: 667459, value: 
key: 54112, value: 
key: 693890, value: 
key: 720363, value: 
key: 637928, value: 
key: 639887, value: 
key: 171196, value: 
key: 82388, value: 
key: 579974, value: 
key: 494969, value: 
key: 623462, value: 
key: 12716, value: 
key: 32446, value: 
key: 742705, value: 
key: 632503, value: 
key: 765807, value: 
key: 791914, value: 
key: 521430, value: 
key: 772782, value: 
key: 233869, value: 
key: 834, value: 
key: 681587, value: 
key: 182062, value: 
key: 219906, value: 
key: 421848, value: 
key: 260283, value: 
key: 127382, value: 
key: 193750, value: 
key: 596766, value: 
key: 266508, value: 
key: 104877, value: 
key: 360039, value: 
key: 659711, value: 
key: 780288, value: 
key: 240032, value: 
key: 346844, value: 
key: 725025, value: 
key: 178917, value: 
key: 213823, value: 
key: 44809, value: 
key: 275526, value: 
key: 274154, value: 
key: 413517, value: 
key: 944013, value: 
key: 764802, value: 
key: 148600, value: 
key: 535743, value: 
key: 619845, value: 
key: 645691, value: 
key: 247260, value: 
key: 410390, value: 
key: 767874, value: 
key: 667291, value: 
key: 397679, value: 
key: 460294, value: 
key: 42737, value: 
key: 838925, value: 
key: 514025, value: 
key: 786358, value: 
key: 471285, value: 
key: 934647, value: 
key: 622373, value: 
key: 154432, value: 
key: 928220, value: 
key: 208940, value: 
key: 524196, value: 
key: 289790, value: 
key: 922714, value: 
key: 350395, value: 
key: 316302, value: 
key: 101458, value: 
key: 139299, value: 
key: 801619, value: 
key: 254523, value: 
key: 228535, value: 
key: 611898, value: 
key: 339569, value: 
key: 953055, value: 
key: 899618, value: 
key: 791275, value: 
key: 360567, value: 
key: 720402, value: 
key: 350304, value: 
key: 426164, value: 
key: 247008, value: 
key: 601082, value: 
key: 70026, value: 
key: 779376, value: 
key: 917457, value: 
key: 716313, value: 
key: 670293, value: 
key: 348664, value: 
key: 308727, value: 
key: 557578, value: 
key: 593561, value: 
key: 7257, value: 
key: 857803, value: 
key: 238020, value: 
key: 540581, value: 
key: 814655, value: 
key: 731, value: 
key: 827415, value: 
key: 760725, value: 
key: 293274, value: 
key: 625600, value: 
key: 1466, value: 
key: 247554, value: 
key: 816873, value: 
key: 387483, value: 
key: 189423, value: 
key: 462346, value: 
key: 889215, value: 
key: 459753, value: 
key: 845479, value: 
key: 123683, value: 
key: 596614, value: 
key: 466355, value: 
key: 413450, value: 
key: 370559, value: 
key: 814970, value: 
key: 657212, value: 
key: 276406, value: 
key: 42984, value: 
key: 816842, value: 
key: 33591, value: 
key: 919242, value: 
key: 176184, value: 
key: 14932, value: 
key: 906967, value: 
key: 499311, value: 
key: 452299, value: 
key: 599158, value: 
key: 654219, value: 
key: 34136, value: 
key: 514636, value: 
key: 891757, value: 
key: 145241, value: 
key: 19825, value: 
key: 659629, value: 
key: 158779, value: 
key: 367229, value: 
key: 700262, value: 
key: 723029, value: 
key: 529575, value: 
key: 34329, value: 
key: 371086, value: 
key: 469383, value: 
key: 993521, value: 
key: 199514, value: 
key: 171408, value: 
key: 857463, value: 
key: 49644, value: 
key: 938223, value: 
key: 276969, value: 
key: 970014, value: 
key: 955514, value: 
key: 740138, value: 
key: 574580, value: 
key: 987317, value: 
key: 304848, value: 
key: 57845, value: 
key: 241619, value: 
key: 474617, value: 
key: 51694, value: 
key: 511396, value: 
key: 915765, value: 
key: 658790, value: 
key: 610442, value: 
key: 57821, value: 
key: 774852, value: 
key: 932540, value: 
key: 827279, value: 
key: 883521, value: 
key: 378801, value: 
key: 287314, value: 
key: 842021, value: 
key: 687644, value: 
key: 780437, value: 
key: 950744, value: 
key: 595822, value: 
key: 345801, value: 
key: 225987, value: 
key: 499052, value: 
key: 709140, value: 
key: 704824, value: 
key: 819308, value: 
key: 23457, value: 
key: 759905, value: 
key: 389210, value: 
key: 282308, value: 
key: 532274, value: 
key: 493588, value: 
key: 774689, value: 
key: 907195, value: 
key: 798924, value: 
key: 824274, value: 
key: 487079, value: 
key: 812598, value: 
key: 731808, value: 
key: 641705, value: 
key: 927180, value: 
key: 805167, value: 
key: 602643, value: 
key: 79245, value: 
key: 594597, value: 
key: 602272, value: 
key: 676781, value: 
key: 581098, value: 
key: 609662, value: 
key: 670491, value: 
key: 517819, value: 
key: 723441, value: 
key: 202360, value: 
key: 517967, value: 
key: 783218, value: 
key: 103098, value: 
key: 82304, value: 
key: 394904, value: 
key: 421628, value: 
key: 633126, value: 
key: 424878, value: 
key: 796090, value: 
key: 680928, value: 
key: 305539, value: 
key: 792191, value: 
key: 461293, value: 
key: 735303, value: 
key: 308772, value: 
key: 122769, value: 
key: 909254, value: 
key: 8508, value: 
key: 399439, value: 
key: 689048, value: 
key: 79821, value: 
key: 131226, value: 
key: 993873, value: 
key: 526491, value: 
key: 548217, value: 
key: 495610, value: 
key: 732571, value: 
key: 999789, value: 
key: 266210, value: 
key: 495791, value: 
key: 392074, value: 
key: 101384, value: 
key: 819285, value: 
key: 321487, value: 
key: 596049, value: 
key: 334465, value: 
key: 645024, value: 
key: 889884, value: 
key: 391633, value: 
key: 273351, value: 
key: 16512, value: 
key: 598276, value: 
key: 897483, value: 
key: 830530, value: 
key: 610615, value: 
key: 866089, value: 
key: 676321, value: 
key: 4131, value: 
key: 564350, value: 
key: 119369, value: 
key: 767597, value: 
key: 119776, value: 
key: 730410, value: 
key: 708406, value: 
key: 831108, value: 
key: 435209, value: 
key: 534128, value: 
key: 480456, value: 
key: 551121, value: 
key: 639029, value: 
key: 385661, value: 
key: 384747, value: 
key: 770340, value: 
key: 526736, value: 
key: 394502, value: 
key: 949483, value: 
key: 231416, value: 
key: 744864, value: 
key: 139147, value: 
key: 747230, value: 
key: 839320, value: 
key: 702084, value: 
key: 132674, value: 
key: 249538, value: 
key: 244445, value: 
key: 421307, value: 
key: 777619, value: 
key: 573736, value: 
key: 579950, value: 
key: 950919, value: 
key: 143755, value: 
key: 226416, value: 
key: 793833, value: 
key: 106695, value: 
key: 120192, value: 
key: 405789, value: 
key: 647154, value: 
key: 333356, value: 
key: 936878, value: 
key: 572506, value: 
key: 895676, value: 
key: 278318, value: 
key: 712753, value: 
key: 277209, value: 
key: 52509, value: 
key: 126284, value: 
key: 652398, value: 
key: 76059, value: 
key: 862791, value: 
key: 307818, value: 
key: 797545, value: 
key: 24489, value: 
key: 868580, value: 
key: 311460, value: 
key: 806643, value: 
key: 918360, value: 
key: 391028, value: 
key: 70569, value: 
key: 219841, value: 
key: 525126, value: 
key: 483996, value: 
key: 337646, value: 
key: 419379, value: 
key: 936481, value: 
key: 737510, value: 
key: 517541, value: 
key: 170188, value: 
key: 190148, value: 
key: 8911, value: 
key: 519983, value: 
key: 661910, value: 
key: 679605, value: 
key: 767863, value: 
key: 610703, value: 
key: 736409, value: 
key: 500370, value: 
key: 431265, value: 
key: 8919, value: 
key: 275151, value: 
key: 1208, value: 
key: 416620, value: 
key: 751105, value: 
key: 281501, value: 
key: 190687, value: 
key: 186220, value: 
key: 274499, value: 
key: 280597, value: 
key: 277559, value: 
key: 708394, value: 
key: 183034, value: 
key: 155581, value: 
key: 620155, value: 
key: 648111, value: 
key: 214721, value: 
key: 410141, value: 
key: 599846, value: 
key: 139208, value: 
key: 367630, value: 
key: 557840, value: 
key: 951624, value: 
key: 859193, value: 
key: 914256, value: 
key: 173466, value: 
key: 400494, value: 
key: 398959, value: 
key: 922132, value: 
key: 696914, value: 
key: 51100, value: 
key: 498707, value: 
key: 852653, value: 
key: 942934, value: 
key: 85916, value: 
key: 173802, value: 
key: 39517, value: 
key: 583883, value: 
key: 451414, value: 
key: 715714, value: 
key: 718094, value: 
key: 867989, value: 
key: 246995, value: 
key: 56226, value: 
key: 939022, value: 
key: 657968, value: 
key: 916702, value: 
key: 183050, value: 
key: 952944, value: 
key: 679746, value: 
key: 468391, value: 
key: 750261, value: 
key: 189012, value: 
key: 249721, value: 
key: 144884, value: 
key: 546855, value: 
key: 756843, value: 
key: 148882, value: 
key: 638147, value: 
key: 550652, value: 
key: 886474, value: 
key: 658729, value: 
key: 504420, value: 
key: 508796, value: 
key: 161548, value: 
key: 347120, value: 
key: 653892, value: 
key: 502046, value: 
key: 570458, value: 
key: 902325, value: 
key: 174616, value: 
key: 41994, value: 
key: 800094, value: 
key: 664502, value: 
key: 134380, value: 
key: 949711, value: 
key: 109887, value: 
key: 440331, value: 
key: 444999, value: 
key: 384169, value: 
key: 116236, value: 
key: 887183, value: 
key: 895340, value: 
key: 80919, value: 
key: 379271, value: 
key: 724190, value: 
key: 94242, value: 
key: 895872, value: 
key: 883804, value: 
key: 674536, value: 
key: 179835, value: 
key: 866599, value: 
key: 594456, value: 
key: 526390, value: 
key: 706932, value: 
key: 360202, value: 
key: 830549, value: 
key: 791293, value: 
key: 568075, value: 
key: 797983, value: 
key: 42300, value: 
key: 76233, value: 
key: 149137, value: 
key: 636554, value: 
key: 325047, value: 
key: 729904, value: 
key: 100475, value: 
key: 307290, value: 
key: 403035, value: 
key: 443013, value: 
key: 758184, value: 
key: 939073, value: 
key: 632127, value: 
key: 651032, value: 
key: 654215, value: 
key: 255324, value: 
key: 922550, value: 
key: 212640, value: 
key: 949665, value: 
key: 489455, value: 
key: 309081, value: 
key: 136274, value: 
key: 183856, value: 
key: 224665, value: 
key: 828104, value: 
key: 565793, value: 
key: 806119, value: 
key: 26137, value: 
key: 16905, value: 
key: 948767, value: 
key: 773440, value: 
key: 405550, value: 
key: 428623, value: 
key: 481264, value: 
key: 726651, value: 
key: 394876, value: 
key: 240117, value: 
key: 973732, value: 
key: 486146, value: 
key: 155132, value: 
key: 669084, value: 
key: 464456, value: 
key: 456110, value: 
key: 36572, value: 
key: 170773, value: 
key: 34330, value: 
key: 771482, value: 
key: 517176, value: 
key: 625341, value: 
key: 836905, value: 
key: 53821, value: 
key: 208144, value: 
key: 73960, value: 
key: 409956, value: 
key: 208294, value: 
key: 534667, value: 
key: 381241, value: 
key: 279904, value: 
key: 371758, value: 
key: 605394, value: 
key: 194346, value: 
key: 907676, value: 
key: 456202, value: 
key: 293276, value: 
key: 649547, value: 
key: 63862, value: 
key: 27202, value: 
key: 422814, value: 
key: 224959, value: 
key: 467525, value: 
key: 624139, value: 
key: 386606, value: 
key: 891409, value: 
key: 13795, value: 
key: 518281, value: 
key: 281200, value: 
key: 986594, value: 
key: 259818, value: 
key: 832505, value: 
key: 687974, value: 
key: 54954, value: 
key: 580064, value: 
key: 294668, value: 
key: 373695, value: 
key: 131578, value: 
key: 154155, value: 
key: 998533, value: 
key: 933062, value: 
key: 806261, value: 
key: 58457, value: 
key: 314676, value: 
key: 193233, value: 
key: 648531, value: 
key: 630200, value: 
key: 595943, value: 
key: 584000, value: 
key: 63439, value: 
key: 882555, value: 
key: 196579, value: 
key: 384329, value: 
key: 913783, value: 
key: 790146, value: 
key: 93753, value: 
key: 231894, value: 
key: 575219, value: 
key: 756689, value: 
key: 516269, value: 
key: 591899, value: 
key: 264612, value: 
key: 902550, value: 
key: 545199, value: 
key: 446731, value: 
key: 110508, value: 
key: 573574, value: 
key: 785607, value: 
key: 970801, value: 
key: 633379, value: 
key: 84005, value: 
key: 358049, value: 
key: 293980, value: 
key: 209734, value: 
key: 809842, value: 
key: 350827, value: 
key: 470923, value: 
key: 970670, value: 
key: 716638, value: 
key: 363630, value: 
key: 600847, value: 
key: 508826, value: 
key: 416495, value: 
key: 994254, value: 
key: 83097, value: 
key: 3244, value: 
key: 831012, value: 
key: 628768, value: 
key: 876178, value: 
key: 739206, value: 
key: 409181, value: 
key: 659115, value: 
key: 500921, value: 
key: 345852, value: 
key: 98035, value: 
key: 666018, value: 
key: 445145, value: 
key: 101605, value: 
key: 439030, value: 
key: 612776, value: 
key: 835816, value: 
key: 670631, value: 
key: 144138, value: 
key: 863725, value: 
key: 655364, value: 
key: 375673, value: 
key: 58356, value: 
key: 152515, value: 
key: 895001, value: 
key: 800777, value: 
key: 223257, value: 
key: 932896, value: 
key: 878615, value: 
key: 329025, value: 
key: 111532, value: 
key: 802366, value: 
key: 11665, value: 
key: 505047, value: 
key: 732391, value: 
key: 602845, value: 
key: 701489, value: 
key: 635076, value: 
key: 84346, value: 
key: 818213, value: 
key: 690349, value: 
key: 97555, value: 
key: 43075, value: 
key: 77544, value: 
key: 379567, value: 
key: 261473, value: 
key: 266548, value: 
key: 88368, value: 
key: 986965, value: 
key: 118885, value: 
key: 403028, value: 
key: 856039, value: 
key: 605921, value: 
key: 138988, value: 
key: 973336, value: 
key: 657632, value: 
key: 67895, value: 
key: 677012, value: 
key: 430673, value: 
key: 119013, value: 
key: 706556, value: 
key: 69091, value: 
key: 113956, value: 
key: 612684, value: 
key: 782312, value: 
key: 194753, value: 
key: 815720, value: 
key: 612929, value: 
key: 579378, value: 
key: 268685, value: 
key: 922310, value: 
key: 163872, value: 
key: 182741, value: 
key: 361878, value: 
key: 863545, value: 
key: 514625, value: 
key: 755714, value: 
key: 908093, value: 
key: 250794, value: 
key: 572735, value: 
key: 703584, value: 
key: 231254, value: 
key: 616891, value: 
key: 154360, value: 
key: 731761, value: 
key: 790513, value: 
key: 126248, value: 
key: 532595, value: 
key: 31052, value: 
key: 466032, value: 
key: 911374, value: 
key: 218482, value: 
key: 169364, value: 
key: 989733, value: 
key: 600306, value: 
key: 3529, value: 
key: 650204, value: 
key: 726981, value: 
key: 845318, value: 
key: 852439, value: 
key: 632956, value: 
key: 238415, value: 
key: 12116, value: 
key: 941609, value: 
key: 894370, value: 
key: 278624, value: 
key: 733756, value: 
key: 281567, value: 
key: 695988, value: 
key: 60182, value: 
key: 567962, value: 
key: 725988, value: 
key: 352717, value: 
key: 565843, value: 
key: 648230, value: 
key: 304468, value: 
key: 236215, value: 
key: 696961, value: 
key: 861844, value: 
key: 584888, value: 
key: 961795, value: 
key: 158171, value: 
key: 209725, value: 
key: 937503, value: 
key: 358166, value: 
key: 534012, value: 
key: 364956, value: 
key: 422122, value: 
key: 642911, value: 
key: 721157, value: 
key: 37199, value: 
key: 337635, value: 
key: 633175, value: 
key: 466867, value: 
key: 473115, value: 
key: 734562, value: 
key: 962365, value: 
key: 923216, value: 
key: 9169, value: 
key: 347933, value: 
key: 113758, value: 
key: 891485, value: 
key: 882742, value: 
key: 998681, value: 
key: 754836, value: 
key: 836022, value: 
key: 707283, value: 
key: 374081, value: 
key: 20502, value: 
key: 787678, value: 
key: 431155, value: 
key: 164093, value: 
key: 562288, value: 
key: 140587, value: 
key: 203659, value: 
key: 33685, value: 
key: 212099, value: 
key: 817038, value: 
key: 335224, value: 
key: 354751, value: 
key: 95195, value: 
key: 693234, value: 
key: 980633, value: 
key: 692257, value: 
key: 16503, value: 
key: 218208, value: 
key: 708879, value: 
key: 160714, value: 
key: 63787, value: 
key: 545940, value: 
key: 685741, value: 
key: 737592, value: 
key: 900888, value: 
key: 670516, value: 
key: 369261, value: 
key: 574629, value: 
key: 709344, value: 
key: 975598, value: 
key: 15160, value: 
key: 192674, value: 
key: 936658, value: 
key: 413229, value: 
key: 620342, value: 
key: 854244, value: 
key: 52020, value: 
key: 924457, value: 
key: 871265, value: 
key: 867813, value: 
key: 192546, value: 
key: 221198, value: 
key: 168819, value: 
key: 265358, value: 
key: 590263, value: 
key: 463019, value: 
key: 706769, value: 
key: 100503, value: 
key: 970900, value: 
key: 119503, value: 
key: 147179, value: 
key: 852527, value: 
key: 462946, value: 
key: 162626, value: 
key: 752126, value: 
key: 903021, value: 
key: 39197, value: 
key: 820795, value: 
key: 608430, value: 
key: 214514, value: 
key: 626720, value: 
key: 247820, value: 
key: 300620, value: 
key: 865031, value: 
key: 268892, value: 
key: 291856, value: 
key: 404302, value: 
key: 450152, value: 
key: 505777, value: 
key: 570294, value: 
key: 647998, value: 
key: 864931, value: 
key: 706510, value: 
key: 395389, value: 
key: 769168, value: 
key: 5808, value: 
key: 51928, value: 
key: 669127, value: 
key: 424700, value: 
key: 826216, value: 
key: 622252, value: 
key: 749324, value: 
key: 691409, value: 
key: 718506, value: 
key: 9138, value: 
key: 393721, value: 
key: 911558, value: 
key: 201691, value: 
key: 668531, value: 
key: 512584, value: 
key: 800186, value: 
key: 853838, value: 
key: 444629, value: 
key: 981229, value: 
key: 701401, value: 
key: 110214, value: 
key: 686089, value: 
key: 67363, value: 
key: 880403, value: 
key: 922619, value: 
key: 730247, value: 
key: 159433, value: 
key: 188006, value: 
key: 662915, value: 
key: 136106, value: 
key: 36464, value: 
key: 878169, value: 
key: 286133, value: 
key: 14066, value: 
key: 102121, value: 
key: 418817, value: 
key: 967434, value: 
key: 460366, value: 
key: 949618, value: 
key: 167474, value: 
key: 422599, value: 
key: 380727, value: 
key: 242681, value: 
key: 909072, value: 
key: 951628, value: 
key: 501333, value: 
key: 414075, value: 
key: 426656, value: 
key: 138157, value: 
key: 711134, value: 
key: 195367, value: 
key: 370447, value: 
key: 15858, value: 
key: 429525, value: 
key: 70750, value: 
key: 260690, value: 
key: 484885, value: 
key: 494035, value: 
key: 91764, value: 
key: 712423, value: 
key: 702989, value: 
key: 628571, value: 
key: 617948, value: 
key: 732564, value: 
key: 38598, value: 
key: 982167, value: 
key: 963030, value: 
key: 457773, value: 
key: 290435, value: 
key: 717927, value: 
key: 965537, value: 
key: 257458, value: 
key: 328493, value: 
key: 960387, value: 
key: 369300, value: 
key: 358001, value: 
key: 624540, value: 
key: 992553, value: 
key: 640876, value: 
key: 181447, value: 
key: 882973, value: 
key: 266744, value: 
key: 365018, value: 
key: 213557, value: 
key: 590856, value: 
key: 272440, value: 
key: 728952, value: 
key: 633061, value: 
key: 17830, value: 
key: 11577, value: 
key: 851953, value: 
key: 778829, value: 
key: 22393, value: 
key: 430217, value: 
key: 245231, value: 
key: 278437, value: 
key: 51115, value: 
key: 921067, value: 
key: 320211, value: 
key: 329069, value: 
key: 431539, value: 
key: 416152, value: 
key: 79601, value: 
key: 27659, value: 
key: 757958, value: 
key: 513761, value: 
key: 179127, value: 
key: 344145, value: 
key: 15889, value: 
key: 744648, value: 
key: 171484, value: 
key: 555860, value: 
key: 483309, value: 
key: 473896, value: 
key: 637456, value: 
key: 372832, value: 
key: 745793, value: 
key: 168411, value: 
key: 482799, value: 
key: 737107, value: 
key: 480728, value: 
key: 857263, value: 
key: 136171, value: 
key: 960404, value: 
key: 755886, value: 
key: 891977, value: 
key: 568606, value: 
key: 614091, value: 
key: 356272, value: 
key: 618978, value: 
key: 957015, value: 
key: 859344, value: 
key: 76949, value: 
key: 277948, value: 
key: 538553, value: 
key: 577640, value: 
key: 354674, value: 
key: 471241, value: 
key: 559541, value: 
key: 119583, value: 
key: 486551, value: 
key: 450244, value: 
key: 478336, value: 
key: 710339, value: 
key: 701638, value: 
key: 322862, value: 
key: 244614, value: 
key: 704215, value: 
key: 950559, value: 
key: 430763, value: 
key: 234765, value: 
key: 758100, value: 
key: 369168, value: 
key: 518852, value: 
key: 445721, value: 
key: 531699, value: 
key: 74354, value: 
key: 476235, value: 
key: 476727, value: 
key: 349175, value: 
key: 564480, value: 
key: 845273, value: 
key: 908174, value: 
key: 547258, value: 
key: 604269, value: 
key: 298066, value: 
key: 625097, value: 
key: 541382, value: 
key: 579224, value: 
key: 135406, value: 
key: 634152, value: 
key: 946592, value: 
key: 249581, value: 
key: 868346, value: 
key: 60520, value: 
key: 606553, value: 
key: 259931, value: 
key: 785098, value: 
key: 346415, value: 
key: 670633, value: 
key: 121115, value: 
key: 667639, value: 
key: 761568, value: 
key: 446805, value: 
key: 567872, value: 
key: 488311, value: 
key: 841042, value: 
key: 415643, value: 
key: 378087, value: 
key: 969595, value: 
key: 457328, value: 
key: 418271, value: 
key: 809220, value: 
key: 391466, value: 
key: 134229, value: 
key: 966749, value: 
key: 838101, value: 
key: 690345, value: 
key: 803750, value: 
key: 870983, value: 
key: 266702, value: 
key: 717378, value: 
key: 452055, value: 
key: 675159, value: 
key: 761621, value: 
key: 105919, value: 
key: 97609, value: 
key: 28568, value: 
key: 684353, value: 
key: 50677, value: 
key: 404034, value: 
key: 862331, value: 
key: 815122, value: 
key: 493342, value: 
key: 979213, value: 
key: 943353, value: 
key: 128811, value: 
key: 982385, value: 
key: 833043, value: 
key: 99852, value: 
key: 736759, value: 
key: 396797, value: 
key: 372889, value: 
key: 447530, value: 
key: 379196, value: 
key: 53225, value: 
key: 555424, value: 
key: 323340, value: 
key: 552904, value: 
key: 620814, value: 
key: 741072, value: 
key: 457168, value: 
key: 60072, value: 
key: 15661, value: 
key: 830167, value: 
key: 149151, value: 
key: 431803, value: 
key: 916649, value: 
key: 519990, value: 
key: 150810, value: 
key: 337187, value: 
key: 138254, value: 
key: 463192, value: 
key: 233362, value: 
key: 992177, value: 
key: 391738, value: 
key: 579167, value: 
key: 505595, value: 
key: 967993, value: 
key: 648388, value: 
key: 153314, value: 
key: 627950, value: 
key: 898077, value: 
key: 246773, value: 
key: 771071, value: 
key: 694534, value: 
key: 651320, value: 
key: 658910, value: 
key: 900248, value: 
key: 758270, value: 
key: 835652, value: 
key: 546288, value: 
key: 393482, value: 
key: 588884, value: 
key: 102097, value: 
key: 273553, value: 
key: 342240, value: 
key: 591840, value: 
key: 74824, value: 
key: 627071, value: 
key: 933688, value: 
key: 569441, value: 
key: 301375, value: 
key: 288766, value: 
key: 300365, value: 
key: 504310, value: 
key: 289743, value: 
key: 652884, value: 
key: 855984, value: 
key: 829390, value: 
key: 165449, value: 
key: 744343, value: 
key: 820113, value: 
key: 411357, value: 
key: 216840, value: 
key: 445091, value: 
key: 670549, value: 
key: 828641, value: 
key: 116272, value: 
key: 483237, value: 
key: 515466, value: 
key: 295902, value: 
key: 309289, value: 
key: 687596, value: 
key: 525980, value: 
key: 630093, value: 
key: 204786, value: 
key: 599712, value: 
key: 364534, value: 
key: 976861, value: 
key: 460872, value: 
key: 650240, value: 
key: 454637, value: 
key: 705221, value: 
key: 999428, value: 
key: 772395, value: 
key: 911765, value: 
key: 876310, value: 
key: 938803, value: 
key: 290918, value: 
key: 288043, value: 
key: 684665, value: 
key: 220975, value: 
key: 441989, value: 
key: 994423, value: 
key: 731523, value: 
key: 323601, value: 
key: 54624, value: 
key: 522884, value: 
key: 713394, value: 
key: 310474, value: 
key: 628418, value: 
key: 684070, value: 
key: 27486, value: 
key: 971420, value: 
key: 80922, value: 
key: 267293, value: 
key: 142121, value: 
key: 586789, value: 
key: 102383, value: 
key: 226788, value: 
key: 679812, value: 
key: 752739, value: 
key: 836013, value: 
key: 50277, value: 
key: 382222, value: 
key: 348846, value: 
key: 407598, value: 
key: 676521, value: 
key: 606971, value: 
key: 889480, value: 
key: 658516, value: 
key: 12217, value: 
key: 376597, value: 
key: 167438, value: 
key: 646283, value: 
key: 131347, value: 
key: 77867, value: 
key: 114081, value: 
key: 788736, value: 
key: 277438, value: 
key: 821521, value: 
key: 623961, value: 
key: 418604, value: 
key: 81565, value: 
key: 547630, value: 
key: 733332, value: 
key: 662274, value: 
key: 847147, value: 
key: 939000, value: 
key: 736548, value: 
key: 88393, value: 
key: 547995, value: 
key: 940787, value: 
key: 651551, value: 
key: 629921, value: 
key: 329258, value: 
key: 402898, value: 
key: 352052, value: 
key: 670653, value: 
key: 428326, value: 
key: 343883, value: 
key: 134104, value: 
key: 305038, value: 
key: 95810, value: 
key: 134562, value: 
key: 803462, value: 
key: 825185, value: 
key: 455863, value: 
key: 990968, value: 
key: 452277, value: 
key: 935954, value: 
key: 10363, value: 
key: 11636, value: 
key: 27884, value: 
key: 994920, value: 
key: 135530, value: 
key: 75481, value: 
key: 568295, value: 
key: 724105, value: 
key: 940516, value: 
key: 268096, value: 
key: 370759, value: 
key: 960109, value: 
key: 479179, value: 
key: 312252, value: 
key: 109030, value: 
key: 746693, value: 
key: 267107, value: 
key: 886610, value: 
key: 659258, value: 
key: 246463, value: 
key: 219272, value: 
key: 122569, value: 
key: 425099, value: 
key: 659476, value: 
key: 670086, value: 
key: 776834, value: 
key: 955004, value: 
key: 88306, value: 
key: 280922, value: 
key: 498446, value: 
key: 622146, value: 
key: 883213, value: 
key: 802063, value: 
key: 125694, value: 
key: 52547, value: 
key: 154256, value: 
key: 687350, value: 
key: 879456, value: 
key: 392627, value: 
key: 119475, value: 
key: 343739, value: 
key: 692673, value: 
key: 189326, value: 
key: 466537, value: 
key: 32996, value: 
key: 235313, value: 
key: 843031, value: 
key: 663967, value: 
key: 499005, value: 
key: 170160, value: 
key: 761164, value: 
key: 334890, value: 
key: 922080, value: 
key: 147694, value: 
key: 788066, value: 
key: 289862, value: 
key: 383735, value: 
key: 382563, value: 
key: 75047, value: 
key: 483992, value: 
key: 477131, value: 
key: 282359, value: 
key: 997877, value: 
key: 175970, value: 
key: 358836, value: 
key: 242368, value: 
key: 617953, value: 
key: 374337, value: 
key: 101557, value: 
key: 623042, value: 
key: 175985, value: 
key: 891140, value: 
key: 553581, value: 
key: 400399, value: 
key: 835935, value: 
key: 701339, value: 
key: 544039, value: 
key: 187463, value: 
key: 208256, value: 
key: 762156, value: 
key: 623921, value: 
key: 823426, value: 
key: 400159, value: 
key: 728460, value: 
key: 720628, value: 
key: 869998, value: 
key: 728033, value: 
key: 743236, value: 
key: 982367, value: 
key: 54237, value: 
key: 590922, value: 
key: 486137, value: 
key: 757475, value: 
key: 94736, value: 
key: 929430, value: 
key: 740464, value: 
key: 411957, value: 
key: 884584, value: 
key: 398054, value: 
key: 333778, value: 
key: 440816, value: 
key: 9390, value: 
key: 137527, value: 
key: 443206, value: 
key: 38835, value: 
key: 135536, value: 
key: 422456, value: 
key: 987904, value: 
key: 302006, value: 
key: 63697, value: 
key: 248542, value: 
key: 304143, value: 
key: 35395, value: 
key: 574728, value: 
key: 189458, value: 
key: 889031, value: 
key: 484955, value: 
key: 446597, value: 
key: 119679, value: 
key: 664081, value: 
key: 374188, value: 
key: 164444, value: 
key: 84027, value: 
key: 468043, value: 
key: 772719, value: 
key: 882137, value: 
key: 516719, value: 
key: 650097, value: 
key: 631292, value: 
key: 585988, value: 
key: 682674, value: 
key: 173934, value: 
key: 103678, value: 
key: 569483, value: 
key: 495313, value: 
key: 878851, value: 
key: 431708, value: 
key: 323609, value: 
key: 576517, value: 
key: 119378, value: 
key: 723153, value: 
key: 537103, value: 
key: 769362, value: 
key: 446191, value: 
key: 893960, value: 
key: 238576, value: 
key: 144363, value: 
key: 164659, value: 
key: 508374, value: 
key: 165537, value: 
key: 90921, value: 
key: 180969, value: 
key: 876851, value: 
key: 814765, value: 
key: 874350, value: 
key: 974807, value: 
key: 765210, value: 
key: 212314, value: 
key: 210264, value: 
key: 401761, value: 
key: 446586, value: 
key: 234709, value: 
key: 284575, value: 
key: 78589, value: 
key: 908057, value: 
key: 840212, value: 
key: 863116, value: 
key: 800168, value: 
key: 290749, value: 
key: 540095, value: 
key: 312616, value: 
key: 83725, value: 
key: 906976, value: 
key: 751569, value: 
key: 171114, value: 
key: 46957, value: 
key: 603277, value: 
key: 791886, value: 
key: 104475, value: 
key: 510083, value: 
key: 261729, value: 
key: 812121, value: 
key: 192201, value: 
key: 184035, value: 
key: 725629, value: 
key: 480348, value: 
key: 466740, value: 
key: 576845, value: 
key: 247989, value: 
key: 773914, value: 
key: 807714, value: 
key: 909214, value: 
key: 950032, value: 
key: 916690, value: 
key: 393525, value: 
key: 652121, value: 
key: 893791, value: 
key: 473366, value: 
key: 46063, value: 
key: 745443, value: 
key: 583100, value: 
key: 575376, value: 
key: 751905, value: 
key: 56444, value: 
key: 65464, value: 
key: 46788, value: 
key: 641934, value: 
key: 891216, value: 
key: 361232, value: 
key: 50172, value: 
key: 381856, value: 
key: 355893, value: 
key: 818903, value: 
key: 277900, value: 
key: 845538, value: 
key: 564813, value: 
key: 666672, value: 
key: 681525, value: 
key: 591389, value: 
key: 140525, value: 
key: 339022, value: 
key: 7545, value: 
key: 920732, value: 
key: 159806, value: 
key: 786349, value: 
key: 866531, value: 
key: 772740, value: 
key: 575266, value: 
key: 38682, value: 
key: 335307, value: 
key: 315976, value: 
key: 331118, value: 
key: 787591, value: 
key: 903717, value: 
key: 734557, value: 
key: 244472, value: 
key: 304365, value: 
key: 644454, value: 
key: 239409, value: 
key: 881680, value: 
key: 464261, value: 
key: 352865, value: 
key: 926334, value: 
key: 601648, value: 
key: 547098, value: 
key: 644843, value: 
key: 898046, value: 
key: 643213, value: 
key: 18248, value: 
key: 765823, value: 
key: 573662, value: 
key: 129144, value: 
key: 178265, value: 
key: 488784, value: 
key: 668324, value: 
key: 971507, value: 
key: 711163, value: 
key: 978801, value: 
key: 705472, value: 
key: 476215, value: 
key: 931204, value: 
key: 362244, value: 
key: 591570, value: 
key: 327595, value: 
key: 402346, value: 
key: 748488, value: 
key: 444108, value: 
key: 950379, value: 
key: 101717, value: 
key: 534139, value: 
key: 863730, value: 
key: 393710, value: 
key: 806579, value: 
key: 687327, value: 
key: 474943, value: 
key: 495241, value: 
key: 880283, value: 
key: 302127, value: 
key: 575093, value: 
key: 69305, value: 
key: 977916, value: 
key: 914102, value: 
key: 236334, value: 
key: 916364, value: 
key: 767331, value: 
key: 306563, value: 
key: 132603, value: 
key: 667019, value: 
key: 847547, value: 
key: 677962, value: 
key: 15317, value: 
key: 878598, value: 
key: 605477, value: 
key: 714119, value: 
key: 187319, value: 
key: 43709, value: 
key: 192711, value: 
key: 413388, value: 
key: 757714, value: 
key: 991518, value: 
key: 68924, value: 
key: 216075, value: 
key: 224931, value: 
key: 711060, value: 
key: 57298, value: 
key: 642298, value: 
key: 133152, value: 
key: 187056, value: 
key: 363469, value: 
key: 784068, value: 
key: 706363, value: 
key: 708530, value: 
key: 368145, value: 
key: 771664, value: 
key: 453126, value: 
key: 385366, value: 
key: 333855, value: 
key: 612006, value: 
key: 712722, value: 
key: 748554, value: 
key: 492806, value: 
key: 567991, value: 
key: 137682, value: 
key: 196973, value: 
key: 152027, value: 
key: 594065, value: 
key: 492257, value: 
key: 654507, value: 
key: 731604, value: 
key: 146578, value: 
key: 852325, value: 
key: 496002, value: 
key: 441341, value: 
key: 649567, value: 
key: 274121, value: 
key: 265114, value: 
key: 325036, value: 
key: 601019, value: 
key: 766761, value: 
key: 495571, value: 
key: 638763, value: 
key: 186273, value: 
key: 529593, value: 
key: 133833, value: 
key: 868436, value: 
key: 12301, value: 
key: 801655, value: 
key: 369076, value: 
key: 341450, value: 
key: 132898, value: 
key: 823307, value: 
key: 696147, value: 
key: 423226, value: 
key: 108280, value: 
key: 756931, value: 
key: 964705, value: 
key: 31672, value: 
key: 503157, value: 
key: 71535, value: 
key: 762563, value: 
key: 514434, value: 
key: 213283, value: 
key: 874598, value: 
key: 250976, value: 
key: 296187, value: 
key: 470178, value: 
key: 351091, value: 
key: 653629, value: 
key: 171387, value: 
key: 912474, value: 
key: 568220, value: 
key: 980312, value: 
key: 385197, value: 
key: 904365, value: 
key: 104217, value: 
key: 941823, value: 
key: 966701, value: 
key: 612257, value: 
key: 787579, value: 
key: 249066, value: 
key: 10671, value: 
key: 664212, value: 
key: 726930, value: 
key: 310597, value: 
key: 995662, value: 
key: 60900, value: 
key: 549953, value: 
key: 560172, value: 
key: 516812, value: 
key: 944361, value: 
key: 474745, value: 
key: 186501, value: 
key: 156870, value: 
key: 201185, value: 
key: 640003, value: 
key: 587995, value: 
key: 897458, value: 
key: 90109, value: 
key: 22676, value: 
key: 74071, value: 
key: 742475, value: 
key: 281370, value: 
key: 664485, value: 
key: 304040, value: 
key: 321333, value: 
key: 686643, value: 
key: 31513, value: 
key: 974973, value: 
key: 107472, value: 
key: 61624, value: 
key: 679759, value: 
key: 448030, value: 
key: 941247, value: 
key: 342936, value: 
key: 390650, value: 
key: 884027, value: 
key: 256183, value: 
key: 872817, value: 
key: 559875, value: 
key: 881646, value: 
key: 890112, value: 
key: 19014, value: 
key: 8708, value: 
key: 588956, value: 
key: 344356, value: 
key: 519671, value: 
key: 425215, value: 
key: 646405, value: 
key: 493494, value: 
key: 26311, value: 
key: 911639, value: 
key: 11441, value: 
key: 251753, value: 
key: 494347, value: 
key: 251072, value: 
key: 155305, value: 
key: 941427, value: 
key: 535541, value: 
key: 731600, value: 
key: 562664, value: 
key: 129377, value: 
key: 652695, value: 
key: 500639, value: 
key: 695034, value: 
key: 800649, value: 
key: 362888, value: 
key: 378498, value: 
key: 452965, value: 
key: 178249, value: 
key: 198665, value: 
key: 74718, value: 
key: 334771, value: 
key: 378883, value: 
key: 430161, value: 
key: 833126, value: 
key: 294338, value: 
key: 930564, value: 
key: 71757, value: 
key: 994764, value: 
key: 555033, value: 
key: 150702, value: 
key: 324392, value: 
key: 771721, value: 
key: 925296, value: 
key: 189546, value: 
key: 51784, value: 
key: 933998, value: 
key: 750111, value: 
key: 771635, value: 
key: 105087, value: 
key: 895647, value: 
key: 112144, value: 
key: 64551, value: 
key: 650363, value: 
key: 623309, value: 
key: 73812, value: 
key: 702697, value: 
key: 396571, value: 
key: 789133, value: 
key: 469462, value: 
key: 967793, value: 
key: 353400, value: 
key: 815481, value: 
key: 114546, value: 
key: 93209, value: 
key: 651489, value: 
key: 737558, value: 
key: 862274, value: 
key: 392672, value: 
key: 76509, value: 
key: 72422, value: 
key: 422917, value: 
key: 5088, value: 
key: 289897, value: 
key: 687606, value: 
key: 211586, value: 
key: 154827, value: 
key: 93711, value: 
key: 242359, value: 
key: 83707, value: 
key: 808605, value: 
key: 551611, value: 
key: 546749, value: 
key: 345502, value: 
key: 108734, value: 
key: 70466, value: 
key: 292211, value: 
key: 42151, value: 
key: 999174, value: 
key: 209798, value: 
key: 854101, value: 
key: 855171, value: 
key: 486438, value: 
key: 137756, value: 
key: 685264, value: 
key: 945452, value: 
key: 837371, value: 
key: 917291, value: 
key: 514225, value: 
key: 888957, value: 
key: 444559, value: 
key: 201479, value: 
key: 321698, value: 
key: 545522, value: 
key: 695508, value: 
key: 207961, value: 
key: 945081, value: 
key: 292228, value: 
key: 805321, value: 
key: 728231, value: 
key: 868302, value: 
key: 593325, value: 
key: 770221, value: 
key: 928051, value: 
key: 68731, value: 
key: 783733, value: 
key: 583920, value: 
key: 130584, value: 
key: 893959, value: 
key: 902895, value: 
key: 546389, value: 
key: 921832, value: 
key: 301056, value: 
key: 288380, value: 
key: 859836, value: 
key: 815429, value: 
key: 306462, value: 
key: 911927, value: 
key: 801147, value: 
key: 432738, value: 
key: 744581, value: 
key: 681851, value: 
key: 894727, value: 
key: 686795, value: 
key: 885765, value: 
key: 836529, value: 
key: 993765, value: 
key: 198766, value: 
key: 725535, value: 
key: 730751, value: 
key: 637980, value: 
key: 392500, value: 
key: 336968, value: 
key: 781807, value: 
key: 770865, value: 
key: 337291, value: 
key: 863570, value: 
key: 707836, value: 
key: 323197, value: 
key: 398878, value: 
key: 252325, value: 
key: 829062, value: 
key: 18251, value: 
key: 47055, value: 
key: 577510, value: 
key: 119901, value: 
key: 37025, value: 
key: 461309, value: 
key: 666618, value: 
key: 131372, value: 
key: 35067, value: 
key: 583711, value: 
key: 366509, value: 
key: 79289, value: 
key: 156676, value: 
key: 731118, value: 
key: 644638, value: 
key: 857207, value: 
key: 57919, value: 
key: 403369, value: 
key: 380417, value: 
key: 773381, value: 
key: 13788, value: 
key: 422041, value: 
key: 840834, value: 
key: 792926, value: 
key: 680764, value: 
key: 339211, value: 
key: 86746, value: 
key: 52455, value: 
key: 244458, value: 
key: 989777, value: 
key: 879313, value: 
key: 768433, value: 
key: 486645, value: 
key: 546084, value: 
key: 128976, value: 
key: 260771, value: 
key: 610, value: 
key: 759260, value: 
key: 437492, value: 
key: 783571, value: 
key: 644434, value: 
key: 853087, value: 
key: 536436, value: 
key: 295368, value: 
key: 417944, value: 
key: 674912, value: 
key: 119398, value: 
key: 809486, value: 
key: 419304, value: 
key: 632581, value: 
key: 842852, value: 
key: 886979, value: 
key: 591963, value: 
key: 42023, value: 
key: 11483, value: 
key: 59364, value: 
key: 18761, value: 
key: 356719, value: 
key: 703601, value: 
key: 681503, value: 
key: 316588, value: 
key: 59311, value: 
key: 205613, value: 
key: 66865, value: 
key: 368916, value: 
key: 500040, value: 
key: 205233, value: 
key: 31193, value: 
key: 543847, value: 
key: 92064, value: 
key: 718784, value: 
key: 54095, value: 
key: 913769, value: 
key: 727746, value: 
key: 311237, value: 
key: 818796, value: 
key: 413580, value: 
key: 603422, value: 
key: 462216, value: 
key: 377581, value: 
key: 747098, value: 
key: 753060, value: 
key: 397541, value: 
key: 971204, value: 
key: 976238, value: 
key: 426535, value: 
key: 349180, value: 
key: 569052, value: 
key: 314458, value: 
key: 530049, value: 
key: 121607, value: 
key: 51218, value: 
key: 90143, value: 
key: 995303, value: 
key: 457052, value: 
key: 645411, value: 
key: 530207, value: 
key: 375561, value: 
key: 900206, value: 
key: 129023, value: 
key: 100709, value: 
key: 722057, value: 
key: 944877, value: 
key: 87170, value: 
key: 281286, value: 
key: 580307, value: 
key: 43587, value: 
key: 806339, value: 
key: 858213, value: 
key: 601424, value: 
key: 223725, value: 
key: 657542, value: 
key: 441057, value: 
key: 628034, value: 
key: 485923, value: 
key: 829491, value: 
key: 76606, value: 
key: 675184, value: 
key: 892718, value: 
key: 331271, value: 
key: 852765, value: 
key: 76208, value: 
key: 962538, value: 
key: 109296, value: 
key: 71072, value: 
key: 143854, value: 
key: 698758, value: 
key: 802180, value: 
key: 522921, value: 
key: 400537, value: 
key: 744112, value: 
key: 187151, value: 
key: 763087, value: 
key: 494262, value: 
key: 496556, value: 
key: 730052, value: 
key: 486092, value: 
key: 373134, value: 
key: 129351, value: 
key: 311936, value: 
key: 61857, value: 
key: 677809, value: 
key: 595736, value: 
key: 628094, value: 
key: 223112, value: 
key: 736584, value: 
key: 984534, value: 
key: 920286, value: 
key: 477119, value: 
key: 958676, value: 
key: 708178, value: 
key: 7945, value: 
key: 682681, value: 
key: 121371, value: 
key: 626074, value: 
key: 183175, value: 
key: 450374, value: 
key: 936715, value: 
key: 969670, value: 
key: 338146, value: 
key: 241376, value: 
key: 232776, value: 
key: 938852, value: 
key: 893380, value: 
key: 814376, value: 
key: 444809, value: 
key: 685200, value: 
key: 859043, value: 
key: 682052, value: 
key: 824276, value: 
key: 290219, value: 
key: 522781, value: 
key: 508875, value: 
key: 641019, value: 
key: 241217, value: 
key: 889729, value: 
key: 300996, value: 
key: 331554, value: 
key: 844366, value: 
key: 978713, value: 
key: 328220, value: 
key: 87453, value: 
key: 582503, value: 
key: 558645, value: 
key: 208355, value: 
key: 605086, value: 
key: 101968, value: 
key: 286762, value: 
key: 318508, value: 
key: 390982, value: 
key: 867994, value: 
key: 815683, value: 
key: 535020, value: 
key: 611472, value: 
key: 431166, value: 
key: 891382, value: 
key: 16129, value: 
key: 433379, value: 
key: 709953, value: 
key: 246267, value: 
key: 910764, value: 
key: 407710, value: 
key: 597112, value: 
key: 465352, value: 
key: 854288, value: 
key: 504655, value: 
key: 865183, value: 
key: 293278, value: 
key: 28175, value: 
key: 413856, value: 
key: 116511, value: 
key: 225473, value: 
key: 986079, value: 
key: 143737, value: 
key: 50019, value: 
key: 258875, value: 
key: 936681, value: 
key: 255300, value: 
key: 611384, value: 
key: 152450, value: 
key: 312117, value: 
key: 565926, value: 
key: 128631, value: 
key: 735307, value: 
key: 239416, value: 
key: 403776, value: 
key: 146006, value: 
key: 33472, value: 
key: 599981, value: 
key: 920211, value: 
key: 614044, value: 
key: 606434, value: 
key: 944695, value: 
key: 849389, value: 
key: 60449, value: 
key: 271063, value: 
key: 692451, value: 
key: 440247, value: 
key: 256361, value: 
key: 539925, value: 
key: 451609, value: 
key: 291689, value: 
key: 115910, value: 
key: 995613, value: 
key: 524527, value: 
key: 677005, value: 
key: 466395, value: 
key: 899250, value: 
key: 526862, value: 
key: 478404, value: 
key: 589616, value: 
key: 664720, value: 
key: 826876, value: 
key: 183650, value: 
key: 404698, value: 
key: 710805, value: 
key: 689691, value: 
key: 192274, value: 
key: 290310, value: 
key: 668865, value: 
key: 754715, value: 
key: 779794, value: 
key: 157820, value: 
key: 442768, value: 
key: 635289, value: 
key: 799640, value: 
key: 922857, value: 
key: 490501, value: 
key: 858529, value: 
key: 57803, value: 
key: 186989, value: 
key: 124882, value: 
key: 314627, value: 
key: 660557, value: 
key: 978889, value: 
key: 400346, value: 
key: 622010, value: 
key: 736357, value: 
key: 634727, value: 
key: 176261, value: 
key: 733563, value: 
key: 362233, value: 
key: 75821, value: 
key: 870095, value: 
key: 173963, value: 
key: 329140, value: 
key: 177280, value: 
key: 81659, value: 
key: 192991, value: 
key: 688991, value: 
key: 95805, value: 
key: 928059, value: 
key: 867042, value: 
key: 898871, value: 
key: 366848, value: 
key: 374348, value: 
key: 196663, value: 
key: 48205, value: 
key: 860991, value: 
key: 654310, value: 
key: 339413, value: 
key: 635669, value: 
key: 920930, value: 
key: 679926, value: 
key: 964035, value: 
key: 539431, value: 
key: 996261, value: 
key: 775958, value: 
key: 337569, value: 
key: 837429, value: 
key: 952210, value: 
key: 907034, value: 
key: 187801, value: 
key: 531437, value: 
key: 619311, value: 
key: 621037, value: 
key: 393369, value: 
key: 776052, value: 
key: 214013, value: 
key: 525153, value: 
key: 512863, value: 
key: 979921, value: 
key: 759835, value: 
key: 859391, value: 
key: 786170, value: 
key: 604261, value: 
key: 246249, value: 
key: 194353, value: 
key: 954362, value: 
key: 509302, value: 
key: 214956, value: 
key: 709010, value: 
key: 815614, value: 
key: 140048, value: 
key: 473560, value: 
key: 412743, value: 
key: 207723, value: 
key: 671481, value: 
key: 313127, value: 
key: 354023, value: 
key: 582589, value: 
key: 127955, value: 
key: 217087, value: 
key: 446555, value: 
key: 498486, value: 
key: 773400, value: 
key: 859720, value: 
key: 94301, value: 
key: 507573, value: 
key: 279917, value: 
key: 180903, value: 
key: 475580, value: 
key: 408601, value: 
key: 812073, value: 
key: 380484, value: 
key: 570078, value: 
key: 730883, value: 
key: 408342, value: 
key: 416792, value: 
key: 862713, value: 
key: 229934, value: 
key: 706398, value: 
key: 912933, value: 
key: 417546, value: 
key: 871627, value: 
key: 675933, value: 
key: 360505, value: 
key: 532980, value: 
key: 880292, value: 
key: 844700, value: 
key: 354728, value: 
key: 946798, value: 
key: 395644, value: 
key: 13690, value: 
key: 119505, value: 
key: 958346, value: 
key: 222438, value: 
key: 812923, value: 
key: 28382, value: 
key: 921500, value: 
key: 518887, value: 
key: 921601, value: 
key: 840490, value: 
key: 815317, value: 
key: 866441, value: 
key: 358272, value: 
key: 903939, value: 
key: 928257, value: 
key: 732609, value: 
key: 875111, value: 
key: 4218, value: 
key: 598083, value: 
key: 678888, value: 
key: 456499, value: 
key: 9369, value: 
key: 813553, value: 
key: 240382, value: 
key: 579219, value: 
key: 26670, value: 
key: 474189, value: 
key: 779565, value: 
key: 253407, value: 
key: 653098, value: 
key: 392162, value: 
key: 134623, value: 
key: 476233, value: 
key: 934223, value: 
key: 221235, value: 
key: 691230, value: 
key: 235771, value: 
key: 281606, value: 
key: 522633, value: 
key: 814389, value: 
key: 930018, value: 
key: 535796, value: 
key: 430648, value: 
key: 847750, value: 
key: 516357, value: 
key: 260395, value: 
key: 793990, value: 
key: 12624, value: 
key: 526712, value: 
key: 177486, value: 
key: 620599, value: 
key: 258224, value: 
key: 241833, value: 
key: 782947, value: 
key: 450105, value: 
key: 662140, value: 
key: 122565, value: 
key: 578542, value: 
key: 364583, value: 
key: 113046, value: 
key: 972531, value: 
key: 607488, value: 
key: 611216, value: 
key: 97766, value: 
key: 96132, value: 
key: 840245, value: 
key: 930715, value: 
key: 910797, value: 
key: 291975, value: 
key: 223916, value: 
key: 238417, value: 
key: 818963, value: 
key: 638440, value: 
key: 452044, value: 
key: 97052, value: 
key: 905436, value: 
key: 59986, value: 
key: 278976, value: 
key: 617656, value: 
key: 537486, value: 
key: 728293, value: 
key: 229150, value: 
key: 699766, value: 
key: 628586, value: 
key: 857609, value: 
key: 70981, value: 
key: 645941, value: 
key: 101195, value: 
key: 123289, value: 
key: 327355, value: 
key: 880025, value: 
key: 874844, value: 
key: 160789, value: 
key: 337039, value: 
key: 482001, value: 
key: 109209, value: 
key: 830752, value: 
key: 119394, value: 
key: 844351, value: 
key: 122426, value: 
key: 51474, value: 
key: 223705, value: 
key: 828298, value: 
key: 639393, value: 
key: 577327, value: 
key: 514553, value: 
key: 286955, value: 
key: 740275, value: 
key: 278798, value: 
key: 385584, value: 
key: 605606, value: 
key: 916616, value: 
key: 799369, value: 
key: 619665, value: 
key: 606610, value: 
key: 841659, value: 
key: 181238, value: 
key: 490644, value: 
key: 451478, value: 
key: 427161, value: 
key: 392199, value: 
key: 404450, value: 
key: 227662, value: 
key: 638556, value: 
key: 536113, value: 
key: 274332, value: 
key: 823882, value: 
key: 308787, value: 
key: 841428, value: 
key: 122837, value: 
key: 696864, value: 
key: 545825, value: 
key: 743977, value: 
key: 175116, value: 
key: 621071, value: 
key: 674488, value: 
key: 53708, value: 
key: 692246, value: 
key: 974153, value: 
key: 778887, value: 
key: 570902, value: 
key: 411678, value: 
key: 198250, value: 
key: 334641, value: 
key: 355611, value: 
key: 965676, value: 
key: 634398, value: 
key: 139622, value: 
key: 803499, value: 
key: 211548, value: 
key: 598216, value: 
key: 18622, value: 
key: 548583, value: 
key: 72507, value: 
key: 174140, value: 
key: 159596, value: 
key: 148149, value: 
key: 513459, value: 
key: 263624, value: 
key: 307621, value: 
key: 243280, value: 
key: 411032, value: 
key: 246807, value: 
key: 460498, value: 
key: 400087, value: 
key: 891001, value: 
key: 838507, value: 
key: 129238, value: 
key: 94572, value: 
key: 609558, value: 
key: 390346, value: 
key: 997602, value: 
key: 362356, value: 
key: 298167, value: 
key: 741027, value: 
key: 792645, value: 
key: 157013, value: 
key: 660122, value: 
key: 771325, value: 
key: 200924, value: 
key: 728729, value: 
key: 170814, value: 
key: 424490, value: 
key: 203701, value: 
key: 591549, value: 
key: 657393, value: 
key: 748389, value: 
key: 207471, value: 
key: 918995, value: 
key: 509324, value: 
key: 707449, value: 
key: 58741, value: 
key: 538131, value: 
key: 472480, value: 
key: 745533, value: 
key: 693805, value: 
key: 234204, value: 
key: 247020, value: 
key: 849369, value: 
key: 395684, value: 
key: 607273, value: 
key: 934685, value: 
key: 474590, value: 
key: 383517, value: 
key: 821501, value: 
key: 688894, value: 
key: 285679, value: 
key: 616170, value: 
key: 42559, value: 
key: 210754, value: 
key: 306710, value: 
key: 387489, value: 
key: 543795, value: 
key: 635443, value: 
key: 498853, value: 
key: 158278, value: 
key: 714137, value: 
key: 218332, value: 
key: 647123, value: 
key: 81079, value: 
key: 542787, value: 
key: 661659, value: 
key: 678002, value: 
key: 951475, value: 
key: 988251, value: 
key: 286399, value: 
key: 662786, value: 
key: 451366, value: 
key: 602654, value: 
key: 333345, value: 
key: 839670, value: 
key: 609909, value: 
key: 431863, value: 
key: 734715, value: 
key: 646656, value: 
key: 661671, value: 
key: 93083, value: 
key: 63105, value: 
key: 595103, value: 
key: 235821, value: 
key: 547724, value: 
key: 342341, value: 
key: 541982, value: 
key: 561560, value: 
key: 489802, value: 
key: 271513, value: 
key: 438374, value: 
key: 853892, value: 
key: 591747, value: 
key: 814646, value: 
key: 106514, value: 
key: 560033, value: 
key: 760514, value: 
key: 656000, value: 
key: 236198, value: 
key: 811586, value: 
key: 833331, value: 
key: 992175, value: 
key: 573347, value: 
key: 426885, value: 
key: 526262, value: 
key: 541746, value: 
key: 404964, value: 
key: 532159, value: 
key: 159231, value: 
key: 621082, value: 
key: 672592, value: 
key: 501944, value: 
key: 410837, value: 
key: 783410, value: 
key: 872862, value: 
key: 590993, value: 
key: 720848, value: 
key: 119239, value: 
key: 801932, value: 
key: 924271, value: 
key: 547315, value: 
key: 768224, value: 
key: 851128, value: 
key: 478684, value: 
key: 34521, value: 
key: 206322, value: 
key: 38398, value: 
key: 158641, value: 
key: 156768, value: 
key: 10965, value: 
key: 382374, value: 
key: 161816, value: 
key: 928433, value: 
key: 47439, value: 
key: 904321, value: 
key: 181533, value: 
key: 481859, value: 
key: 363335, value: 
key: 515839, value: 
key: 220467, value: 
key: 919950, value: 
key: 209394, value: 
key: 613856, value: 
key: 214974, value: 
key: 486610, value: 
key: 213861, value: 
key: 324198, value: 
key: 315956, value: 
key: 373806, value: 
key: 74051, value: 
key: 966277, value: 
key: 430756, value: 
key: 527982, value: 
key: 797738, value: 
key: 276879, value: 
key: 511101, value: 
key: 600043, value: 
key: 52257, value: 
key: 49446, value: 
key: 390601, value: 
key: 764343, value: 
key: 985333, value: 
key: 959343, value: 
key: 814811, value: 
key: 703340, value: 
key: 902851, value: 
key: 280384, value: 
key: 957686, value: 
key: 383643, value: 
key: 299034, value: 
key: 628580, value: 
key: 590511, value: 
key: 946954, value: 
key: 502712, value: 
key: 903032, value: 
key: 904693, value: 
key: 504974, value: 
key: 475278, value: 
key: 417438, value: 
key: 419034, value: 
key: 164125, value: 
key: 150753, value: 
key: 678389, value: 
key: 607530, value: 
key: 346006, value: 
key: 144619, value: 
key: 855472, value: 
key: 679531, value: 
key: 89866, value: 
key: 165739, value: 
key: 962639, value: 
key: 770878, value: 
key: 950489, value: 
key: 201187, value: 
key: 885288, value: 
key: 910847, value: 
key: 860524, value: 
key: 308073, value: 
key: 74947, value: 
key: 537833, value: 
key: 140509, value: 
key: 158214, value: 
key: 747564, value: 
key: 86429, value: 
key: 535343, value: 
key: 455933, value: 
key: 695993, value: 
key: 33683, value: 
key: 169829, value: 
key: 101102, value: 
key: 164363, value: 
key: 812198, value: 
key: 694471, value: 
key: 13085, value: 
key: 230644, value: 
key: 362411, value: 
key: 864652, value: 
key: 467079, value: 
key: 358791, value: 
key: 498206, value: 
key: 441222, value: 
key: 894158, value: 
key: 309836, value: 
key: 761311, value: 
key: 679001, value: 
key: 596577, value: 
key: 896839, value: 
key: 418374, value: 
key: 558810, value: 
key: 459915, value: 
key: 64278, value: 
key: 855063, value: 
key: 941926, value: 
key: 262625, value: 
key: 113622, value: 
key: 893746, value: 
key: 85767, value: 
key: 393976, value: 
key: 884197, value: 
key: 467811, value: 
key: 796083, value: 
key: 916650, value: 
key: 424274, value: 
key: 361614, value: 
key: 687691, value: 
key: 129874, value: 
key: 556270, value: 
key: 63189, value: 
key: 37847, value: 
key: 747021, value: 
key: 288045, value: 
key: 932829, value: 
key: 366642, value: 
key: 551235, value: 
key: 582055, value: 
key: 650493, value: 
key: 209712, value: 
key: 479397, value: 
key: 920897, value: 
key: 569478, value: 
key: 340525, value: 
key: 93528, value: 
key: 556711, value: 
key: 30749, value: 
key: 25086, value: 
key: 561351, value: 
key: 859021, value: 
key: 714085, value: 
key: 857308, value: 
key: 814413, value: 
key: 158579, value: 
key: 513589, value: 
key: 648858, value: 
key: 487266, value: 
key: 237227, value: 
key: 113239, value: 
key: 773125, value: 
key: 534160, value: 
key: 857113, value: 
key: 190117, value: 
key: 179675, value: 
key: 350179, value: 
key: 103012, value: 
key: 232136, value: 
key: 475953, value: 
key: 184576, value: 
key: 914766, value: 
key: 400717, value: 
key: 641572, value: 
key: 633900, value: 
key: 774195, value: 
key: 995125, value: 
key: 932412, value: 
key: 82991, value: 
key: 615733, value: 
key: 745678, value: 
key: 222427, value: 
key: 45695, value: 
key: 140204, value: 
key: 58950, value: 
key: 258264, value: 
key: 312050, value: 
key: 38675, value: 
key: 878439, value: 
key: 680450, value: 
key: 501504, value: 
key: 106796, value: 
key: 484711, value: 
key: 227613, value: 
key: 510553, value: 
key: 576098, value: 
key: 127771, value: 
key: 513963, value: 
key: 204982, value: 
key: 956650, value: 
key: 318708, value: 
key: 133060, value: 
key: 943197, value: 
key: 565164, value: 
key: 176667, value: 
key: 866944, value: 
key: 752513, value: 
key: 694891, value: 
key: 131462, value: 
key: 974481, value: 
key: 650916, value: 
key: 592674, value: 
key: 821468, value: 
key: 996313, value: 
key: 115376, value: 
key: 52459, value: 
key: 311099, value: 
key: 694606, value: 
key: 97029, value: 
key: 956719, value: 
key: 647114, value: 
key: 325832, value: 
key: 440166, value: 
key: 90039, value: 
key: 935855, value: 
key: 946035, value: 
key: 373589, value: 
key: 835485, value: 
key: 874798, value: 
key: 957978, value: 
key: 158131, value: 
key: 800238, value: 
key: 438901, value: 
key: 929364, value: 
key: 709490, value: 
key: 611627, value: 
key: 302448, value: 
key: 413393, value: 
key: 36538, value: 
key: 274769, value: 
key: 157938, value: 
key: 185900, value: 
key: 38534, value: 
key: 894707, value: 
key: 353473, value: 
key: 159680, value: 
key: 310018, value: 
key: 572375, value: 
key: 255047, value: 
key: 380183, value: 
key: 802629, value: 
key: 745681, value: 
key: 731185, value: 
key: 337194, value: 
key: 645611, value: 
key: 459056, value: 
key: 943285, value: 
key: 785302, value: 
key: 633089, value: 
key: 395303, value: 
key: 826513, value: 
key: 785454, value: 
key: 112661, value: 
key: 805750, value: 
key: 826249, value: 
key: 972188, value: 
key: 336003, value: 
key: 569258, value: 
key: 812606, value: 
key: 322459, value: 
key: 218439, value: 
key: 956931, value: 
key: 566796, value: 
key: 496956, value: 
key: 874938, value: 
key: 176155, value: 
key: 129409, value: 
key: 384794, value: 
key: 301861, value: 
key: 490187, value: 
key: 523153, value: 
key: 885099, value: 
key: 779435, value: 
key: 442797, value: 
key: 239618, value: 
key: 247932, value: 
key: 962860, value: 
key: 675928, value: 
key: 724460, value: 
key: 18840, value: 
key: 283015, value: 
key: 295935, value: 
key: 464896, value: 
key: 612031, value: 
key: 768138, value: 
key: 720938, value: 
key: 10572, value: 
key: 557008, value: 
key: 734160, value: 
key: 476482, value: 
key: 665240, value: 
key: 565669, value: 
key: 762002, value: 
key: 580833, value: 
key: 550665, value: 
key: 215717, value: 
key: 835452, value: 
key: 590946, value: 
key: 300059, value: 
key: 591345, value: 
key: 94110, value: 
key: 984202, value: 
key: 768745, value: 
key: 521168, value: 
key: 549490, value: 
key: 224003, value: 
key: 551859, value: 
key: 842311, value: 
key: 506457, value: 
key: 166080, value: 
key: 52561, value: 
key: 594557, value: 
key: 542301, value: 
key: 374760, value: 
key: 658071, value: 
key: 322141, value: 
key: 735738, value: 
key: 182176, value: 
key: 857252, value: 
key: 734089, value: 
key: 209796, value: 
key: 436507, value: 
key: 293355, value: 
key: 398757, value: 
key: 122697, value: 
key: 287118, value: 
key: 989481, value: 
key: 623114, value: 
key: 480098, value: 
key: 552342, value: 
key: 340550, value: 
key: 381274, value: 
key: 788477, value: 
key: 475270, value: 
key: 240579, value: 
key: 559011, value: 
key: 611364, value: 
key: 535178, value: 
key: 913431, value: 
key: 896493, value: 
key: 357301, value: 
key: 918034, value: 
key: 950409, value: 
key: 682799, value: 
key: 967984, value: 
key: 618390, value: 
key: 199969, value: 
key: 12640, value: 
key: 755804, value: 
key: 233380, value: 
key: 722875, value: 
key: 896037, value: 
key: 517431, value: 
key: 36543, value: 
key: 5644, value: 
key: 590238, value: 
key: 411502, value: 
key: 530357, value: 
key: 421936, value: 
key: 635845, value: 
key: 407794, value: 
key: 262506, value: 
key: 984589, value: 
key: 297508, value: 
key: 243534, value: 
key: 726754, value: 
key: 167450, value: 
key: 369340, value: 
key: 592186, value: 
key: 724897, value: 
key: 514520, value: 
key: 399363, value: 
key: 652552, value: 
key: 787005, value: 
key: 427824, value: 
key: 269181, value: 
key: 449282, value: 
key: 423774, value: 
key: 978793, value: 
key: 977143, value: 
key: 91951, value: 
key: 846007, value: 
key: 834637, value: 
key: 599220, value: 
key: 903212, value: 
key: 109586, value: 
key: 22702, value: 
key: 986006, value: 
key: 456761, value: 
key: 692244, value: 
key: 374078, value: 
key: 23059, value: 
key: 647286, value: 
key: 956692, value: 
key: 323599, value: 
key: 831647, value: 
key: 721854, value: 
key: 460030, value: 
key: 338429, value: 
key: 588646, value: 
key: 921416, value: 
key: 202425, value: 
key: 276938, value: 
key: 264896, value: 
key: 114856, value: 
key: 622098, value: 
key: 222641, value: 
key: 759596, value: 
key: 33519, value: 
key: 359507, value: 
key: 409569, value: 
key: 373581, value: 
key: 258253, value: 
key: 694408, value: 
key: 282331, value: 
key: 449875, value: 
key: 892806, value: 
key: 743689, value: 
key: 707362, value: 
key: 792311, value: 
key: 859919, value: 
key: 667378, value: 
key: 272406, value: 
key: 646430, value: 
key: 261819, value: 
key: 69488, value: 
key: 899018, value: 
key: 979116, value: 
key: 257498, value: 
key: 97704, value: 
key: 29132, value: 
key: 488627, value: 
key: 338313, value: 
key: 309795, value: 
key: 321418, value: 
key: 672163, value: 
key: 48153, value: 
key: 766972, value: 
key: 495144, value: 
key: 527971, value: 
key: 143670, value: 
key: 6625, value: 
key: 486517, value: 
key: 110494, value: 
key: 73841, value: 
key: 648221, value: 
key: 667549, value: 
key: 852453, value: 
key: 840692, value: 
key: 707757, value: 
key: 715112, value: 
key: 909692, value: 
key: 886672, value: 
key: 816291, value: 
key: 484715, value: 
key: 988293, value: 
key: 107359, value: 
key: 446070, value: 
key: 393859, value: 
key: 205129, value: 
key: 737868, value: 
key: 989898, value: 
key: 957266, value: 
key: 290512, value: 
key: 513394, value: 
key: 694925, value: 
key: 593750, value: 
key: 467994, value: 
key: 791211, value: 
key: 850406, value: 
key: 154162, value: 
key: 373738, value: 
key: 708114, value: 
key: 135628, value: 
key: 963472, value: 
key: 871515, value: 
key: 530027, value: 
key: 849734, value: 
key: 607833, value: 
key: 911686, value: 
key: 193, value: 
key: 502688, value: 
key: 765306, value: 
key: 414952, value: 
key: 188909, value: 
key: 880296, value: 
key: 240063, value: 
key: 81204, value: 
key: 223424, value: 
key: 538551, value: 
key: 266939, value: 
key: 558780, value: 
key: 956317, value: 
key: 502356, value: 
key: 883923, value: 
key: 430374, value: 
key: 914072, value: 
key: 854404, value: 
key: 684616, value: 
key: 114041, value: 
key: 794144, value: 
key: 493487, value: 
key: 694743, value: 
key: 159420, value: 
key: 254282, value: 
key: 742008, value: 
key: 99531, value: 
key: 500484, value: 
key: 973132, value: 
key: 305977, value: 
key: 937534, value: 
key: 8308, value: 
key: 750067, value: 
key: 430312, value: 
key: 564310, value: 
key: 933145, value: 
key: 54651, value: 
key: 691197, value: 
key: 405149, value: 
key: 325984, value: 
key: 550735, value: 
key: 820955, value: 
key: 663103, value: 
key: 470116, value: 
key: 556449, value: 
key: 937589, value: 
key: 643503, value: 
key: 826184, value: 
key: 485189, value: 
key: 432048, value: 
key: 761638, value: 
key: 421970, value: 
key: 420825, value: 
key: 22612, value: 
key: 335712, value: 
key: 135385, value: 
key: 453524, value: 
key: 234561, value: 
key: 824357, value: 
key: 186129, value: 
key: 581010, value: 
key: 995286, value: 
key: 337590, value: 
key: 50792, value: 
key: 366596, value: 
key: 702943, value: 
key: 923625, value: 
key: 192472, value: 
key: 411331, value: 
key: 859964, value: 
key: 751037, value: 
key: 965120, value: 
key: 795910, value: 
key: 867329, value: 
key: 44436, value: 
key: 991073, value: 
key: 450949, value: 
key: 121997, value: 
key: 860577, value: 
key: 639353, value: 
key: 193626, value: 
key: 79737, value: 
key: 479762, value: 
key: 585799, value: 
key: 698617, value: 
key: 925096, value: 
key: 175365, value: 
key: 202085, value: 
key: 863758, value: 
key: 704512, value: 
key: 818068, value: 
key: 55120, value: 
key: 103218, value: 
key: 232071, value: 
key: 64058, value: 
key: 134748, value: 
key: 4346, value: 
key: 356553, value: 
key: 309410, value: 
key: 350742, value: 
key: 467499, value: 
key: 23529, value: 
key: 906310, value: 
key: 634039, value: 
key: 823040, value: 
key: 225444, value: 
key: 328860, value: 
key: 779918, value: 
key: 365166, value: 
key: 829501, value: 
key: 105346, value: 
key: 342796, value: 
key: 585148, value: 
key: 887879, value: 
key: 464119, value: 
key: 579174, value: 
key: 12318, value: 
key: 370621, value: 
key: 341481, value: 
key: 440182, value: 
key: 830901, value: 
key: 968927, value: 
key: 259892, value: 
key: 620955, value: 
key: 965911, value: 
key: 835540, value: 
key: 946859, value: 
key: 402034, value: 
key: 646470, value: 
key: 38080, value: 
key: 175110, value: 
key: 693674, value: 
key: 341537, value: 
key: 55188, value: 
key: 612822, value: 
key: 493371, value: 
key: 500060, value: 
key: 887776, value: 
key: 763346, value: 
key: 223659, value: 
key: 26375, value: 
key: 900792, value: 
key: 316627, value: 
key: 590906, value: 
key: 890143, value: 
key: 795691, value: 
key: 569883, value: 
key: 683550, value: 
key: 794748, value: 
key: 558788, value: 
key: 541920, value: 
key: 403071, value: 
key: 2883, value: 
key: 853959, value: 
key: 91690, value: 
key: 824724, value: 
key: 717602, value: 
key: 857847, value: 
key: 745825, value: 
key: 444513, value: 
key: 677496, value: 
key: 752713, value: 
key: 798315, value: 
key: 727148, value: 
key: 165209, value: 
key: 632031, value: 
key: 820696, value: 
key: 565230, value: 
key: 648131, value: 
key: 929876, value: 
key: 117512, value: 
key: 605246, value: 
key: 233588, value: 
key: 68395, value: 
key: 697298, value: 
key: 324738, value: 
key: 115189, value: 
key: 81736, value: 
key: 902976, value: 
key: 51108, value: 
key: 480276, value: 
key: 308279, value: 
key: 115589, value: 
key: 318241, value: 
key: 678606, value: 
key: 795020, value: 
key: 489714, value: 
key: 556292, value: 
key: 100055, value: 
key: 883419, value: 
key: 890006, value: 
key: 422764, value: 
key: 353105, value: 
key: 663235, value: 
key: 347829, value: 
key: 844425, value: 
key: 255571, value: 
key: 325760, value: 
key: 255948, value: 
key: 218860, value: 
key: 544600, value: 
key: 573226, value: 
key: 513314, value: 
key: 957127, value: 
key: 627398, value: 
key: 499054, value: 
key: 397431, value: 
key: 801257, value: 
key: 269668, value: 
key: 633238, value: 
key: 837115, value: 
key: 996041, value: 
key: 336142, value: 
key: 565447, value: 
key: 656983, value: 
key: 117907, value: 
key: 341791, value: 
key: 89077, value: 
key: 882865, value: 
key: 524714, value: 
key: 103409, value: 
key: 864908, value: 
key: 623491, value: 
key: 167674, value: 
key: 478486, value: 
key: 740019, value: 
key: 780783, value: 
key: 685266, value: 
key: 985423, value: 
key: 220148, value: 
key: 127568, value: 
key: 160075, value: 
key: 206799, value: 
key: 653294, value: 
key: 108820, value: 
key: 25587, value: 
key: 486182, value: 
key: 214451, value: 
key: 278932, value: 
key: 905157, value: 
key: 979918, value: 
key: 750528, value: 
key: 50, value: 
key: 163898, value: 
key: 492152, value: 
key: 532793, value: 
key: 533594, value: 
key: 346417, value: 
key: 257274, value: 
key: 835955, value: 
key: 547324, value: 
key: 783700, value: 
key: 412644, value: 
key: 229251, value: 
key: 311116, value: 
key: 765139, value: 
key: 439906, value: 
key: 367959, value: 
key: 919024, value: 
key: 259948, value: 
key: 665387, value: 
key: 783168, value: 
key: 831924, value: 
key: 247097, value: 
key: 821253, value: 
key: 607752, value: 
key: 925027, value: 
key: 156591, value: 
key: 213474, value: 
key: 335624, value: 
key: 344934, value: 
key: 470484, value: 
key: 413027, value: 
key: 831805, value: 
key: 670932, value: 
key: 218543, value: 
key: 499043, value: 
key: 334148, value: 
key: 570212, value: 
key: 672482, value: 
key: 481992, value: 
key: 868025, value: 
key: 217210, value: 
key: 580600, value: 
key: 508695, value: 
key: 997583, value: 
key: 683435, value: 
key: 510326, value: 
key: 930553, value: 
key: 416776, value: 
key: 294033, value: 
key: 281334, value: 
key: 991099, value: 
key: 995978, value: 
key: 357277, value: 
key: 86186, value: 
key: 645240, value: 
key: 281343, value: 
key: 230842, value: 
key: 719220, value: 
key: 728239, value: 
key: 698372, value: 
key: 71274, value: 
key: 192650, value: 
key: 357583, value: 
key: 609750, value: 
key: 70659, value: 
key: 325397, value: 
key: 85369, value: 
key: 223347, value: 
key: 611571, value: 
key: 630204, value: 
key: 49361, value: 
key: 321414, value: 
key: 496310, value: 
key: 937624, value: 
key: 942516, value: 
key: 590791, value: 
key: 263127, value: 
key: 641684, value: 
key: 668403, value: 
key: 358098, value: 
key: 38093, value: 
key: 165777, value: 
key: 428863, value: 
key: 840629, value: 
key: 963276, value: 
key: 464706, value: 
key: 177400, value: 
key: 76543, value: 
key: 11368, value: 
key: 273977, value: 
key: 362554, value: 
key: 320170, value: 
key: 646982, value: 
key: 877607, value: 
key: 455285, value: 
key: 798881, value: 
key: 98484, value: 
key: 582862, value: 
key: 605930, value: 
key: 386752, value: 
key: 220449, value: 
key: 342244, value: 
key: 139792, value: 
key: 636422, value: 
key: 719123, value: 
key: 704062, value: 
key: 311572, value: 
key: 989717, value: 
key: 621930, value: 
key: 249901, value: 
key: 847004, value: 
key: 31571, value: 
key: 733745, value: 
key: 828708, value: 
key: 30008, value: 
key: 142457, value: 
key: 236266, value: 
key: 781438, value: 
key: 795723, value: 
key: 531163, value: 
key: 617447, value: 
key: 52992, value: 
key: 743724, value: 
key: 321032, value: 
key: 266016, value: 
key: 593167, value: 
key: 343951, value: 
key: 80027, value: 
key: 102505, value: 
key: 649369, value: 
key: 435391, value: 
key: 585696, value: 
key: 658341, value: 
key: 660452, value: 
key: 666210, value: 
key: 365311, value: 
key: 868078, value: 
key: 287161, value: 
key: 900547, value: 
key: 345456, value: 
key: 838855, value: 
key: 291351, value: 
key: 289684, value: 
key: 122521, value: 
key: 135749, value: 
key: 901797, value: 
key: 341656, value: 
key: 508497, value: 
key: 396254, value: 
key: 21264, value: 
key: 444991, value: 
key: 138872, value: 
key: 725292, value: 
key: 915572, value: 
key: 687125, value: 
key: 903629, value: 
key: 771592, value: 
key: 168118, value: 
key: 762592, value: 
key: 695478, value: 
key: 357620, value: 
key: 999286, value: 
key: 799846, value: 
key: 628384, value: 
key: 849408, value: 
key: 991378, value: 
key: 270882, value: 
key: 480946, value: 
key: 778342, value: 
key: 402711, value: 
key: 494028, value: 
key: 379833, value: 
key: 711594, value: 
key: 126158, value: 
key: 854651, value: 
key: 604803, value: 
key: 746426, value: 
key: 670020, value: 
key: 454738, value: 
key: 443015, value: 
key: 264371, value: 
key: 115455, value: 
key: 404731, value: 
key: 684311, value: 
key: 550180, value: 
key: 72587, value: 
key: 966952, value: 
key: 542817, value: 
key: 965098, value: 
key: 101711, value: 
key: 942859, value: 
key: 354076, value: 
key: 723298, value: 
key: 94985, value: 
key: 86391, value: 
key: 992267, value: 
key: 591637, value: 
key: 542693, value: 
key: 772166, value: 
key: 885170, value: 
key: 52989, value: 
key: 169827, value: 
key: 563676, value: 
key: 782974, value: 
key: 911848, value: 
key: 466409, value: 
key: 545148, value: 
key: 463079, value: 
key: 855270, value: 
key: 831496, value: 
key: 722327, value: 
key: 100972, value: 
key: 50859, value: 
key: 830763, value: 
key: 961171, value: 
key: 487082, value: 
key: 285358, value: 
key: 151329, value: 
key: 702925, value: 
key: 150049, value: 
key: 299357, value: 
key: 471652, value: 
key: 570854, value: 
key: 650239, value: 
key: 588846, value: 
key: 524769, value: 
key: 672756, value: 
key: 464003, value: 
key: 984118, value: 
key: 259744, value: 
key: 828647, value: 
key: 11351, value: 
key: 809569, value: 
key: 449662, value: 
key: 604900, value: 
key: 137231, value: 
key: 974573, value: 
key: 606029, value: 
key: 769236, value: 
key: 428016, value: 
key: 904338, value: 
key: 300228, value: 
key: 499166, value: 
key: 479980, value: 
key: 629602, value: 
key: 227907, value: 
key: 892206, value: 
key: 849662, value: 
key: 475355, value: 
key: 468504, value: 
key: 775383, value: 
key: 972665, value: 
key: 331053, value: 
key: 568671, value: 
key: 25521, value: 
key: 630909, value: 
key: 367045, value: 
key: 970612, value: 
key: 358506, value: 
key: 930283, value: 
key: 289589, value: 
key: 658345, value: 
key: 811449, value: 
key: 910634, value: 
key: 199011, value: 
key: 65813, value: 
key: 300617, value: 
key: 315756, value: 
key: 271128, value: 
key: 429752, value: 
key: 474143, value: 
key: 612839, value: 
key: 542664, value: 
key: 597208, value: 
key: 3466, value: 
key: 523441, value: 
key: 832967, value: 
key: 383285, value: 
key: 528091, value: 
key: 333439, value: 
key: 305740, value: 
key: 507508, value: 
key: 218268, value: 
key: 764974, value: 
key: 202825, value: 
key: 874983, value: 
key: 187432, value: 
key: 269341, value: 
key: 802492, value: 
key: 913592, value: 
key: 401983, value: 
key: 499649, value: 
key: 982761, value: 
key: 290352, value: 
key: 642944, value: 
key: 272747, value: 
key: 729979, value: 
key: 183306, value: 
key: 151156, value: 
key: 412389, value: 
key: 749045, value: 
key: 1488, value: 
key: 312108, value: 
key: 775770, value: 
key: 964840, value: 
key: 846580, value: 
key: 484588, value: 
key: 743681, value: 
key: 914120, value: 
key: 181685, value: 
key: 145058, value: 
key: 475106, value: 
key: 89954, value: 
key: 804755, value: 
key: 98169, value: 
key: 119763, value: 
key: 311590, value: 
key: 269394, value: 
key: 137118, value: 
key: 699201, value: 
key: 605600, value: 
key: 301854, value: 
key: 569119, value: 
key: 761724, value: 
key: 298938, value: 
key: 788727, value: 
key: 927247, value: 
key: 461390, value: 
key: 271568, value: 
key: 168826, value: 
key: 601844, value: 
key: 178715, value: 
key: 227048, value: 
key: 714281, value: 
key: 496466, value: 
key: 287802, value: 
key: 263060, value: 
key: 498044, value: 
key: 392757, value: 
key: 449949, value: 
key: 413461, value: 
key: 115523, value: 
key: 640726, value: 
key: 309029, value: 
key: 333480, value: 
key: 269048, value: 
key: 58974, value: 
key: 78550, value: 
key: 556906, value: 
key: 324178, value: 
key: 837850, value: 
key: 208469, value: 
key: 921184, value: 
key: 407149, value: 
key: 923344, value: 
key: 806270, value: 
key: 812884, value: 
key: 492073, value: 
key: 114876, value: 
key: 190809, value: 
key: 240827, value: 
key: 32464, value: 
key: 613292, value: 
key: 475065, value: 
key: 203596, value: 
key: 162363, value: 
key: 926521, value: 
key: 842289, value: 
key: 24472, value: 
key: 980745, value: 
key: 488229, value: 
key: 157369, value: 
key: 867905, value: 
key: 818833, value: 
key: 440391, value: 
key: 239100, value: 
key: 356610, value: 
key: 391486, value: 
key: 333750, value: 
key: 3723, value: 
key: 775181, value: 
key: 94578, value: 
key: 509384, value: 
key: 677357, value: 
key: 122619, value: 
key: 265967, value: 
key: 369902, value: 
key: 737594, value: 
key: 45648, value: 
key: 31153, value: 
key: 94680, value: 
key: 462739, value: 
key: 84728, value: 
key: 136070, value: 
key: 50259, value: 
key: 590913, value: 
key: 418532, value: 
key: 164905, value: 
key: 173518, value: 
key: 115804, value: 
key: 861152, value: 
key: 763973, value: 
key: 557262, value: 
key: 418884, value: 
key: 554643, value: 
key: 201866, value: 
key: 910021, value: 
key: 53401, value: 
key: 982952, value: 
key: 722835, value: 
key: 218750, value: 
key: 245842, value: 
key: 131037, value: 
key: 46085, value: 
key: 269796, value: 
key: 146682, value: 
key: 381447, value: 
key: 166930, value: 
key: 756450, value: 
key: 489053, value: 
key: 274181, value: 
key: 853395, value: 
key: 176638, value: 
key: 111602, value: 
key: 452062, value: 
key: 829257, value: 
key: 17636, value: 
key: 237427, value: 
key: 77733, value: 
key: 803271, value: 
key: 883822, value: 
key: 651816, value: 
key: 778801, value: 
key: 735826, value: 
key: 593268, value: 
key: 444519, value: 
key: 13096, value: 
key: 749180, value: 
key: 498787, value: 
key: 635946, value: 
key: 615856, value: 
key: 958067, value: 
key: 714179, value: 
key: 444696, value: 
key: 331842, value: 
key: 822269, value: 
key: 246720, value: 
key: 440577, value: 
key: 481947, value: 
key: 856736, value: 
key: 709117, value: 
key: 902958, value: 
key: 566990, value: 
key: 325933, value: 
key: 734210, value: 
key: 731097, value: 
key: 286553, value: 
key: 395008, value: 
key: 521847, value: 
key: 749632, value: 
key: 163225, value: 
key: 282414, value: 
key: 107166, value: 
key: 408278, value: 
key: 706789, value: 
key: 678224, value: 
key: 304187, value: 
key: 436907, value: 
key: 441486, value: 
key: 947308, value: 
key: 246623, value: 
key: 125883, value: 
key: 723072, value: 
key: 96420, value: 
key: 398788, value: 
key: 517383, value: 
key: 644995, value: 
key: 603857, value: 
key: 102307, value: 
key: 345685, value: 
key: 251177, value: 
key: 868072, value: 
key: 594513, value: 
key: 306655, value: 
key: 740581, value: 
key: 860276, value: 
key: 113190, value: 
key: 5790, value: 
key: 611506, value: 
key: 109344, value: 
key: 497917, value: 
key: 43222, value: 
key: 937581, value: 
key: 181133, value: 
key: 902224, value: 
key: 878871, value: 
key: 724286, value: 
key: 218334, value: 
key: 113950, value: 
key: 87745, value: 
key: 860823, value: 
key: 971099, value: 
key: 694480, value: 
key: 270457, value: 
key: 262379, value: 
key: 942350, value: 
key: 121766, value: 
key: 725081, value: 
key: 117046, value: 
key: 226654, value: 
key: 763553, value: 
key: 893276, value: 
key: 573279, value: 
key: 793093, value: 
key: 156562, value: 
key: 195871, value: 
key: 665402, value: 
key: 453630, value: 
key: 317927, value: 
key: 300949, value: 
key: 93355, value: 
key: 690, value: 
key: 532087, value: 
key: 772195, value: 
key: 222850, value: 
key: 406168, value: 
key: 657654, value: 
key: 743562, value: 
key: 370564, value: 
key: 98491, value: 
key: 680810, value: 
key: 122729, value: 
key: 144684, value: 
key: 938298, value: 
key: 872080, value: 
key: 431216, value: 
key: 479166, value: 
key: 580545, value: 
key: 189566, value: 
key: 248960, value: 
key: 736371, value: 
key: 657243, value: 
key: 213504, value: 
key: 769627, value: 
key: 87642, value: 
key: 22041, value: 
key: 441529, value: 
key: 609729, value: 
key: 813492, value: 
key: 697623, value: 
key: 163274, value: 
key: 604924, value: 
key: 117639, value: 
key: 38059, value: 
key: 693100, value: 
key: 651762, value: 
key: 342512, value: 
key: 218231, value: 
key: 646894, value: 
key: 34640, value: 
key: 363847, value: 
key: 394443, value: 
key: 590252, value: 
key: 61570, value: 
key: 869093, value: 
key: 292886, value: 
key: 720655, value: 
key: 914333, value: 
key: 245378, value: 
key: 757022, value: 
key: 286591, value: 
key: 424681, value: 
key: 113488, value: 
key: 600902, value: 
key: 836901, value: 
key: 430341, value: 
key: 92200, value: 
key: 625527, value: 
key: 800896, value: 
key: 392991, value: 
key: 244021, value: 
key: 638509, value: 
key: 996885, value: 
key: 868296, value: 
key: 286012, value: 
key: 933662, value: 
key: 440834, value: 
key: 675454, value: 
key: 366451, value: 
key: 929263, value: 
key: 944400, value: 
key: 549500, value: 
key: 251289, value: 
key: 469970, value: 
key: 410013, value: 
key: 792317, value: 
key: 210756, value: 
key: 911015, value: 
key: 736096, value: 
key: 790283, value: 
key: 208171, value: 
key: 235393, value: 
key: 8223, value: 
key: 938001, value: 
key: 649912, value: 
key: 968031, value: 
key: 732065, value: 
key: 92077, value: 
key: 569513, value: 
key: 818062, value: 
key: 710603, value: 
key: 453629, value: 
key: 100167, value: 
key: 941793, value: 
key: 998898, value: 
key: 678662, value: 
key: 978588, value: 
key: 736742, value: 
key: 977884, value: 
key: 79724, value: 
key: 312027, value: 
key: 744231, value: 
key: 765036, value: 
key: 466843, value: 
key: 482818, value: 
key: 206452, value: 
key: 36615, value: 
key: 532292, value: 
key: 475401, value: 
key: 267530, value: 
key: 423293, value: 
key: 292284, value: 
key: 460342, value: 
key: 623099, value: 
key: 158706, value: 
key: 275827, value: 
key: 497744, value: 
key: 27158, value: 
key: 92653, value: 
key: 290682, value: 
key: 463996, value: 
key: 155970, value: 
key: 754100, value: 
key: 771077, value: 
key: 31966, value: 
key: 648335, value: 
key: 879704, value: 
key: 690695, value: 
key: 204885, value: 
key: 206360, value: 
key: 902477, value: 
key: 519118, value: 
key: 592357, value: 
key: 359349, value: 
key: 820010, value: 
key: 38640, value: 
key: 95957, value: 
key: 66690, value: 
key: 970731, value: 
key: 461318, value: 
key: 974087, value: 
key: 674390, value: 
key: 171347, value: 
key: 556391, value: 
key: 59418, value: 
key: 950571, value: 
key: 261185, value: 
key: 527032, value: 
key: 437964, value: 
key: 311121, value: 
key: 715253, value: 
key: 259939, value: 
key: 876028, value: 
key: 620306, value: 
key: 902136, value: 
key: 278325, value: 
key: 243413, value: 
key: 84045, value: 
key: 380721, value: 
key: 848944, value: 
key: 63921, value: 
key: 951697, value: 
key: 984024, value: 
key: 591510, value: 
key: 498059, value: 
key: 112601, value: 
key: 434000, value: 
key: 667806, value: 
key: 652565, value: 
key: 655869, value: 
key: 103449, value: 
key: 245341, value: 
key: 546178, value: 
key: 723755, value: 
key: 804434, value: 
key: 452303, value: 
key: 9091, value: 
key: 960114, value: 
key: 594159, value: 
key: 487114, value: 
key: 465275, value: 
key: 835623, value: 
key: 146705, value: 
key: 125485, value: 
key: 589326, value: 
key: 78189, value: 
key: 74976, value: 
key: 78868, value: 
key: 233788, value: 
key: 414899, value: 
key: 982330, value: 
key: 994179, value: 
key: 354971, value: 
key: 441033, value: 
key: 166750, value: 
key: 111336, value: 
key: 992490, value: 
key: 76916, value: 
key: 628063, value: 
key: 776225, value: 
key: 227408, value: 
key: 581470, value: 
key: 200643, value: 
key: 956131, value: 
key: 941979, value: 
key: 886380, value: 
key: 186813, value: 
key: 395840, value: 
key: 630688, value: 
key: 447112, value: 
key: 295515, value: 
key: 859474, value: 
key: 393813, value: 
key: 287598, value: 
key: 287419, value: 
key: 32712, value: 
key: 190698, value: 
key: 362480, value: 
key: 265224, value: 
key: 644148, value: 
key: 724525, value: 
key: 324066, value: 
key: 791930, value: 
key: 543551, value: 
key: 825376, value: 
key: 66049, value: 
key: 442331, value: 
key: 516090, value: 
key: 341797, value: 
key: 140426, value: 
key: 602179, value: 
key: 2425, value: 
key: 865224, value: 
key: 153383, value: 
key: 195554, value: 
key: 532706, value: 
key: 46892, value: 
key: 236594, value: 
key: 339176, value: 
key: 857988, value: 
key: 13614, value: 
key: 347436, value: 
key: 146824, value: 
key: 544046, value: 
key: 291443, value: 
key: 51872, value: 
key: 567463, value: 
key: 997466, value: 
key: 484634, value: 
key: 348879, value: 
key: 722084, value: 
key: 660072, value: 
key: 381063, value: 
key: 824195, value: 
key: 56569, value: 
key: 499362, value: 
key: 983966, value: 
key: 7244, value: 
key: 744033, value: 
key: 156160, value: 
key: 432572, value: 
key: 969168, value: 
key: 326444, value: 
key: 496949, value: 
key: 92631, value: 
key: 789373, value: 
key: 118003, value: 
key: 822003, value: 
key: 197202, value: 
key: 305821, value: 
key: 122262, value: 
key: 924451, value: 
key: 342459, value: 
key: 227619, value: 
key: 919255, value: 
key: 224018, value: 
key: 766936, value: 
key: 352421, value: 
key: 935055, value: 
key: 547793, value: 
key: 400337, value: 
key: 72420, value: 
key: 370771, value: 
key: 902644, value: 
key: 37975, value: 
key: 582329, value: 
key: 449334, value: 
key: 643617, value: 
key: 427017, value: 
key: 436147, value: 
key: 484205, value: 
key: 467000, value: 
key: 913554, value: 
key: 834644, value: 
key: 330485, value: 
key: 106493, value: 
key: 626177, value: 
key: 409417, value: 
key: 646575, value: 
key: 680717, value: 
key: 353271, value: 
key: 981724, value: 
key: 50134, value: 
key: 16532, value: 
key: 517806, value: 
key: 967986, value: 
key: 924141, value: 
key: 466386, value: 
key: 497984, value: 
key: 552658, value: 
key: 53759, value: 
key: 128190, value: 
key: 493212, value: 
key: 744552, value: 
key: 945153, value: 
key: 247066, value: 
key: 390690, value: 
key: 633122, value: 
key: 941014, value: 
key: 411272, value: 
key: 955174, value: 
key: 563252, value: 
key: 493849, value: 
key: 604672, value: 
key: 94459, value: 
key: 894961, value: 
key: 9028, value: 
key: 146275, value: 
key: 208032, value: 
key: 687763, value: 
key: 791202, value: 
key: 823424, value: 
key: 539691, value: 
key: 772872, value: 
key: 149661, value: 
key: 692222, value: 
key: 303027, value: 
key: 864955, value: 
key: 702417, value: 
key: 109964, value: 
key: 488582, value: 
key: 9219, value: 
key: 397781, value: 
key: 947384, value: 
key: 85301, value: 
key: 924480, value: 
key: 301285, value: 
key: 586275, value: 
key: 486351, value: 
key: 202755, value: 
key: 580475, value: 
key: 590027, value: 
key: 256945, value: 
key: 414516, value: 
key: 940756, value: 
key: 15575, value: 
key: 620184, value: 
key: 805776, value: 
key: 374885, value: 
key: 919679, value: 
key: 832592, value: 
key: 7017, value: 
key: 889444, value: 
key: 427956, value: 
key: 640038, value: 
key: 197112, value: 
key: 477362, value: 
key: 654464, value: 
key: 914377, value: 
key: 386684, value: 
key: 71173, value: 
key: 563661, value: 
key: 544561, value: 
key: 443303, value: 
key: 915174, value: 
key: 176322, value: 
key: 755169, value: 
key: 721126, value: 
key: 959507, value: 
key: 771950, value: 
key: 480397, value: 
key: 706110, value: 
key: 525188, value: 
key: 567335, value: 
key: 351848, value: 
key: 293612, value: 
key: 516986, value: 
key: 113437, value: 
key: 160668, value: 
key: 69165, value: 
key: 44708, value: 
key: 557446, value: 
key: 117213, value: 
key: 963744, value: 
key: 288296, value: 
key: 181744, value: 
key: 191992, value: 
key: 236392, value: 
key: 541483, value: 
key: 369940, value: 
key: 661897, value: 
key: 88199, value: 
key: 940592, value: 
key: 171611, value: 
key: 323232, value: 
key: 938412, value: 
key: 572263, value: 
key: 433807, value: 
key: 49091, value: 
key: 24650, value: 
key: 135518, value: 
key: 610222, value: 
key: 32916, value: 
key: 414408, value: 
key: 79346, value: 
key: 403208, value: 
key: 592746, value: 
key: 580734, value: 
key: 326709, value: 
key: 299283, value: 
key: 212145, value: 
key: 186864, value: 
key: 450211, value: 
key: 104602, value: 
key: 276183, value: 
key: 865400, value: 
key: 442063, value: 
key: 869448, value: 
key: 626982, value: 
key: 303627, value: 
key: 284328, value: 
key: 331372, value: 
key: 71410, value: 
key: 568279, value: 
key: 39762, value: 
key: 536289, value: 
key: 763092, value: 
key: 296912, value: 
key: 223743, value: 
key: 638224, value: 
key: 14879, value: 
key: 369775, value: 
key: 348680, value: 
key: 790700, value: 
key: 203882, value: 
key: 985283, value: 
key: 26001, value: 
key: 836622, value: 
key: 87837, value: 
key: 952096, value: 
key: 442908, value: 
key: 929180, value: 
key: 289581, value: 
key: 3888, value: 
key: 592513, value: 
key: 135114, value: 
key: 964842, value: 
key: 771868, value: 
key: 484403, value: 
key: 109625, value: 
key: 730706, value: 
key: 628652, value: 
key: 206296, value: 
key: 689376, value: 
key: 191026, value: 
key: 218529, value: 
key: 375275, value: 
key: 341586, value: 
key: 52512, value: 
key: 376003, value: 
key: 17148, value: 
key: 901614, value: 
key: 32130, value: 
key: 69622, value: 
key: 999626, value: 
key: 963227, value: 
key: 918337, value: 
key: 611791, value: 
key: 831795, value: 
key: 238406, value: 
key: 649631, value: 
key: 180130, value: 
key: 424207, value: 
key: 357790, value: 
key: 607394, value: 
key: 860355, value: 
key: 432828, value: 
key: 974814, value: 
key: 678435, value: 
key: 807000, value: 
key: 898608, value: 
key: 334403, value: 
key: 961555, value: 
key: 41684, value: 
key: 800696, value: 
key: 782402, value: 
key: 901515, value: 
key: 851795, value: 
key: 882470, value: 
key: 642379, value: 
key: 403404, value: 
key: 598955, value: 
key: 942567, value: 
key: 154005, value: 
key: 213098, value: 
key: 619252, value: 
key: 981618, value: 
key: 8625, value: 
key: 793408, value: 
key: 200441, value: 
key: 800672, value: 
key: 726644, value: 
key: 630327, value: 
key: 802281, value: 
key: 417401, value: 
key: 165829, value: 
key: 142631, value: 
key: 418666, value: 
key: 914557, value: 
key: 375477, value: 
key: 910421, value: 
key: 494198, value: 
key: 701528, value: 
key: 958045, value: 
key: 933574, value: 
key: 999563, value: 
key: 276877, value: 
key: 498895, value: 
key: 93056, value: 
key: 783087, value: 
key: 156612, value: 
key: 745201, value: 
key: 249518, value: 
key: 179745, value: 
key: 117130, value: 
key: 925957, value: 
key: 630662, value: 
key: 501667, value: 
key: 503850, value: 
key: 303690, value: 
key: 70916, value: 
key: 259162, value: 
key: 953769, value: 
key: 689789, value: 
key: 603657, value: 
key: 486096, value: 
key: 622764, value: 
key: 467930, value: 
key: 732663, value: 
key: 104422, value: 
key: 347782, value: 
key: 456332, value: 
key: 147612, value: 
key: 428922, value: 
key: 622007, value: 
key: 90185, value: 
key: 844094, value: 
key: 696367, value: 
key: 83954, value: 
key: 958278, value: 
key: 805666, value: 
key: 363315, value: 
key: 946741, value: 
key: 508763, value: 
key: 188273, value: 
key: 801750, value: 
key: 204700, value: 
key: 122011, value: 
key: 915251, value: 
key: 754313, value: 
key: 629246, value: 
key: 227897, value: 
key: 274226, value: 
key: 191394, value: 
key: 278233, value: 
key: 723041, value: 
key: 340712, value: 
key: 64467, value: 
key: 742862, value: 
key: 118904, value: 
key: 121074, value: 
key: 974474, value: 
key: 637863, value: 
key: 997587, value: 
key: 278963, value: 
key: 430396, value: 
key: 459498, value: 
key: 273346, value: 
key: 545416, value: 
key: 307335, value: 
key: 560349, value: 
key: 545896, value: 
key: 507773, value: 
key: 692677, value: 
key: 203325, value: 
key: 486944, value: 
key: 390551, value: 
key: 465774, value: 
key: 408591, value: 
key: 538638, value: 
key: 996889, value: 
key: 314449, value: 
key: 76909, value: 
key: 302941, value: 
key: 967409, value: 
key: 268403, value: 
key: 53564, value: 
key: 47981, value: 
key: 217678, value: 
key: 652493, value: 
key: 543674, value: 
key: 437708, value: 
key: 52660, value: 
key: 905588, value: 
key: 240546, value: 
key: 171255, value: 
key: 580444, value: 
key: 272145, value: 
key: 785377, value: 
key: 730038, value: 
key: 477786, value: 
key: 972009, value: 
key: 158423, value: 
key: 328372, value: 
key: 196856, value: 
key: 256350, value: 
key: 695223, value: 
key: 875171, value: 
key: 569300, value: 
key: 271759, value: 
key: 143902, value: 
key: 152669, value: 
key: 570298, value: 
key: 401950, value: 
key: 91191, value: 
key: 262838, value: 
key: 35320, value: 
key: 482807, value: 
key: 887765, value: 
key: 537547, value: 
key: 150942, value: 
key: 452039, value: 
key: 641165, value: 
key: 618592, value: 
key: 263952, value: 
key: 276147, value: 
key: 194632, value: 
key: 570249, value: 
key: 248838, value: 
key: 73126, value: 
key: 100727, value: 
key: 794298, value: 
key: 381515, value: 
key: 328149, value: 
key: 351309, value: 
key: 282423, value: 
key: 672864, value: 
key: 454758, value: 
key: 458088, value: 
key: 388622, value: 
key: 663644, value: 
key: 481718, value: 
key: 436150, value: 
key: 629514, value: 
key: 905328, value: 
key: 45796, value: 
key: 449055, value: 
key: 686340, value: 
key: 799590, value: 
key: 406867, value: 
key: 741731, value: 
key: 176980, value: 
key: 202834, value: 
key: 94800, value: 
key: 431191, value: 
key: 59124, value: 
key: 514829, value: 
key: 957284, value: 
key: 403048, value: 
key: 289031, value: 
key: 133855, value: 
key: 373358, value: 
key: 266865, value: 
key: 749964, value: 
key: 700619, value: 
key: 49653, value: 
key: 65943, value: 
key: 179226, value: 
key: 183607, value: 
key: 152485, value: 
key: 311109, value: 
key: 440414, value: 
key: 829392, value: 
key: 858143, value: 
key: 435405, value: 
key: 346644, value: 
key: 95292, value: 
key: 742538, value: 
key: 417434, value: 
key: 497111, value: 
key: 977381, value: 
key: 600032, value: 
key: 252437, value: 
key: 944233, value: 
key: 304471, value: 
key: 564107, value: 
key: 477221, value: 
key: 706020, value: 
key: 623383, value: 
key: 954896, value: 
key: 496851, value: 
key: 456688, value: 
key: 266670, value: 
key: 863921, value: 
key: 433982, value: 
key: 603253, value: 
key: 399682, value: 
key: 88328, value: 
key: 431681, value: 
key: 692327, value: 
key: 582017, value: 
key: 56402, value: 
key: 179356, value: 
key: 892392, value: 
key: 172715, value: 
key: 899302, value: 
key: 906769, value: 
key: 88894, value: 
key: 205697, value: 
key: 75980, value: 
key: 603958, value: 
key: 44599, value: 
key: 852189, value: 
key: 248740, value: 
key: 764437, value: 
key: 409334, value: 
key: 30819, value: 
key: 622788, value: 
key: 475591, value: 
key: 717914, value: 
key: 377239, value: 
key: 564228, value: 
key: 860810, value: 
key: 367386, value: 
key: 404490, value: 
key: 551062, value: 
key: 937471, value: 
key: 680441, value: 
key: 328354, value: 
key: 838509, value: 
key: 962745, value: 
key: 601989, value: 
key: 251078, value: 
key: 301269, value: 
key: 442052, value: 
key: 490835, value: 
key: 687996, value: 
key: 276112, value: 
key: 668542, value: 
key: 755334, value: 
key: 415568, value: 
key: 237377, value: 
key: 268029, value: 
key: 294064, value: 
key: 559491, value: 
key: 53946, value: 
key: 630707, value: 
key: 336858, value: 
key: 607026, value: 
key: 678998, value: 
key: 259597, value: 
key: 805215, value: 
key: 115406, value: 
key: 997741, value: 
key: 782743, value: 
key: 522745, value: 
key: 961890, value: 
key: 933699, value: 
key: 597301, value: 
key: 487521, value: 
key: 972975, value: 
key: 998023, value: 
key: 453153, value: 
key: 775444, value: 
key: 931998, value: 
key: 960909, value: 
key: 279807, value: 
key: 158821, value: 
key: 123092, value: 
key: 85819, value: 
key: 415359, value: 
key: 4371, value: 
key: 328611, value: 
key: 271476, value: 
key: 392371, value: 
key: 258882, value: 
key: 205693, value: 
key: 831667, value: 
key: 689136, value: 
key: 692633, value: 
key: 889329, value: 
key: 228740, value: 
key: 796894, value: 
key: 801589, value: 
key: 159875, value: 
key: 661480, value: 
key: 120383, value: 
key: 305272, value: 
key: 840957, value: 
key: 829822, value: 
key: 632123, value: 
key: 3471, value: 
key: 931558, value: 
key: 437829, value: 
key: 580873, value: 
key: 855900, value: 
key: 756157, value: 
key: 186413, value: 
key: 704990, value: 
key: 798467, value: 
key: 349342, value: 
key: 232541, value: 
key: 692516, value: 
key: 806593, value: 
key: 296071, value: 
key: 160556, value: 
key: 225664, value: 
key: 390809, value: 
key: 463325, value: 
key: 127414, value: 
key: 328057, value: 
key: 717406, value: 
key: 911064, value: 
key: 300482, value: 
key: 129166, value: 
key: 959066, value: 
key: 238839, value: 
key: 74165, value: 
key: 599509, value: 
key: 858709, value: 
key: 138346, value: 
key: 785038, value: 
key: 619812, value: 
key: 452840, value: 
key: 525746, value: 
key: 476376, value: 
key: 880658, value: 
key: 301760, value: 
key: 753567, value: 
key: 593985, value: 
key: 334966, value: 
key: 959815, value: 
key: 881921, value: 
key: 141799, value: 
key: 675665, value: 
key: 146097, value: 
key: 697621, value: 
key: 825369, value: 
key: 826373, value: 
key: 470781, value: 
key: 856738, value: 
key: 619322, value: 
key: 5884, value: 
key: 787058, value: 
key: 394388, value: 
key: 344428, value: 
key: 592726, value: 
key: 868698, value: 
key: 534380, value: 
key: 367090, value: 
key: 254897, value: 
key: 779990, value: 
key: 759156, value: 
key: 49705, value: 
key: 100369, value: 
key: 42740, value: 
key: 746909, value: 
key: 354612, value: 
key: 714522, value: 
key: 841763, value: 
key: 410778, value: 
key: 53049, value: 
key: 775314, value: 
key: 301436, value: 
key: 115329, value: 
key: 838668, value: 
key: 894217, value: 
key: 57034, value: 
key: 613049, value: 
key: 831199, value: 
key: 920912, value: 
key: 346318, value: 
key: 679432, value: 
key: 599789, value: 
key: 288557, value: 
key: 477230, value: 
key: 152182, value: 
key: 643460, value: 
key: 716658, value: 
key: 34251, value: 
key: 82032, value: 
key: 221752, value: 
key: 386262, value: 
key: 665071, value: 
key: 992481, value: 
key: 128202, value: 
key: 338180, value: 
key: 217645, value: 
key: 883507, value: 
key: 485864, value: 
key: 132683, value: 
key: 648751, value: 
key: 430727, value: 
key: 573101, value: 
key: 504796, value: 
key: 291548, value: 
key: 46319, value: 
key: 207907, value: 
key: 625064, value: 
key: 244724, value: 
key: 240472, value: 
key: 662713, value: 
key: 832006, value: 
key: 165511, value: 
key: 43820, value: 
key: 287963, value: 
key: 376762, value: 
key: 601503, value: 
key: 549207, value: 
key: 947807, value: 
key: 716405, value: 
key: 553396, value: 
key: 378397, value: 
key: 948613, value: 
key: 613393, value: 
key: 584264, value: 
key: 567229, value: 
key: 503188, value: 
key: 316489, value: 
key: 376869, value: 
key: 76761, value: 
key: 756920, value: 
key: 342864, value: 
key: 256417, value: 
key: 824812, value: 
key: 635463, value: 
key: 739400, value: 
key: 696840, value: 
key: 111491, value: 
key: 885330, value: 
key: 452574, value: 
key: 255182, value: 
key: 635661, value: 
key: 758182, value: 
key: 781911, value: 
key: 22126, value: 
key: 871878, value: 
key: 457609, value: 
key: 393125, value: 
key: 926286, value: 
key: 15971, value: 
key: 570119, value: 
key: 248393, value: 
key: 229754, value: 
key: 529061, value: 
key: 663891, value: 
key: 245310, value: 
key: 874727, value: 
key: 411522, value: 
key: 237779, value: 
key: 378265, value: 
key: 599710, value: 
key: 900718, value: 
key: 32882, value: 
key: 343186, value: 
key: 296550, value: 
key: 464564, value: 
key: 669266, value: 
key: 472527, value: 
key: 426588, value: 
key: 668643, value: 
key: 563065, value: 
key: 596010, value: 
key: 321265, value: 
key: 260032, value: 
key: 60155, value: 
key: 79094, value: 
key: 505427, value: 
key: 414455, value: 
key: 973442, value: 
key: 588790, value: 
key: 832846, value: 
key: 569782, value: 
key: 756489, value: 
key: 83712, value: 
key: 594854, value: 
key: 867316, value: 
key: 537798, value: 
key: 963584, value: 
key: 202069, value: 
key: 483394, value: 
key: 632105, value: 
key: 931963, value: 
key: 86780, value: 
key: 878952, value: 
key: 394289, value: 
key: 70156, value: 
key: 304628, value: 
key: 67385, value: 
key: 848052, value: 
key: 937754, value: 
key: 40915, value: 
key: 55377, value: 
key: 204755, value: 
key: 216921, value: 
key: 267961, value: 
key: 685536, value: 
key: 368587, value: 
key: 596069, value: 
key: 762756, value: 
key: 77179, value: 
key: 991493, value: 
key: 582442, value: 
key: 347557, value: 
key: 72602, value: 
key: 109111, value: 
key: 462278, value: 
key: 550621, value: 
key: 458040, value: 
key: 606128, value: 
key: 705173, value: 
key: 924727, value: 
key: 307571, value: 
key: 664649, value: 
key: 211122, value: 
key: 238497, value: 
key: 751875, value: 
key: 704024, value: 
key: 521432, value: 
key: 38134, value: 
key: 127696, value: 
key: 432163, value: 
key: 430967, value: 
key: 957114, value: 
key: 777853, value: 
key: 364329, value: 
key: 142279, value: 
key: 33090, value: 
key: 460788, value: 
key: 719271, value: 
key: 294561, value: 
key: 745203, value: 
key: 978919, value: 
key: 660162, value: 
key: 327902, value: 
key: 979004, value: 
key: 101902, value: 
key: 813205, value: 
key: 636624, value: 
key: 369742, value: 
key: 246445, value: 
key: 971518, value: 
key: 27213, value: 
key: 406096, value: 
key: 498066, value: 
key: 796221, value: 
key: 203897, value: 
key: 593475, value: 
key: 179109, value: 
key: 222821, value: 
key: 833500, value: 
key: 619827, value: 
key: 926989, value: 
key: 186527, value: 
key: 660625, value: 
key: 420571, value: 
key: 721911, value: 
key: 847884, value: 
key: 308181, value: 
key: 966208, value: 
key: 298743, value: 
key: 854011, value: 
key: 890947, value: 
key: 563036, value: 
key: 374988, value: 
key: 316809, value: 
key: 811247, value: 
key: 685859, value: 
key: 616118, value: 
key: 779275, value: 
key: 701137, value: 
key: 587186, value: 
key: 161005, value: 
key: 812332, value: 
key: 212253, value: 
key: 140183, value: 
key: 802694, value: 
key: 983634, value: 
key: 829295, value: 
key: 926790, value: 
key: 253065, value: 
key: 776472, value: 
key: 562336, value: 
key: 13597, value: 
key: 436596, value: 
key: 681389, value: 
key: 750195, value: 
key: 935808, value: 
key: 389092, value: 
key: 886319, value: 
key: 803086, value: 
key: 734634, value: 
key: 915213, value: 
key: 256888, value: 
key: 381777, value: 
key: 441798, value: 
key: 544228, value: 
key: 740758, value: 
key: 791521, value: 
key: 136456, value: 
key: 389409, value: 
key: 528200, value: 
key: 403118, value: 
key: 332575, value: 
key: 666012, value: 
key: 217601, value: 
key: 758276, value: 
key: 359259, value: 
key: 902585, value: 
key: 176551, value: 
key: 543892, value: 
key: 353266, value: 
key: 694323, value: 
key: 319093, value: 
key: 263699, value: 
key: 767344, value: 
key: 681211, value: 
key: 985537, value: 
key: 49518, value: 
key: 24340, value: 
key: 905106, value: 
key: 247930, value: 
key: 292527, value: 
key: 775659, value: 
key: 478602, value: 
key: 98747, value: 
key: 828157, value: 
key: 329050, value: 
key: 2971, value: 
key: 762691, value: 
key: 467512, value: 
key: 222410, value: 
key: 370607, value: 
key: 188543, value: 
key: 246359, value: 
key: 401903, value: 
key: 805211, value: 
key: 276031, value: 
key: 422586, value: 
key: 617353, value: 
key: 606940, value: 
key: 707687, value: 
key: 286300, value: 
key: 914559, value: 
key: 232048, value: 
key: 129908, value: 
key: 166947, value: 
key: 630260, value: 
key: 144301, value: 
key: 379527, value: 
key: 401349, value: 
key: 880601, value: 
key: 879337, value: 
key: 448542, value: 
key: 259755, value: 
key: 35883, value: 
key: 510393, value: 
key: 926738, value: 
key: 47864, value: 
key: 290060, value: 
key: 596197, value: 
key: 405316, value: 
key: 984628, value: 
key: 861866, value: 
key: 150676, value: 
key: 747759, value: 
key: 734230, value: 
key: 150308, value: 
key: 455049, value: 
key: 432806, value: 
key: 289815, value: 
key: 198548, value: 
key: 102235, value: 
key: 648157, value: 
key: 364354, value: 
key: 915820, value: 
key: 834349, value: 
key: 341605, value: 
key: 900484, value: 
key: 482137, value: 
key: 243886, value: 
key: 619562, value: 
key: 71915, value: 
key: 142804, value: 
key: 33616, value: 
key: 530294, value: 
key: 138081, value: 
key: 584538, value: 
key: 253140, value: 
key: 898224, value: 
key: 824001, value: 
key: 550887, value: 
key: 907685, value: 
key: 734933, value: 
key: 415869, value: 
key: 253766, value: 
key: 936557, value: 
key: 561726, value: 
key: 997835, value: 
key: 570759, value: 
key: 463901, value: 
key: 770430, value: 
key: 373761, value: 
key: 646926, value: 
key: 512984, value: 
key: 310388, value: 
key: 963528, value: 
key: 482962, value: 
key: 308444, value: 
key: 346905, value: 
key: 429392, value: 
key: 853795, value: 
key: 477489, value: 
key: 854015, value: 
key: 499827, value: 
key: 446184, value: 
key: 213157, value: 
key: 264483, value: 
key: 692987, value: 
key: 134689, value: 
key: 79177, value: 
key: 346121, value: 
key: 529540, value: 
key: 987308, value: 
key: 383980, value: 
key: 515747, value: 
key: 917950, value: 
key: 574504, value: 
key: 769261, value: 
key: 764499, value: 
key: 13195, value: 
key: 481932, value: 
key: 264137, value: 
key: 296260, value: 
key: 725188, value: 
key: 462843, value: 
key: 306660, value: 
key: 503641, value: 
key: 563407, value: 
key: 834103, value: 
key: 277740, value: 
key: 160411, value: 
key: 933769, value: 
key: 153875, value: 
key: 234565, value: 
key: 937257, value: 
key: 965315, value: 
key: 380279, value: 
key: 494400, value: 
key: 916759, value: 
key: 455906, value: 
key: 106431, value: 
key: 574610, value: 
key: 907223, value: 
key: 81882, value: 
key: 388642, value: 
key: 511978, value: 
key: 708011, value: 
key: 638284, value: 
key: 839861, value: 
key: 505069, value: 
key: 824067, value: 
key: 270912, value: 
key: 221611, value: 
key: 358021, value: 
key: 275807, value: 
key: 406885, value: 
key: 173822, value: 
key: 841620, value: 
key: 322996, value: 
key: 646504, value: 
key: 411467, value: 
key: 552238, value: 
key: 416866, value: 
key: 291762, value: 
key: 349380, value: 
key: 605091, value: 
key: 445239, value: 
key: 324664, value: 
key: 108211, value: 
key: 662452, value: 
key: 574276, value: 
key: 126350, value: 
key: 740815, value: 
key: 601688, value: 
key: 92167, value: 
key: 47903, value: 
key: 698419, value: 
key: 149366, value: 
key: 370896, value: 
key: 889558, value: 
key: 956036, value: 
key: 591985, value: 
key: 969564, value: 
key: 596201, value: 
key: 711615, value: 
key: 703212, value: 
key: 269491, value: 
key: 967661, value: 
key: 110348, value: 
key: 444704, value: 
key: 119631, value: 
key: 169102, value: 
key: 410080, value: 
key: 678680, value: 
key: 895674, value: 
key: 994384, value: 
key: 429226, value: 
key: 608683, value: 
key: 668445, value: 
key: 171101, value: 
key: 879812, value: 
key: 120055, value: 
key: 428542, value: 
key: 764530, value: 
key: 236505, value: 
key: 74587, value: 
key: 963838, value: 
key: 761429, value: 
key: 180585, value: 
key: 442595, value: 
key: 91120, value: 
key: 987887, value: 
key: 720213, value: 
key: 578616, value: 
key: 666414, value: 
key: 434008, value: 
key: 316229, value: 
key: 597152, value: 
key: 953600, value: 
key: 309386, value: 
key: 359563, value: 
key: 692976, value: 
key: 465325, value: 
key: 844645, value: 
key: 684836, value: 
key: 319826, value: 
key: 627666, value: 
key: 219407, value: 
key: 50204, value: 
key: 764457, value: 
key: 493311, value: 
key: 30615, value: 
key: 349575, value: 
key: 156214, value: 
key: 647103, value: 
key: 563306, value: 
key: 528064, value: 
key: 627723, value: 
key: 760749, value: 
key: 121021, value: 
key: 444917, value: 
key: 54976, value: 
key: 547386, value: 
key: 528183, value: 
key: 582262, value: 
key: 920796, value: 
key: 955552, value: 
key: 503964, value: 
key: 949371, value: 
key: 764848, value: 
key: 441701, value: 
key: 439348, value: 
key: 877111, value: 
key: 991484, value: 
key: 463972, value: 
key: 464025, value: 
key: 217713, value: 
key: 269428, value: 
key: 35744, value: 
key: 700808, value: 
key: 519130, value: 
key: 964909, value: 
key: 154104, value: 
key: 837351, value: 
key: 559905, value: 
key: 369001, value: 
key: 555323, value: 
key: 99661, value: 
key: 246883, value: 
key: 795008, value: 
key: 53353, value: 
key: 235340, value: 
key: 436859, value: 
key: 165191, value: 
key: 181166, value: 
key: 682528, value: 
key: 366226, value: 
key: 766381, value: 
key: 863293, value: 
key: 398713, value: 
key: 251339, value: 
key: 903379, value: 
key: 621637, value: 
key: 603466, value: 
key: 955532, value: 
key: 413696, value: 
key: 851500, value: 
key: 538179, value: 
key: 554890, value: 
key: 138214, value: 
key: 502516, value: 
key: 80676, value: 
key: 844290, value: 
key: 756548, value: 
key: 186093, value: 
key: 792454, value: 
key: 165164, value: 
key: 711406, value: 
key: 34291, value: 
key: 928921, value: 
key: 429811, value: 
key: 679737, value: 
key: 293106, value: 
key: 13735, value: 
key: 804049, value: 
key: 709162, value: 
key: 958887, value: 
key: 830516, value: 
key: 569698, value: 
key: 275409, value: 
key: 890482, value: 
key: 552937, value: 
key: 1130, value: 
key: 309823, value: 
key: 647790, value: 
key: 240964, value: 
key: 839782, value: 
key: 651933, value: 
key: 551734, value: 
key: 757888, value: 
key: 446919, value: 
key: 865688, value: 
key: 455487, value: 
key: 748080, value: 
key: 627242, value: 
key: 182866, value: 
key: 910434, value: 
key: 123469, value: 
key: 43503, value: 
key: 948990, value: 
key: 454772, value: 
key: 59559, value: 
key: 330935, value: 
key: 838703, value: 
key: 739587, value: 
key: 609451, value: 
key: 274534, value: 
key: 967799, value: 
key: 637801, value: 
key: 192508, value: 
key: 991837, value: 
key: 297771, value: 
key: 470662, value: 
key: 350038, value: 
key: 263648, value: 
key: 591152, value: 
key: 101274, value: 
key: 381348, value: 
key: 116870, value: 
key: 979338, value: 
key: 387656, value: 
key: 109366, value: 
key: 450600, value: 
key: 795031, value: 
key: 383069, value: 
key: 623895, value: 
key: 801358, value: 
key: 517280, value: 
key: 93551, value: 
key: 885987, value: 
key: 777886, value: 
key: 918650, value: 
key: 686555, value: 
key: 914782, value: 
key: 75092, value: 
key: 388235, value: 
key: 109173, value: 
key: 50978, value: 
key: 360547, value: 
key: 573121, value: 
key: 900712, value: 
key: 583911, value: 
key: 991185, value: 
key: 874840, value: 
key: 407039, value: 
key: 330074, value: 
key: 15162, value: 
key: 916087, value: 
key: 407660, value: 
key: 299832, value: 
key: 628504, value: 
key: 283754, value: 
key: 951167, value: 
key: 308950, value: 
key: 316759, value: 
key: 889121, value: 
key: 302031, value: 
key: 555097, value: 
key: 77753, value: 
key: 87888, value: 
key: 293698, value: 
key: 307966, value: 
key: 788710, value: 
key: 59821, value: 
key: 287846, value: 
key: 341715, value: 
key: 286654, value: 
key: 538593, value: 
key: 257775, value: 
key: 399646, value: 
key: 66416, value: 
key: 725542, value: 
key: 300503, value: 
key: 988781, value: 
key: 775521, value: 
key: 706271, value: 
key: 141609, value: 
key: 592063, value: 
key: 371022, value: 
key: 234521, value: 
key: 131987, value: 
key: 125946, value: 
key: 184297, value: 
key: 737390, value: 
key: 705858, value: 
key: 40012, value: 
key: 865604, value: 
key: 581171, value: 
key: 18343, value: 
key: 891539, value: 
key: 204364, value: 
key: 611744, value: 
key: 756188, value: 
key: 588611, value: 
key: 86238, value: 
key: 172629, value: 
key: 190283, value: 
key: 269556, value: 
key: 881017, value: 
key: 469529, value: 
key: 7150, value: 
key: 546404, value: 
key: 44889, value: 
key: 742439, value: 
key: 114988, value: 
key: 526499, value: 
key: 4070, value: 
key: 539781, value: 
key: 716128, value: 
key: 947319, value: 
key: 649651, value: 
key: 632356, value: 
key: 612284, value: 
key: 210150, value: 
key: 41129, value: 
key: 827394, value: 
key: 143009, value: 
key: 15016, value: 
key: 16929, value: 
key: 718209, value: 
key: 323676, value: 
key: 131240, value: 
key: 868173, value: 
key: 875166, value: 
key: 748956, value: 
key: 817186, value: 
key: 533189, value: 
key: 878611, value: 
key: 185212, value: 
key: 848214, value: 
key: 892051, value: 
key: 638503, value: 
key: 107696, value: 
key: 781937, value: 
key: 886698, value: 
key: 95193, value: 
key: 608766, value: 
key: 322855, value: 
key: 278576, value: 
key: 749878, value: 
key: 392364, value: 
key: 897311, value: 
key: 2272, value: 
key: 475520, value: 
key: 384075, value: 
key: 684902, value: 
key: 449815, value: 
key: 673535, value: 
key: 160655, value: 
key: 984538, value: 
key: 870611, value: 
key: 345074, value: 
key: 118544, value: 
key: 90745, value: 
key: 866623, value: 
key: 607536, value: 
key: 730814, value: 
key: 215609, value: 
key: 249938, value: 
key: 697397, value: 
key: 21206, value: 
key: 867330, value: 
key: 340141, value: 
key: 817755, value: 
key: 425468, value: 
key: 820326, value: 
key: 500837, value: 
key: 897467, value: 
key: 84951, value: 
key: 532027, value: 
key: 880308, value: 
key: 369148, value: 
key: 344093, value: 
key: 715660, value: 
key: 902240, value: 
key: 429675, value: 
key: 109168, value: 
key: 365544, value: 
key: 920280, value: 
key: 975532, value: 
key: 213997, value: 
key: 606836, value: 
key: 331873, value: 
key: 526945, value: 
key: 882009, value: 
key: 922150, value: 
key: 211607, value: 
key: 688234, value: 
key: 699908, value: 
key: 820922, value: 
key: 52837, value: 
key: 316010, value: 
key: 415955, value: 
key: 926149, value: 
key: 112195, value: 
key: 644236, value: 
key: 86814, value: 
key: 754834, value: 
key: 464467, value: 
key: 220791, value: 
key: 324510, value: 
key: 888720, value: 
key: 22841, value: 
key: 193622, value: 
key: 561746, value: 
key: 248814, value: 
key: 478439, value: 
key: 964938, value: 
key: 648029, value: 
key: 197156, value: 
key: 516085, value: 
key: 375242, value: 
key: 288090, value: 
key: 353479, value: 
key: 201819, value: 
key: 724055, value: 
key: 255926, value: 
key: 705218, value: 
key: 300837, value: 
key: 633988, value: 
key: 326345, value: 
key: 873872, value: 
key: 108949, value: 
key: 600443, value: 
key: 105753, value: 
key: 416165, value: 
key: 534724, value: 
key: 336250, value: 
key: 19296, value: 
key: 598654, value: 
key: 472738, value: 
key: 732940, value: 
key: 624867, value: 
key: 725070, value: 
key: 569519, value: 
key: 356795, value: 
key: 993837, value: 
key: 232981, value: 
key: 656585, value: 
key: 390218, value: 
key: 450635, value: 
key: 84694, value: 
key: 309625, value: 
key: 458262, value: 
key: 716629, value: 
key: 920206, value: 
key: 491520, value: 
key: 512652, value: 
key: 11827, value: 
key: 432547, value: 
key: 343306, value: 
key: 696729, value: 
key: 802991, value: 
key: 624913, value: 
key: 356148, value: 
key: 308110, value: 
key: 698703, value: 
key: 827233, value: 
key: 314896, value: 
key: 587647, value: 
key: 610468, value: 
key: 610341, value: 
key: 921670, value: 
key: 357666, value: 
key: 178733, value: 
key: 817890, value: 
key: 159310, value: 
key: 918742, value: 
key: 398326, value: 
key: 89299, value: 
key: 783409, value: 
key: 578391, value: 
key: 221347, value: 
key: 822441, value: 
key: 297577, value: 
key: 137114, value: 
key: 831960, value: 
key: 566754, value: 
key: 761986, value: 
key: 77977, value: 
key: 835683, value: 
key: 183625, value: 
key: 356425, value: 
key: 696697, value: 
key: 891320, value: 
key: 720206, value: 
key: 168022, value: 
key: 289552, value: 
key: 695210, value: 
key: 552508, value: 
key: 927887, value: 
key: 230013, value: 
key: 868810, value: 
key: 910544, value: 
key: 668971, value: 
key: 742972, value: 
key: 643042, value: 
key: 143560, value: 
key: 50945, value: 
key: 824560, value: 
key: 400326, value: 
key: 157358, value: 
key: 59638, value: 
key: 989333, value: 
key: 363032, value: 
key: 632646, value: 
key: 179396, value: 
key: 149144, value: 
key: 951523, value: 
key: 709409, value: 
key: 548433, value: 
key: 358726, value: 
key: 37003, value: 
key: 280557, value: 
key: 835834, value: 
key: 908684, value: 
key: 510582, value: 
key: 859759, value: 
key: 961203, value: 
key: 56804, value: 
key: 291454, value: 
key: 722958, value: 
key: 376261, value: 
key: 858626, value: 
key: 912715, value: 
key: 619993, value: 
key: 46377, value: 
key: 536238, value: 
key: 908839, value: 
key: 995271, value: 
key: 7307, value: 
key: 667109, value: 
key: 531561, value: 
key: 872932, value: 
key: 988479, value: 
key: 84623, value: 
key: 40302, value: 
key: 470482, value: 
key: 325575, value: 
key: 347957, value: 
key: 194272, value: 
key: 802250, value: 
key: 394449, value: 
key: 562543, value: 
key: 663383, value: 
key: 430893, value: 
key: 530825, value: 
key: 401378, value: 
key: 972122, value: 
key: 926248, value: 
key: 474695, value: 
key: 95872, value: 
key: 161902, value: 
key: 444009, value: 
key: 279290, value: 
key: 409738, value: 
key: 633054, value: 
key: 17531, value: 
key: 120105, value: 
key: 892343, value: 
key: 481570, value: 
key: 95634, value: 
key: 109302, value: 
key: 772340, value: 
key: 676879, value: 
key: 160019, value: 
key: 65422, value: 
key: 746855, value: 
key: 695153, value: 
key: 962253, value: 
key: 159303, value: 
key: 183399, value: 
key: 999640, value: 
key: 608461, value: 
key: 117695, value: 
key: 684775, value: 
key: 437704, value: 
key: 106387, value: 
key: 488441, value: 
key: 883077, value: 
key: 470343, value: 
key: 820218, value: 
key: 290615, value: 
key: 900134, value: 
key: 550773, value: 
key: 408827, value: 
key: 703153, value: 
key: 994405, value: 
key: 944655, value: 
key: 290404, value: 
key: 247767, value: 
key: 106611, value: 
key: 40364, value: 
key: 874064, value: 
key: 108279, value: 
key: 552416, value: 
key: 281172, value: 
key: 345159, value: 
key: 268425, value: 
key: 290460, value: 
key: 242032, value: 
key: 172300, value: 
key: 893498, value: 
key: 936755, value: 
key: 278585, value: 
key: 642665, value: 
key: 166653, value: 
key: 973918, value: 
key: 28780, value: 
key: 267156, value: 
key: 75643, value: 
key: 505830, value: 
key: 774432, value: 
key: 928398, value: 
key: 533518, value: 
key: 639953, value: 
key: 989160, value: 
key: 770601, value: 
key: 942730, value: 
key: 848269, value: 
key: 922981, value: 
key: 213753, value: 
key: 583452, value: 
key: 484443, value: 
key: 382437, value: 
key: 232299, value: 
key: 830899, value: 
key: 394735, value: 
key: 953578, value: 
key: 959226, value: 
key: 421996, value: 
key: 943773, value: 
key: 916328, value: 
key: 449109, value: 
key: 324635, value: 
key: 413009, value: 
key: 414105, value: 
key: 593473, value: 
key: 324475, value: 
key: 767584, value: 
key: 978300, value: 
key: 309674, value: 
key: 634110, value: 
key: 485303, value: 
key: 502561, value: 
key: 684850, value: 
key: 343942, value: 
key: 121245, value: 
key: 106459, value: 
key: 580811, value: 
key: 939271, value: 
key: 557114, value: 
key: 156492, value: 
key: 849572, value: 
key: 681570, value: 
key: 279078, value: 
key: 670453, value: 
key: 234996, value: 
key: 83701, value: 
key: 946167, value: 
key: 189070, value: 
key: 145917, value: 
key: 732706, value: 
key: 519448, value: 
key: 479946, value: 
key: 386547, value: 
key: 800058, value: 
key: 434549, value: 
key: 654660, value: 
key: 657931, value: 
key: 321492, value: 
key: 429538, value: 
key: 955271, value: 
key: 601473, value: 
key: 698899, value: 
key: 338199, value: 
key: 321423, value: 
key: 189469, value: 
key: 846290, value: 
key: 832156, value: 
key: 186349, value: 
key: 913558, value: 
key: 316061, value: 
key: 772551, value: 
key: 401949, value: 
key: 445978, value: 
key: 406320, value: 
key: 349898, value: 
key: 486582, value: 
key: 900970, value: 
key: 984653, value: 
key: 481868, value: 
key: 651775, value: 
key: 65040, value: 
key: 180828, value: 
key: 747119, value: 
key: 566172, value: 
key: 851638, value: 
key: 558186, value: 
key: 441178, value: 
key: 999334, value: 
key: 310852, value: 
key: 948200, value: 
key: 255168, value: 
key: 231487, value: 
key: 690718, value: 
key: 522871, value: 
key: 951989, value: 
key: 119938, value: 
key: 869228, value: 
key: 586730, value: 
key: 780477, value: 
key: 759321, value: 
key: 367407, value: 
key: 290954, value: 
key: 378623, value: 
key: 796380, value: 
key: 337510, value: 
key: 680456, value: 
key: 145966, value: 
key: 880607, value: 
key: 921898, value: 
key: 324646, value: 
key: 428858, value: 
key: 876358, value: 
key: 736562, value: 
key: 867130, value: 
key: 824722, value: 
key: 957592, value: 
key: 596191, value: 
key: 568796, value: 
key: 581360, value: 
key: 3600, value: 
key: 56970, value: 
key: 397042, value: 
key: 954025, value: 
key: 944332, value: 
key: 934032, value: 
key: 526679, value: 
key: 897788, value: 
key: 422762, value: 
key: 465943, value: 
key: 710067, value: 
key: 250178, value: 
key: 163458, value: 
key: 306130, value: 
key: 850206, value: 
key: 776540, value: 
key: 655724, value: 
key: 592544, value: 
key: 499614, value: 
key: 116366, value: 
key: 994403, value: 
key: 493610, value: 
key: 329513, value: 
key: 721641, value: 
key: 394366, value: 
key: 137985, value: 
key: 686506, value: 
key: 480229, value: 
key: 483103, value: 
key: 135844, value: 
key: 603211, value: 
key: 405369, value: 
key: 820944, value: 
key: 440575, value: 
key: 948664, value: 
key: 578438, value: 
key: 581786, value: 
key: 818794, value: 
key: 30909, value: 
key: 388666, value: 
key: 740389, value: 
key: 166989, value: 
key: 403929, value: 
key: 486283, value: 
key: 872022, value: 
key: 425314, value: 
key: 926873, value: 
key: 645105, value: 
key: 980286, value: 
key: 938896, value: 
key: 45187, value: 
key: 837113, value: 
key: 485213, value: 
key: 835380, value: 
key: 221006, value: 
key: 274831, value: 
key: 658958, value: 
key: 398915, value: 
key: 363652, value: 
key: 385113, value: 
key: 698547, value: 
key: 403480, value: 
key: 840779, value: 
key: 772032, value: 
key: 633209, value: 
key: 57197, value: 
key: 522640, value: 
key: 150612, value: 
key: 717965, value: 
key: 758229, value: 
key: 277085, value: 
key: 260894, value: 
key: 887831, value: 
key: 759657, value: 
key: 610695, value: 
key: 573813, value: 
key: 113033, value: 
key: 251700, value: 
key: 988200, value: 
key: 895630, value: 
key: 372533, value: 
key: 96970, value: 
key: 391178, value: 
key: 699128, value: 
key: 907702, value: 
key: 711989, value: 
key: 331862, value: 
key: 472048, value: 
key: 535145, value: 
key: 74299, value: 
key: 263682, value: 
key: 77784, value: 
key: 35506, value: 
key: 981186, value: 
key: 844568, value: 
key: 10530, value: 
key: 359460, value: 
key: 5897, value: 
key: 785913, value: 
key: 775121, value: 
key: 756261, value: 
key: 940305, value: 
key: 428113, value: 
key: 865776, value: 
key: 942134, value: 
key: 888360, value: 
key: 367955, value: 
key: 486979, value: 
key: 944651, value: 
key: 644991, value: 
key: 700873, value: 
key: 21352, value: 
key: 256718, value: 
key: 230053, value: 
key: 901962, value: 
key: 725517, value: 
key: 180835, value: 
key: 839997, value: 
key: 566873, value: 
key: 347007, value: 
key: 1855, value: 
key: 7493, value: 
key: 245406, value: 
key: 14073, value: 
key: 974201, value: 
key: 110807, value: 
key: 991633, value: 
key: 698471, value: 
key: 23819, value: 
key: 728590, value: 
key: 697692, value: 
key: 723216, value: 
key: 816754, value: 
key: 229673, value: 
key: 102626, value: 
key: 687161, value: 
key: 999343, value: 
key: 272871, value: 
key: 546219, value: 
key: 368484, value: 
key: 604074, value: 
key: 511675, value: 
key: 128990, value: 
key: 597136, value: 
key: 602793, value: 
key: 138799, value: 
key: 84364, value: 
key: 852323, value: 
key: 410480, value: 
key: 5222, value: 
key: 255526, value: 
key: 371035, value: 
key: 365016, value: 
key: 748624, value: 
key: 514964, value: 
key: 776722, value: 
key: 956216, value: 
key: 230495, value: 
key: 691993, value: 
key: 174168, value: 
key: 854365, value: 
key: 123021, value: 
key: 352247, value: 
key: 165106, value: 
key: 914009, value: 
key: 915538, value: 
key: 173675, value: 
key: 327454, value: 
key: 345393, value: 
key: 852994, value: 
key: 322646, value: 
key: 20906, value: 
key: 480427, value: 
key: 22724, value: 
key: 848669, value: 
key: 66322, value: 
key: 19421, value: 
key: 876530, value: 
key: 872220, value: 
key: 216299, value: 
key: 469231, value: 
key: 509869, value: 
key: 932348, value: 
key: 463451, value: 
key: 617346, value: 
key: 592919, value: 
key: 372876, value: 
key: 951257, value: 
key: 829974, value: 
key: 607181, value: 
key: 420470, value: 
key: 436105, value: 
key: 587902, value: 
key: 834686, value: 
key: 607565, value: 
key: 37643, value: 
key: 345939, value: 
key: 821044, value: 
key: 927326, value: 
key: 336223, value: 
key: 602427, value: 
key: 964512, value: 
key: 386255, value: 
key: 675937, value: 
key: 128930, value: 
key: 761021, value: 
key: 676802, value: 
key: 889, value: 
key: 49811, value: 
key: 410152, value: 
key: 532463, value: 
key: 841640, value: 
key: 706046, value: 
key: 547157, value: 
key: 313073, value: 
key: 69226, value: 
key: 920387, value: 
key: 38796, value: 
key: 708446, value: 
key: 989540, value: 
key: 543928, value: 
key: 898196, value: 
key: 511402, value: 
key: 197242, value: 
key: 810965, value: 
key: 746996, value: 
key: 362949, value: 
key: 85347, value: 
key: 599114, value: 
key: 831252, value: 
key: 833755, value: 
key: 53153, value: 
key: 41895, value: 
key: 10213, value: 
key: 452189, value: 
key: 1233, value: 
key: 18288, value: 
key: 955879, value: 
key: 986738, value: 
key: 523753, value: 
key: 561742, value: 
key: 543603, value: 
key: 40151, value: 
key: 920017, value: 
key: 278912, value: 
key: 985302, value: 
key: 588615, value: 
key: 624379, value: 
key: 38013, value: 
key: 619999, value: 
key: 892619, value: 
key: 96004, value: 
key: 921508, value: 
key: 32983, value: 
key: 941629, value: 
key: 216440, value: 
key: 591312, value: 
key: 823330, value: 
key: 548000, value: 
key: 282379, value: 
key: 853335, value: 
key: 489686, value: 
key: 163498, value: 
key: 183827, value: 
key: 427192, value: 
key: 667518, value: 
key: 723274, value: 
key: 268227, value: 
key: 827282, value: 
key: 531314, value: 
key: 906000, value: 
key: 413416, value: 
key: 53418, value: 
key: 475692, value: 
key: 813773, value: 
key: 895768, value: 
key: 93252, value: 
key: 275786, value: 
key: 186121, value: 
key: 137103, value: 
key: 595660, value: 
key: 941320, value: 
key: 281828, value: 
key: 307896, value: 
key: 812703, value: 
key: 434420, value: 
key: 538955, value: 
key: 512711, value: 
key: 557466, value: 
key: 967887, value: 
key: 945793, value: 
key: 185603, value: 
key: 666708, value: 
key: 94244, value: 
key: 610772, value: 
key: 578236, value: 
key: 485686, value: 
key: 499414, value: 
key: 338733, value: 
key: 986765, value: 
key: 316171, value: 
key: 325232, value: 
key: 353121, value: 
key: 785041, value: 
key: 918290, value: 
key: 579679, value: 
key: 86506, value: 
key: 809138, value: 
key: 662153, value: 
key: 919648, value: 
key: 220702, value: 
key: 703270, value: 
key: 748741, value: 
key: 590865, value: 
key: 859515, value: 
key: 527465, value: 
key: 64454, value: 
key: 690200, value: 
key: 822520, value: 
key: 311600, value: 
key: 398474, value: 
key: 222520, value: 
key: 124367, value: 
key: 330629, value: 
key: 442971, value: 
key: 458909, value: 
key: 721375, value: 
key: 224441, value: 
key: 755473, value: 
key: 592788, value: 
key: 727236, value: 
key: 556078, value: 
key: 729388, value: 
key: 850590, value: 
key: 513691, value: 
key: 690084, value: 
key: 420292, value: 
key: 628997, value: 
key: 717051, value: 
key: 434196, value: 
key: 513138, value: 
key: 866357, value: 
key: 898749, value: 
key: 200397, value: 
key: 388037, value: 
key: 694150, value: 
key: 531828, value: 
key: 366521, value: 
key: 872392, value: 
key: 455926, value: 
key: 674165, value: 
key: 704196, value: 
key: 423552, value: 
key: 866021, value: 
key: 308020, value: 
key: 434352, value: 
key: 200502, value: 
key: 464632, value: 
key: 122693, value: 
key: 543399, value: 
key: 999686, value: 
key: 252055, value: 
key: 665671, value: 
key: 548958, value: 
key: 225518, value: 
key: 844449, value: 
key: 761771, value: 
key: 795617, value: 
key: 843479, value: 
key: 681374, value: 
key: 742534, value: 
key: 332186, value: 
key: 974441, value: 
key: 985254, value: 
key: 123526, value: 
key: 146068, value: 
key: 410163, value: 
key: 224188, value: 
key: 816914, value: 
key: 339736, value: 
key: 398610, value: 
key: 995815, value: 
key: 599433, value: 
key: 236268, value: 
key: 628508, value: 
key: 842779, value: 
key: 768567, value: 
key: 917244, value: 
key: 931864, value: 
key: 94747, value: 
key: 591831, value: 
key: 414804, value: 
key: 127551, value: 
key: 336948, value: 
key: 789164, value: 
key: 622463, value: 
key: 703511, value: 
key: 539497, value: 
key: 483888, value: 
key: 588952, value: 
key: 410660, value: 
key: 813607, value: 
key: 519550, value: 
key: 262801, value: 
key: 386116, value: 
key: 320134, value: 
key: 623301, value: 
key: 633526, value: 
key: 989519, value: 
key: 968549, value: 
key: 52358, value: 
key: 920945, value: 
key: 666665, value: 
key: 842238, value: 
key: 916797, value: 
key: 941285, value: 
key: 50712, value: 
key: 907007, value: 
key: 2328, value: 
key: 4348, value: 
key: 994061, value: 
key: 931356, value: 
key: 554823, value: 
key: 91865, value: 
key: 62201, value: 
key: 277940, value: 
key: 145711, value: 
key: 989728, value: 
key: 816035, value: 
key: 549140, value: 
key: 80229, value: 
key: 827701, value: 
key: 818516, value: 
key: 947234, value: 
key: 899971, value: 
key: 598632, value: 
key: 13560, value: 
key: 98992, value: 
key: 858200, value: 
key: 297500, value: 
key: 158942, value: 
key: 100060, value: 
key: 278972, value: 
key: 641372, value: 
key: 310052, value: 
key: 850295, value: 
key: 228720, value: 
key: 839980, value: 
key: 468746, value: 
key: 82586, value: 
key: 880010, value: 
key: 939088, value: 
key: 86478, value: 
key: 22650, value: 
key: 958083, value: 
key: 158416, value: 
key: 873995, value: 
key: 985694, value: 
key: 105252, value: 
key: 165638, value: 
key: 324905, value: 
key: 205286, value: 
key: 371406, value: 
key: 704082, value: 
key: 539323, value: 
key: 210004, value: 
key: 175174, value: 
key: 506297, value: 
key: 6047, value: 
key: 34286, value: 
key: 618138, value: 
key: 139374, value: 
key: 828092, value: 
key: 303818, value: 
key: 622753, value: 
key: 614268, value: 
key: 387421, value: 
key: 327591, value: 
key: 543007, value: 
key: 985801, value: 
key: 562330, value: 
key: 235690, value: 
key: 697212, value: 
key: 761650, value: 
key: 852411, value: 
key: 215393, value: 
key: 142284, value: 
key: 127418, value: 
key: 599622, value: 
key: 654459, value: 
key: 311417, value: 
key: 16318, value: 
key: 71854, value: 
key: 572522, value: 
key: 799204, value: 
key: 188545, value: 
key: 998393, value: 
key: 993893, value: 
key: 749317, value: 
key: 544048, value: 
key: 542718, value: 
key: 690798, value: 
key: 401613, value: 
key: 528321, value: 
key: 293089, value: 
key: 725885, value: 
key: 465570, value: 
key: 924165, value: 
key: 523913, value: 
key: 242948, value: 
key: 761993, value: 
key: 380776, value: 
key: 704525, value: 
key: 155956, value: 
key: 66980, value: 
key: 587050, value: 
key: 66377, value: 
key: 648687, value: 
key: 221495, value: 
key: 318074, value: 
key: 450000, value: 
key: 225934, value: 
key: 779806, value: 
key: 51326, value: 
key: 230745, value: 
key: 307959, value: 
key: 438707, value: 
key: 820173, value: 
key: 180462, value: 
key: 115471, value: 
key: 401424, value: 
key: 715842, value: 
key: 490873, value: 
key: 337253, value: 
key: 261901, value: 
key: 889475, value: 
key: 398478, value: 
key: 425501, value: 
key: 997426, value: 
key: 114555, value: 
key: 967702, value: 
key: 561227, value: 
key: 494675, value: 
key: 881806, value: 
key: 75159, value: 
key: 86612, value: 
key: 601376, value: 
key: 509658, value: 
key: 77120, value: 
key: 470941, value: 
key: 86816, value: 
key: 321625, value: 
key: 24818, value: 
key: 260078, value: 
key: 731345, value: 
key: 858541, value: 
key: 459982, value: 
key: 464537, value: 
key: 111653, value: 
key: 151846, value: 
key: 217559, value: 
key: 826520, value: 
key: 927892, value: 
key: 565625, value: 
key: 251643, value: 
key: 732652, value: 
key: 371277, value: 
key: 567623, value: 
key: 34149, value: 
key: 230934, value: 
key: 379017, value: 
key: 791192, value: 
key: 394711, value: 
key: 474978, value: 
key: 415328, value: 
key: 70925, value: 
key: 957479, value: 
key: 536269, value: 
key: 812589, value: 
key: 189182, value: 
key: 366271, value: 
key: 126424, value: 
key: 72457, value: 
key: 523586, value: 
key: 337499, value: 
key: 963638, value: 
key: 477269, value: 
key: 741252, value: 
key: 643372, value: 
key: 849040, value: 
key: 6782, value: 
key: 43989, value: 
key: 414714, value: 
key: 886308, value: 
key: 354762, value: 
key: 163119, value: 
key: 936393, value: 
key: 233883, value: 
key: 519444, value: 
key: 712827, value: 
key: 235825, value: 
key: 87927, value: 
key: 159457, value: 
key: 856495, value: 
key: 518593, value: 
key: 280014, value: 
key: 166783, value: 
key: 403736, value: 
key: 710568, value: 
key: 589313, value: 
key: 722989, value: 
key: 251043, value: 
key: 156148, value: 
key: 182219, value: 
key: 447532, value: 
key: 955558, value: 
key: 581906, value: 
key: 966497, value: 
key: 387908, value: 
key: 259968, value: 
key: 331981, value: 
key: 749968, value: 
key: 288179, value: 
key: 967131, value: 
key: 869318, value: 
key: 639117, value: 
key: 883613, value: 
key: 896158, value: 
key: 343933, value: 
key: 105780, value: 
key: 11764, value: 
key: 40599, value: 
key: 122031, value: 
key: 141788, value: 
key: 337035, value: 
key: 89510, value: 
key: 250024, value: 
key: 3327, value: 
key: 825422, value: 
key: 506389, value: 
key: 828810, value: 
key: 987645, value: 
key: 135426, value: 
key: 671663, value: 
key: 466429, value: 
key: 959455, value: 
key: 605303, value: 
key: 37290, value: 
key: 869657, value: 
key: 748914, value: 
key: 926039, value: 
key: 926002, value: 
key: 259315, value: 
key: 194661, value: 
key: 624351, value: 
key: 252338, value: 
key: 343308, value: 
key: 474163, value: 
key: 528169, value: 
key: 441567, value: 
key: 405343, value: 
key: 268926, value: 
key: 403392, value: 
key: 919149, value: 
key: 713433, value: 
key: 239357, value: 
key: 695348, value: 
key: 231441, value: 
key: 15241, value: 
key: 317970, value: 
key: 558304, value: 
key: 843314, value: 
key: 273667, value: 
key: 818907, value: 
key: 331233, value: 
key: 586538, value: 
key: 42557, value: 
key: 218929, value: 
key: 46445, value: 
key: 651409, value: 
key: 802953, value: 
key: 991617, value: 
key: 188462, value: 
key: 599570, value: 
key: 741713, value: 
key: 884212, value: 
key: 56336, value: 
key: 492019, value: 
key: 958852, value: 
key: 471838, value: 
key: 798759, value: 
key: 474563, value: 
key: 47361, value: 
key: 478657, value: 
key: 499551, value: 
key: 886694, value: 
key: 362716, value: 
key: 535475, value: 
key: 618136, value: 
key: 484438, value: 
key: 296493, value: 
key: 661473, value: 
key: 157376, value: 
key: 866764, value: 
key: 841312, value: 
key: 419696, value: 
key: 961579, value: 
key: 903623, value: 
key: 112654, value: 
key: 515392, value: 
key: 781014, value: 
key: 659526, value: 
key: 224735, value: 
key: 605129, value: 
key: 367773, value: 
key: 454646, value: 
key: 673759, value: 
key: 832932, value: 
key: 811696, value: 
key: 667529, value: 
key: 988114, value: 
key: 483967, value: 
key: 948879, value: 
key: 54969, value: 
key: 171608, value: 
key: 32482, value: 
key: 879502, value: 
key: 856763, value: 
key: 288461, value: 
key: 539918, value: 
key: 443565, value: 
key: 993828, value: 
key: 337763, value: 
key: 699982, value: 
key: 468270, value: 
key: 842410, value: 
key: 265709, value: 
key: 173132, value: 
key: 288740, value: 
key: 894127, value: 
key: 274952, value: 
key: 463721, value: 
key: 929278, value: 
key: 748149, value: 
key: 7026, value: 
key: 892219, value: 
key: 206397, value: 
key: 44988, value: 
key: 471409, value: 
key: 640285, value: 
key: 644568, value: 
key: 62579, value: 
key: 615669, value: 
key: 86834, value: 
key: 217384, value: 
key: 287868, value: 
key: 703375, value: 
key: 600111, value: 
key: 398762, value: 
key: 31843, value: 
key: 86287, value: 
key: 136559, value: 
key: 858433, value: 
key: 328569, value: 
key: 82144, value: 
key: 555844, value: 
key: 505131, value: 
key: 650875, value: 
key: 171543, value: 
key: 540617, value: 
key: 891287, value: 
key: 920053, value: 
key: 21914, value: 
key: 320697, value: 
key: 956672, value: 
key: 186716, value: 
key: 888296, value: 
key: 396001, value: 
key: 682500, value: 
key: 898914, value: 
key: 218633, value: 
key: 492020, value: 
key: 747506, value: 
key: 742114, value: 
key: 455236, value: 
key: 650105, value: 
key: 737219, value: 
key: 985986, value: 
key: 746958, value: 
key: 318869, value: 
key: 843185, value: 
key: 571927, value: 
key: 972685, value: 
key: 3215, value: 
key: 108996, value: 
key: 172726, value: 
key: 951796, value: 
key: 98206, value: 
key: 16886, value: 
key: 577611, value: 
key: 84458, value: 
key: 768325, value: 
key: 133736, value: 
key: 5736, value: 
key: 669220, value: 
key: 743742, value: 
key: 901456, value: 
key: 677919, value: 
key: 587885, value: 
key: 729816, value: 
key: 443628, value: 
key: 944325, value: 
key: 357936, value: 
key: 677056, value: 
key: 255788, value: 
key: 787193, value: 
key: 900561, value: 
key: 806438, value: 
key: 956140, value: 
key: 275108, value: 
key: 652482, value: 
key: 230440, value: 
key: 957903, value: 
key: 481767, value: 
key: 39571, value: 
key: 966330, value: 
key: 783252, value: 
key: 444807, value: 
key: 244454, value: 
key: 859610, value: 
key: 277937, value: 
key: 569157, value: 
key: 515631, value: 
key: 273908, value: 
key: 300644, value: 
key: 123988, value: 
key: 215830, value: 
key: 167401, value: 
key: 801347, value: 
key: 842571, value: 
key: 755738, value: 
key: 981960, value: 
key: 206331, value: 
key: 26366, value: 
key: 953060, value: 
key: 821756, value: 
key: 451502, value: 
key: 45611, value: 
key: 954557, value: 
key: 812, value: 
key: 609659, value: 
key: 800308, value: 
key: 544886, value: 
key: 996690, value: 
key: 370551, value: 
key: 464627, value: 
key: 576968, value: 
key: 416686, value: 
key: 956340, value: 
key: 56839, value: 
key: 85981, value: 
key: 535688, value: 
key: 815384, value: 
key: 996258, value: 
key: 295847, value: 
key: 250369, value: 
key: 22908, value: 
key: 974627, value: 
key: 433160, value: 
key: 625738, value: 
key: 204636, value: 
key: 568235, value: 
key: 776009, value: 
key: 93267, value: 
key: 774328, value: 
key: 728945, value: 
key: 87019, value: 
key: 669022, value: 
key: 88537, value: 
key: 507012, value: 
key: 928116, value: 
key: 774768, value: 
key: 527014, value: 
key: 65909, value: 
key: 81789, value: 
key: 693809, value: 
key: 235360, value: 
key: 430112, value: 
key: 882087, value: 
key: 105687, value: 
key: 125018, value: 
key: 690538, value: 
key: 644128, value: 
key: 314935, value: 
key: 49934, value: 
key: 600861, value: 
key: 86379, value: 
key: 931833, value: 
key: 601794, value: 
key: 821390, value: 
key: 151943, value: 
key: 126057, value: 
key: 116520, value: 
key: 41930, value: 
key: 716869, value: 
key: 237359, value: 
key: 455986, value: 
key: 23969, value: 
key: 604070, value: 
key: 228069, value: 
key: 310564, value: 
key: 39102, value: 
key: 447938, value: 
key: 722246, value: 
key: 286560, value: 
key: 987812, value: 
key: 594063, value: 
key: 20151, value: 
key: 931121, value: 
key: 118474, value: 
key: 545108, value: 
key: 299102, value: 
key: 636196, value: 
key: 817113, value: 
key: 266407, value: 
key: 603208, value: 
key: 959424, value: 
key: 400836, value: 
key: 137376, value: 
key: 353987, value: 
key: 446391, value: 
key: 229301, value: 
key: 160846, value: 
key: 466175, value: 
key: 234297, value: 
key: 866094, value: 
key: 453658, value: 
key: 590911, value: 
key: 20681, value: 
key: 106549, value: 
key: 952296, value: 
key: 854352, value: 
key: 526974, value: 
key: 388570, value: 
key: 363090, value: 
key: 18660, value: 
key: 695917, value: 
key: 98811, value: 
key: 646085, value: 
key: 285158, value: 
key: 988497, value: 
key: 192283, value: 
key: 871078, value: 
key: 722275, value: 
key: 542350, value: 
key: 134438, value: 
key: 837241, value: 
key: 137899, value: 
key: 555778, value: 
key: 338304, value: 
key: 363946, value: 
key: 790685, value: 
key: 413731, value: 
key: 636174, value: 
key: 372320, value: 
key: 196722, value: 
key: 345966, value: 
key: 132162, value: 
key: 366031, value: 
key: 804689, value: 
key: 541968, value: 
key: 668711, value: 
key: 283071, value: 
key: 912210, value: 
key: 573563, value: 
key: 283554, value: 
key: 662845, value: 
key: 388394, value: 
key: 149751, value: 
key: 293401, value: 
key: 694769, value: 
key: 512159, value: 
key: 754829, value: 
key: 730108, value: 
key: 362297, value: 
key: 871821, value: 
key: 626971, value: 
key: 545511, value: 
key: 130058, value: 
key: 875467, value: 
key: 292439, value: 
key: 716720, value: 
key: 753842, value: 
key: 60427, value: 
key: 804452, value: 
key: 703168, value: 
key: 100558, value: 
key: 963113, value: 
key: 243855, value: 
key: 529564, value: 
key: 635122, value: 
key: 574908, value: 
key: 924664, value: 
key: 267943, value: 
key: 360794, value: 
key: 745269, value: 
key: 955808, value: 
key: 37728, value: 
key: 912571, value: 
key: 927629, value: 
key: 741070, value: 
key: 242157, value: 
key: 440702, value: 
key: 456389, value: 
key: 297584, value: 
key: 121173, value: 
key: 65547, value: 
key: 622641, value: 
key: 879429, value: 
key: 483851, value: 
key: 901434, value: 
key: 456970, value: 
key: 82898, value: 
key: 326060, value: 
key: 891623, value: 
key: 269112, value: 
key: 219498, value: 
key: 505078, value: 
key: 764925, value: 
key: 526879, value: 
key: 540790, value: 
key: 646533, value: 
key: 657036, value: 
key: 561713, value: 
key: 618583, value: 
key: 68841, value: 
key: 647129, value: 
key: 648834, value: 
key: 889909, value: 
key: 998562, value: 
key: 667213, value: 
key: 830691, value: 
key: 193468, value: 
key: 679353, value: 
key: 160833, value: 
key: 348761, value: 
key: 256651, value: 
key: 727827, value: 
key: 112690, value: 
key: 869666, value: 
key: 253018, value: 
key: 823932, value: 
key: 842641, value: 
key: 677151, value: 
key: 29101, value: 
key: 78565, value: 
key: 939648, value: 
key: 317053, value: 
key: 880832, value: 
key: 59281, value: 
key: 932980, value: 
key: 202876, value: 
key: 17865, value: 
key: 622548, value: 
key: 795127, value: 
key: 972285, value: 
key: 153329, value: 
key: 289156, value: 
key: 447718, value: 
key: 212677, value: 
key: 679164, value: 
key: 391224, value: 
key: 410981, value: 
key: 17405, value: 
key: 66290, value: 
key: 579565, value: 
key: 497577, value: 
key: 421727, value: 
key: 206616, value: 
key: 666175, value: 
key: 869066, value: 
key: 771624, value: 
key: 122691, value: 
key: 952722, value: 
key: 900905, value: 
key: 408553, value: 
key: 380419, value: 
key: 768718, value: 
key: 169670, value: 
key: 879568, value: 
key: 193608, value: 
key: 967863, value: 
key: 632138, value: 
key: 373390, value: 
key: 537615, value: 
key: 914276, value: 
key: 758517, value: 
key: 111875, value: 
key: 176285, value: 
key: 246241, value: 
key: 415274, value: 
key: 3684, value: 
key: 666474, value: 
key: 545182, value: 
key: 992919, value: 
key: 645244, value: 
key: 619519, value: 
key: 164459, value: 
key: 94871, value: 
key: 67668, value: 
key: 83116, value: 
key: 887974, value: 
key: 324985, value: 
key: 475618, value: 
key: 261279, value: 
key: 547753, value: 
key: 180394, value: 
key: 138139, value: 
key: 589650, value: 
key: 120350, value: 
key: 925438, value: 
key: 652075, value: 
key: 856806, value: 
key: 627646, value: 
key: 445419, value: 
key: 152715, value: 
key: 976856, value: 
key: 977701, value: 
key: 685882, value: 
key: 740666, value: 
key: 424036, value: 
key: 118195, value: 
key: 665198, value: 
key: 649354, value: 
key: 369595, value: 
key: 611519, value: 
key: 292242, value: 
key: 660348, value: 
key: 330715, value: 
key: 995435, value: 
key: 999123, value: 
key: 89466, value: 
key: 577093, value: 
key: 866230, value: 
key: 396498, value: 
key: 73634, value: 
key: 643136, value: 
key: 256491, value: 
key: 106000, value: 
key: 879667, value: 
key: 547928, value: 
key: 927324, value: 
key: 125920, value: 
key: 104358, value: 
key: 58408, value: 
key: 409419, value: 
key: 908945, value: 
key: 915877, value: 
key: 377536, value: 
key: 8090, value: 
key: 88610, value: 
key: 380705, value: 
key: 350386, value: 
key: 142437, value: 
key: 42357, value: 
key: 626575, value: 
key: 333729, value: 
key: 770706, value: 
key: 38101, value: 
key: 412754, value: 
key: 212408, value: 
key: 289660, value: 
key: 549342, value: 
key: 765678, value: 
key: 740248, value: 
key: 268106, value: 
key: 778586, value: 
key: 622306, value: 
key: 544862, value: 
key: 514933, value: 
key: 318911, value: 
key: 464971, value: 
key: 253300, value: 
key: 291238, value: 
key: 552843, value: 
key: 5428, value: 
key: 346732, value: 
key: 600577, value: 
key: 68074, value: 
key: 915707, value: 
key: 851089, value: 
key: 730395, value: 
key: 741568, value: 
key: 542426, value: 
key: 535437, value: 
key: 449547, value: 
key: 984581, value: 
key: 120242, value: 
key: 446694, value: 
key: 167663, value: 
key: 225727, value: 
key: 279894, value: 
key: 929119, value: 
key: 513387, value: 
key: 881987, value: 
key: 504006, value: 
key: 226078, value: 
key: 713350, value: 
key: 234156, value: 
key: 915109, value: 
key: 661530, value: 
key: 251775, value: 
key: 388969, value: 
key: 340080, value: 
key: 118078, value: 
key: 572915, value: 
key: 221565, value: 
key: 325964, value: 
key: 804775, value: 
key: 772672, value: 
key: 464430, value: 
key: 878628, value: 
key: 8726, value: 
key: 605068, value: 
key: 765779, value: 
key: 543968, value: 
key: 678097, value: 
key: 45840, value: 
key: 26654, value: 
key: 734335, value: 
key: 697528, value: 
key: 398661, value: 
key: 353837, value: 
key: 445778, value: 
key: 627376, value: 
key: 788729, value: 
key: 834947, value: 
key: 489615, value: 
key: 566394, value: 
key: 547304, value: 
key: 558355, value: 
key: 578829, value: 
key: 361225, value: 
key: 235731, value: 
key: 278208, value: 
key: 90417, value: 
key: 101933, value: 
key: 544518, value: 
key: 688829, value: 
key: 238914, value: 
key: 784871, value: 
key: 854833, value: 
key: 42771, value: 
key: 583162, value: 
key: 949128, value: 
key: 631942, value: 
key: 902279, value: 
key: 121780, value: 
key: 150043, value: 
key: 465815, value: 
key: 316654, value: 
key: 661109, value: 
key: 87334, value: 
key: 669606, value: 
key: 947197, value: 
key: 772669, value: 
key: 445677, value: 
key: 91984, value: 
key: 831263, value: 
key: 405787, value: 
key: 510218, value: 
key: 595518, value: 
key: 767762, value: 
key: 934182, value: 
key: 687042, value: 
key: 212336, value: 
key: 843639, value: 
key: 108055, value: 
key: 862487, value: 
key: 388880, value: 
key: 215162, value: 
key: 834194, value: 
key: 412819, value: 
key: 569821, value: 
key: 489730, value: 
key: 717967, value: 
key: 439292, value: 
key: 83138, value: 
key: 629569, value: 
key: 380097, value: 
key: 391817, value: 
key: 437461, value: 
key: 986208, value: 
key: 443190, value: 
key: 365227, value: 
key: 362260, value: 
key: 244412, value: 
key: 462087, value: 
key: 209202, value: 
key: 934791, value: 
key: 844953, value: 
key: 78473, value: 
key: 624625, value: 
key: 262928, value: 
key: 883523, value: 
key: 600403, value: 
key: 827204, value: 
key: 599824, value: 
key: 909551, value: 
key: 339749, value: 
key: 649682, value: 
key: 552676, value: 
key: 84599, value: 
key: 698998, value: 
key: 971974, value: 
key: 808289, value: 
key: 550458, value: 
key: 617395, value: 
key: 251892, value: 
key: 629561, value: 
key: 779170, value: 
key: 765405, value: 
key: 797165, value: 
key: 747850, value: 
key: 299177, value: 
key: 173291, value: 
key: 339396, value: 
key: 854828, value: 
key: 718287, value: 
key: 270611, value: 
key: 727379, value: 
key: 267136, value: 
key: 778098, value: 
key: 780266, value: 
key: 441255, value: 
key: 5055, value: 
key: 44715, value: 
key: 596782, value: 
key: 837294, value: 
key: 539341, value: 
key: 554106, value: 
key: 41479, value: 
key: 311389, value: 
key: 295904, value: 
key: 624410, value: 
key: 653544, value: 
key: 786435, value: 
key: 2751, value: 
key: 875647, value: 
key: 279362, value: 
key: 490026, value: 
key: 473764, value: 
key: 659106, value: 
key: 619917, value: 
key: 242683, value: 
key: 491539, value: 
key: 14372, value: 
key: 302057, value: 
key: 219818, value: 
key: 417980, value: 
key: 289174, value: 
key: 130092, value: 
key: 400520, value: 
key: 476167, value: 
key: 715114, value: 
key: 723320, value: 
key: 712148, value: 
key: 295999, value: 
key: 667060, value: 
key: 472264, value: 
key: 404830, value: 
key: 705885, value: 
key: 559534, value: 
key: 80722, value: 
key: 527799, value: 
key: 493470, value: 
key: 235658, value: 
key: 664841, value: 
key: 357446, value: 
key: 514755, value: 
key: 501652, value: 
key: 450554, value: 
key: 723573, value: 
key: 825860, value: 
key: 513468, value: 
key: 383108, value: 
key: 970751, value: 
key: 146499, value: 
key: 327610, value: 
key: 716801, value: 
key: 951462, value: 
key: 707564, value: 
key: 942781, value: 
key: 671715, value: 
key: 390324, value: 
key: 447729, value: 
key: 823196, value: 
key: 418479, value: 
key: 439920, value: 
key: 652024, value: 
key: 429824, value: 
key: 561784, value: 
key: 185456, value: 
key: 210567, value: 
key: 578395, value: 
key: 354940, value: 
key: 557000, value: 
key: 958298, value: 
key: 140695, value: 
key: 872215, value: 
key: 161180, value: 
key: 329911, value: 
key: 856271, value: 
key: 538496, value: 
key: 814440, value: 
key: 777604, value: 
key: 994722, value: 
key: 108824, value: 
key: 482883, value: 
key: 446566, value: 
key: 630248, value: 
key: 182349, value: 
key: 439533, value: 
key: 192656, value: 
key: 929197, value: 
key: 980950, value: 
key: 106895, value: 
key: 107203, value: 
key: 245936, value: 
key: 433711, value: 
key: 746903, value: 
key: 325405, value: 
key: 78930, value: 
key: 859117, value: 
key: 688041, value: 
key: 120398, value: 
key: 303120, value: 
key: 501065, value: 
key: 692145, value: 
key: 485053, value: 
key: 96408, value: 
key: 249321, value: 
key: 294127, value: 
key: 888953, value: 
key: 713316, value: 
key: 147937, value: 
key: 999321, value: 
key: 73928, value: 
key: 388426, value: 
key: 317866, value: 
key: 465053, value: 
key: 127252, value: 
key: 210686, value: 
key: 421129, value: 
key: 271584, value: 
key: 806139, value: 
key: 401361, value: 
key: 89691, value: 
key: 850860, value: 
key: 648188, value: 
key: 139251, value: 
key: 342767, value: 
key: 828469, value: 
key: 404148, value: 
key: 781793, value: 
key: 375752, value: 
key: 728976, value: 
key: 672426, value: 
key: 233823, value: 
key: 694521, value: 
key: 520316, value: 
key: 541269, value: 
key: 990007, value: 
key: 829413, value: 
key: 279203, value: 
key: 279371, value: 
key: 520110, value: 
key: 161883, value: 
key: 232589, value: 
key: 636556, value: 
key: 750328, value: 
key: 568255, value: 
key: 475670, value: 
key: 938524, value: 
key: 284175, value: 
key: 331112, value: 
key: 458431, value: 
key: 875760, value: 
key: 618835, value: 
key: 75108, value: 
key: 80472, value: 
key: 783274, value: 
key: 711187, value: 
key: 682492, value: 
key: 493735, value: 
key: 703926, value: 
key: 604058, value: 
key: 608566, value: 
key: 783698, value: 
key: 508479, value: 
key: 524819, value: 
key: 467914, value: 
key: 717235, value: 
key: 519875, value: 
key: 926572, value: 
key: 459412, value: 
key: 97544, value: 
key: 12468, value: 
key: 318034, value: 
key: 652202, value: 
key: 316951, value: 
key: 49448, value: 
key: 355644, value: 
key: 610851, value: 
key: 739956, value: 
key: 519369, value: 
key: 166967, value: 
key: 180457, value: 
key: 325140, value: 
key: 996128, value: 
key: 954809, value: 
key: 809505, value: 
key: 699195, value: 
key: 165520, value: 
key: 431289, value: 
key: 914597, value: 
key: 499548, value: 
key: 904947, value: 
key: 444087, value: 
key: 17467, value: 
key: 601493, value: 
key: 105294, value: 
key: 505717, value: 
key: 771338, value: 
key: 320260, value: 
key: 629974, value: 
key: 803741, value: 
key: 83417, value: 
key: 110278, value: 
key: 344341, value: 
key: 232873, value: 
key: 768833, value: 
key: 987560, value: 
key: 503515, value: 
key: 209970, value: 
key: 104743, value: 
key: 143232, value: 
key: 273805, value: 
key: 586578, value: 
key: 972984, value: 
key: 610196, value: 
key: 967966, value: 
key: 442698, value: 
key: 798418, value: 
key: 398885, value: 
key: 946343, value: 
key: 42272, value: 
key: 974339, value: 
key: 609664, value: 
key: 847437, value: 
key: 648386, value: 
key: 585423, value: 
key: 147513, value: 
key: 877643, value: 
key: 85761, value: 
key: 36594, value: 
key: 789667, value: 
key: 619661, value: 
key: 16282, value: 
key: 495546, value: 
key: 539662, value: 
key: 101780, value: 
key: 498316, value: 
key: 424748, value: 
key: 412714, value: 
key: 921540, value: 
key: 828878, value: 
key: 577963, value: 
key: 198920, value: 
key: 918164, value: 
key: 753226, value: 
key: 240674, value: 
key: 982963, value: 
key: 617164, value: 
key: 485664, value: 
key: 346925, value: 
key: 209158, value: 
key: 755796, value: 
key: 795310, value: 
key: 814251, value: 
key: 857887, value: 
key: 765465, value: 
key: 780220, value: 
key: 747153, value: 
key: 941186, value: 
key: 508570, value: 
key: 328965, value: 
key: 626289, value: 
key: 248412, value: 
key: 361128, value: 
key: 661341, value: 
key: 552036, value: 
key: 470895, value: 
key: 439546, value: 
key: 32132, value: 
key: 245006, value: 
key: 159709, value: 
key: 543922, value: 
key: 387289, value: 
key: 259650, value: 
key: 477702, value: 
key: 512160, value: 
key: 315068, value: 
key: 436486, value: 
key: 72080, value: 
key: 67314, value: 
key: 255050, value: 
key: 791277, value: 
key: 518429, value: 
key: 679474, value: 
key: 60061, value: 
key: 143528, value: 
key: 621949, value: 
key: 725973, value: 
key: 81800, value: 
key: 570553, value: 
key: 930601, value: 
key: 200928, value: 
key: 405073, value: 
key: 384541, value: 
key: 362000, value: 
key: 570216, value: 
key: 207855, value: 
key: 681394, value: 
key: 278181, value: 
key: 100813, value: 
key: 958481, value: 
key: 997527, value: 
key: 39038, value: 
key: 474844, value: 
key: 488388, value: 
key: 125676, value: 
key: 726655, value: 
key: 335549, value: 
key: 701069, value: 
key: 35706, value: 
key: 347423, value: 
key: 994658, value: 
key: 941148, value: 
key: 185135, value: 
key: 45501, value: 
key: 27208, value: 
key: 932517, value: 
key: 792560, value: 
key: 609983, value: 
key: 13647, value: 
key: 76040, value: 
key: 208522, value: 
key: 93975, value: 
key: 94774, value: 
key: 711604, value: 
key: 172685, value: 
key: 336861, value: 
key: 678590, value: 
key: 240380, value: 
key: 363715, value: 
key: 612219, value: 
key: 227297, value: 
key: 5633, value: 
key: 936850, value: 
key: 67932, value: 
key: 893052, value: 
key: 523933, value: 
key: 851915, value: 
key: 87330, value: 
key: 41589, value: 
key: 120923, value: 
key: 80184, value: 
key: 747409, value: 
key: 990166, value: 
key: 943366, value: 
key: 47271, value: 
key: 748954, value: 
key: 600454, value: 
key: 339725, value: 
key: 573408, value: 
key: 30372, value: 
key: 387971, value: 
key: 123805, value: 
key: 908921, value: 
key: 343847, value: 
key: 419924, value: 
key: 358735, value: 
key: 69123, value: 
key: 400328, value: 
key: 911798, value: 
key: 729939, value: 
key: 676118, value: 
key: 1048, value: 
key: 926365, value: 
key: 890288, value: 
key: 676378, value: 
key: 359442, value: 
key: 778445, value: 
key: 417548, value: 
key: 906079, value: 
key: 701544, value: 
key: 677508, value: 
key: 230527, value: 
key: 818952, value: 
key: 518207, value: 
key: 483929, value: 
key: 293317, value: 
key: 268962, value: 
key: 561063, value: 
key: 235201, value: 
key: 312540, value: 
key: 205624, value: 
key: 877575, value: 
key: 422630, value: 
key: 892969, value: 
key: 331677, value: 
key: 149609, value: 
key: 641994, value: 
key: 784855, value: 
key: 394001, value: 
key: 208762, value: 
key: 413537, value: 
key: 726271, value: 
key: 303366, value: 
key: 812314, value: 
key: 904978, value: 
key: 589418, value: 
key: 618671, value: 
key: 992670, value: 
key: 136973, value: 
key: 328123, value: 
key: 225217, value: 
key: 176898, value: 
key: 571141, value: 
key: 536335, value: 
key: 124266, value: 
key: 320101, value: 
key: 559367, value: 
key: 882443, value: 
key: 728044, value: 
key: 985265, value: 
key: 29211, value: 
key: 53450, value: 
key: 353406, value: 
key: 147403, value: 
key: 179033, value: 
key: 959987, value: 
key: 517192, value: 
key: 734711, value: 
key: 227732, value: 
key: 941784, value: 
key: 380987, value: 
key: 264089, value: 
key: 611209, value: 
key: 943650, value: 
key: 23787, value: 
key: 986545, value: 
key: 699120, value: 
key: 547760, value: 
key: 409367, value: 
key: 970315, value: 
key: 518896, value: 
key: 622339, value: 
key: 732957, value: 
key: 599475, value: 
key: 793413, value: 
key: 411005, value: 
key: 267121, value: 
key: 978229, value: 
key: 162190, value: 
key: 2155, value: 
key: 509380, value: 
key: 662687, value: 
key: 999152, value: 
key: 551543, value: 
key: 111554, value: 
key: 286230, value: 
key: 512887, value: 
key: 9525, value: 
key: 363470, value: 
key: 414149, value: 
key: 640450, value: 
key: 306808, value: 
key: 49846, value: 
key: 599992, value: 
key: 795859, value: 
key: 610631, value: 
key: 522127, value: 
key: 485615, value: 
key: 22904, value: 
key: 522129, value: 
key: 717398, value: 
key: 494284, value: 
key: 717158, value: 
key: 295203, value: 
key: 724985, value: 
key: 909997, value: 
key: 969447, value: 
key: 862010, value: 
key: 148017, value: 
key: 541971, value: 
key: 258732, value: 
key: 247305, value: 
key: 89877, value: 
key: 249404, value: 
key: 976809, value: 
key: 823983, value: 
key: 924770, value: 
key: 391712, value: 
key: 106644, value: 
key: 285903, value: 
key: 905476, value: 
key: 141861, value: 
key: 476699, value: 
key: 38161, value: 
key: 274622, value: 
key: 789980, value: 
key: 518386, value: 
key: 870783, value: 
key: 994625, value: 
key: 967386, value: 
key: 297829, value: 
key: 409235, value: 
key: 338722, value: 
key: 368222, value: 
key: 917064, value: 
key: 126178, value: 
key: 943461, value: 
key: 690840, value: 
key: 955473, value: 
key: 348464, value: 
key: 742996, value: 
key: 51957, value: 
key: 849404, value: 
key: 251397, value: 
key: 386682, value: 
key: 318672, value: 
key: 602582, value: 
key: 351198, value: 
key: 726844, value: 
key: 710979, value: 
key: 123911, value: 
key: 772733, value: 
key: 243824, value: 
key: 185447, value: 
key: 269828, value: 
key: 517794, value: 
key: 905357, value: 
key: 945164, value: 
key: 251609, value: 
key: 432017, value: 
key: 451991, value: 
key: 429231, value: 
key: 746536, value: 
key: 269512, value: 
key: 794159, value: 
key: 17119, value: 
key: 317448, value: 
key: 471014, value: 
key: 240791, value: 
key: 664821, value: 
key: 509269, value: 
key: 780714, value: 
key: 916052, value: 
key: 867899, value: 
key: 854413, value: 
key: 903881, value: 
key: 419300, value: 
key: 617494, value: 
key: 361773, value: 
key: 678929, value: 
key: 487192, value: 
key: 192461, value: 
key: 492301, value: 
key: 933916, value: 
key: 99803, value: 
key: 704879, value: 
key: 353905, value: 
key: 28650, value: 
key: 462997, value: 
key: 320042, value: 
key: 7569, value: 
key: 709438, value: 
key: 240337, value: 
key: 613627, value: 
key: 884818, value: 
key: 74970, value: 
key: 567650, value: 
key: 750993, value: 
key: 687848, value: 
key: 126716, value: 
key: 621213, value: 
key: 61620, value: 
key: 84186, value: 
key: 436312, value: 
key: 676079, value: 
key: 149452, value: 
key: 233333, value: 
key: 712218, value: 
key: 892497, value: 
key: 75126, value: 
key: 294226, value: 
key: 946738, value: 
key: 238220, value: 
key: 73825, value: 
key: 775671, value: 
key: 682988, value: 
key: 75977, value: 
key: 950555, value: 
key: 151293, value: 
key: 105674, value: 
key: 480429, value: 
key: 662371, value: 
key: 685868, value: 
key: 820418, value: 
key: 955190, value: 
key: 945636, value: 
key: 540738, value: 
key: 996425, value: 
key: 859832, value: 
key: 318757, value: 
key: 588000, value: 
key: 593963, value: 
key: 604474, value: 
key: 480425, value: 
key: 379419, value: 
key: 527395, value: 
key: 966613, value: 
key: 844652, value: 
key: 71522, value: 
key: 421529, value: 
key: 258754, value: 
key: 244504, value: 
key: 688391, value: 
key: 101913, value: 
key: 136407, value: 
key: 172052, value: 
key: 74220, value: 
key: 523526, value: 
key: 427109, value: 
key: 429981, value: 
key: 262971, value: 
key: 213249, value: 
key: 712421, value: 
key: 499076, value: 
key: 911309, value: 
key: 987861, value: 
key: 671139, value: 
key: 913466, value: 
key: 649406, value: 
key: 610130, value: 
key: 350018, value: 
key: 475986, value: 
key: 475993, value: 
key: 478370, value: 
key: 96208, value: 
key: 724981, value: 
key: 864562, value: 
key: 178463, value: 
key: 54147, value: 
key: 737640, value: 
key: 912960, value: 
key: 445930, value: 
key: 239948, value: 
key: 413029, value: 
key: 65361, value: 
key: 944813, value: 
key: 383779, value: 
key: 684360, value: 
key: 59782, value: 
key: 107704, value: 
key: 647192, value: 
key: 607059, value: 
key: 208377, value: 
key: 810785, value: 
key: 246366, value: 
key: 364244, value: 
key: 977969, value: 
key: 113174, value: 
key: 190160, value: 
key: 223703, value: 
key: 93193, value: 
key: 750247, value: 
key: 255450, value: 
key: 764855, value: 
key: 984037, value: 
key: 741111, value: 
key: 615719, value: 
key: 347256, value: 
key: 661794, value: 
key: 616864, value: 
key: 69363, value: 
key: 388347, value: 
key: 852446, value: 
key: 265491, value: 
key: 965645, value: 
key: 478004, value: 
key: 720262, value: 
key: 543984, value: 
key: 227943, value: 
key: 365722, value: 
key: 382723, value: 
key: 273739, value: 
key: 260481, value: 
key: 293876, value: 
key: 58880, value: 
key: 398016, value: 
key: 628182, value: 
key: 44467, value: 
key: 306538, value: 
key: 30550, value: 
key: 875124, value: 
key: 322824, value: 
key: 323452, value: 
key: 635119, value: 
key: 640447, value: 
key: 592230, value: 
key: 973628, value: 
key: 118742, value: 
key: 34451, value: 
key: 488609, value: 
key: 518256, value: 
key: 748783, value: 
key: 676125, value: 
key: 887862, value: 
key: 620030, value: 
key: 441354, value: 
key: 133295, value: 
key: 329094, value: 
key: 716256, value: 
key: 700655, value: 
key: 830644, value: 
key: 111309, value: 
key: 32677, value: 
key: 17735, value: 
key: 588868, value: 
key: 952856, value: 
key: 344323, value: 
key: 168468, value: 
key: 409033, value: 
key: 693623, value: 
key: 296363, value: 
key: 883149, value: 
key: 716041, value: 
key: 834181, value: 
key: 392913, value: 
key: 821916, value: 
key: 871924, value: 
key: 612172, value: 
key: 815878, value: 
key: 382828, value: 
key: 122459, value: 
key: 797242, value: 
key: 756739, value: 
key: 68922, value: 
key: 308510, value: 
key: 762325, value: 
key: 341663, value: 
key: 815474, value: 
key: 180105, value: 
key: 467031, value: 
key: 621817, value: 
key: 606513, value: 
key: 785586, value: 
key: 839713, value: 
key: 309977, value: 
key: 960983, value: 
key: 406236, value: 
key: 925995, value: 
key: 302646, value: 
key: 964220, value: 
key: 482461, value: 
key: 578007, value: 
key: 549559, value: 
key: 78963, value: 
key: 210710, value: 
key: 759525, value: 
key: 845455, value: 
key: 985155, value: 
key: 860461, value: 
key: 282182, value: 
key: 658747, value: 
key: 726699, value: 
key: 102961, value: 
key: 795147, value: 
key: 77612, value: 
key: 569616, value: 
key: 645000, value: 
key: 461422, value: 
key: 648964, value: 
key: 289310, value: 
key: 503621, value: 
key: 747504, value: 
key: 778782, value: 
key: 40256, value: 
key: 11267, value: 
key: 100031, value: 
key: 649545, value: 
key: 892688, value: 
key: 615715, value: 
key: 86223, value: 
key: 691809, value: 
key: 758054, value: 
key: 122473, value: 
key: 487749, value: 
key: 953435, value: 
key: 290903, value: 
key: 343195, value: 
key: 184381, value: 
key: 211908, value: 
key: 823525, value: 
key: 600324, value: 
key: 957743, value: 
key: 155312, value: 
key: 637191, value: 
key: 822230, value: 
key: 979217, value: 
key: 642487, value: 
key: 332544, value: 
key: 365988, value: 
key: 742734, value: 
key: 994162, value: 
key: 567076, value: 
key: 791006, value: 
key: 767821, value: 
key: 624151, value: 
key: 464391, value: 
key: 259342, value: 
key: 149461, value: 
key: 493339, value: 
key: 276011, value: 
key: 621482, value: 
key: 358379, value: 
key: 202054, value: 
key: 546402, value: 
key: 672194, value: 
key: 292648, value: 
key: 862740, value: 
key: 582219, value: 
key: 315435, value: 
key: 451029, value: 
key: 915390, value: 
key: 114694, value: 
key: 286388, value: 
key: 628522, value: 
key: 303113, value: 
key: 60469, value: 
key: 793734, value: 
key: 303058, value: 
key: 197222, value: 
key: 738371, value: 
key: 849280, value: 
key: 167498, value: 
key: 424144, value: 
key: 40997, value: 
key: 220971, value: 
key: 396678, value: 
key: 715343, value: 
key: 181931, value: 
key: 523261, value: 
key: 333844, value: 
key: 344707, value: 
key: 136975, value: 
key: 867154, value: 
key: 971105, value: 
key: 56015, value: 
key: 140015, value: 
key: 138391, value: 
key: 908172, value: 
key: 831326, value: 
key: 554733, value: 
key: 450855, value: 
key: 886384, value: 
key: 354654, value: 
key: 420801, value: 
key: 607646, value: 
key: 14550, value: 
key: 579264, value: 
key: 188606, value: 
key: 43822, value: 
key: 845064, value: 
key: 838378, value: 
key: 314607, value: 
key: 105308, value: 
key: 630125, value: 
key: 431461, value: 
key: 928767, value: 
key: 653667, value: 
key: 881358, value: 
key: 582967, value: 
key: 8135, value: 
key: 950922, value: 
key: 841905, value: 
key: 765249, value: 
key: 716700, value: 
key: 895432, value: 
key: 954379, value: 
key: 337541, value: 
key: 730892, value: 
key: 743753, value: 
key: 166493, value: 
key: 738115, value: 
key: 327203, value: 
key: 107070, value: 
key: 687264, value: 
key: 8375, value: 
key: 409073, value: 
key: 746747, value: 
key: 357965, value: 
key: 718227, value: 
key: 426234, value: 
key: 298868, value: 
key: 663114, value: 
key: 709175, value: 
key: 630341, value: 
key: 91814, value: 
key: 188846, value: 
key: 14147, value: 
key: 410309, value: 
key: 575903, value: 
key: 937286, value: 
key: 78699, value: 
key: 146352, value: 
key: 28191, value: 
key: 813188, value: 
key: 890703, value: 
key: 973224, value: 
key: 919200, value: 
key: 752386, value: 
key: 518786, value: 
key: 592878, value: 
key: 869594, value: 
key: 399745, value: 
key: 386046, value: 
key: 129115, value: 
key: 314838, value: 
key: 571033, value: 
key: 348974, value: 
key: 275717, value: 
key: 236646, value: 
key: 25314, value: 
key: 867806, value: 
key: 133851, value: 
key: 74271, value: 
key: 551110, value: 
key: 541003, value: 
key: 962471, value: 
key: 98376, value: 
key: 283170, value: 
key: 455315, value: 
key: 111183, value: 
key: 260706, value: 
key: 415427, value: 
key: 963542, value: 
key: 845459, value: 
key: 917354, value: 
key: 857416, value: 
key: 416127, value: 
key: 537165, value: 
key: 298299, value: 
key: 745504, value: 
key: 923636, value: 
key: 458691, value: 
key: 601361, value: 
key: 805965, value: 
key: 126347, value: 
key: 304589, value: 
key: 133237, value: 
key: 612400, value: 
key: 112933, value: 
key: 270150, value: 
key: 199257, value: 
key: 772229, value: 
key: 335534, value: 
key: 710007, value: 
key: 175536, value: 
key: 428524, value: 
key: 690602, value: 
key: 218501, value: 
key: 132577, value: 
key: 713785, value: 
key: 576209, value: 
key: 169335, value: 
key: 383058, value: 
key: 303504, value: 
key: 88959, value: 
key: 381982, value: 
key: 929115, value: 
key: 189991, value: 
key: 803109, value: 
key: 562095, value: 
key: 415472, value: 
key: 138766, value: 
key: 855696, value: 
key: 424962, value: 
key: 103737, value: 
key: 504642, value: 
key: 658451, value: 
key: 560848, value: 
key: 374630, value: 
key: 945052, value: 
key: 178281, value: 
key: 290994, value: 
key: 284045, value: 
key: 984149, value: 
key: 554988, value: 
key: 193183, value: 
key: 912270, value: 
key: 970328, value: 
key: 915040, value: 
key: 877915, value: 
key: 13849, value: 
key: 57436, value: 
key: 576333, value: 
key: 907405, value: 
key: 180303, value: 
key: 901942, value: 
key: 339499, value: 
key: 404317, value: 
key: 348374, value: 
key: 154180, value: 
key: 713655, value: 
key: 221268, value: 
key: 350687, value: 
key: 829608, value: 
key: 347942, value: 
key: 714018, value: 
key: 156784, value: 
key: 360990, value: 
key: 681541, value: 
key: 715886, value: 
key: 293856, value: 
key: 31784, value: 
key: 696187, value: 
key: 14035, value: 
key: 67219, value: 
key: 964200, value: 
key: 94213, value: 
key: 809574, value: 
key: 236507, value: 
key: 210389, value: 
key: 870796, value: 
key: 482407, value: 
key: 682784, value: 
key: 94499, value: 
key: 311811, value: 
key: 231670, value: 
key: 935628, value: 
key: 136021, value: 
key: 653993, value: 
key: 517949, value: 
key: 843752, value: 
key: 149034, value: 
key: 171826, value: 
key: 320846, value: 
key: 7846, value: 
key: 340893, value: 
key: 334670, value: 
key: 438271, value: 
key: 841491, value: 
key: 863503, value: 
key: 11481, value: 
key: 767713, value: 
key: 717055, value: 
key: 609433, value: 
key: 446588, value: 
key: 855528, value: 
key: 794560, value: 
key: 513479, value: 
key: 308174, value: 
key: 653135, value: 
key: 820485, value: 
key: 259159, value: 
key: 267763, value: 
key: 446623, value: 
key: 13290, value: 
key: 720149, value: 
key: 211096, value: 
key: 136317, value: 
key: 933970, value: 
key: 27686, value: 
key: 507393, value: 
key: 393396, value: 
key: 606133, value: 
key: 258909, value: 
key: 213717, value: 
key: 28188, value: 
key: 378478, value: 
key: 502112, value: 
key: 89947, value: 
key: 272662, value: 
key: 281994, value: 
key: 124811, value: 
key: 684272, value: 
key: 541085, value: 
key: 917123, value: 
key: 698907, value: 
key: 430512, value: 
key: 606935, value: 
key: 213744, value: 
key: 831294, value: 
key: 640306, value: 
key: 511831, value: 
key: 91270, value: 
key: 322901, value: 
key: 914368, value: 
key: 300402, value: 
key: 404663, value: 
key: 274211, value: 
key: 534030, value: 
key: 553679, value: 
key: 523317, value: 
key: 900264, value: 
key: 161793, value: 
key: 234884, value: 
key: 279760, value: 
key: 504804, value: 
key: 754469, value: 
key: 560891, value: 
key: 677865, value: 
key: 46614, value: 
key: 754364, value: 
key: 901041, value: 
key: 368572, value: 
key: 511967, value: 
key: 349494, value: 
key: 94264, value: 
key: 161179, value: 
key: 491146, value: 
key: 955978, value: 
key: 870899, value: 
key: 300305, value: 
key: 100277, value: 
key: 537868, value: 
key: 186756, value: 
key: 355042, value: 
key: 563924, value: 
key: 309236, value: 
key: 628931, value: 
key: 748600, value: 
key: 673669, value: 
key: 891597, value: 
key: 933345, value: 
key: 764552, value: 
key: 887682, value: 
key: 891454, value: 
key: 818747, value: 
key: 479238, value: 
key: 423198, value: 
key: 968703, value: 
key: 52138, value: 
key: 956261, value: 
key: 716834, value: 
key: 841381, value: 
key: 439700, value: 
key: 329917, value: 
key: 746646, value: 
key: 801800, value: 
key: 841730, value: 
key: 741702, value: 
key: 814781, value: 
key: 585315, value: 
key: 141151, value: 
key: 472873, value: 
key: 130641, value: 
key: 920859, value: 
key: 174018, value: 
key: 859551, value: 
key: 640881, value: 
key: 63031, value: 
key: 195897, value: 
key: 669453, value: 
key: 357420, value: 
key: 366729, value: 
key: 416888, value: 
key: 493900, value: 
key: 89329, value: 
key: 303995, value: 
key: 126460, value: 
key: 266906, value: 
key: 819162, value: 
key: 469332, value: 
key: 224207, value: 
key: 186239, value: 
key: 921885, value: 
key: 759666, value: 
key: 362972, value: 
key: 484278, value: 
key: 584824, value: 
key: 551976, value: 
key: 530458, value: 
key: 565410, value: 
key: 831090, value: 
key: 604146, value: 
key: 535837, value: 
key: 795837, value: 
key: 971143, value: 
key: 401765, value: 
key: 364837, value: 
key: 882944, value: 
key: 41079, value: 
key: 716533, value: 
key: 336755, value: 
key: 997864, value: 
key: 639845, value: 
key: 558454, value: 
key: 168332, value: 
key: 113932, value: 
key: 606461, value: 
key: 477524, value: 
key: 508262, value: 
key: 294831, value: 
key: 239685, value: 
key: 153606, value: 
key: 948143, value: 
key: 197882, value: 
key: 526017, value: 
key: 812576, value: 
key: 171714, value: 
key: 922824, value: 
key: 543498, value: 
key: 146415, value: 
key: 206784, value: 
key: 267305, value: 
key: 500387, value: 
key: 34314, value: 
key: 439045, value: 
key: 37838, value: 
key: 762086, value: 
key: 631872, value: 
key: 201927, value: 
key: 73425, value: 
key: 327607, value: 
key: 150472, value: 
key: 486548, value: 
key: 701650, value: 
key: 12882, value: 
key: 898138, value: 
key: 33821, value: 
key: 969207, value: 
key: 178058, value: 
key: 735134, value: 
key: 947933, value: 
key: 159860, value: 
key: 662717, value: 
key: 626782, value: 
key: 351206, value: 
key: 522105, value: 
key: 479027, value: 
key: 414655, value: 
key: 897872, value: 
key: 646377, value: 
key: 168163, value: 
key: 46142, value: 
key: 243376, value: 
key: 541353, value: 
key: 21174, value: 
key: 525625, value: 
key: 187177, value: 
key: 848463, value: 
key: 432222, value: 
key: 797776, value: 
key: 582141, value: 
key: 917862, value: 
key: 938043, value: 
key: 861992, value: 
key: 842128, value: 
key: 646517, value: 
key: 360444, value: 
key: 56332, value: 
key: 649952, value: 
key: 73151, value: 
key: 806533, value: 
key: 485781, value: 
key: 149731, value: 
key: 158672, value: 
key: 41567, value: 
key: 138849, value: 
key: 683714, value: 
key: 518825, value: 
key: 75434, value: 
key: 267280, value: 
key: 401244, value: 
key: 433843, value: 
key: 457001, value: 
key: 615904, value: 
key: 781072, value: 
key: 174647, value: 
key: 293913, value: 
key: 197149, value: 
key: 811937, value: 
key: 360646, value: 
key: 112003, value: 
key: 370740, value: 
key: 877755, value: 
key: 119817, value: 
key: 670219, value: 
key: 649556, value: 
key: 555653, value: 
key: 43556, value: 
key: 806788, value: 
key: 307225, value: 
key: 699294, value: 
key: 763788, value: 
key: 981333, value: 
key: 417564, value: 
key: 247901, value: 
key: 768112, value: 
key: 926279, value: 
key: 235919, value: 
key: 607705, value: 
key: 791888, value: 
key: 643662, value: 
key: 38848, value: 
key: 403202, value: 
key: 986277, value: 
key: 533213, value: 
key: 818217, value: 
key: 287769, value: 
key: 60179, value: 
key: 77869, value: 
key: 223417, value: 
key: 98172, value: 
key: 511215, value: 
key: 544367, value: 
key: 516038, value: 
key: 65066, value: 
key: 742547, value: 
key: 611724, value: 
key: 3969, value: 
key: 648089, value: 
key: 655555, value: 
key: 519745, value: 
key: 356894, value: 
key: 984059, value: 
key: 48881, value: 
key: 109667, value: 
key: 140244, value: 
key: 437887, value: 
key: 957954, value: 
key: 602700, value: 
key: 467675, value: 
key: 35717, value: 
key: 12341, value: 
key: 687776, value: 
key: 993381, value: 
key: 535273, value: 
key: 549771, value: 
key: 62308, value: 
key: 32752, value: 
key: 234730, value: 
key: 752384, value: 
key: 285374, value: 
key: 707078, value: 
key: 872718, value: 
key: 843338, value: 
key: 527663, value: 
key: 161207, value: 
key: 813546, value: 
key: 409169, value: 
key: 267787, value: 
key: 289484, value: 
key: 692866, value: 
key: 519637, value: 
key: 506310, value: 
key: 386323, value: 
key: 872255, value: 
key: 125173, value: 
key: 729207, value: 
key: 60591, value: 
key: 15933, value: 
key: 693081, value: 
key: 881648, value: 
key: 620878, value: 
key: 742453, value: 
key: 23075, value: 
key: 209938, value: 
key: 799127, value: 
key: 424373, value: 
key: 98691, value: 
key: 760004, value: 
key: 152157, value: 
key: 315570, value: 
key: 585911, value: 
key: 942709, value: 
key: 352892, value: 
key: 292549, value: 
key: 546080, value: 
key: 934760, value: 
key: 25455, value: 
key: 770465, value: 
key: 939316, value: 
key: 890855, value: 
key: 346389, value: 
key: 521263, value: 
key: 783498, value: 
key: 973446, value: 
key: 363784, value: 
key: 826052, value: 
key: 631092, value: 
key: 506581, value: 
key: 980910, value: 
key: 621161, value: 
key: 753231, value: 
key: 892819, value: 
key: 268957, value: 
key: 837832, value: 
key: 878538, value: 
key: 774515, value: 
key: 282605, value: 
key: 61969, value: 
key: 397330, value: 
key: 441660, value: 
key: 801327, value: 
key: 279421, value: 
key: 302954, value: 
key: 867637, value: 
key: 412341, value: 
key: 345980, value: 
key: 311251, value: 
key: 992823, value: 
key: 80052, value: 
key: 785188, value: 
key: 366853, value: 
key: 900866, value: 
key: 354212, value: 
key: 893119, value: 
key: 483642, value: 
key: 64566, value: 
key: 915457, value: 
key: 276262, value: 
key: 792535, value: 
key: 472570, value: 
key: 309472, value: 
key: 844519, value: 
key: 708660, value: 
key: 894909, value: 
key: 762035, value: 
key: 535354, value: 
key: 821958, value: 
key: 227020, value: 
key: 62106, value: 
key: 215106, value: 
key: 904305, value: 
key: 893441, value: 
key: 48043, value: 
key: 483471, value: 
key: 110720, value: 
key: 182091, value: 
key: 636305, value: 
key: 404692, value: 
key: 514726, value: 
key: 537398, value: 
key: 464850, value: 
key: 448148, value: 
key: 519994, value: 
key: 109069, value: 
key: 435911, value: 
key: 294905, value: 
key: 800416, value: 
key: 444029, value: 
key: 898473, value: 
key: 701070, value: 
key: 583007, value: 
key: 762701, value: 
key: 251243, value: 
key: 70255, value: 
key: 820517, value: 
key: 521177, value: 
key: 252211, value: 
key: 655928, value: 
key: 473573, value: 
key: 68401, value: 
key: 190061, value: 
key: 800889, value: 
key: 251722, value: 
key: 505915, value: 
key: 300112, value: 
key: 232389, value: 
key: 176957, value: 
key: 346778, value: 
key: 204445, value: 
key: 679885, value: 
key: 734252, value: 
key: 943601, value: 
key: 99467, value: 
key: 870549, value: 
key: 349258, value: 
key: 749038, value: 
key: 190083, value: 
key: 567175, value: 
key: 712142, value: 
key: 724747, value: 
key: 60195, value: 
key: 502217, value: 
key: 579051, value: 
key: 897081, value: 
key: 296653, value: 
key: 970399, value: 
key: 316258, value: 
key: 601127, value: 
key: 529933, value: 
key: 278341, value: 
key: 914988, value: 
key: 115161, value: 
key: 969252, value: 
key: 152269, value: 
key: 1516, value: 
key: 476165, value: 
key: 253450, value: 
key: 411388, value: 
key: 479443, value: 
key: 528268, value: 
key: 126000, value: 
key: 913561, value: 
key: 593967, value: 
key: 659865, value: 
key: 918140, value: 
key: 385733, value: 
key: 493058, value: 
key: 976461, value: 
key: 655616, value: 
key: 35131, value: 
key: 899845, value: 
key: 414664, value: 
key: 501528, value: 
key: 41123, value: 
key: 409574, value: 
key: 304288, value: 
key: 176986, value: 
key: 405095, value: 
key: 790377, value: 
key: 348097, value: 
key: 927700, value: 
key: 298893, value: 
key: 399437, value: 
key: 254457, value: 
key: 735109, value: 
key: 660254, value: 
key: 128552, value: 
key: 60685, value: 
key: 447992, value: 
key: 493650, value: 
key: 883756, value: 
key: 716520, value: 
key: 876673, value: 
key: 858640, value: 
key: 748646, value: 
key: 604847, value: 
key: 361267, value: 
key: 392845, value: 
key: 193192, value: 
key: 905146, value: 
key: 534458, value: 
key: 759097, value: 
key: 963140, value: 
key: 292233, value: 
key: 343755, value: 
key: 978861, value: 
key: 363571, value: 
key: 110869, value: 
key: 508394, value: 
key: 369504, value: 
key: 685738, value: 
key: 863895, value: 
key: 359626, value: 
key: 990405, value: 
key: 536133, value: 
key: 193486, value: 
key: 445727, value: 
key: 4209, value: 
key: 400209, value: 
key: 519604, value: 
key: 878657, value: 
key: 766758, value: 
key: 38473, value: 
key: 13094, value: 
key: 31096, value: 
key: 311934, value: 
key: 85064, value: 
key: 180334, value: 
key: 287008, value: 
key: 276390, value: 
key: 575796, value: 
key: 781058, value: 
key: 910256, value: 
key: 808036, value: 
key: 615531, value: 
key: 224926, value: 
key: 493964, value: 
key: 658284, value: 
key: 303603, value: 
key: 172540, value: 
key: 312564, value: 
key: 379426, value: 
key: 993479, value: 
key: 204810, value: 
key: 207239, value: 
key: 670644, value: 
key: 919637, value: 
key: 239304, value: 
key: 162053, value: 
key: 864533, value: 
key: 457357, value: 
key: 22344, value: 
key: 348020, value: 
key: 606670, value: 
key: 733879, value: 
key: 699379, value: 
key: 831944, value: 
key: 607587, value: 
key: 730964, value: 
key: 1127, value: 
key: 896921, value: 
key: 936537, value: 
key: 200478, value: 
key: 853700, value: 
key: 347555, value: 
key: 72390, value: 
key: 49851, value: 
key: 521320, value: 
key: 562633, value: 
key: 75599, value: 
key: 518025, value: 
key: 722091, value: 
key: 477964, value: 
key: 182895, value: 
key: 427590, value: 
key: 398399, value: 
key: 376566, value: 
key: 773259, value: 
key: 168541, value: 
key: 371624, value: 
key: 397583, value: 
key: 574850, value: 
key: 289600, value: 
key: 90765, value: 
key: 426078, value: 
key: 214213, value: 
key: 627341, value: 
key: 604496, value: 
key: 553190, value: 
key: 128992, value: 
key: 913060, value: 
key: 834419, value: 
key: 549878, value: 
key: 285312, value: 
key: 418859, value: 
key: 362673, value: 
key: 577420, value: 
key: 332946, value: 
key: 676837, value: 
key: 755875, value: 
key: 94143, value: 
key: 161939, value: 
key: 869996, value: 
key: 634747, value: 
key: 359921, value: 
key: 926769, value: 
key: 517822, value: 
key: 224829, value: 
key: 55940, value: 
key: 445994, value: 
key: 681428, value: 
key: 388994, value: 
key: 823200, value: 
key: 397028, value: 
key: 326820, value: 
key: 314661, value: 
key: 267123, value: 
key: 581658, value: 
key: 881189, value: 
key: 147186, value: 
key: 623178, value: 
key: 712100, value: 
key: 364695, value: 
key: 600360, value: 
key: 422081, value: 
key: 232305, value: 
key: 925157, value: 
key: 879339, value: 
key: 345261, value: 
key: 277113, value: 
key: 535037, value: 
key: 560912, value: 
key: 947966, value: 
key: 803411, value: 
key: 584147, value: 
key: 47231, value: 
key: 317963, value: 
key: 27044, value: 
key: 359381, value: 
key: 158661, value: 
key: 717934, value: 
key: 212381, value: 
key: 895201, value: 
key: 677120, value: 
key: 11401, value: 
key: 422344, value: 
key: 249617, value: 
key: 929652, value: 
key: 467448, value: 
key: 314481, value: 
key: 159510, value: 
key: 304903, value: 
key: 562510, value: 
key: 259319, value: 
key: 110234, value: 
key: 730801, value: 
key: 712944, value: 
key: 868041, value: 
key: 366464, value: 
key: 738582, value: 
key: 276082, value: 
key: 217232, value: 
key: 637489, value: 
key: 511541, value: 
key: 362013, value: 
key: 28432, value: 
key: 769560, value: 
key: 305894, value: 
key: 158247, value: 
key: 423165, value: 
key: 549649, value: 
key: 577736, value: 
key: 793541, value: 
key: 291380, value: 
key: 111273, value: 
key: 11575, value: 
key: 659623, value: 
key: 301737, value: 
key: 421332, value: 
key: 416752, value: 
key: 644067, value: 
key: 945968, value: 
key: 555969, value: 
key: 107724, value: 
key: 170045, value: 
key: 980907, value: 
key: 498154, value: 
key: 872972, value: 
key: 172731, value: 
key: 693708, value: 
key: 534933, value: 
key: 216770, value: 
key: 454349, value: 
key: 821679, value: 
key: 614839, value: 
key: 908251, value: 
key: 385986, value: 
key: 213333, value: 
key: 608852, value: 
key: 309560, value: 
key: 192142, value: 
key: 273089, value: 
key: 188576, value: 
key: 800043, value: 
key: 302756, value: 
key: 951644, value: 
key: 398540, value: 
key: 257847, value: 
key: 143407, value: 
key: 18349, value: 
key: 714180, value: 
key: 701188, value: 
key: 473500, value: 
key: 458721, value: 
key: 674280, value: 
key: 941126, value: 
key: 427011, value: 
key: 240836, value: 
key: 39245, value: 
key: 377626, value: 
key: 740466, value: 
key: 701960, value: 
key: 458950, value: 
key: 309270, value: 
key: 753372, value: 
key: 844492, value: 
key: 788185, value: 
key: 255399, value: 
key: 924174, value: 
key: 873625, value: 
key: 470592, value: 
key: 603419, value: 
key: 869013, value: 
key: 223028, value: 
key: 263477, value: 
key: 988273, value: 
key: 53829, value: 
key: 804306, value: 
key: 744170, value: 
key: 134920, value: 
key: 223459, value: 
key: 897977, value: 
key: 94523, value: 
key: 676231, value: 
key: 816617, value: 
key: 681367, value: 
key: 830422, value: 
key: 744983, value: 
key: 429611, value: 
key: 943968, value: 
key: 201019, value: 
key: 473690, value: 
key: 373875, value: 
key: 568837, value: 
key: 721124, value: 
key: 646973, value: 
key: 490448, value: 
key: 584954, value: 
key: 994973, value: 
key: 570432, value: 
key: 458530, value: 
key: 90026, value: 
key: 838893, value: 
key: 762576, value: 
key: 534715, value: 
key: 957569, value: 
key: 950694, value: 
key: 151808, value: 
key: 605826, value: 
key: 148291, value: 
key: 339950, value: 
key: 946866, value: 
key: 7350, value: 
key: 932487, value: 
key: 529533, value: 
key: 681383, value: 
key: 276747, value: 
key: 622777, value: 
key: 928026, value: 
key: 268164, value: 
key: 320233, value: 
key: 218042, value: 
key: 10882, value: 
key: 732054, value: 
key: 200982, value: 
key: 657735, value: 
key: 335321, value: 
key: 284199, value: 
key: 884597, value: 
key: 548598, value: 
key: 537327, value: 
key: 903041, value: 
key: 917549, value: 
key: 959932, value: 
key: 984136, value: 
key: 847361, value: 
key: 380466, value: 
key: 515998, value: 
key: 143911, value: 
key: 712832, value: 
key: 954801, value: 
key: 501470, value: 
key: 755080, value: 
key: 298439, value: 
key: 706819, value: 
key: 723685, value: 
key: 940226, value: 
key: 22016, value: 
key: 494774, value: 
key: 647738, value: 
key: 177752, value: 
key: 34235, value: 
key: 957716, value: 
key: 467343, value: 
key: 201293, value: 
key: 777608, value: 
key: 950667, value: 
key: 29934, value: 
key: 463439, value: 
key: 562480, value: 
key: 317574, value: 
key: 211540, value: 
key: 781346, value: 
key: 223585, value: 
key: 876877, value: 
key: 70424, value: 
key: 956054, value: 
key: 515927, value: 
key: 483314, value: 
key: 656628, value: 
key: 874242, value: 
key: 194236, value: 
key: 638912, value: 
key: 854998, value: 
key: 596142, value: 
key: 425712, value: 
key: 27361, value: 
key: 751370, value: 
key: 875878, value: 
key: 978942, value: 
key: 517626, value: 
key: 468245, value: 
key: 424300, value: 
key: 865974, value: 
key: 627738, value: 
key: 888012, value: 
key: 364114, value: 
key: 842209, value: 
key: 628070, value: 
key: 126589, value: 
key: 823631, value: 
key: 998014, value: 
key: 867918, value: 
key: 313574, value: 
key: 828359, value: 
key: 768668, value: 
key: 695324, value: 
key: 461714, value: 
key: 821215, value: 
key: 169409, value: 
key: 534313, value: 
key: 270084, value: 
key: 619711, value: 
key: 387724, value: 
key: 905883, value: 
key: 235540, value: 
key: 762095, value: 
key: 892534, value: 
key: 346893, value: 
key: 288168, value: 
key: 749278, value: 
key: 251782, value: 
key: 306624, value: 
key: 394018, value: 
key: 574537, value: 
key: 619760, value: 
key: 878130, value: 
key: 372168, value: 
key: 775262, value: 
key: 457719, value: 
key: 186792, value: 
key: 203431, value: 
key: 598939, value: 
key: 938058, value: 
key: 889787, value: 
key: 331701, value: 
key: 256666, value: 
key: 885255, value: 
key: 202913, value: 
key: 364648, value: 
key: 153088, value: 
key: 948318, value: 
key: 273184, value: 
key: 209677, value: 
key: 692741, value: 
key: 473513, value: 
key: 49165, value: 
key: 212701, value: 
key: 286885, value: 
key: 422166, value: 
key: 483512, value: 
key: 663857, value: 
key: 249516, value: 
key: 741287, value: 
key: 175615, value: 
key: 611869, value: 
key: 828438, value: 
key: 161582, value: 
key: 583447, value: 
key: 556030, value: 
key: 975664, value: 
key: 570881, value: 
key: 237580, value: 
key: 514777, value: 
key: 644212, value: 
key: 523616, value: 
key: 104606, value: 
key: 891223, value: 
key: 145414, value: 
key: 121755, value: 
key: 534490, value: 
key: 513914, value: 
key: 831270, value: 
key: 471630, value: 
key: 622034, value: 
key: 193792, value: 
key: 824625, value: 
key: 957952, value: 
key: 446458, value: 
key: 297997, value: 
key: 444027, value: 
key: 479177, value: 
key: 988505, value: 
key: 730481, value: 
key: 933211, value: 
key: 670727, value: 
key: 495289, value: 
key: 281082, value: 
key: 139701, value: 
key: 122428, value: 
key: 554777, value: 
key: 94826, value: 
key: 302961, value: 
key: 167366, value: 
key: 787845, value: 
key: 503261, value: 
key: 521364, value: 
key: 469246, value: 
key: 826960, value: 
key: 10673, value: 
key: 465402, value: 
key: 375668, value: 
key: 430473, value: 
key: 985973, value: 
key: 181423, value: 
key: 252404, value: 
key: 782329, value: 
key: 340868, value: 
key: 657012, value: 
key: 735440, value: 
key: 251908, value: 
key: 739589, value: 
key: 326170, value: 
key: 381810, value: 
key: 860304, value: 
key: 812091, value: 
key: 172917, value: 
key: 23556, value: 
key: 400856, value: 
key: 448058, value: 
key: 783913, value: 
key: 748736, value: 
key: 826326, value: 
key: 760860, value: 
key: 214424, value: 
key: 354416, value: 
key: 210840, value: 
key: 93591, value: 
key: 881901, value: 
key: 101120, value: 
key: 447558, value: 
key: 995929, value: 
key: 792180, value: 
key: 818521, value: 
key: 821031, value: 
key: 746800, value: 
key: 425682, value: 
key: 901805, value: 
key: 982329, value: 
key: 79917, value: 
key: 821035, value: 
key: 316111, value: 
key: 248483, value: 
key: 697140, value: 
key: 323681, value: 
key: 313697, value: 
key: 175163, value: 
key: 282043, value: 
key: 251089, value: 
key: 41826, value: 
key: 414611, value: 
key: 140013, value: 
key: 805945, value: 
key: 1958, value: 
key: 631737, value: 
key: 13791, value: 
key: 37906, value: 
key: 118410, value: 
key: 339484, value: 
key: 204977, value: 
key: 36215, value: 
key: 575523, value: 
key: 322239, value: 
key: 765069, value: 
key: 424070, value: 
key: 503403, value: 
key: 647857, value: 
key: 927441, value: 
key: 757464, value: 
key: 742703, value: 
key: 993826, value: 
key: 292046, value: 
key: 991945, value: 
key: 930210, value: 
key: 375888, value: 
key: 691508, value: 
key: 255106, value: 
key: 406018, value: 
key: 540042, value: 
key: 514634, value: 
key: 65125, value: 
key: 961124, value: 
key: 711002, value: 
key: 320644, value: 
key: 740895, value: 
key: 162606, value: 
key: 816668, value: 
key: 577554, value: 
key: 481723, value: 
key: 944828, value: 
key: 652246, value: 
key: 67961, value: 
key: 728895, value: 
key: 393617, value: 
key: 592786, value: 
key: 759527, value: 
key: 129807, value: 
key: 29363, value: 
key: 468809, value: 
key: 417700, value: 
key: 313907, value: 
key: 752199, value: 
key: 68669, value: 
key: 311822, value: 
key: 564170, value: 
key: 146707, value: 
key: 354869, value: 
key: 81985, value: 
key: 642355, value: 
key: 544754, value: 
key: 150948, value: 
key: 42940, value: 
key: 552458, value: 
key: 74811, value: 
key: 346213, value: 
key: 990807, value: 
key: 166949, value: 
key: 39236, value: 
key: 579943, value: 
key: 348161, value: 
key: 18440, value: 
key: 499791, value: 
key: 50882, value: 
key: 295058, value: 
key: 475157, value: 
key: 552737, value: 
key: 749179, value: 
key: 72208, value: 
key: 459605, value: 
key: 251441, value: 
key: 309582, value: 
key: 774029, value: 
key: 775275, value: 
key: 864348, value: 
key: 893403, value: 
key: 601228, value: 
key: 510494, value: 
key: 668579, value: 
key: 181753, value: 
key: 321252, value: 
key: 704983, value: 
key: 328112, value: 
key: 66920, value: 
key: 769340, value: 
key: 70158, value: 
key: 821147, value: 
key: 386240, value: 
key: 777350, value: 
key: 911893, value: 
key: 489378, value: 
key: 210873, value: 
key: 510230, value: 
key: 311769, value: 
key: 953758, value: 
key: 553707, value: 
key: 152643, value: 
key: 409318, value: 
key: 934162, value: 
key: 28023, value: 
key: 579703, value: 
key: 934544, value: 
key: 343005, value: 
key: 465095, value: 
key: 706448, value: 
key: 690558, value: 
key: 728855, value: 
key: 426373, value: 
key: 78622, value: 
key: 513020, value: 
key: 123973, value: 
key: 102253, value: 
key: 904769, value: 
key: 37807, value: 
key: 31010, value: 
key: 28117, value: 
key: 971664, value: 
key: 605679, value: 
key: 852008, value: 
key: 203945, value: 
key: 377167, value: 
key: 971864, value: 
key: 274774, value: 
key: 167775, value: 
key: 458235, value: 
key: 930520, value: 
key: 835355, value: 
key: 928794, value: 
key: 210471, value: 
key: 614761, value: 
key: 856642, value: 
key: 656141, value: 
key: 123861, value: 
key: 540532, value: 
key: 926820, value: 
key: 410682, value: 
key: 794975, value: 
key: 81145, value: 
key: 865473, value: 
key: 153011, value: 
key: 654709, value: 
key: 201851, value: 
key: 311084, value: 
key: 307272, value: 
key: 429341, value: 
key: 278473, value: 
key: 406939, value: 
key: 669093, value: 
key: 41503, value: 
key: 406177, value: 
key: 719677, value: 
key: 762923, value: 
key: 585924, value: 
key: 425796, value: 
key: 193729, value: 
key: 765124, value: 
key: 809051, value: 
key: 822766, value: 
key: 20944, value: 
key: 1936, value: 
key: 991534, value: 
key: 114364, value: 
key: 292479, value: 
key: 924253, value: 
key: 723214, value: 
key: 556452, value: 
key: 210897, value: 
key: 917503, value: 
key: 760231, value: 
key: 268829, value: 
key: 62311, value: 
key: 644414, value: 
key: 271492, value: 
key: 589265, value: 
key: 667619, value: 
key: 792702, value: 
key: 68779, value: 
key: 115800, value: 
key: 218136, value: 
key: 674550, value: 
key: 71399, value: 
key: 146558, value: 
key: 47703, value: 
key: 608504, value: 
key: 989258, value: 
key: 99430, value: 
key: 963933, value: 
key: 323007, value: 
key: 44719, value: 
key: 133000, value: 
key: 543638, value: 
key: 11485, value: 
key: 355765, value: 
key: 183896, value: 
key: 704859, value: 
key: 682267, value: 
key: 214459, value: 
key: 153150, value: 
key: 173477, value: 
key: 96561, value: 
key: 827509, value: 
key: 368741, value: 
key: 444993, value: 
key: 92659, value: 
key: 209615, value: 
key: 875265, value: 
key: 225372, value: 
key: 23655, value: 
key: 131534, value: 
key: 474411, value: 
key: 812004, value: 
key: 986727, value: 
key: 970609, value: 
key: 808489, value: 
key: 112111, value: 
key: 697221, value: 
key: 967810, value: 
key: 113741, value: 
key: 948958, value: 
key: 70132, value: 
key: 891436, value: 
key: 21743, value: 
key: 899014, value: 
key: 458376, value: 
key: 311602, value: 
key: 494709, value: 
key: 456543, value: 
key: 49806, value: 
key: 762358, value: 
key: 8351, value: 
key: 591013, value: 
key: 393039, value: 
key: 937235, value: 
key: 541937, value: 
key: 629686, value: 
key: 425301, value: 
key: 908622, value: 
key: 275115, value: 
key: 5059, value: 
key: 345344, value: 
key: 282713, value: 
key: 190126, value: 
key: 463712, value: 
key: 864870, value: 
key: 7031, value: 
key: 855199, value: 
key: 844096, value: 
key: 451746, value: 
key: 649471, value: 
key: 910481, value: 
key: 170502, value: 
key: 631504, value: 
key: 193307, value: 
key: 457197, value: 
key: 912032, value: 
key: 640535, value: 
key: 411333, value: 
key: 673351, value: 
key: 634583, value: 
key: 316832, value: 
key: 510719, value: 
key: 892550, value: 
key: 922761, value: 
key: 550421, value: 
key: 533868, value: 
key: 2210, value: 
key: 681363, value: 
key: 584240, value: 
key: 993291, value: 
key: 233373, value: 
key: 532713, value: 
key: 628397, value: 
key: 193619, value: 
key: 473957, value: 
key: 72051, value: 
key: 486179, value: 
key: 794618, value: 
key: 24922, value: 
key: 136027, value: 
key: 336601, value: 
key: 956348, value: 
key: 377707, value: 
key: 883563, value: 
key: 530537, value: 
key: 94127, value: 
key: 471487, value: 
key: 769269, value: 
key: 47824, value: 
key: 696136, value: 
key: 720549, value: 
key: 328697, value: 
key: 867138, value: 
key: 375055, value: 
key: 610611, value: 
key: 995855, value: 
key: 889930, value: 
key: 58699, value: 
key: 803327, value: 
key: 505351, value: 
key: 744938, value: 
key: 893171, value: 
key: 982109, value: 
key: 831708, value: 
key: 282825, value: 
key: 960002, value: 
key: 404867, value: 
key: 844522, value: 
key: 283684, value: 
key: 312661, value: 
key: 593671, value: 
key: 735033, value: 
key: 706471, value: 
key: 130847, value: 
key: 304358, value: 
key: 798708, value: 
key: 254554, value: 
key: 767047, value: 
key: 336094, value: 
key: 597473, value: 
key: 437047, value: 
key: 271898, value: 
key: 87983, value: 
key: 651425, value: 
key: 553703, value: 
key: 909713, value: 
key: 386244, value: 
key: 787746, value: 
key: 875737, value: 
key: 276222, value: 
key: 417423, value: 
key: 47664, value: 
key: 956850, value: 
key: 555613, value: 
key: 748022, value: 
key: 687792, value: 
key: 314137, value: 
key: 882348, value: 
key: 157136, value: 
key: 629978, value: 
key: 720491, value: 
key: 878907, value: 
key: 65600, value: 
key: 647727, value: 
key: 879184, value: 
key: 823363, value: 
key: 84162, value: 
key: 183906, value: 
key: 106057, value: 
key: 837441, value: 
key: 145180, value: 
key: 100459, value: 
key: 753770, value: 
key: 405604, value: 
key: 125591, value: 
key: 988402, value: 
key: 748822, value: 
key: 694268, value: 
key: 19586, value: 
key: 303832, value: 
key: 745759, value: 
key: 47952, value: 
key: 464188, value: 
key: 713082, value: 
key: 336148, value: 
key: 28791, value: 
key: 894699, value: 
key: 537167, value: 
key: 828825, value: 
key: 99474, value: 
key: 788183, value: 
key: 819276, value: 
key: 833672, value: 
key: 37096, value: 
key: 701467, value: 
key: 362332, value: 
key: 349102, value: 
key: 752652, value: 
key: 816732, value: 
key: 762282, value: 
key: 482663, value: 
key: 876428, value: 
key: 136139, value: 
key: 477247, value: 
key: 974010, value: 
key: 426678, value: 
key: 450675, value: 
key: 340172, value: 
key: 992403, value: 
key: 747296, value: 
key: 338645, value: 
key: 59762, value: 
key: 792283, value: 
key: 634099, value: 
key: 655847, value: 
key: 714410, value: 
key: 628133, value: 
key: 911002, value: 
key: 300419, value: 
key: 217184, value: 
key: 992179, value: 
key: 904154, value: 
key: 236282, value: 
key: 931477, value: 
key: 938696, value: 
key: 60937, value: 
key: 439692, value: 
key: 403451, value: 
key: 576337, value: 
key: 446467, value: 
key: 53085, value: 
key: 622289, value: 
key: 737747, value: 
key: 951688, value: 
key: 623116, value: 
key: 734919, value: 
key: 869341, value: 
key: 587054, value: 
key: 321355, value: 
key: 290545, value: 
key: 789902, value: 
key: 512933, value: 
key: 614037, value: 
key: 72893, value: 
key: 423480, value: 
key: 221532, value: 
key: 206470, value: 
key: 565315, value: 
key: 937132, value: 
key: 182277, value: 
key: 29501, value: 
key: 320118, value: 
key: 62540, value: 
key: 8449, value: 
key: 729449, value: 
key: 970685, value: 
key: 91469, value: 
key: 451856, value: 
key: 720725, value: 
key: 973590, value: 
key: 760033, value: 
key: 541801, value: 
key: 350601, value: 
key: 681008, value: 
key: 54059, value: 
key: 306716, value: 
key: 906422, value: 
key: 821879, value: 
key: 440900, value: 
key: 621570, value: 
key: 30129, value: 
key: 827901, value: 
key: 192948, value: 
key: 135006, value: 
key: 431137, value: 
key: 966381, value: 
key: 339190, value: 
key: 727881, value: 
key: 970331, value: 
key: 652330, value: 
key: 144378, value: 
key: 336063, value: 
key: 669064, value: 
key: 882980, value: 
key: 700903, value: 
key: 153893, value: 
key: 133329, value: 
key: 554856, value: 
key: 646979, value: 
key: 244597, value: 
key: 775550, value: 
key: 967212, value: 
key: 821868, value: 
key: 856239, value: 
key: 86801, value: 
key: 928561, value: 
key: 171639, value: 
key: 168943, value: 
key: 414138, value: 
key: 224706, value: 
key: 953039, value: 
key: 47800, value: 
key: 181890, value: 
key: 291203, value: 
key: 155390, value: 
key: 905823, value: 
key: 342460, value: 
key: 964130, value: 
key: 321647, value: 
key: 293441, value: 
key: 880454, value: 
key: 970195, value: 
key: 523269, value: 
key: 389379, value: 
key: 111592, value: 
key: 184545, value: 
key: 983836, value: 
key: 286566, value: 
key: 673038, value: 
key: 224335, value: 
key: 329070, value: 
key: 609534, value: 
key: 578306, value: 
key: 374409, value: 
key: 185919, value: 
key: 744318, value: 
key: 347418, value: 
key: 675894, value: 
key: 954720, value: 
key: 70592, value: 
key: 75027, value: 
key: 811184, value: 
key: 272626, value: 
key: 529986, value: 
key: 21886, value: 
key: 604850, value: 
key: 503922, value: 
key: 180994, value: 
key: 580495, value: 
key: 758551, value: 
key: 922008, value: 
key: 116429, value: 
key: 229044, value: 
key: 685785, value: 
key: 443356, value: 
key: 51654, value: 
key: 435203, value: 
key: 683855, value: 
key: 361025, value: 
key: 232808, value: 
key: 45309, value: 
key: 161412, value: 
key: 549506, value: 
key: 793185, value: 
key: 223273, value: 
key: 321386, value: 
key: 956887, value: 
key: 230815, value: 
key: 886139, value: 
key: 205608, value: 
key: 540848, value: 
key: 891041, value: 
key: 906644, value: 
key: 926408, value: 
key: 817647, value: 
key: 86546, value: 
key: 100037, value: 
key: 322035, value: 
key: 88526, value: 
key: 75229, value: 
key: 17368, value: 
key: 581881, value: 
key: 74552, value: 
key: 23770, value: 
key: 505678, value: 
key: 302671, value: 
key: 397837, value: 
key: 508569, value: 
key: 204933, value: 
key: 342426, value: 
key: 138337, value: 
key: 656754, value: 
key: 580796, value: 
key: 622001, value: 
key: 677896, value: 
key: 26289, value: 
key: 305227, value: 
key: 483860, value: 
key: 611737, value: 
key: 234774, value: 
key: 492556, value: 
key: 999956, value: 
key: 963849, value: 
key: 745445, value: 
key: 702653, value: 
key: 907058, value: 
key: 33711, value: 
key: 936649, value: 
key: 972861, value: 
key: 923546, value: 
key: 20131, value: 
key: 847905, value: 
key: 749557, value: 
key: 977785, value: 
key: 496215, value: 
key: 927171, value: 
key: 18189, value: 
key: 141979, value: 
key: 478428, value: 
key: 121407, value: 
key: 825439, value: 
key: 363533, value: 
key: 718137, value: 
key: 475407, value: 
key: 313895, value: 
key: 849240, value: 
key: 633885, value: 
key: 644603, value: 
key: 472439, value: 
key: 789591, value: 
key: 403158, value: 
key: 662287, value: 
key: 763713, value: 
key: 426838, value: 
key: 879418, value: 
key: 161810, value: 
key: 78488, value: 
key: 405259, value: 
key: 778492, value: 
key: 418770, value: 
key: 956001, value: 
key: 633443, value: 
key: 691980, value: 
key: 592780, value: 
key: 944662, value: 
key: 208809, value: 
key: 702116, value: 
key: 397978, value: 
key: 198247, value: 
key: 972083, value: 
key: 831845, value: 
key: 95773, value: 
key: 188015, value: 
key: 945634, value: 
key: 681576, value: 
key: 365070, value: 
key: 834383, value: 
key: 171972, value: 
key: 581102, value: 
key: 883659, value: 
key: 184482, value: 
key: 11007, value: 
key: 877759, value: 
key: 753419, value: 
key: 54628, value: 
key: 241303, value: 
key: 938962, value: 
key: 778612, value: 
key: 563021, value: 
key: 248182, value: 
key: 604799, value: 
key: 343805, value: 
key: 430842, value: 
key: 430073, value: 
key: 116755, value: 
key: 679359, value: 
key: 961391, value: 
key: 381610, value: 
key: 276105, value: 
key: 121577, value: 
key: 350805, value: 
key: 807800, value: 
key: 712937, value: 
key: 713677, value: 
key: 773981, value: 
key: 264030, value: 
key: 257410, value: 
key: 212569, value: 
key: 826337, value: 
key: 872060, value: 
key: 245149, value: 
key: 987845, value: 
key: 689491, value: 
key: 312988, value: 
key: 170805, value: 
key: 682742, value: 
key: 943733, value: 
key: 524943, value: 
key: 644142, value: 
key: 382983, value: 
key: 855559, value: 
key: 313099, value: 
key: 90512, value: 
key: 490057, value: 
key: 737442, value: 
key: 809929, value: 
key: 861927, value: 
key: 993259, value: 
key: 797170, value: 
key: 761131, value: 
key: 344758, value: 
key: 497928, value: 
key: 489239, value: 
key: 698967, value: 
key: 362525, value: 
key: 126213, value: 
key: 158560, value: 
key: 867877, value: 
key: 461455, value: 
key: 696954, value: 
key: 741274, value: 
key: 51038, value: 
key: 113514, value: 
key: 270749, value: 
key: 436372, value: 
key: 600669, value: 
key: 516313, value: 
key: 401547, value: 
key: 820317, value: 
key: 548837, value: 
key: 421279, value: 
key: 558603, value: 
key: 591352, value: 
key: 507506, value: 
key: 91027, value: 
key: 695014, value: 
key: 316197, value: 
key: 550627, value: 
key: 846313, value: 
key: 583191, value: 
key: 816248, value: 
key: 602120, value: 
key: 107078, value: 
key: 711882, value: 
key: 317594, value: 
key: 511136, value: 
key: 944163, value: 
key: 77058, value: 
key: 291522, value: 
key: 995402, value: 
key: 250008, value: 
key: 67785, value: 
key: 351965, value: 
key: 502150, value: 
key: 56491, value: 
key: 16064, value: 
key: 423644, value: 
key: 823064, value: 
key: 830208, value: 
key: 198953, value: 
key: 130982, value: 
key: 880902, value: 
key: 960987, value: 
key: 861400, value: 
key: 321254, value: 
key: 629208, value: 
key: 511882, value: 
key: 479643, value: 
key: 253944, value: 
key: 904707, value: 
key: 633168, value: 
key: 448308, value: 
key: 572001, value: 
key: 575088, value: 
key: 619649, value: 
key: 979640, value: 
key: 400373, value: 
key: 258961, value: 
key: 833575, value: 
key: 913097, value: 
key: 761887, value: 
key: 165432, value: 
key: 85901, value: 
key: 750645, value: 
key: 775587, value: 
key: 598412, value: 
key: 791875, value: 
key: 91647, value: 
key: 96354, value: 
key: 572111, value: 
key: 882609, value: 
key: 69741, value: 
key: 97667, value: 
key: 684986, value: 
key: 481404, value: 
key: 642285, value: 
key: 402616, value: 
key: 660425, value: 
key: 148961, value: 
key: 272350, value: 
key: 427411, value: 
key: 362271, value: 
key: 157774, value: 
key: 62225, value: 
key: 469130, value: 
key: 440430, value: 
key: 421521, value: 
key: 211832, value: 
key: 152306, value: 
key: 895724, value: 
key: 752218, value: 
key: 666562, value: 
key: 38264, value: 
key: 366550, value: 
key: 222805, value: 
key: 379051, value: 
key: 946769, value: 
key: 614486, value: 
key: 269732, value: 
key: 980154, value: 
key: 34273, value: 
key: 322587, value: 
key: 197079, value: 
key: 157769, value: 
key: 371211, value: 
key: 642670, value: 
key: 37126, value: 
key: 722499, value: 
key: 518575, value: 
key: 74684, value: 
key: 961915, value: 
key: 690598, value: 
key: 957215, value: 
key: 411827, value: 
key: 537923, value: 
key: 255001, value: 
key: 665383, value: 
key: 457841, value: 
key: 855023, value: 
key: 562105, value: 
key: 806869, value: 
key: 708976, value: 
key: 662261, value: 
key: 271944, value: 
key: 838954, value: 
key: 240678, value: 
key: 423259, value: 
key: 934913, value: 
key: 99340, value: 
key: 495993, value: 
key: 595075, value: 
key: 700978, value: 
key: 287840, value: 
key: 432385, value: 
key: 694837, value: 
key: 999215, value: 
key: 691045, value: 
key: 721348, value: 
key: 86353, value: 
key: 849424, value: 
key: 669653, value: 
key: 695977, value: 
key: 475797, value: 
key: 70444, value: 
key: 982714, value: 
key: 146046, value: 
key: 303157, value: 
key: 659182, value: 
key: 973473, value: 
key: 497540, value: 
key: 419892, value: 
key: 163344, value: 
key: 422373, value: 
key: 964664, value: 
key: 134683, value: 
key: 634619, value: 
key: 769111, value: 
key: 415528, value: 
key: 457120, value: 
key: 847299, value: 
key: 494787, value: 
key: 865369, value: 
key: 808715, value: 
key: 332931, value: 
key: 418761, value: 
key: 949836, value: 
key: 638215, value: 
key: 607958, value: 
key: 592511, value: 
key: 800537, value: 
key: 373149, value: 
key: 228551, value: 
key: 611386, value: 
key: 202865, value: 
key: 806827, value: 
key: 745605, value: 
key: 464780, value: 
key: 395660, value: 
key: 936421, value: 
key: 802155, value: 
key: 206001, value: 
key: 973567, value: 
key: 779512, value: 
key: 372348, value: 
key: 158973, value: 
key: 101159, value: 
key: 247929, value: 
key: 483165, value: 
key: 270428, value: 
key: 196373, value: 
key: 497065, value: 
key: 24843, value: 
key: 735884, value: 
key: 386532, value: 
key: 888586, value: 
key: 995419, value: 
key: 504859, value: 
key: 485671, value: 
key: 449271, value: 
key: 449806, value: 
key: 639872, value: 
key: 484874, value: 
key: 342482, value: 
key: 900651, value: 
key: 439793, value: 
key: 552852, value: 
key: 389052, value: 
key: 190553, value: 
key: 40016, value: 
key: 852866, value: 
key: 655953, value: 
key: 766705, value: 
key: 753099, value: 
key: 423512, value: 
key: 564620, value: 
key: 738519, value: 
key: 105344, value: 
key: 922802, value: 
key: 911017, value: 
key: 103034, value: 
key: 33148, value: 
key: 866195, value: 
key: 981216, value: 
key: 435849, value: 
key: 591271, value: 
key: 253731, value: 
key: 191949, value: 
key: 869840, value: 
key: 462704, value: 
key: 214952, value: 
key: 411856, value: 
key: 966859, value: 
key: 650202, value: 
key: 739718, value: 
key: 244634, value: 
key: 396865, value: 
key: 615872, value: 
key: 400881, value: 
key: 909481, value: 
key: 509661, value: 
key: 686687, value: 
key: 229389, value: 
key: 410501, value: 
key: 500503, value: 
key: 356546, value: 
key: 576683, value: 
key: 784040, value: 
key: 951941, value: 
key: 118854, value: 
key: 246982, value: 
key: 389924, value: 
key: 682986, value: 
key: 357211, value: 
key: 63275, value: 
key: 500662, value: 
key: 201907, value: 
key: 78325, value: 
key: 191680, value: 
key: 191329, value: 
key: 694037, value: 
key: 11313, value: 
key: 385861, value: 
key: 120080, value: 
key: 470747, value: 
key: 818271, value: 
key: 763948, value: 
key: 539172, value: 
key: 37069, value: 
key: 982301, value: 
key: 12987, value: 
key: 857564, value: 
key: 65345, value: 
key: 68209, value: 
key: 559752, value: 
key: 895753, value: 
key: 223042, value: 
key: 488234, value: 
key: 245857, value: 
key: 83477, value: 
key: 243121, value: 
key: 885693, value: 
key: 448029, value: 
key: 61802, value: 
key: 718351, value: 
key: 766635, value: 
key: 279814, value: 
key: 17991, value: 
key: 759152, value: 
key: 637670, value: 
key: 603790, value: 
key: 365766, value: 
key: 379068, value: 
key: 549984, value: 
key: 933257, value: 
key: 804069, value: 
key: 175998, value: 
key: 104626, value: 
key: 886010, value: 
key: 11737, value: 
key: 987144, value: 
key: 885136, value: 
key: 941579, value: 
key: 341159, value: 
key: 787294, value: 
key: 557198, value: 
key: 343674, value: 
key: 365825, value: 
key: 790049, value: 
key: 912674, value: 
key: 253418, value: 
key: 162574, value: 
key: 912601, value: 
key: 358649, value: 
key: 697788, value: 
key: 159017, value: 
key: 914991, value: 
key: 504613, value: 
key: 399466, value: 
key: 117547, value: 
key: 41792, value: 
key: 767674, value: 
key: 84102, value: 
key: 55737, value: 
key: 545005, value: 
key: 772027, value: 
key: 13450, value: 
key: 961771, value: 
key: 87367, value: 
key: 476956, value: 
key: 259656, value: 
key: 774591, value: 
key: 115864, value: 
key: 929142, value: 
key: 228858, value: 
key: 669929, value: 
key: 819461, value: 
key: 372340, value: 
key: 510223, value: 
key: 282386, value: 
key: 242610, value: 
key: 585687, value: 
key: 959798, value: 
key: 795002, value: 
key: 524549, value: 
key: 656626, value: 
key: 438057, value: 
key: 612950, value: 
key: 916461, value: 
key: 461826, value: 
key: 845068, value: 
key: 569164, value: 
key: 115037, value: 
key: 386758, value: 
key: 40489, value: 
key: 855591, value: 
key: 539822, value: 
key: 121777, value: 
key: 435054, value: 
key: 680586, value: 
key: 338357, value: 
key: 4764, value: 
key: 793989, value: 
key: 730463, value: 
key: 943281, value: 
key: 736555, value: 
key: 789630, value: 
key: 667286, value: 
key: 535488, value: 
key: 408704, value: 
key: 953426, value: 
key: 600663, value: 
key: 291960, value: 
key: 497461, value: 
key: 606171, value: 
key: 966697, value: 
key: 2232, value: 
key: 364987, value: 
key: 736995, value: 
key: 6256, value: 
key: 501980, value: 
key: 822665, value: 
key: 543757, value: 
key: 272787, value: 
key: 88539, value: 
key: 136957, value: 
key: 316304, value: 
key: 528538, value: 
key: 281323, value: 
key: 873519, value: 
key: 102664, value: 
key: 203787, value: 
key: 488805, value: 
key: 303962, value: 
key: 441163, value: 
key: 916346, value: 
key: 739398, value: 
key: 217179, value: 
key: 547973, value: 
key: 778263, value: 
key: 770485, value: 
key: 997226, value: 
key: 623006, value: 
key: 946576, value: 
key: 36570, value: 
key: 324192, value: 
key: 722082, value: 
key: 914353, value: 
key: 947582, value: 
key: 912203, value: 
key: 24391, value: 
key: 297515, value: 
key: 818765, value: 
key: 775738, value: 
key: 262832, value: 
key: 984161, value: 
key: 369281, value: 
key: 223813, value: 
key: 124224, value: 
key: 265228, value: 
key: 425613, value: 
key: 565474, value: 
key: 813065, value: 
key: 581571, value: 
key: 480159, value: 
key: 369139, value: 
key: 119592, value: 
key: 178360, value: 
key: 11933, value: 
key: 621514, value: 
key: 420715, value: 
key: 111857, value: 
key: 771608, value: 
key: 691689, value: 
key: 481312, value: 
key: 369432, value: 
key: 106352, value: 
key: 743214, value: 
key: 465749, value: 
key: 770302, value: 
key: 114247, value: 
key: 772355, value: 
key: 483545, value: 
key: 797758, value: 
key: 586091, value: 
key: 617667, value: 
key: 183412, value: 
key: 100534, value: 
key: 826940, value: 
key: 949593, value: 
key: 727777, value: 
key: 227996, value: 
key: 845833, value: 
key: 437128, value: 
key: 731899, value: 
key: 466023, value: 
key: 646766, value: 
key: 495748, value: 
key: 702466, value: 
key: 6058, value: 
key: 487404, value: 
key: 209998, value: 
key: 986255, value: 
key: 205954, value: 
key: 970870, value: 
key: 607725, value: 
key: 572823, value: 
key: 795774, value: 
key: 714322, value: 
key: 872295, value: 
key: 951819, value: 
key: 899380, value: 
key: 165807, value: 
key: 56121, value: 
key: 7859, value: 
key: 71737, value: 
key: 613236, value: 
key: 601754, value: 
key: 399097, value: 
key: 831762, value: 
key: 235564, value: 
key: 2519, value: 
key: 271180, value: 
key: 313660, value: 
key: 394814, value: 
key: 856860, value: 
key: 569601, value: 
key: 993693, value: 
key: 534470, value: 
key: 520363, value: 
key: 589511, value: 
key: 568020, value: 
key: 441918, value: 
key: 348079, value: 
key: 64261, value: 
key: 868148, value: 
key: 56905, value: 
key: 770351, value: 
key: 817814, value: 
key: 313503, value: 
key: 158801, value: 
key: 646061, value: 
key: 348598, value: 
key: 243149, value: 
key: 173558, value: 
key: 795060, value: 
key: 379640, value: 
key: 467299, value: 
key: 874653, value: 
key: 872574, value: 
key: 58398, value: 
key: 398373, value: 
key: 27352, value: 
key: 732214, value: 
key: 618549, value: 
key: 237780, value: 
key: 320332, value: 
key: 931220, value: 
key: 551518, value: 
key: 535549, value: 
key: 927672, value: 
key: 624043, value: 
key: 135231, value: 
key: 458813, value: 
key: 157017, value: 
key: 163920, value: 
key: 218064, value: 
key: 174560, value: 
key: 132744, value: 
key: 600865, value: 
key: 818149, value: 
key: 409213, value: 
key: 212165, value: 
key: 146525, value: 
key: 148617, value: 
key: 647530, value: 
key: 160460, value: 
key: 579499, value: 
key: 418057, value: 
key: 87363, value: 
key: 500802, value: 
key: 550591, value: 
key: 874884, value: 
key: 518690, value: 
key: 277607, value: 
key: 530964, value: 
key: 7084, value: 
key: 442964, value: 
key: 953873, value: 
key: 116111, value: 
key: 539596, value: 
key: 331875, value: 
key: 59768, value: 
key: 937761, value: 
key: 451603, value: 
key: 98189, value: 
key: 244652, value: 
key: 146785, value: 
key: 266285, value: 
key: 856158, value: 
key: 425941, value: 
key: 351901, value: 
key: 597987, value: 
key: 74408, value: 
key: 841426, value: 
key: 171268, value: 
key: 206717, value: 
key: 111312, value: 
key: 379882, value: 
key: 405295, value: 
key: 911653, value: 
key: 459711, value: 
key: 843608, value: 
key: 722150, value: 
key: 349317, value: 
key: 682171, value: 
key: 455878, value: 
key: 610134, value: 
key: 479568, value: 
key: 948439, value: 
key: 460854, value: 
key: 160095, value: 
key: 224456, value: 
key: 948628, value: 
key: 145021, value: 
key: 596162, value: 
key: 175585, value: 
key: 528983, value: 
key: 685204, value: 
key: 729823, value: 
key: 900664, value: 
key: 747924, value: 
key: 124480, value: 
key: 582185, value: 
key: 294709, value: 
key: 466821, value: 
key: 895586, value: 
key: 909665, value: 
key: 114650, value: 
key: 84816, value: 
key: 913118, value: 
key: 825828, value: 
key: 666494, value: 
key: 43954, value: 
key: 798920, value: 
key: 26412, value: 
key: 919251, value: 
key: 225589, value: 
key: 509498, value: 
key: 87851, value: 
key: 429934, value: 
key: 28070, value: 
key: 145779, value: 
key: 435825, value: 
key: 373150, value: 
key: 219647, value: 
key: 891984, value: 
key: 234011, value: 
key: 518476, value: 
key: 203660, value: 
key: 463163, value: 
key: 764884, value: 
key: 532083, value: 
key: 750397, value: 
key: 723036, value: 
key: 573325, value: 
key: 805260, value: 
key: 964996, value: 
key: 684962, value: 
key: 383722, value: 
key: 745553, value: 
key: 553833, value: 
key: 516795, value: 
key: 92868, value: 
key: 230949, value: 
key: 266759, value: 
key: 128705, value: 
key: 406982, value: 
key: 955990, value: 
key: 78392, value: 
key: 450215, value: 
key: 596003, value: 
key: 937888, value: 
key: 634417, value: 
key: 239250, value: 
key: 211713, value: 
key: 346529, value: 
key: 441815, value: 
key: 609174, value: 
key: 232475, value: 
key: 508143, value: 
key: 934735, value: 
key: 202104, value: 
key: 4672, value: 
key: 533567, value: 
key: 652699, value: 
key: 414965, value: 
key: 125940, value: 
key: 835089, value: 
key: 481071, value: 
key: 38149, value: 
key: 127991, value: 
key: 839649, value: 
key: 663352, value: 
key: 750142, value: 
key: 771525, value: 
key: 742033, value: 
key: 354427, value: 
key: 54, value: 
key: 486337, value: 
key: 132652, value: 
key: 376803, value: 
key: 53560, value: 
key: 187391, value: 
key: 695326, value: 
key: 925012, value: 
key: 933693, value: 
key: 464946, value: 
key: 637490, value: 
key: 917657, value: 
key: 782165, value: 
key: 742600, value: 
key: 736380, value: 
key: 723582, value: 
key: 494868, value: 
key: 143588, value: 
key: 989344, value: 
key: 876242, value: 
key: 846568, value: 
key: 880241, value: 
key: 285233, value: 
key: 939886, value: 
key: 708345, value: 
key: 997325, value: 
key: 345290, value: 
key: 20270, value: 
key: 840102, value: 
key: 595291, value: 
key: 244836, value: 
key: 754852, value: 
key: 976078, value: 
key: 421352, value: 
key: 251465, value: 
key: 860221, value: 
key: 131136, value: 
key: 108330, value: 
key: 761326, value: 
key: 482245, value: 
key: 448195, value: 
key: 808816, value: 
key: 882946, value: 
key: 621066, value: 
key: 564369, value: 
key: 1198, value: 
key: 575048, value: 
key: 222496, value: 
key: 695067, value: 
key: 429110, value: 
key: 306709, value: 
key: 993426, value: 
key: 437863, value: 
key: 928633, value: 
key: 489590, value: 
key: 947106, value: 
key: 544112, value: 
key: 681060, value: 
key: 6694, value: 
key: 248193, value: 
key: 517897, value: 
key: 743788, value: 
key: 329153, value: 
key: 607297, value: 
key: 529003, value: 
key: 762990, value: 
key: 234372, value: 
key: 89413, value: 
key: 268027, value: 
key: 309331, value: 
key: 548444, value: 
key: 743883, value: 
key: 565614, value: 
key: 646124, value: 
key: 594878, value: 
key: 866474, value: 
key: 335899, value: 
key: 443732, value: 
key: 134898, value: 
key: 702507, value: 
key: 67060, value: 
key: 984552, value: 
key: 810923, value: 
key: 31494, value: 
key: 61651, value: 
key: 523085, value: 
key: 674402, value: 
key: 240962, value: 
key: 477502, value: 
key: 118456, value: 
key: 990533, value: 
key: 79744, value: 
key: 335912, value: 
key: 461600, value: 
key: 402069, value: 
key: 764008, value: 
key: 357152, value: 
key: 204942, value: 
key: 955091, value: 
key: 423473, value: 
key: 599637, value: 
key: 610352, value: 
key: 144772, value: 
key: 69585, value: 
key: 220948, value: 
key: 319976, value: 
key: 295993, value: 
key: 958041, value: 
key: 712058, value: 
key: 98938, value: 
key: 592276, value: 
key: 165265, value: 
key: 786880, value: 
key: 993831, value: 
key: 7941, value: 
key: 547919, value: 
key: 778434, value: 
key: 245673, value: 
key: 692853, value: 
key: 654437, value: 
key: 605125, value: 
key: 135486, value: 
key: 323838, value: 
key: 811540, value: 
key: 760204, value: 
key: 155347, value: 
key: 151086, value: 
key: 209006, value: 
key: 414468, value: 
key: 385720, value: 
key: 670756, value: 
key: 467440, value: 
key: 670738, value: 
key: 429741, value: 
key: 491272, value: 
key: 684874, value: 
key: 243527, value: 
key: 457597, value: 
key: 350186, value: 
key: 813845, value: 
key: 735547, value: 
key: 54538, value: 
key: 236118, value: 
key: 37476, value: 
key: 291515, value: 
key: 676734, value: 
key: 430167, value: 
key: 531459, value: 
key: 919545, value: 
key: 501511, value: 
key: 236682, value: 
key: 155327, value: 
key: 22661, value: 
key: 708826, value: 
key: 626922, value: 
key: 869082, value: 
key: 11085, value: 
key: 11467, value: 
key: 846762, value: 
key: 720563, value: 
key: 771110, value: 
key: 791572, value: 
key: 406128, value: 
key: 590625, value: 
key: 664313, value: 
key: 741409, value: 
key: 206432, value: 
key: 101027, value: 
key: 241400, value: 
key: 364482, value: 
key: 507795, value: 
key: 903102, value: 
key: 761339, value: 
key: 227707, value: 
key: 390533, value: 
key: 134603, value: 
key: 686500, value: 
key: 480759, value: 
key: 651649, value: 
key: 169896, value: 
key: 529977, value: 
key: 58851, value: 
key: 366066, value: 
key: 724466, value: 
key: 309735, value: 
key: 907041, value: 
key: 961047, value: 
key: 918050, value: 
key: 15397, value: 
key: 870381, value: 
key: 295382, value: 
key: 180194, value: 
key: 674000, value: 
key: 684588, value: 
key: 612855, value: 
key: 980691, value: 
key: 128002, value: 
key: 258299, value: 
key: 516951, value: 
key: 819955, value: 
key: 841691, value: 
key: 991112, value: 
key: 365289, value: 
key: 874349, value: 
key: 482434, value: 
key: 379273, value: 
key: 876019, value: 
key: 672086, value: 
key: 710719, value: 
key: 154513, value: 
key: 343173, value: 
key: 164156, value: 
key: 902945, value: 
key: 642311, value: 
key: 111444, value: 
key: 660731, value: 
key: 487169, value: 
key: 110731, value: 
key: 669352, value: 
key: 915095, value: 
key: 451067, value: 
key: 439658, value: 
key: 952083, value: 
key: 910388, value: 
key: 81440, value: 
key: 485222, value: 
key: 214132, value: 
key: 458862, value: 
key: 755763, value: 
key: 880476, value: 
key: 136988, value: 
key: 820197, value: 
key: 611689, value: 
key: 105133, value: 
key: 503728, value: 
key: 939769, value: 
key: 477179, value: 
key: 684098, value: 
key: 823877, value: 
key: 998805, value: 
key: 49466, value: 
key: 196511, value: 
key: 901630, value: 
key: 165795, value: 
key: 99306, value: 
key: 865219, value: 
key: 403561, value: 
key: 114166, value: 
key: 353334, value: 
key: 248856, value: 
key: 193226, value: 
key: 730209, value: 
key: 592894, value: 
key: 576739, value: 
key: 9208, value: 
key: 467004, value: 
key: 244522, value: 
key: 415812, value: 
key: 42247, value: 
key: 463835, value: 
key: 516917, value: 
key: 190265, value: 
key: 487556, value: 
key: 804492, value: 
key: 667763, value: 
key: 583887, value: 
key: 680982, value: 
key: 807398, value: 
key: 630509, value: 
key: 561881, value: 
key: 328888, value: 
key: 515024, value: 
key: 782510, value: 
key: 868991, value: 
key: 360970, value: 
key: 217706, value: 
key: 422146, value: 
key: 60852, value: 
key: 716186, value: 
key: 439739, value: 
key: 391796, value: 
key: 934434, value: 
key: 663688, value: 
key: 586101, value: 
key: 796261, value: 
key: 805606, value: 
key: 850330, value: 
key: 473135, value: 
key: 640012, value: 
key: 970982, value: 
key: 777871, value: 
key: 257852, value: 
key: 90239, value: 
key: 174692, value: 
key: 841086, value: 
key: 285262, value: 
key: 389403, value: 
key: 712209, value: 
key: 62377, value: 
key: 220883, value: 
key: 874695, value: 
key: 123777, value: 
key: 723724, value: 
key: 293207, value: 
key: 927434, value: 
key: 771817, value: 
key: 873665, value: 
key: 226593, value: 
key: 438633, value: 
key: 997811, value: 
key: 408946, value: 
key: 86355, value: 
key: 657197, value: 
key: 184914, value: 
key: 819681, value: 
key: 270369, value: 
key: 79924, value: 
key: 411151, value: 
key: 916913, value: 
key: 78754, value: 
key: 851498, value: 
key: 32239, value: 
key: 202904, value: 
key: 182394, value: 
key: 533918, value: 
key: 247419, value: 
key: 976582, value: 
key: 555785, value: 
key: 811335, value: 
key: 957651, value: 
key: 380334, value: 
key: 847150, value: 
key: 159897, value: 
key: 614873, value: 
key: 938409, value: 
key: 117781, value: 
key: 997736, value: 
key: 869622, value: 
key: 975165, value: 
key: 437076, value: 
key: 472619, value: 
key: 91012, value: 
key: 355077, value: 
key: 444690, value: 
key: 498499, value: 
key: 220418, value: 
key: 921001, value: 
key: 742822, value: 
key: 118542, value: 
key: 459014, value: 
key: 393228, value: 
key: 750133, value: 
key: 740068, value: 
key: 245747, value: 
key: 988464, value: 
key: 360303, value: 
key: 324516, value: 
key: 330627, value: 
key: 941861, value: 
key: 161269, value: 
key: 254046, value: 
key: 325685, value: 
key: 922998, value: 
key: 531136, value: 
key: 659335, value: 
key: 767294, value: 
key: 24649, value: 
key: 399417, value: 
key: 387751, value: 
key: 700824, value: 
key: 380912, value: 
key: 818415, value: 
key: 726383, value: 
key: 362664, value: 
key: 784978, value: 
key: 208290, value: 
key: 540918, value: 
key: 298336, value: 
key: 224096, value: 
key: 485059, value: 
key: 404395, value: 
key: 560877, value: 
key: 137558, value: 
key: 463743, value: 
key: 171334, value: 
key: 54547, value: 
key: 719972, value: 
key: 205068, value: 
key: 961528, value: 
key: 845420, value: 
key: 71788, value: 
key: 946640, value: 
key: 749784, value: 
key: 203844, value: 
key: 630895, value: 
key: 489927, value: 
key: 919299, value: 
key: 154805, value: 
key: 544569, value: 
key: 549306, value: 
key: 344002, value: 
key: 438145, value: 
key: 115725, value: 
key: 945454, value: 
key: 73290, value: 
key: 551820, value: 
key: 546987, value: 
key: 357952, value: 
key: 20704, value: 
key: 655892, value: 
key: 315082, value: 
key: 571581, value: 
key: 153891, value: 
key: 205222, value: 
key: 6153, value: 
key: 865374, value: 
key: 961977, value: 
key: 266498, value: 
key: 32064, value: 
key: 909436, value: 
key: 190186, value: 
key: 918168, value: 
key: 139684, value: 
key: 789740, value: 
key: 191644, value: 
key: 244333, value: 
key: 718852, value: 
key: 396133, value: 
key: 687716, value: 
key: 912814, value: 
key: 366817, value: 
key: 748796, value: 
key: 577066, value: 
key: 936726, value: 
key: 23679, value: 
key: 790085, value: 
key: 916300, value: 
key: 261903, value: 
key: 394638, value: 
key: 630446, value: 
key: 738430, value: 
key: 399736, value: 
key: 787210, value: 
key: 469329, value: 
key: 511097, value: 
key: 801192, value: 
key: 439898, value: 
key: 629338, value: 
key: 419724, value: 
key: 999943, value: 
key: 576465, value: 
key: 102514, value: 
key: 670060, value: 
key: 188019, value: 
key: 606052, value: 
key: 926084, value: 
key: 905678, value: 
key: 573611, value: 
key: 940271, value: 
key: 506246, value: 
key: 749287, value: 
key: 530856, value: 
key: 727131, value: 
key: 142440, value: 
key: 498363, value: 
key: 8832, value: 
key: 774452, value: 
key: 132360, value: 
key: 399523, value: 
key: 653009, value: 
key: 164343, value: 
key: 439063, value: 
key: 228247, value: 
key: 211391, value: 
key: 376573, value: 
key: 240865, value: 
key: 119543, value: 
key: 396414, value: 
key: 636699, value: 
key: 94514, value: 
key: 900468, value: 
key: 780712, value: 
key: 439883, value: 
key: 331394, value: 
key: 898644, value: 
key: 999657, value: 
key: 21402, value: 
key: 408254, value: 
key: 866821, value: 
key: 580765, value: 
key: 207273, value: 
key: 17568, value: 
key: 859883, value: 
key: 194711, value: 
key: 299294, value: 
key: 145494, value: 
key: 396089, value: 
key: 559213, value: 
key: 574201, value: 
key: 11849, value: 
key: 313231, value: 
key: 642089, value: 
key: 708428, value: 
key: 441309, value: 
key: 252275, value: 
key: 811153, value: 
key: 222881, value: 
key: 142860, value: 
key: 784457, value: 
key: 618327, value: 
key: 525498, value: 
key: 746648, value: 
key: 788136, value: 
key: 309553, value: 
key: 183834, value: 
key: 661046, value: 
key: 142411, value: 
key: 249615, value: 
key: 721230, value: 
key: 935974, value: 
key: 208588, value: 
key: 853456, value: 
key: 143825, value: 
key: 989252, value: 
key: 536890, value: 
key: 868968, value: 
key: 922943, value: 
key: 846146, value: 
key: 89406, value: 
key: 537248, value: 
key: 885482, value: 
key: 780912, value: 
key: 967067, value: 
key: 986213, value: 
key: 442281, value: 
key: 699966, value: 
key: 667697, value: 
key: 157408, value: 
key: 277429, value: 
key: 444014, value: 
key: 417241, value: 
key: 87879, value: 
key: 586572, value: 
key: 262166, value: 
key: 943166, value: 
key: 577099, value: 
key: 817128, value: 
key: 270682, value: 
key: 500565, value: 
key: 829363, value: 
key: 776706, value: 
key: 124620, value: 
key: 324204, value: 
key: 396391, value: 
key: 489035, value: 
key: 184811, value: 
key: 737790, value: 
key: 387982, value: 
key: 337703, value: 
key: 906905, value: 
key: 273979, value: 
key: 415067, value: 
key: 815177, value: 
key: 975794, value: 
key: 551628, value: 
key: 812325, value: 
key: 49497, value: 
key: 112049, value: 
key: 16145, value: 
key: 707144, value: 
key: 761733, value: 
key: 23523, value: 
key: 568121, value: 
key: 30608, value: 
key: 773873, value: 
key: 495155, value: 
key: 624067, value: 
key: 279337, value: 
key: 553095, value: 
key: 661240, value: 
key: 464838, value: 
key: 323263, value: 
key: 4645, value: 
key: 504330, value: 
key: 173006, value: 
key: 144491, value: 
key: 153734, value: 
key: 335356, value: 
key: 463860, value: 
key: 612013, value: 
key: 751, value: 
key: 72954, value: 
key: 99452, value: 
key: 724246, value: 
key: 732597, value: 
key: 670716, value: 
key: 711349, value: 
key: 603000, value: 
key: 943658, value: 
key: 346448, value: 
key: 302541, value: 
key: 191428, value: 
key: 525564, value: 
key: 178441, value: 
key: 328820, value: 
key: 294136, value: 
key: 452022, value: 
key: 14363, value: 
key: 107649, value: 
key: 819353, value: 
key: 667747, value: 
key: 52604, value: 
key: 419047, value: 
key: 599903, value: 
key: 722385, value: 
key: 171769, value: 
key: 774050, value: 
key: 234895, value: 
key: 96220, value: 
key: 404494, value: 
key: 293771, value: 
key: 651403, value: 
key: 732146, value: 
key: 274439, value: 
key: 156117, value: 
key: 367546, value: 
key: 24360, value: 
key: 710452, value: 
key: 648412, value: 
key: 847, value: 
key: 850972, value: 
key: 372892, value: 
key: 952113, value: 
key: 899988, value: 
key: 319439, value: 
key: 467820, value: 
key: 209002, value: 
key: 583944, value: 
key: 297485, value: 
key: 19252, value: 
key: 894752, value: 
key: 630363, value: 
key: 937567, value: 
key: 422542, value: 
key: 708048, value: 
key: 480025, value: 
key: 5196, value: 
key: 545041, value: 
key: 598702, value: 
key: 138816, value: 
key: 204029, value: 
key: 901898, value: 
key: 178643, value: 
key: 702345, value: 
key: 511374, value: 
key: 322730, value: 
key: 448230, value: 
key: 674679, value: 
key: 730715, value: 
key: 496422, value: 
key: 841048, value: 
key: 252914, value: 
key: 654523, value: 
key: 830789, value: 
key: 933295, value: 
key: 737350, value: 
key: 903111, value: 
key: 858525, value: 
key: 181359, value: 
key: 45219, value: 
key: 364459, value: 
key: 784020, value: 
key: 50925, value: 
key: 112900, value: 
key: 898026, value: 
key: 495746, value: 
key: 318764, value: 
key: 436343, value: 
key: 266067, value: 
key: 958179, value: 
key: 203020, value: 
key: 884144, value: 
key: 28533, value: 
key: 891173, value: 
key: 392375, value: 
key: 923973, value: 
key: 357743, value: 
key: 914124, value: 
key: 518757, value: 
key: 862953, value: 
key: 282609, value: 
key: 197664, value: 
key: 940929, value: 
key: 974531, value: 
key: 699492, value: 
key: 13212, value: 
key: 881093, value: 
key: 940055, value: 
key: 711475, value: 
key: 628155, value: 
key: 768057, value: 
key: 461161, value: 
key: 115736, value: 
key: 217795, value: 
key: 895032, value: 
key: 699405, value: 
key: 829969, value: 
key: 346532, value: 
key: 888609, value: 
key: 552728, value: 
key: 688926, value: 
key: 57731, value: 
key: 57669, value: 
key: 902109, value: 
key: 728301, value: 
key: 373884, value: 
key: 236576, value: 
key: 167713, value: 
key: 421499, value: 
key: 815528, value: 
key: 890585, value: 
key: 514988, value: 
key: 861451, value: 
key: 463785, value: 
key: 398276, value: 
key: 452761, value: 
key: 23901, value: 
key: 647422, value: 
key: 638334, value: 
key: 717958, value: 
key: 268861, value: 
key: 519372, value: 
key: 903467, value: 
key: 832219, value: 
key: 908866, value: 
key: 87727, value: 
key: 748372, value: 
key: 141528, value: 
key: 877283, value: 
key: 51159, value: 
key: 161197, value: 
key: 370357, value: 
key: 896004, value: 
key: 668054, value: 
key: 145014, value: 
key: 131529, value: 
key: 251946, value: 
key: 993653, value: 
key: 760963, value: 
key: 14152, value: 
key: 558632, value: 
key: 534272, value: 
key: 292570, value: 
key: 827341, value: 
key: 909250, value: 
key: 45134, value: 
key: 420049, value: 
key: 504084, value: 
key: 530652, value: 
key: 406164, value: 
key: 306161, value: 
key: 803325, value: 
key: 547078, value: 
key: 955907, value: 
key: 40294, value: 
key: 284791, value: 
key: 178182, value: 
key: 31469, value: 
key: 246063, value: 
key: 697067, value: 
key: 558937, value: 
key: 328480, value: 
key: 601930, value: 
key: 606562, value: 
key: 629152, value: 
key: 897351, value: 
key: 85169, value: 
key: 232680, value: 
key: 729858, value: 
key: 20283, value: 
key: 216329, value: 
key: 470057, value: 
key: 88638, value: 
key: 965465, value: 
key: 545139, value: 
key: 242294, value: 
key: 189931, value: 
key: 438703, value: 
key: 132131, value: 
key: 598043, value: 
key: 564013, value: 
key: 913064, value: 
key: 827888, value: 
key: 541700, value: 
key: 353743, value: 
key: 666001, value: 
key: 74473, value: 
key: 137284, value: 
key: 811906, value: 
key: 685064, value: 
key: 619490, value: 
key: 284414, value: 
key: 373570, value: 
key: 630183, value: 
key: 186190, value: 
key: 872987, value: 
key: 812011, value: 
key: 208755, value: 
key: 831092, value: 
key: 519486, value: 
key: 425967, value: 
key: 425963, value: 
key: 325027, value: 
key: 588495, value: 
key: 126037, value: 
key: 161173, value: 
key: 757743, value: 
key: 695975, value: 
key: 545223, value: 
key: 852316, value: 
key: 911954, value: 
key: 373015, value: 
key: 264117, value: 
key: 747335, value: 
key: 770191, value: 
key: 404595, value: 
key: 600719, value: 
key: 334780, value: 
key: 884094, value: 
key: 744549, value: 
key: 24863, value: 
key: 404737, value: 
key: 521647, value: 
key: 88320, value: 
key: 526147, value: 
key: 42858, value: 
key: 281907, value: 
key: 926648, value: 
key: 148679, value: 
key: 181171, value: 
key: 780006, value: 
key: 227974, value: 
key: 471306, value: 
key: 648155, value: 
key: 744756, value: 
key: 564961, value: 
key: 422461, value: 
key: 576254, value: 
key: 461178, value: 
key: 309351, value: 
key: 849488, value: 
key: 299258, value: 
key: 480700, value: 
key: 541841, value: 
key: 321173, value: 
key: 370832, value: 
key: 861422, value: 
key: 706950, value: 
key: 395943, value: 
key: 345357, value: 
key: 124657, value: 
key: 862898, value: 
key: 40801, value: 
key: 288553, value: 
key: 80739, value: 
key: 243455, value: 
key: 693764, value: 
key: 45815, value: 
key: 347906, value: 
key: 468445, value: 
key: 178090, value: 
key: 720714, value: 
key: 324022, value: 
key: 63835, value: 
key: 210408, value: 
key: 9459, value: 
key: 855704, value: 
key: 429756, value: 
key: 852129, value: 
key: 28324, value: 
key: 891692, value: 
key: 868979, value: 
key: 100435, value: 
key: 656295, value: 
key: 32811, value: 
key: 898130, value: 
key: 405345, value: 
key: 216550, value: 
key: 775608, value: 
key: 151356, value: 
key: 936647, value: 
key: 922657, value: 
key: 481330, value: 
key: 573066, value: 
key: 811782, value: 
key: 695562, value: 
key: 183999, value: 
key: 614053, value: 
key: 299669, value: 
key: 316201, value: 
key: 22199, value: 
key: 624571, value: 
key: 254587, value: 
key: 1286, value: 
key: 285666, value: 
key: 242436, value: 
key: 339129, value: 
key: 669291, value: 
key: 913415, value: 
key: 178001, value: 
key: 358269, value: 
key: 143195, value: 
key: 352199, value: 
key: 220944, value: 
key: 467363, value: 
key: 222874, value: 
key: 228700, value: 
key: 772500, value: 
key: 822072, value: 
key: 393507, value: 
key: 922442, value: 
key: 318140, value: 
key: 314467, value: 
key: 704138, value: 
key: 439247, value: 
key: 568369, value: 
key: 397666, value: 
key: 899304, value: 
key: 902493, value: 
key: 308604, value: 
key: 203316, value: 
key: 474608, value: 
key: 740507, value: 
key: 797334, value: 
key: 263824, value: 
key: 939789, value: 
key: 297926, value: 
key: 975428, value: 
key: 571745, value: 
key: 59115, value: 
key: 630628, value: 
key: 270011, value: 
key: 105890, value: 
key: 589818, value: 
key: 671641, value: 
key: 35531, value: 
key: 530452, value: 
key: 636576, value: 
key: 736771, value: 
key: 378720, value: 
key: 677168, value: 
key: 895612, value: 
key: 12312, value: 
key: 666346, value: 
key: 254976, value: 
key: 922123, value: 
key: 128424, value: 
key: 550007, value: 
key: 161038, value: 
key: 517965, value: 
key: 734805, value: 
key: 103351, value: 
key: 523139, value: 
key: 528682, value: 
key: 774773, value: 
key: 636899, value: 
key: 462838, value: 
key: 321300, value: 
key: 508318, value: 
key: 65563, value: 
key: 134188, value: 
key: 263800, value: 
key: 131116, value: 
key: 709524, value: 
key: 34721, value: 
key: 333822, value: 
key: 54815, value: 
key: 951521, value: 
key: 507069, value: 
key: 144578, value: 
key: 462715, value: 
key: 610316, value: 
key: 83033, value: 
key: 51858, value: 
key: 604764, value: 
key: 72101, value: 
key: 10301, value: 
key: 560521, value: 
key: 680944, value: 
key: 991965, value: 
key: 647202, value: 
key: 578780, value: 
key: 432417, value: 
key: 344710, value: 
key: 573433, value: 
key: 435892, value: 
key: 854794, value: 
key: 639445, value: 
key: 559488, value: 
key: 891052, value: 
key: 27244, value: 
key: 740545, value: 
key: 606830, value: 
key: 458686, value: 
key: 32710, value: 
key: 844696, value: 
key: 503632, value: 
key: 670419, value: 
key: 354511, value: 
key: 759983, value: 
key: 669567, value: 
key: 184581, value: 
key: 689970, value: 
key: 897546, value: 
key: 292123, value: 
key: 33065, value: 
key: 385618, value: 
key: 451504, value: 
key: 980194, value: 
key: 794216, value: 
key: 275377, value: 
key: 644692, value: 
key: 844249, value: 
key: 659038, value: 
key: 711561, value: 
key: 291722, value: 
key: 512180, value: 
key: 809525, value: 
key: 516546, value: 
key: 878358, value: 
key: 263642, value: 
key: 417078, value: 
key: 893676, value: 
key: 778490, value: 
key: 15063, value: 
key: 371806, value: 
key: 129283, value: 
key: 14488, value: 
key: 498004, value: 
key: 100215, value: 
key: 647767, value: 
key: 127928, value: 
key: 799433, value: 
key: 724099, value: 
key: 901670, value: 
key: 222535, value: 
key: 572933, value: 
key: 538986, value: 
key: 808984, value: 
key: 643585, value: 
key: 520583, value: 
key: 150056, value: 
key: 207989, value: 
key: 93443, value: 
key: 645422, value: 
key: 592988, value: 
key: 581472, value: 
key: 343812, value: 
key: 881732, value: 
key: 379491, value: 
key: 871418, value: 
key: 882760, value: 
key: 604610, value: 
key: 51030, value: 
key: 99254, value: 
key: 958818, value: 
key: 230947, value: 
key: 44203, value: 
key: 573020, value: 
key: 487741, value: 
key: 764862, value: 
key: 455669, value: 
key: 995268, value: 
key: 276808, value: 
key: 723652, value: 
key: 816985, value: 
key: 657234, value: 
key: 807150, value: 
key: 40429, value: 
key: 878055, value: 
key: 242287, value: 
key: 835328, value: 
key: 310557, value: 
key: 79452, value: 
key: 93609, value: 
key: 750119, value: 
key: 318223, value: 
key: 778799, value: 
key: 498851, value: 
key: 90897, value: 
key: 585319, value: 
key: 542615, value: 
key: 218527, value: 
key: 615791, value: 
key: 801538, value: 
key: 500181, value: 
key: 102110, value: 
key: 720615, value: 
key: 968303, value: 
key: 593282, value: 
key: 977710, value: 
key: 823130, value: 
key: 784615, value: 
key: 278851, value: 
key: 985504, value: 
key: 883431, value: 
key: 856620, value: 
key: 623943, value: 
key: 178542, value: 
key: 89097, value: 
key: 325597, value: 
key: 824551, value: 
key: 589243, value: 
key: 872662, value: 
key: 601587, value: 
key: 639621, value: 
key: 145775, value: 
key: 63435, value: 
key: 536373, value: 
key: 123498, value: 
key: 311071, value: 
key: 752320, value: 
key: 519914, value: 
key: 763957, value: 
key: 754658, value: 
key: 120206, value: 
key: 420434, value: 
key: 297898, value: 
key: 976551, value: 
key: 231281, value: 
key: 70239, value: 
key: 513194, value: 
key: 473515, value: 
key: 677203, value: 
key: 987661, value: 
key: 776139, value: 
key: 333228, value: 
key: 809008, value: 
key: 374931, value: 
key: 150818, value: 
key: 261525, value: 
key: 42397, value: 
key: 843747, value: 
key: 49826, value: 
key: 496161, value: 
key: 916014, value: 
key: 114409, value: 
key: 173646, value: 
key: 273689, value: 
key: 424582, value: 
key: 569702, value: 
key: 570557, value: 
key: 429873, value: 
key: 754991, value: 
key: 918892, value: 
key: 201877, value: 
key: 32695, value: 
key: 945478, value: 
key: 125784, value: 
key: 363742, value: 
key: 41446, value: 
key: 200597, value: 
key: 928615, value: 
key: 261806, value: 
key: 255489, value: 
key: 511534, value: 
key: 903663, value: 
key: 328583, value: 
key: 135282, value: 
key: 947780, value: 
key: 110144, value: 
key: 735844, value: 
key: 484681, value: 
key: 104206, value: 
key: 159369, value: 
key: 85130, value: 
key: 426021, value: 
key: 86896, value: 
key: 785416, value: 
key: 896594, value: 
key: 874077, value: 
key: 430589, value: 
key: 534926, value: 
key: 379860, value: 
key: 75344, value: 
key: 411113, value: 
key: 554667, value: 
key: 608023, value: 
key: 482115, value: 
key: 378849, value: 
key: 784165, value: 
key: 401071, value: 
key: 561274, value: 
key: 543713, value: 
key: 319091, value: 
key: 285217, value: 
key: 606896, value: 
key: 290354, value: 
key: 920734, value: 
key: 244993, value: 
key: 245075, value: 
key: 172119, value: 
key: 60872, value: 
key: 544042, value: 
key: 571929, value: 
key: 996652, value: 
key: 220755, value: 
key: 108518, value: 
key: 325759, value: 
key: 666867, value: 
key: 952780, value: 
key: 269176, value: 
key: 312573, value: 
key: 616983, value: 
key: 276929, value: 
key: 739019, value: 
key: 520897, value: 
key: 872842, value: 
key: 279504, value: 
key: 481387, value: 
key: 564938, value: 
key: 572494, value: 
key: 444344, value: 
key: 698938, value: 
key: 229677, value: 
key: 488795, value: 
key: 82281, value: 
key: 440489, value: 
key: 493410, value: 
key: 297960, value: 
key: 245354, value: 
key: 546428, value: 
key: 603707, value: 
key: 378537, value: 
key: 142868, value: 
key: 781191, value: 
key: 364772, value: 
key: 180688, value: 
key: 936588, value: 
key: 450996, value: 
key: 971714, value: 
key: 327171, value: 
key: 387188, value: 
key: 490365, value: 
key: 155428, value: 
key: 918777, value: 
key: 664904, value: 
key: 248449, value: 
key: 932939, value: 
key: 349250, value: 
key: 298505, value: 
key: 597226, value: 
key: 381962, value: 
key: 613847, value: 
key: 607509, value: 
key: 599097, value: 
key: 365458, value: 
key: 544345, value: 
key: 446326, value: 
key: 475931, value: 
key: 618116, value: 
key: 303292, value: 
key: 634424, value: 
key: 905489, value: 
key: 7039, value: 
key: 131941, value: 
key: 407347, value: 
key: 967384, value: 
key: 333426, value: 
key: 234910, value: 
key: 970795, value: 
key: 932661, value: 
key: 720455, value: 
key: 998939, value: 
key: 894828, value: 
key: 17690, value: 
key: 909137, value: 
key: 573491, value: 
key: 528772, value: 
key: 786251, value: 
key: 61341, value: 
key: 437124, value: 
key: 659708, value: 
key: 155552, value: 
key: 498459, value: 
key: 500558, value: 
key: 237395, value: 
key: 798283, value: 
key: 692730, value: 
key: 132289, value: 
key: 677759, value: 
key: 66054, value: 
key: 273890, value: 
key: 49741, value: 
key: 985236, value: 
key: 203802, value: 
key: 252143, value: 
key: 138511, value: 
key: 463509, value: 
key: 161591, value: 
key: 835137, value: 
key: 759259, value: 
key: 572827, value: 
key: 828232, value: 
key: 185225, value: 
key: 406692, value: 
key: 746969, value: 
key: 551969, value: 
key: 411913, value: 
key: 425435, value: 
key: 593877, value: 
key: 127029, value: 
key: 269743, value: 
key: 774537, value: 
key: 597307, value: 
key: 348055, value: 
key: 649916, value: 
key: 793921, value: 
key: 764121, value: 
key: 453074, value: 
key: 217843, value: 
key: 68456, value: 
key: 998164, value: 
key: 833247, value: 
key: 742419, value: 
key: 789038, value: 
key: 625888, value: 
key: 718748, value: 
key: 767418, value: 
key: 539358, value: 
key: 8010, value: 
key: 955596, value: 
key: 544651, value: 
key: 320406, value: 
key: 555361, value: 
key: 553202, value: 
key: 587366, value: 
key: 625521, value: 
key: 549058, value: 
key: 240959, value: 
key: 837056, value: 
key: 272882, value: 
key: 501483, value: 
key: 634196, value: 
key: 800465, value: 
key: 446179, value: 
key: 288038, value: 
key: 850624, value: 
key: 275166, value: 
key: 587377, value: 
key: 394892, value: 
key: 191406, value: 
key: 214624, value: 
key: 480869, value: 
key: 463644, value: 
key: 634956, value: 
key: 881264, value: 
key: 564752, value: 
key: 989803, value: 
key: 158102, value: 
key: 27789, value: 
key: 519343, value: 
key: 756058, value: 
key: 463071, value: 
key: 793545, value: 
key: 16026, value: 
key: 27826, value: 
key: 930094, value: 
key: 465242, value: 
key: 996706, value: 
key: 337543, value: 
key: 539222, value: 
key: 503827, value: 
key: 127599, value: 
key: 462960, value: 
key: 549638, value: 
key: 552869, value: 
key: 963258, value: 
key: 4825, value: 
key: 789654, value: 
key: 337736, value: 
key: 760570, value: 
key: 411313, value: 
key: 53915, value: 
key: 316564, value: 
key: 354526, value: 
key: 993361, value: 
key: 552975, value: 
key: 30390, value: 
key: 48353, value: 
key: 673191, value: 
key: 156249, value: 
key: 962017, value: 
key: 596487, value: 
key: 793316, value: 
key: 581012, value: 
key: 703742, value: 
key: 646902, value: 
key: 601921, value: 
key: 291168, value: 
key: 141166, value: 
key: 754098, value: 
key: 788240, value: 
key: 961298, value: 
key: 501959, value: 
key: 370708, value: 
key: 594061, value: 
key: 705461, value: 
key: 362770, value: 
key: 886720, value: 
key: 819696, value: 
key: 326743, value: 
key: 876523, value: 
key: 203842, value: 
key: 928073, value: 
key: 804371, value: 
key: 456789, value: 
key: 679326, value: 
key: 89901, value: 
key: 726965, value: 
key: 636882, value: 
key: 292701, value: 
key: 778290, value: 
key: 942347, value: 
key: 134030, value: 
key: 212903, value: 
key: 65565, value: 
key: 394076, value: 
key: 647987, value: 
key: 149485, value: 
key: 84999, value: 
key: 379970, value: 
key: 930908, value: 
key: 789430, value: 
key: 409349, value: 
key: 750263, value: 
key: 42234, value: 
key: 843358, value: 
key: 923519, value: 
key: 337248, value: 
key: 744187, value: 
key: 475733, value: 
key: 781054, value: 
key: 528053, value: 
key: 958661, value: 
key: 866045, value: 
key: 173932, value: 
key: 86852, value: 
key: 974821, value: 
key: 558258, value: 
key: 121742, value: 
key: 786866, value: 
key: 607299, value: 
key: 937824, value: 
key: 284054, value: 
key: 587333, value: 
key: 442199, value: 
key: 651966, value: 
key: 395866, value: 
key: 472169, value: 
key: 960756, value: 
key: 623592, value: 
key: 471966, value: 
key: 808809, value: 
key: 774944, value: 
key: 256149, value: 
key: 475124, value: 
key: 184802, value: 
key: 537280, value: 
key: 64131, value: 
key: 215094, value: 
key: 56262, value: 
key: 25479, value: 
key: 606810, value: 
key: 641770, value: 
key: 401879, value: 
key: 234619, value: 
key: 420690, value: 
key: 346264, value: 
key: 651209, value: 
key: 592955, value: 
key: 516382, value: 
key: 738678, value: 
key: 83048, value: 
key: 362446, value: 
key: 288300, value: 
key: 205420, value: 
key: 857326, value: 
key: 752654, value: 
key: 856093, value: 
key: 682360, value: 
key: 743399, value: 
key: 715464, value: 
key: 496808, value: 
key: 712748, value: 
key: 738401, value: 
key: 685897, value: 
key: 345902, value: 
key: 905661, value: 
key: 680739, value: 
key: 44896, value: 
key: 208252, value: 
key: 114564, value: 
key: 237810, value: 
key: 798816, value: 
key: 773970, value: 
key: 752562, value: 
key: 976041, value: 
key: 459096, value: 
key: 890554, value: 
key: 327948, value: 
key: 985290, value: 
key: 303351, value: 
key: 607925, value: 
key: 572481, value: 
key: 675788, value: 
key: 255155, value: 
key: 305605, value: 
key: 342352, value: 
key: 787847, value: 
key: 568196, value: 
key: 753033, value: 
key: 69271, value: 
key: 738591, value: 
key: 472057, value: 
key: 594380, value: 
key: 643846, value: 
key: 292635, value: 
key: 181896, value: 
key: 227789, value: 
key: 775064, value: 
key: 83200, value: 
key: 129665, value: 
key: 420878, value: 
key: 816400, value: 
key: 350724, value: 
key: 515543, value: 
key: 871018, value: 
key: 209439, value: 
key: 330801, value: 
key: 801000, value: 
key: 248911, value: 
key: 456745, value: 
key: 113848, value: 
key: 77423, value: 
key: 341425, value: 
key: 893782, value: 
key: 128615, value: 
key: 185063, value: 
key: 168224, value: 
key: 916588, value: 
key: 591277, value: 
key: 518719, value: 
key: 931336, value: 
key: 648900, value: 
key: 32769, value: 
key: 376265, value: 
key: 328013, value: 
key: 467194, value: 
key: 405028, value: 
key: 523238, value: 
key: 747377, value: 
key: 808377, value: 
key: 269509, value: 
key: 267299, value: 
key: 354690, value: 
key: 644601, value: 
key: 311592, value: 
key: 329669, value: 
key: 130553, value: 
key: 145740, value: 
key: 336221, value: 
key: 581500, value: 
key: 920679, value: 
key: 630978, value: 
key: 445637, value: 
key: 291764, value: 
key: 723878, value: 
key: 263781, value: 
key: 97458, value: 
key: 611436, value: 
key: 583203, value: 
key: 412712, value: 
key: 837249, value: 
key: 634600, value: 
key: 411166, value: 
key: 188651, value: 
key: 124523, value: 
key: 942334, value: 
key: 691065, value: 
key: 941401, value: 
key: 498635, value: 
key: 409266, value: 
key: 513666, value: 
key: 468940, value: 
key: 176038, value: 
key: 78615, value: 
key: 940299, value: 
key: 438154, value: 
key: 457090, value: 
key: 922763, value: 
key: 862241, value: 
key: 432839, value: 
key: 909889, value: 
key: 464232, value: 
key: 954201, value: 
key: 721919, value: 
key: 242629, value: 
key: 735806, value: 
key: 69848, value: 
key: 287583, value: 
key: 233113, value: 
key: 560408, value: 
key: 456848, value: 
key: 918340, value: 
key: 493249, value: 
key: 187911, value: 
key: 796988, value: 
key: 845460, value: 
key: 907418, value: 
key: 486566, value: 
key: 314243, value: 
key: 992904, value: 
key: 922912, value: 
key: 61826, value: 
key: 246377, value: 
key: 160693, value: 
key: 545494, value: 
key: 203475, value: 
key: 243581, value: 
key: 377028, value: 
key: 616329, value: 
key: 781409, value: 
key: 337523, value: 
key: 82676, value: 
key: 747478, value: 
key: 964385, value: 
key: 706653, value: 
key: 639881, value: 
key: 127517, value: 
key: 166808, value: 
key: 574821, value: 
key: 174805, value: 
key: 868111, value: 
key: 523858, value: 
key: 459065, value: 
key: 915105, value: 
key: 3255, value: 
key: 641831, value: 
key: 409141, value: 
key: 478264, value: 
key: 916627, value: 
key: 627152, value: 
key: 625286, value: 
key: 712245, value: 
key: 625792, value: 
key: 366967, value: 
key: 366657, value: 
key: 925890, value: 
key: 619753, value: 
key: 693461, value: 
key: 617922, value: 
key: 213469, value: 
key: 67147, value: 
key: 938364, value: 
key: 813609, value: 
key: 655706, value: 
key: 680078, value: 
key: 303195, value: 
key: 311619, value: 
key: 362914, value: 
key: 334865, value: 
key: 523393, value: 
key: 938522, value: 
key: 772870, value: 
key: 379895, value: 
key: 784187, value: 
key: 270035, value: 
key: 990450, value: 
key: 135174, value: 
key: 764622, value: 
key: 619135, value: 
key: 138180, value: 
key: 16626, value: 
key: 465972, value: 
key: 454158, value: 
key: 524596, value: 
key: 779804, value: 
key: 337707, value: 
key: 160787, value: 
key: 727306, value: 
key: 118920, value: 
key: 532038, value: 
key: 956953, value: 
key: 543104, value: 
key: 484591, value: 
key: 709153, value: 
key: 147526, value: 
key: 15429, value: 
key: 96824, value: 
key: 545939, value: 
key: 651490, value: 
key: 946811, value: 
key: 366990, value: 
key: 930445, value: 
key: 521821, value: 
key: 624717, value: 
key: 817416, value: 
key: 946857, value: 
key: 20450, value: 
key: 576137, value: 
key: 55801, value: 
key: 252912, value: 
key: 34275, value: 
key: 606881, value: 
key: 402551, value: 
key: 424515, value: 
key: 320521, value: 
key: 288320, value: 
key: 69806, value: 
key: 561966, value: 
key: 777444, value: 
key: 848531, value: 
key: 86928, value: 
key: 147801, value: 
key: 401712, value: 
key: 894905, value: 
key: 151105, value: 
key: 524941, value: 
key: 340848, value: 
key: 71768, value: 
key: 540615, value: 
key: 999053, value: 
key: 809792, value: 
key: 384239, value: 
key: 507142, value: 
key: 579114, value: 
key: 31971, value: 
key: 389991, value: 
key: 150328, value: 
key: 357439, value: 
key: 252635, value: 
key: 229781, value: 
key: 739273, value: 
key: 645811, value: 
key: 590809, value: 
key: 670356, value: 
key: 746309, value: 
key: 421363, value: 
key: 126569, value: 
key: 968343, value: 
key: 5345, value: 
key: 471375, value: 
key: 916975, value: 
key: 97881, value: 
key: 996687, value: 
key: 259641, value: 
key: 536207, value: 
key: 631100, value: 
key: 116306, value: 
key: 196737, value: 
key: 875209, value: 
key: 683312, value: 
key: 39564, value: 
key: 755367, value: 
key: 264500, value: 
key: 8492, value: 
key: 246511, value: 
key: 35377, value: 
key: 657432, value: 
key: 813573, value: 
key: 693522, value: 
key: 458444, value: 
key: 726646, value: 
key: 757992, value: 
key: 108655, value: 
key: 904257, value: 
key: 481765, value: 
key: 744677, value: 
key: 972492, value: 
key: 604117, value: 
key: 385438, value: 
key: 839133, value: 
key: 783236, value: 
key: 554726, value: 
key: 837193, value: 
key: 916733, value: 
key: 647952, value: 
key: 303355, value: 
key: 4166, value: 
key: 978467, value: 
key: 892608, value: 
key: 717677, value: 
key: 527803, value: 
key: 765533, value: 
key: 500291, value: 
key: 347168, value: 
key: 206647, value: 
key: 755972, value: 
key: 377048, value: 
key: 420627, value: 
key: 301713, value: 
key: 250064, value: 
key: 555880, value: 
key: 681101, value: 
key: 557868, value: 
key: 794645, value: 
key: 675775, value: 
key: 155860, value: 
key: 552014, value: 
key: 216130, value: 
key: 596469, value: 
key: 955046, value: 
key: 743692, value: 
key: 486911, value: 
key: 796070, value: 
key: 511121, value: 
key: 642328, value: 
key: 341355, value: 
key: 497427, value: 
key: 910450, value: 
key: 613320, value: 
key: 443156, value: 
key: 371888, value: 
key: 342484, value: 
key: 301744, value: 
key: 609284, value: 
key: 267318, value: 
key: 7837, value: 
key: 892398, value: 
key: 825787, value: 
key: 575484, value: 
key: 505630, value: 
key: 492901, value: 
key: 591008, value: 
key: 591394, value: 
key: 965380, value: 
key: 438882, value: 
key: 445901, value: 
key: 63767, value: 
key: 723887, value: 
key: 779781, value: 
key: 841778, value: 
key: 610736, value: 
key: 950553, value: 
key: 520978, value: 
key: 114793, value: 
key: 704932, value: 
key: 809343, value: 
key: 755495, value: 
key: 783605, value: 
key: 619070, value: 
key: 691728, value: 
key: 818651, value: 
key: 784619, value: 
key: 221460, value: 
key: 918056, value: 
key: 494350, value: 
key: 873320, value: 
key: 485541, value: 
key: 209497, value: 
key: 319129, value: 
key: 863918, value: 
key: 925984, value: 
key: 510175, value: 
key: 247431, value: 
key: 607558, value: 
key: 99652, value: 
key: 611399, value: 
key: 59230, value: 
key: 870255, value: 
key: 742314, value: 
key: 845235, value: 
key: 186905, value: 
key: 734137, value: 
key: 460140, value: 
key: 724671, value: 
key: 828986, value: 
key: 242108, value: 
key: 270486, value: 
key: 890222, value: 
key: 433285, value: 
key: 893818, value: 
key: 278170, value: 
key: 630286, value: 
key: 72404, value: 
key: 108648, value: 
key: 154223, value: 
key: 207905, value: 
key: 140251, value: 
key: 165692, value: 
key: 630376, value: 
key: 602485, value: 
key: 208227, value: 
key: 665648, value: 
key: 682289, value: 
key: 344141, value: 
key: 576553, value: 
key: 418334, value: 
key: 198096, value: 
key: 435694, value: 
key: 31146, value: 
key: 832578, value: 
key: 187656, value: 
key: 420081, value: 
key: 985081, value: 
key: 656420, value: 
key: 86812, value: 
key: 202627, value: 
key: 526972, value: 
key: 857492, value: 
key: 438361, value: 
key: 23325, value: 
key: 497254, value: 
key: 969861, value: 
key: 209855, value: 
key: 516076, value: 
key: 654970, value: 
key: 443646, value: 
key: 85288, value: 
key: 89242, value: 
key: 942831, value: 
key: 647105, value: 
key: 386798, value: 
key: 115934, value: 
key: 104244, value: 
key: 480744, value: 
key: 371686, value: 
key: 295108, value: 
key: 934917, value: 
key: 752566, value: 
key: 68500, value: 
key: 999101, value: 
key: 849200, value: 
key: 744792, value: 
key: 127230, value: 
key: 752829, value: 
key: 266531, value: 
key: 594636, value: 
key: 191130, value: 
key: 647136, value: 
key: 236563, value: 
key: 787287, value: 
key: 111206, value: 
key: 474460, value: 
key: 105432, value: 
key: 71603, value: 
key: 501067, value: 
key: 563289, value: 
key: 473270, value: 
key: 745304, value: 
key: 29686, value: 
key: 30385, value: 
key: 419883, value: 
key: 541267, value: 
key: 834475, value: 
key: 972388, value: 
key: 71735, value: 
key: 942387, value: 
key: 808924, value: 
key: 929454, value: 
key: 838332, value: 
key: 486153, value: 
key: 334140, value: 
key: 997293, value: 
key: 345005, value: 
key: 519606, value: 
key: 165935, value: 
key: 529142, value: 
key: 950144, value: 
key: 883815, value: 
key: 859032, value: 
key: 852552, value: 
key: 450967, value: 
key: 429417, value: 
key: 351280, value: 
key: 12608, value: 
key: 240926, value: 
key: 614581, value: 
key: 656491, value: 
key: 35980, value: 
key: 736894, value: 
key: 918988, value: 
key: 780880, value: 
key: 794285, value: 
key: 154975, value: 
key: 353286, value: 
key: 530322, value: 
key: 878679, value: 
key: 707591, value: 
key: 788758, value: 
key: 584989, value: 
key: 126277, value: 
key: 156450, value: 
key: 84982, value: 
key: 373035, value: 
key: 469457, value: 
key: 980105, value: 
key: 494950, value: 
key: 59582, value: 
key: 725966, value: 
key: 951345, value: 
key: 582354, value: 
key: 161052, value: 
key: 738256, value: 
key: 309676, value: 
key: 773635, value: 
key: 763814, value: 
key: 978360, value: 
key: 682133, value: 
key: 550410, value: 
key: 307810, value: 
key: 424355, value: 
key: 347920, value: 
key: 633960, value: 
key: 10576, value: 
key: 397062, value: 
key: 725234, value: 
key: 421657, value: 
key: 440663, value: 
key: 827679, value: 
key: 760994, value: 
key: 747971, value: 
key: 880926, value: 
key: 135859, value: 
key: 748581, value: 
key: 855582, value: 
key: 953561, value: 
key: 158715, value: 
key: 265204, value: 
key: 729050, value: 
key: 54091, value: 
key: 676721, value: 
key: 119848, value: 
key: 883130, value: 
key: 6377, value: 
key: 607251, value: 
key: 839803, value: 
key: 49282, value: 
key: 418040, value: 
key: 310713, value: 
key: 722020, value: 
key: 879320, value: 
key: 118324, value: 
key: 813522, value: 
key: 695900, value: 
key: 682698, value: 
key: 49558, value: 
key: 615883, value: 
key: 341724, value: 
key: 441589, value: 
key: 911154, value: 
key: 170036, value: 
key: 406933, value: 
key: 585269, value: 
key: 861574, value: 
key: 928149, value: 
key: 379406, value: 
key: 59883, value: 
key: 984071, value: 
key: 322530, value: 
key: 429640, value: 
key: 774601, value: 
key: 142037, value: 
key: 623323, value: 
key: 127049, value: 
key: 103742, value: 
key: 751284, value: 
key: 914711, value: 
key: 341784, value: 
key: 800654, value: 
key: 297957, value: 
key: 980037, value: 
key: 999000, value: 
key: 572320, value: 
key: 150315, value: 
key: 510191, value: 
key: 125216, value: 
key: 631614, value: 
key: 984974, value: 
key: 176614, value: 
key: 628346, value: 
key: 57016, value: 
key: 408623, value: 
key: 790326, value: 
key: 289015, value: 
key: 82973, value: 
key: 727140, value: 
key: 274819, value: 
key: 556896, value: 
key: 127254, value: 
key: 567337, value: 
key: 811355, value: 
key: 183225, value: 
key: 538135, value: 
key: 198366, value: 
key: 602533, value: 
key: 231102, value: 
key: 220065, value: 
key: 313792, value: 
key: 739848, value: 
key: 517293, value: 
key: 160176, value: 
key: 497399, value: 
key: 367302, value: 
key: 452824, value: 
key: 149133, value: 
key: 732641, value: 
key: 662933, value: 
key: 723809, value: 
key: 102309, value: 
key: 6777, value: 
key: 796571, value: 
key: 582910, value: 
key: 517244, value: 
key: 580244, value: 
key: 969964, value: 
key: 24627, value: 
key: 463323, value: 
key: 755291, value: 
key: 482742, value: 
key: 745207, value: 
key: 575626, value: 
key: 270060, value: 
key: 363214, value: 
key: 189355, value: 
key: 23442, value: 
key: 992496, value: 
key: 355921, value: 
key: 565537, value: 
key: 217030, value: 
key: 237726, value: 
key: 687370, value: 
key: 716832, value: 
key: 981573, value: 
key: 7729, value: 
key: 463811, value: 
key: 249167, value: 
key: 393750, value: 
key: 544804, value: 
key: 589724, value: 
key: 763254, value: 
key: 260058, value: 
key: 120633, value: 
key: 992111, value: 
key: 972719, value: 
key: 292451, value: 
key: 261064, value: 
key: 418282, value: 
key: 634558, value: 
key: 20845, value: 
key: 483125, value: 
key: 492909, value: 
key: 797134, value: 
key: 579266, value: 
key: 548572, value: 
key: 74837, value: 
key: 796779, value: 
key: 37793, value: 
key: 601994, value: 
key: 53573, value: 
key: 2131, value: 
key: 801547, value: 
key: 457386, value: 
key: 252598, value: 
key: 576658, value: 
key: 956847, value: 
key: 514124, value: 
key: 693566, value: 
key: 185197, value: 
key: 779734, value: 
key: 20667, value: 
key: 793480, value: 
key: 804748, value: 
key: 269910, value: 
key: 836802, value: 
key: 228588, value: 
key: 322561, value: 
key: 926688, value: 
key: 357734, value: 
key: 337107, value: 
key: 928617, value: 
key: 956021, value: 
key: 666740, value: 
key: 148817, value: 
key: 334801, value: 
key: 468733, value: 
key: 296888, value: 
key: 277216, value: 
key: 588640, value: 
key: 997121, value: 
key: 304239, value: 
key: 97339, value: 
key: 556032, value: 
key: 513518, value: 
key: 441277, value: 
key: 534054, value: 
key: 417999, value: 
key: 515208, value: 
key: 528165, value: 
key: 809815, value: 
key: 279632, value: 
key: 800472, value: 
key: 142727, value: 
key: 562978, value: 
key: 537442, value: 
key: 137668, value: 
key: 275720, value: 
key: 941669, value: 
key: 843170, value: 
key: 281921, value: 
key: 735662, value: 
key: 614925, value: 
key: 71159, value: 
key: 822559, value: 
key: 661015, value: 
key: 106945, value: 
key: 633751, value: 
key: 873214, value: 
key: 421921, value: 
key: 617405, value: 
key: 627934, value: 
key: 786727, value: 
key: 262348, value: 
key: 686559, value: 
key: 243192, value: 
key: 945126, value: 
key: 256187, value: 
key: 790179, value: 
key: 488922, value: 
key: 465471, value: 
key: 318564, value: 
key: 190632, value: 
key: 874464, value: 
key: 306983, value: 
key: 587229, value: 
key: 832769, value: 
key: 968585, value: 
key: 351963, value: 
key: 42430, value: 
key: 369003, value: 
key: 593769, value: 
key: 719718, value: 
key: 179651, value: 
key: 22379, value: 
key: 649882, value: 
key: 422007, value: 
key: 703205, value: 
key: 443503, value: 
key: 370850, value: 
key: 727696, value: 
key: 519475, value: 
key: 660441, value: 
key: 19715, value: 
key: 967953, value: 
key: 83307, value: 
key: 6650, value: 
key: 369445, value: 
key: 110355, value: 
key: 425701, value: 
key: 49350, value: 
key: 580, value: 
key: 928079, value: 
key: 745096, value: 
key: 381702, value: 
key: 36938, value: 
key: 325650, value: 
key: 564565, value: 
key: 702804, value: 
key: 955875, value: 
key: 968431, value: 
key: 265668, value: 
key: 36103, value: 
key: 297663, value: 
key: 582376, value: 
key: 66087, value: 
key: 995899, value: 
key: 44612, value: 
key: 993059, value: 
key: 843769, value: 
key: 330944, value: 
key: 378423, value: 
key: 361294, value: 
key: 773709, value: 
key: 109049, value: 
key: 47424, value: 
key: 294624, value: 
key: 277133, value: 
key: 239760, value: 
key: 819106, value: 
key: 310627, value: 
key: 468683, value: 
key: 550993, value: 
key: 624407, value: 
key: 385285, value: 
key: 367131, value: 
key: 805785, value: 
key: 800863, value: 
key: 482221, value: 
key: 889071, value: 
key: 255113, value: 
key: 179543, value: 
key: 968857, value: 
key: 906064, value: 
key: 102059, value: 
key: 945799, value: 
key: 627736, value: 
key: 869301, value: 
key: 709418, value: 
key: 411775, value: 
key: 135187, value: 
key: 716762, value: 
key: 392012, value: 
key: 913585, value: 
key: 886522, value: 
key: 344729, value: 
key: 717921, value: 
key: 607390, value: 
key: 806854, value: 
key: 113839, value: 
key: 393842, value: 
key: 283039, value: 
key: 716317, value: 
key: 225462, value: 
key: 577006, value: 
key: 644676, value: 
key: 267455, value: 
key: 23439, value: 
key: 370791, value: 
key: 301207, value: 
key: 63138, value: 
key: 647921, value: 
key: 949889, value: 
key: 657045, value: 
key: 787308, value: 
key: 235320, value: 
key: 104644, value: 
key: 235504, value: 
key: 263136, value: 
key: 215227, value: 
key: 674185, value: 
key: 629992, value: 
key: 573015, value: 
key: 809691, value: 
key: 825019, value: 
key: 106486, value: 
key: 575758, value: 
key: 965614, value: 
key: 390405, value: 
key: 455320, value: 
key: 934449, value: 
key: 453047, value: 
key: 530335, value: 
key: 664869, value: 
key: 809167, value: 
key: 989281, value: 
key: 705487, value: 
key: 743827, value: 
key: 47158, value: 
key: 71401, value: 
key: 302226, value: 
key: 998005, value: 
key: 647893, value: 
key: 632552, value: 
key: 239179, value: 
key: 691243, value: 
key: 500228, value: 
key: 598494, value: 
key: 685934, value: 
key: 923920, value: 
key: 229617, value: 
key: 315868, value: 
key: 962154, value: 
key: 770744, value: 
key: 527036, value: 
key: 456330, value: 
key: 661286, value: 
key: 5930, value: 
key: 608423, value: 
key: 538603, value: 
key: 916414, value: 
key: 193329, value: 
key: 600245, value: 
key: 877021, value: 
key: 437487, value: 
key: 742789, value: 
key: 513808, value: 
key: 236925, value: 
key: 871269, value: 
key: 854174, value: 
key: 609257, value: 
key: 19766, value: 
key: 83118, value: 
key: 881132, value: 
key: 303869, value: 
key: 223778, value: 
key: 85404, value: 
key: 523379, value: 
key: 586419, value: 
key: 801437, value: 
key: 923052, value: 
key: 722583, value: 
key: 595503, value: 
key: 469404, value: 
key: 627093, value: 
key: 815755, value: 
key: 125708, value: 
key: 776300, value: 
key: 932920, value: 
key: 715048, value: 
key: 811032, value: 
key: 503359, value: 
key: 799859, value: 
key: 954793, value: 
key: 138467, value: 
key: 906035, value: 
key: 287202, value: 
key: 774847, value: 
key: 948837, value: 
key: 621347, value: 
key: 981032, value: 
key: 931161, value: 
key: 870758, value: 
key: 978531, value: 
key: 795684, value: 
key: 266517, value: 
key: 105209, value: 
key: 746598, value: 
key: 712113, value: 
key: 278796, value: 
key: 960521, value: 
key: 530874, value: 
key: 390560, value: 
key: 643851, value: 
key: 65989, value: 
key: 949142, value: 
key: 666548, value: 
key: 647819, value: 
key: 488339, value: 
key: 373040, value: 
key: 102978, value: 
key: 654903, value: 
key: 605031, value: 
key: 216668, value: 
key: 192670, value: 
key: 297472, value: 
key: 906880, value: 
key: 757350, value: 
key: 483905, value: 
key: 654493, value: 
key: 270879, value: 
key: 801459, value: 
key: 949487, value: 
key: 475742, value: 
key: 124769, value: 
key: 105621, value: 
key: 754450, value: 
key: 219043, value: 
key: 211346, value: 
key: 218462, value: 
key: 39685, value: 
key: 526462, value: 
key: 447125, value: 
key: 235432, value: 
key: 714751, value: 
key: 958584, value: 
key: 253221, value: 
key: 29770, value: 
key: 854204, value: 
key: 875757, value: 
key: 467844, value: 
key: 439135, value: 
key: 408441, value: 
key: 494239, value: 
key: 803538, value: 
key: 862230, value: 
key: 144431, value: 
key: 99960, value: 
key: 126918, value: 
key: 573998, value: 
key: 464809, value: 
key: 776704, value: 
key: 411634, value: 
key: 641495, value: 
key: 297597, value: 
key: 869787, value: 
key: 814363, value: 
key: 518568, value: 
key: 874174, value: 
key: 956111, value: 
key: 202380, value: 
key: 624119, value: 
key: 411041, value: 
key: 286065, value: 
key: 417599, value: 
key: 385609, value: 
key: 503986, value: 
key: 871210, value: 
key: 930995, value: 
key: 527366, value: 
key: 737981, value: 
key: 643721, value: 
key: 298529, value: 
key: 157523, value: 
key: 775619, value: 
key: 598740, value: 
key: 864803, value: 
key: 213005, value: 
key: 200195, value: 
key: 42719, value: 
key: 506868, value: 
key: 140376, value: 
key: 797653, value: 
key: 196702, value: 
key: 866560, value: 
key: 201969, value: 
key: 499931, value: 
key: 750362, value: 
key: 330519, value: 
key: 73924, value: 
key: 92532, value: 
key: 940466, value: 
key: 440355, value: 
key: 442467, value: 
key: 70222, value: 
key: 253218, value: 
key: 339299, value: 
key: 743904, value: 
key: 9871, value: 
key: 668940, value: 
key: 411582, value: 
key: 314140, value: 
key: 791804, value: 
key: 469860, value: 
key: 743322, value: 
key: 759079, value: 
key: 147414, value: 
key: 564521, value: 
key: 967005, value: 
key: 404681, value: 
key: 788325, value: 
key: 528569, value: 
key: 924381, value: 
key: 724101, value: 
key: 447491, value: 
key: 834707, value: 
key: 430077, value: 
key: 853504, value: 
key: 376054, value: 
key: 898860, value: 
key: 392960, value: 
key: 276073, value: 
key: 452497, value: 
key: 884078, value: 
key: 561580, value: 
key: 988990, value: 
key: 470318, value: 
key: 920134, value: 
key: 688715, value: 
key: 998832, value: 
key: 485343, value: 
key: 31168, value: 
key: 941292, value: 
key: 429426, value: 
key: 851063, value: 
key: 77500, value: 
key: 339091, value: 
key: 799710, value: 
key: 543973, value: 
key: 897827, value: 
key: 69956, value: 
key: 594492, value: 
key: 318355, value: 
key: 509757, value: 
key: 25583, value: 
key: 749397, value: 
key: 302482, value: 
key: 917967, value: 
key: 956038, value: 
key: 637852, value: 
key: 57168, value: 
key: 380981, value: 
key: 650253, value: 
key: 85514, value: 
key: 540220, value: 
key: 128189, value: 
key: 499252, value: 
key: 329593, value: 
key: 273654, value: 
key: 474879, value: 
key: 919860, value: 
key: 851265, value: 
key: 185355, value: 
key: 117514, value: 
key: 241426, value: 
key: 331387, value: 
key: 249626, value: 
key: 203992, value: 
key: 105081, value: 
key: 935138, value: 
key: 535394, value: 
key: 702215, value: 
key: 66854, value: 
key: 918577, value: 
key: 342440, value: 
key: 884812, value: 
key: 590502, value: 
key: 507153, value: 
key: 377675, value: 
key: 932979, value: 
key: 322729, value: 
key: 385924, value: 
key: 3817, value: 
key: 357897, value: 
key: 237454, value: 
key: 496286, value: 
key: 872507, value: 
key: 750773, value: 
key: 696154, value: 
key: 339745, value: 
key: 657009, value: 
key: 693836, value: 
key: 994227, value: 
key: 759914, value: 
key: 4782, value: 
key: 116713, value: 
key: 371745, value: 
key: 544604, value: 
key: 251870, value: 
key: 958452, value: 
key: 114544, value: 
key: 28386, value: 
key: 838459, value: 
key: 771963, value: 
key: 851681, value: 
key: 223642, value: 
key: 872893, value: 
key: 864072, value: 
key: 719802, value: 
key: 530973, value: 
key: 115198, value: 
key: 650556, value: 
key: 902033, value: 
key: 967144, value: 
key: 503889, value: 
key: 953840, value: 
key: 86735, value: 
key: 3952, value: 
key: 686382, value: 
key: 764079, value: 
key: 62078, value: 
key: 676866, value: 
key: 729034, value: 
key: 453568, value: 
key: 51207, value: 
key: 261350, value: 
key: 100817, value: 
key: 808212, value: 
key: 830147, value: 
key: 890611, value: 
key: 445806, value: 
key: 747355, value: 
key: 751536, value: 
key: 146789, value: 
key: 162505, value: 
key: 794137, value: 
key: 365449, value: 
key: 756751, value: 
key: 91276, value: 
key: 675098, value: 
key: 52196, value: 
key: 746987, value: 
key: 719693, value: 
key: 242126, value: 
key: 605868, value: 
key: 996038, value: 
key: 224175, value: 
key: 319789, value: 
key: 591907, value: 
key: 574797, value: 
key: 190140, value: 
key: 938993, value: 
key: 854945, value: 
key: 176472, value: 
key: 989018, value: 
key: 467150, value: 
key: 931413, value: 
key: 978676, value: 
key: 412105, value: 
key: 119686, value: 
key: 38262, value: 
key: 965199, value: 
key: 724473, value: 
key: 257872, value: 
key: 387922, value: 
key: 942378, value: 
key: 147465, value: 
key: 182325, value: 
key: 752810, value: 
key: 636958, value: 
key: 241640, value: 
key: 874301, value: 
key: 995091, value: 
key: 609277, value: 
key: 266326, value: 
key: 32659, value: 
key: 544194, value: 
key: 635847, value: 
key: 596993, value: 
key: 147775, value: 
key: 783636, value: 
key: 156142, value: 
key: 21958, value: 
key: 536942, value: 
key: 266889, value: 
key: 324068, value: 
key: 106550, value: 
key: 554913, value: 
key: 690611, value: 
key: 461774, value: 
key: 267918, value: 
key: 229226, value: 
key: 935448, value: 
key: 111752, value: 
key: 922794, value: 
key: 522947, value: 
key: 372746, value: 
key: 604472, value: 
key: 851249, value: 
key: 876435, value: 
key: 563432, value: 
key: 896767, value: 
key: 730498, value: 
key: 847576, value: 
key: 799310, value: 
key: 882997, value: 
key: 211012, value: 
key: 140778, value: 
key: 387449, value: 
key: 37832, value: 
key: 50143, value: 
key: 876480, value: 
key: 320633, value: 
key: 640634, value: 
key: 971057, value: 
key: 732425, value: 
key: 19131, value: 
key: 218925, value: 
key: 924112, value: 
key: 777693, value: 
key: 64575, value: 
key: 838053, value: 
key: 336038, value: 
key: 345900, value: 
key: 533392, value: 
key: 467275, value: 
key: 225004, value: 
key: 566750, value: 
key: 176735, value: 
key: 59003, value: 
key: 992225, value: 
key: 910870, value: 
key: 246560, value: 
key: 310207, value: 
key: 439155, value: 
key: 960798, value: 
key: 206993, value: 
key: 875511, value: 
key: 54255, value: 
key: 980295, value: 
key: 5631, value: 
key: 720130, value: 
key: 628678, value: 
key: 568790, value: 
key: 875579, value: 
key: 178760, value: 
key: 305469, value: 
key: 276846, value: 
key: 226153, value: 
key: 649037, value: 
key: 367249, value: 
key: 802388, value: 
key: 508033, value: 
key: 572935, value: 
key: 249608, value: 
key: 99702, value: 
key: 33267, value: 
key: 982686, value: 
key: 956759, value: 
key: 499494, value: 
key: 626913, value: 
key: 688694, value: 
key: 969234, value: 
key: 131785, value: 
key: 357578, value: 
key: 784206, value: 
key: 920200, value: 
key: 826988, value: 
key: 104776, value: 
key: 33441, value: 
key: 558225, value: 
key: 992339, value: 
key: 372177, value: 
key: 741232, value: 
key: 923328, value: 
key: 506213, value: 
key: 31913, value: 
key: 239933, value: 
key: 425985, value: 
key: 36646, value: 
key: 368349, value: 
key: 82162, value: 
key: 624591, value: 
key: 694105, value: 
key: 807392, value: 
key: 529328, value: 
key: 316296, value: 
key: 959323, value: 
key: 901759, value: 
key: 183357, value: 
key: 455070, value: 
key: 561232, value: 
key: 84546, value: 
key: 642878, value: 
key: 631498, value: 
key: 270358, value: 
key: 838554, value: 
key: 993383, value: 
key: 295636, value: 
key: 807262, value: 
key: 510052, value: 
key: 798214, value: 
key: 1578, value: 
key: 950173, value: 
key: 654895, value: 
key: 659142, value: 
key: 600173, value: 
key: 74868, value: 
key: 461741, value: 
key: 870189, value: 
key: 888261, value: 
key: 77056, value: 
key: 431292, value: 
key: 2157, value: 
key: 812437, value: 
key: 266825, value: 
key: 794252, value: 
key: 782288, value: 
key: 217159, value: 
key: 621811, value: 
key: 475777, value: 
key: 632169, value: 
key: 794199, value: 
key: 702316, value: 
key: 500677, value: 
key: 125188, value: 
key: 747449, value: 
key: 356559, value: 
key: 927140, value: 
key: 885361, value: 
key: 52828, value: 
key: 259337, value: 
key: 473160, value: 
key: 342143, value: 
key: 942242, value: 
key: 736698, value: 
key: 869598, value: 
key: 837298, value: 
key: 770117, value: 
key: 177253, value: 
key: 469761, value: 
key: 809035, value: 
key: 487714, value: 
key: 403349, value: 
key: 696295, value: 
key: 193048, value: 
key: 115334, value: 
key: 791215, value: 
key: 997686, value: 
key: 711802, value: 
key: 613656, value: 
key: 996894, value: 
key: 60313, value: 
key: 661280, value: 
key: 680454, value: 
key: 782112, value: 
key: 489013, value: 
key: 771024, value: 
key: 841558, value: 
key: 356278, value: 
key: 761120, value: 
key: 106992, value: 
key: 58527, value: 
key: 503135, value: 
key: 905724, value: 
key: 303595, value: 
key: 119424, value: 
key: 745841, value: 
key: 555220, value: 
key: 133297, value: 
key: 73652, value: 
key: 184242, value: 
key: 13999, value: 
key: 454006, value: 
key: 571466, value: 
key: 191776, value: 
key: 167847, value: 
key: 706125, value: 
key: 294972, value: 
key: 856961, value: 
key: 705672, value: 
key: 665451, value: 
key: 974513, value: 
key: 318825, value: 
key: 750041, value: 
key: 331754, value: 
key: 315215, value: 
key: 588598, value: 
key: 464137, value: 
key: 80649, value: 
key: 921331, value: 
key: 335417, value: 
key: 84461, value: 
key: 278686, value: 
key: 377266, value: 
key: 654594, value: 
key: 749261, value: 
key: 414819, value: 
key: 184756, value: 
key: 659922, value: 
key: 60078, value: 
key: 570128, value: 
key: 928323, value: 
key: 461154, value: 
key: 403086, value: 
key: 93724, value: 
key: 867907, value: 
key: 42454, value: 
key: 288485, value: 
key: 152247, value: 
key: 204119, value: 
key: 38877, value: 
key: 85491, value: 
key: 62995, value: 
key: 986741, value: 
key: 203242, value: 
key: 797800, value: 
key: 389856, value: 
key: 31830, value: 
key: 134827, value: 
key: 333262, value: 
key: 731820, value: 
key: 393149, value: 
key: 585294, value: 
key: 254211, value: 
key: 786972, value: 
key: 57904, value: 
key: 508406, value: 
key: 940284, value: 
key: 408845, value: 
key: 555433, value: 
key: 926859, value: 
key: 137334, value: 
key: 571316, value: 
key: 30770, value: 
key: 804539, value: 
key: 962097, value: 
key: 155761, value: 
key: 863891, value: 
key: 269598, value: 
key: 956863, value: 
key: 102730, value: 
key: 427053, value: 
key: 364640, value: 
key: 560817, value: 
key: 476057, value: 
key: 299355, value: 
key: 588293, value: 
key: 237953, value: 
key: 469352, value: 
key: 148316, value: 
key: 224005, value: 
key: 109267, value: 
key: 664083, value: 
key: 463178, value: 
key: 279922, value: 
key: 610550, value: 
key: 94376, value: 
key: 148103, value: 
key: 307711, value: 
key: 722712, value: 
key: 13061, value: 
key: 925757, value: 
key: 635135, value: 
key: 879436, value: 
key: 62469, value: 
key: 853182, value: 
key: 320703, value: 
key: 682797, value: 
key: 681798, value: 
key: 867048, value: 
key: 28061, value: 
key: 25763, value: 
key: 939280, value: 
key: 191693, value: 
key: 722994, value: 
key: 312379, value: 
key: 646407, value: 
key: 499258, value: 
key: 35223, value: 
key: 919271, value: 
key: 566956, value: 
key: 837078, value: 
key: 29972, value: 
key: 174810, value: 
key: 672880, value: 
key: 166693, value: 
key: 267954, value: 
key: 37122, value: 
key: 340228, value: 
key: 613858, value: 
key: 157697, value: 
key: 364305, value: 
key: 954016, value: 
key: 639386, value: 
key: 919138, value: 
key: 543663, value: 
key: 139095, value: 
key: 760424, value: 
key: 6274, value: 
key: 604012, value: 
key: 957194, value: 
key: 430008, value: 
key: 811337, value: 
key: 861723, value: 
key: 500200, value: 
key: 808238, value: 
key: 347818, value: 
key: 933738, value: 
key: 6814, value: 
key: 21767, value: 
key: 348145, value: 
key: 732135, value: 
key: 525892, value: 
key: 692523, value: 
key: 60074, value: 
key: 891014, value: 
key: 393989, value: 
key: 291603, value: 
key: 322950, value: 
key: 906440, value: 
key: 876509, value: 
key: 109494, value: 
key: 80458, value: 
key: 619052, value: 
key: 104022, value: 
key: 724802, value: 
key: 895322, value: 
key: 878767, value: 
key: 754230, value: 
key: 294440, value: 
key: 896248, value: 
key: 58013, value: 
key: 460007, value: 
key: 65688, value: 
key: 421246, value: 
key: 724116, value: 
key: 263875, value: 
key: 948435, value: 
key: 771224, value: 
key: 768466, value: 
key: 824074, value: 
key: 756171, value: 
key: 474534, value: 
key: 62766, value: 
key: 961414, value: 
key: 599314, value: 
key: 94035, value: 
key: 737679, value: 
key: 894655, value: 
key: 609859, value: 
key: 484355, value: 
key: 446405, value: 
key: 93959, value: 
key: 47310, value: 
key: 604164, value: 
key: 924622, value: 
key: 466993, value: 
key: 592964, value: 
key: 737990, value: 
key: 830437, value: 
key: 625541, value: 
key: 715024, value: 
key: 982824, value: 
key: 947751, value: 
key: 863198, value: 
key: 791792, value: 
key: 531352, value: 
key: 509922, value: 
key: 236927, value: 
key: 950274, value: 
key: 314162, value: 
key: 741780, value: 
key: 321371, value: 
key: 649503, value: 
key: 722693, value: 
key: 277942, value: 
key: 107683, value: 
key: 499968, value: 
key: 241781, value: 
key: 64173, value: 
key: 64148, value: 
key: 556142, value: 
key: 567139, value: 
key: 55102, value: 
key: 25053, value: 
key: 858196, value: 
key: 258813, value: 
key: 607262, value: 
key: 507793, value: 
key: 704338, value: 
key: 853304, value: 
key: 229660, value: 
key: 341753, value: 
key: 493247, value: 
key: 500976, value: 
key: 850327, value: 
key: 207231, value: 
key: 737916, value: 
key: 612598, value: 
key: 239087, value: 
key: 896080, value: 
key: 454794, value: 
key: 391806, value: 
key: 177482, value: 
key: 17850, value: 
key: 756421, value: 
key: 130654, value: 
key: 280007, value: 
key: 821493, value: 
key: 517233, value: 
key: 980015, value: 
key: 828100, value: 
key: 158160, value: 
key: 953891, value: 
key: 699164, value: 
key: 493283, value: 
key: 604856, value: 
key: 839159, value: 
key: 297827, value: 
key: 975592, value: 
key: 340662, value: 
key: 201204, value: 
key: 428793, value: 
key: 736690, value: 
key: 154623, value: 
key: 650484, value: 
key: 836981, value: 
key: 109515, value: 
key: 151923, value: 
key: 926594, value: 
key: 669134, value: 
key: 887404, value: 
key: 614518, value: 
key: 36310, value: 
key: 249154, value: 
key: 465145, value: 
key: 42964, value: 
key: 683848, value: 
key: 485792, value: 
key: 655377, value: 
key: 791101, value: 
key: 986819, value: 
key: 936445, value: 
key: 564185, value: 
key: 289798, value: 
key: 463349, value: 
key: 457177, value: 
key: 748707, value: 
key: 624616, value: 
key: 277650, value: 
key: 280142, value: 
key: 396823, value: 
key: 166015, value: 
key: 614334, value: 
key: 966657, value: 
key: 273915, value: 
key: 221633, value: 
key: 17342, value: 
key: 137752, value: 
key: 100303, value: 
key: 888085, value: 
key: 467422, value: 
key: 946831, value: 
key: 782075, value: 
key: 576852, value: 
key: 545290, value: 
key: 830499, value: 
key: 520176, value: 
key: 715534, value: 
key: 73274, value: 
key: 661592, value: 
key: 537574, value: 
key: 374920, value: 
key: 782978, value: 
key: 668320, value: 
key: 944156, value: 
key: 131646, value: 
key: 197765, value: 
key: 908956, value: 
key: 232512, value: 
key: 888751, value: 
key: 51296, value: 
key: 196108, value: 
key: 521498, value: 
key: 451500, value: 
key: 154401, value: 
key: 843257, value: 
key: 714362, value: 
key: 854947, value: 
key: 21363, value: 
key: 956469, value: 
key: 836246, value: 
key: 487390, value: 
key: 38129, value: 
key: 586691, value: 
key: 187126, value: 
key: 6306, value: 
key: 802579, value: 
key: 591226, value: 
key: 854459, value: 
key: 141344, value: 
key: 984860, value: 
key: 578443, value: 
key: 521023, value: 
key: 655580, value: 
key: 996751, value: 
key: 538087, value: 
key: 163647, value: 
key: 902929, value: 
key: 622997, value: 
key: 811933, value: 
key: 516582, value: 
key: 790092, value: 
key: 111693, value: 
key: 548648, value: 
key: 69008, value: 
key: 863839, value: 
key: 980826, value: 
key: 989702, value: 
key: 959615, value: 
key: 810765, value: 
key: 151060, value: 
key: 901524, value: 
key: 27383, value: 
key: 703906, value: 
key: 848515, value: 
key: 224771, value: 
key: 728505, value: 
key: 429844, value: 
key: 839766, value: 
key: 806997, value: 
key: 343490, value: 
key: 156513, value: 
key: 747463, value: 
key: 916829, value: 
key: 219258, value: 
key: 66180, value: 
key: 850349, value: 
key: 106561, value: 
key: 921917, value: 
key: 41549, value: 
key: 535707, value: 
key: 397589, value: 
key: 959437, value: 
key: 725610, value: 
key: 78015, value: 
key: 499489, value: 
key: 811869, value: 
key: 412466, value: 
key: 200160, value: 
key: 16848, value: 
key: 434981, value: 
key: 37463, value: 
key: 62098, value: 
key: 824526, value: 
key: 985539, value: 
key: 35308, value: 
key: 649028, value: 
key: 78705, value: 
key: 284876, value: 
key: 956391, value: 
key: 375493, value: 
key: 851115, value: 
key: 49673, value: 
key: 910922, value: 
key: 839201, value: 
key: 257425, value: 
key: 92109, value: 
key: 709670, value: 
key: 312474, value: 
key: 644861, value: 
key: 61905, value: 
key: 890046, value: 
key: 882793, value: 
key: 711972, value: 
key: 111242, value: 
key: 20052, value: 
key: 197417, value: 
key: 747117, value: 
key: 323892, value: 
key: 199925, value: 
key: 800762, value: 
key: 554485, value: 
key: 668443, value: 
key: 431034, value: 
key: 194452, value: 
key: 131471, value: 
key: 440517, value: 
key: 931695, value: 
key: 418703, value: 
key: 626030, value: 
key: 392269, value: 
key: 376025, value: 
key: 531297, value: 
key: 895355, value: 
key: 128545, value: 
key: 524231, value: 
key: 371851, value: 
key: 682153, value: 
key: 405644, value: 
key: 460768, value: 
key: 241549, value: 
key: 847318, value: 
key: 538050, value: 
key: 197916, value: 
key: 287431, value: 
key: 128327, value: 
key: 978115, value: 
key: 636631, value: 
key: 266340, value: 
key: 591778, value: 
key: 433069, value: 
key: 826665, value: 
key: 594805, value: 
key: 606209, value: 
key: 872914, value: 
key: 665985, value: 
key: 340789, value: 
key: 105340, value: 
key: 73908, value: 
key: 702710, value: 
key: 564297, value: 
key: 984620, value: 
key: 284663, value: 
key: 688762, value: 
key: 756704, value: 
key: 980332, value: 
key: 700091, value: 
key: 876231, value: 
key: 15319, value: 
key: 766767, value: 
key: 193305, value: 
key: 955176, value: 
key: 602623, value: 
key: 791950, value: 
key: 161676, value: 
key: 129171, value: 
key: 895986, value: 
key: 265985, value: 
key: 960839, value: 
key: 341777, value: 
key: 495807, value: 
key: 941942, value: 
key: 527492, value: 
key: 307317, value: 
key: 518027, value: 
key: 447789, value: 
key: 405961, value: 
key: 631607, value: 
key: 770414, value: 
key: 347881, value: 
key: 891524, value: 
key: 667367, value: 
key: 319101, value: 
key: 525179, value: 
key: 409077, value: 
key: 349555, value: 
key: 10239, value: 
key: 293544, value: 
key: 441170, value: 
key: 953116, value: 
key: 956986, value: 
key: 794467, value: 
key: 800245, value: 
key: 570049, value: 
key: 894785, value: 
key: 337819, value: 
key: 83482, value: 
key: 508101, value: 
key: 533785, value: 
key: 862663, value: 
key: 64511, value: 
key: 618622, value: 
key: 119815, value: 
key: 61734, value: 
key: 389337, value: 
key: 11225, value: 
key: 942871, value: 
key: 453878, value: 
key: 693135, value: 
key: 433645, value: 
key: 416006, value: 
key: 621668, value: 
key: 705511, value: 
key: 456390, value: 
key: 960079, value: 
key: 31225, value: 
key: 343526, value: 
key: 64115, value: 
key: 938009, value: 
key: 659988, value: 
key: 671812, value: 
key: 315505, value: 
key: 316023, value: 
key: 253027, value: 
key: 286221, value: 
key: 282638, value: 
key: 294482, value: 
key: 531475, value: 
key: 673892, value: 
key: 282164, value: 
key: 157260, value: 
key: 929076, value: 
key: 427622, value: 
key: 898257, value: 
key: 620652, value: 
key: 465925, value: 
key: 378564, value: 
key: 941876, value: 
key: 405682, value: 
key: 291922, value: 
key: 641563, value: 
key: 30587, value: 
key: 877845, value: 
key: 794599, value: 
key: 924545, value: 
key: 45170, value: 
key: 365124, value: 
key: 292176, value: 
key: 254846, value: 
key: 447806, value: 
key: 115208, value: 
key: 284223, value: 
key: 879045, value: 
key: 210507, value: 
key: 47291, value: 
key: 235003, value: 
key: 698136, value: 
key: 253074, value: 
key: 163090, value: 
key: 104220, value: 
key: 305429, value: 
key: 806375, value: 
key: 969960, value: 
key: 188862, value: 
key: 547447, value: 
key: 304198, value: 
key: 138201, value: 
key: 603756, value: 
key: 761599, value: 
key: 553121, value: 
key: 249503, value: 
key: 764402, value: 
key: 299027, value: 
key: 948507, value: 
key: 773103, value: 
key: 293300, value: 
key: 651746, value: 
key: 344103, value: 
key: 204591, value: 
key: 66029, value: 
key: 543872, value: 
key: 321898, value: 
key: 711631, value: 
key: 728136, value: 
key: 351110, value: 
key: 436273, value: 
key: 892376, value: 
key: 736047, value: 
key: 811300, value: 
key: 548185, value: 
key: 592094, value: 
key: 674671, value: 
key: 253610, value: 
key: 949834, value: 
key: 716388, value: 
key: 22520, value: 
key: 775127, value: 
key: 91357, value: 
key: 570863, value: 
key: 30134, value: 
key: 839160, value: 
key: 922620, value: 
key: 612734, value: 
key: 106002, value: 
key: 467516, value: 
key: 510360, value: 
key: 299292, value: 
key: 955259, value: 
key: 51546, value: 
key: 669523, value: 
key: 478509, value: 
key: 612169, value: 
key: 701645, value: 
key: 487134, value: 
key: 929113, value: 
key: 734717, value: 
key: 68847, value: 
key: 440999, value: 
key: 898361, value: 
key: 417397, value: 
key: 769575, value: 
key: 315316, value: 
key: 656178, value: 
key: 805934, value: 
key: 1822, value: 
key: 198676, value: 
key: 650093, value: 
key: 783337, value: 
key: 346800, value: 
key: 674008, value: 
key: 404520, value: 
key: 852848, value: 
key: 739455, value: 
key: 142530, value: 
key: 382031, value: 
key: 920662, value: 
key: 539682, value: 
key: 224025, value: 
key: 659528, value: 
key: 729243, value: 
key: 48825, value: 
key: 391156, value: 
key: 797811, value: 
key: 300538, value: 
key: 460117, value: 
key: 398359, value: 
key: 348156, value: 
key: 306149, value: 
key: 805158, value: 
key: 917576, value: 
key: 444348, value: 
key: 60779, value: 
key: 605141, value: 
key: 388017, value: 
key: 716957, value: 
key: 414011, value: 
key: 781238, value: 
key: 595554, value: 
key: 971497, value: 
key: 391736, value: 
key: 365483, value: 
key: 947946, value: 
key: 452097, value: 
key: 390436, value: 
key: 787494, value: 
key: 776320, value: 
key: 121580, value: 
key: 260779, value: 
key: 996913, value: 
key: 798962, value: 
key: 449666, value: 
key: 537592, value: 
key: 521625, value: 
key: 141762, value: 
key: 554517, value: 
key: 573013, value: 
key: 464708, value: 
key: 159060, value: 
key: 833760, value: 
key: 891249, value: 
key: 497951, value: 
key: 967412, value: 
key: 62128, value: 
key: 709052, value: 
key: 458264, value: 
key: 100257, value: 
key: 215456, value: 
key: 578485, value: 
key: 960811, value: 
key: 781728, value: 
key: 88766, value: 
key: 310832, value: 
key: 446498, value: 
key: 8999, value: 
key: 193688, value: 
key: 223741, value: 
key: 848016, value: 
key: 430774, value: 
key: 906253, value: 
key: 851913, value: 
key: 292916, value: 
key: 164200, value: 
key: 768426, value: 
key: 840982, value: 
key: 902868, value: 
key: 535532, value: 
key: 463008, value: 
key: 437599, value: 
key: 861398, value: 
key: 422140, value: 
key: 208533, value: 
key: 223415, value: 
key: 38545, value: 
key: 334496, value: 
key: 441152, value: 
key: 71731, value: 
key: 254482, value: 
key: 185689, value: 
key: 488580, value: 
key: 936081, value: 
key: 819560, value: 
key: 770452, value: 
key: 442001, value: 
key: 183326, value: 
key: 312870, value: 
key: 71304, value: 
key: 651713, value: 
key: 176988, value: 
key: 634857, value: 
key: 261712, value: 
key: 654727, value: 
key: 796490, value: 
key: 423682, value: 
key: 59959, value: 
key: 387542, value: 
key: 477432, value: 
key: 961609, value: 
key: 82001, value: 
key: 537633, value: 
key: 69718, value: 
key: 300248, value: 
key: 46410, value: 
key: 458947, value: 
key: 415708, value: 
key: 44049, value: 
key: 49303, value: 
key: 126866, value: 
key: 399068, value: 
key: 703861, value: 
key: 930069, value: 
key: 11458, value: 
key: 28221, value: 
key: 634574, value: 
key: 65088, value: 
key: 285460, value: 
key: 116658, value: 
key: 829895, value: 
key: 705795, value: 
key: 13258, value: 
key: 596058, value: 
key: 879027, value: 
key: 990810, value: 
key: 732739, value: 
key: 244528, value: 
key: 137987, value: 
key: 192234, value: 
key: 682733, value: 
key: 389698, value: 
key: 157114, value: 
key: 992463, value: 
key: 314830, value: 
key: 318650, value: 
key: 914698, value: 
key: 15254, value: 
key: 769595, value: 
key: 274338, value: 
key: 70507, value: 
key: 830718, value: 
key: 588961, value: 
key: 13847, value: 
key: 62955, value: 
key: 776498, value: 
key: 485644, value: 
key: 788923, value: 
key: 421202, value: 
key: 223086, value: 
key: 415511, value: 
key: 550481, value: 
key: 87343, value: 
key: 432150, value: 
key: 349245, value: 
key: 520648, value: 
key: 97485, value: 
key: 878884, value: 
key: 723379, value: 
key: 459560, value: 
key: 965344, value: 
key: 475522, value: 
key: 155947, value: 
key: 979277, value: 
key: 736586, value: 
key: 525821, value: 
key: 351499, value: 
key: 432570, value: 
key: 85581, value: 
key: 588439, value: 
key: 898903, value: 
key: 301030, value: 
key: 936917, value: 
key: 673490, value: 
key: 458383, value: 
key: 764383, value: 
key: 997565, value: 
key: 885462, value: 
key: 348514, value: 
key: 778713, value: 
key: 862889, value: 
key: 506987, value: 
key: 281686, value: 
key: 2874, value: 
key: 142271, value: 
key: 9282, value: 
key: 782000, value: 
key: 255665, value: 
key: 713673, value: 
key: 837654, value: 
key: 563458, value: 
key: 665967, value: 
key: 766530, value: 
key: 355705, value: 
key: 210192, value: 
key: 782730, value: 
key: 543658, value: 
key: 172454, value: 
key: 321146, value: 
key: 752120, value: 
key: 359141, value: 
key: 174250, value: 
key: 131811, value: 
key: 747229, value: 
key: 512056, value: 
key: 136908, value: 
key: 222681, value: 
key: 128217, value: 
key: 744378, value: 
key: 510373, value: 
key: 925795, value: 
key: 985995, value: 
key: 929498, value: 
key: 213083, value: 
key: 960657, value: 
key: 750726, value: 
key: 864661, value: 
key: 662975, value: 
key: 694163, value: 
key: 228711, value: 
key: 662917, value: 
key: 691836, value: 
key: 884058, value: 
key: 95793, value: 
key: 413605, value: 
key: 190913, value: 
key: 942374, value: 
key: 977297, value: 
key: 670440, value: 
key: 623361, value: 
key: 459849, value: 
key: 816796, value: 
key: 817865, value: 
key: 504161, value: 
key: 265497, value: 
key: 271331, value: 
key: 171086, value: 
key: 202854, value: 
key: 884696, value: 
key: 623789, value: 
key: 801202, value: 
key: 248674, value: 
key: 595194, value: 
key: 680805, value: 
key: 103582, value: 
key: 57117, value: 
key: 593169, value: 
key: 693001, value: 
key: 926183, value: 
key: 249549, value: 
key: 680388, value: 
key: 506510, value: 
key: 276837, value: 
key: 922501, value: 
key: 144815, value: 
key: 495212, value: 
key: 909306, value: 
key: 433865, value: 
key: 349672, value: 
key: 268247, value: 
key: 996339, value: 
key: 124059, value: 
key: 833971, value: 
key: 516197, value: 
key: 631690, value: 
key: 600056, value: 
key: 402326, value: 
key: 31704, value: 
key: 65752, value: 
key: 600797, value: 
key: 379240, value: 
key: 800377, value: 
key: 875560, value: 
key: 860689, value: 
key: 335163, value: 
key: 280122, value: 
key: 104994, value: 
key: 729223, value: 
key: 294004, value: 
key: 188756, value: 
key: 286139, value: 
key: 533334, value: 
key: 860502, value: 
key: 184367, value: 
key: 153844, value: 
key: 488083, value: 
key: 557824, value: 
key: 500961, value: 
key: 487501, value: 
key: 274130, value: 
key: 512117, value: 
key: 45369, value: 
key: 618561, value: 
key: 990852, value: 
key: 104093, value: 
key: 924293, value: 
key: 322691, value: 
key: 648382, value: 
key: 981065, value: 
key: 219359, value: 
key: 924468, value: 
key: 236138, value: 
key: 501148, value: 
key: 183162, value: 
key: 554409, value: 
key: 586897, value: 
key: 783016, value: 
key: 921023, value: 
key: 793305, value: 
key: 440461, value: 
key: 909902, value: 
key: 505335, value: 
key: 872013, value: 
key: 594487, value: 
key: 629376, value: 
key: 238989, value: 
key: 244089, value: 
key: 382334, value: 
key: 325577, value: 
key: 423660, value: 
key: 830136, value: 
key: 55773, value: 
key: 496134, value: 
key: 922404, value: 
key: 622582, value: 
key: 45837, value: 
key: 971558, value: 
key: 884221, value: 
key: 360060, value: 
key: 393093, value: 
key: 532896, value: 
key: 62852, value: 
key: 692653, value: 
key: 610064, value: 
key: 348439, value: 
key: 756650, value: 
key: 84595, value: 
key: 555730, value: 
key: 833858, value: 
key: 168361, value: 
key: 807651, value: 
key: 316159, value: 
key: 937604, value: 
key: 910524, value: 
key: 773369, value: 
key: 222533, value: 
key: 686212, value: 
key: 646557, value: 
key: 210464, value: 
key: 874901, value: 
key: 961762, value: 
key: 197723, value: 
key: 209848, value: 
key: 468856, value: 
key: 73050, value: 
key: 703940, value: 
key: 598416, value: 
key: 699098, value: 
key: 876804, value: 
key: 329757, value: 
key: 681095, value: 
key: 883493, value: 
key: 998027, value: 
key: 659887, value: 
key: 851001, value: 
key: 964206, value: 
key: 210448, value: 
key: 370663, value: 
key: 705032, value: 
key: 489464, value: 
key: 160053, value: 
key: 125827, value: 
key: 982226, value: 
key: 640939, value: 
key: 10200, value: 
key: 37465, value: 
key: 452815, value: 
key: 963885, value: 
key: 537204, value: 
key: 412268, value: 
key: 22647, value: 
key: 672352, value: 
key: 294811, value: 
key: 345609, value: 
key: 69844, value: 
key: 987391, value: 
key: 211995, value: 
key: 861279, value: 
key: 133031, value: 
key: 461394, value: 
key: 116793, value: 
key: 647271, value: 
key: 356243, value: 
key: 485200, value: 
key: 473100, value: 
key: 389018, value: 
key: 27028, value: 
key: 878365, value: 
key: 800661, value: 
key: 159455, value: 
key: 371215, value: 
key: 504631, value: 
key: 484423, value: 
key: 925818, value: 
key: 560853, value: 
key: 490000, value: 
key: 341782, value: 
key: 310281, value: 
key: 714777, value: 
key: 602726, value: 
key: 560778, value: 
key: 711110, value: 
key: 228920, value: 
key: 716399, value: 
key: 245321, value: 
key: 431869, value: 
key: 757455, value: 
key: 232734, value: 
key: 23824, value: 
key: 991800, value: 
key: 552490, value: 
key: 87615, value: 
key: 390861, value: 
key: 930586, value: 
key: 15393, value: 
key: 29075, value: 
key: 285433, value: 
key: 533581, value: 
key: 997860, value: 
key: 723847, value: 
key: 309047, value: 
key: 450442, value: 
key: 257809, value: 
key: 889840, value: 
key: 53320, value: 
key: 13980, value: 
key: 69118, value: 
key: 808753, value: 
key: 765861, value: 
key: 811423, value: 
key: 80070, value: 
key: 715509, value: 
key: 280140, value: 
key: 608465, value: 
key: 192733, value: 
key: 234624, value: 
key: 143285, value: 
key: 984121, value: 
key: 319107, value: 
key: 593778, value: 
key: 589603, value: 
key: 611786, value: 
key: 1529, value: 
key: 856178, value: 
key: 721148, value: 
key: 636006, value: 
key: 986103, value: 
key: 679458, value: 
key: 380930, value: 
key: 203792, value: 
key: 273380, value: 
key: 656853, value: 
key: 872211, value: 
key: 685280, value: 
key: 459403, value: 
key: 38958, value: 
key: 642951, value: 
key: 18662, value: 
key: 273353, value: 
key: 398702, value: 
key: 467620, value: 
key: 386194, value: 
key: 892053, value: 
key: 755493, value: 
key: 156573, value: 
key: 815818, value: 
key: 760789, value: 
key: 975370, value: 
key: 716812, value: 
key: 514142, value: 
key: 878190, value: 
key: 176973, value: 
key: 524839, value: 
key: 55609, value: 
key: 803451, value: 
key: 697722, value: 
key: 485240, value: 
key: 920549, value: 
key: 240803, value: 
key: 180291, value: 
key: 21963, value: 
key: 62405, value: 
key: 623482, value: 
key: 110948, value: 
key: 326932, value: 
key: 275445, value: 
key: 710261, value: 
key: 139596, value: 
key: 879296, value: 
key: 614710, value: 
key: 428290, value: 
key: 215500, value: 
key: 125519, value: 
key: 270572, value: 
key: 658093, value: 
key: 785368, value: 
key: 715569, value: 
key: 32172, value: 
key: 548662, value: 
key: 78756, value: 
key: 309865, value: 
key: 818378, value: 
key: 562901, value: 
key: 660227, value: 
key: 600607, value: 
key: 57791, value: 
key: 832136, value: 
key: 634879, value: 
key: 494055, value: 
key: 988862, value: 
key: 771181, value: 
key: 775035, value: 
key: 463536, value: 
key: 58000, value: 
key: 469451, value: 
key: 221286, value: 
key: 289051, value: 
key: 750180, value: 
key: 507247, value: 
key: 20388, value: 
key: 939578, value: 
key: 398308, value: 
key: 87815, value: 
key: 997253, value: 
key: 548798, value: 
key: 642564, value: 
key: 635720, value: 
key: 532795, value: 
key: 148211, value: 
key: 446317, value: 
key: 878187, value: 
key: 127636, value: 
key: 24665, value: 
key: 818039, value: 
key: 232574, value: 
key: 122079, value: 
key: 748475, value: 
key: 863057, value: 
key: 175789, value: 
key: 133938, value: 
key: 850219, value: 
key: 806768, value: 
key: 801499, value: 
key: 158452, value: 
key: 126680, value: 
key: 981786, value: 
key: 615157, value: 
key: 470754, value: 
key: 422164, value: 
key: 704882, value: 
key: 909027, value: 
key: 167089, value: 
key: 737976, value: 
key: 323157, value: 
key: 496509, value: 
key: 692680, value: 
key: 511248, value: 
key: 414039, value: 
key: 359255, value: 
key: 223769, value: 
key: 506455, value: 
key: 893755, value: 
key: 428232, value: 
key: 366053, value: 
key: 875036, value: 
key: 420359, value: 
key: 238532, value: 
key: 181113, value: 
key: 576472, value: 
key: 158629, value: 
key: 616545, value: 
key: 108080, value: 
key: 951091, value: 
key: 866997, value: 
key: 934803, value: 
key: 857472, value: 
key: 191624, value: 
key: 455249, value: 
key: 255069, value: 
key: 136850, value: 
key: 331202, value: 
key: 517479, value: 
key: 549908, value: 
key: 914357, value: 
key: 822618, value: 
key: 89415, value: 
key: 249752, value: 
key: 701058, value: 
key: 280607, value: 
key: 385049, value: 
key: 440591, value: 
key: 656154, value: 
key: 599376, value: 
key: 672754, value: 
key: 187267, value: 
key: 530094, value: 
key: 465033, value: 
key: 976313, value: 
key: 661143, value: 
key: 475920, value: 
key: 26218, value: 
key: 997138, value: 
key: 378579, value: 
key: 955071, value: 
key: 172308, value: 
key: 354944, value: 
key: 952522, value: 
key: 470411, value: 
key: 386213, value: 
key: 491838, value: 
key: 133512, value: 
key: 892295, value: 
key: 175363, value: 
key: 320758, value: 
key: 821187, value: 
key: 880603, value: 
key: 715909, value: 
key: 895757, value: 
key: 989704, value: 
key: 62896, value: 
key: 591967, value: 
key: 483172, value: 
key: 963656, value: 
key: 664269, value: 
key: 845314, value: 
key: 584765, value: 
key: 935905, value: 
key: 931118, value: 
key: 743290, value: 
key: 920392, value: 
key: 52572, value: 
key: 677490, value: 
key: 828850, value: 
key: 692486, value: 
key: 976687, value: 
key: 664229, value: 
key: 273436, value: 
key: 751923, value: 
key: 314102, value: 
key: 271201, value: 
key: 321395, value: 
key: 657584, value: 
key: 237223, value: 
key: 352942, value: 
key: 689725, value: 
key: 441141, value: 
key: 613272, value: 
key: 998568, value: 
key: 670392, value: 
key: 693692, value: 
key: 594274, value: 
key: 291799, value: 
key: 486946, value: 
key: 886353, value: 
key: 563946, value: 
key: 827891, value: 
key: 39975, value: 
key: 170012, value: 
key: 739363, value: 
key: 649914, value: 
key: 542969, value: 
key: 114056, value: 
key: 461071, value: 
key: 308448, value: 
key: 57551, value: 
key: 779639, value: 
key: 246074, value: 
key: 16329, value: 
key: 555453, value: 
key: 199105, value: 
key: 589250, value: 
key: 252796, value: 
key: 814420, value: 
key: 992544, value: 
key: 416529, value: 
key: 265169, value: 
key: 813333, value: 
key: 408933, value: 
key: 482447, value: 
key: 424911, value: 
key: 883873, value: 
key: 225819, value: 
key: 457757, value: 
key: 980606, value: 
key: 363456, value: 
key: 521388, value: 
key: 645912, value: 
key: 304332, value: 
key: 65828, value: 
key: 751257, value: 
key: 187209, value: 
key: 772492, value: 
key: 903733, value: 
key: 399332, value: 
key: 868092, value: 
key: 14934, value: 
key: 783786, value: 
key: 649956, value: 
key: 288436, value: 
key: 366837, value: 
key: 46300, value: 
key: 310661, value: 
key: 817759, value: 
key: 831908, value: 
key: 502127, value: 
key: 562235, value: 
key: 919521, value: 
key: 378126, value: 
key: 1280, value: 
key: 877483, value: 
key: 104574, value: 
key: 812578, value: 
key: 261567, value: 
key: 864935, value: 
key: 266700, value: 
key: 896705, value: 
key: 402689, value: 
key: 987267, value: 
key: 177817, value: 
key: 178016, value: 
key: 856651, value: 
key: 945700, value: 
key: 4423, value: 
key: 336342, value: 
key: 92, value: 
key: 988970, value: 
key: 995583, value: 
key: 773185, value: 
key: 868463, value: 
key: 919923, value: 
key: 197398, value: 
key: 224012, value: 
key: 803493, value: 
key: 531048, value: 
key: 80333, value: 
key: 336007, value: 
key: 650824, value: 
key: 838619, value: 
key: 734771, value: 
key: 458637, value: 
key: 173565, value: 
key: 238651, value: 
key: 233582, value: 
key: 183508, value: 
key: 603035, value: 
key: 140916, value: 
key: 175851, value: 
key: 354443, value: 
key: 192164, value: 
key: 940998, value: 
key: 404935, value: 
key: 954542, value: 
key: 105984, value: 
key: 656028, value: 
key: 870819, value: 
key: 163180, value: 
key: 360516, value: 
key: 153448, value: 
key: 734409, value: 
key: 342868, value: 
key: 32121, value: 
key: 682146, value: 
key: 735301, value: 
key: 124297, value: 
key: 716058, value: 
key: 888043, value: 
key: 97559, value: 
key: 224722, value: 
key: 159039, value: 
key: 630109, value: 
key: 821837, value: 
key: 758919, value: 
key: 157592, value: 
key: 52855, value: 
key: 231641, value: 
key: 230064, value: 
key: 696752, value: 
key: 888568, value: 
key: 609444, value: 
key: 230828, value: 
key: 743197, value: 
key: 166521, value: 
key: 436318, value: 
key: 688069, value: 
key: 142840, value: 
key: 881662, value: 
key: 737479, value: 
key: 344750, value: 
key: 24243, value: 
key: 65242, value: 
key: 259973, value: 
key: 705832, value: 
key: 66425, value: 
key: 602801, value: 
key: 666021, value: 
key: 816800, value: 
key: 690361, value: 
key: 353569, value: 
key: 408371, value: 
key: 385265, value: 
key: 673355, value: 
key: 340389, value: 
key: 147810, value: 
key: 366462, value: 
key: 56530, value: 
key: 359187, value: 
key: 666519, value: 
key: 96611, value: 
key: 714649, value: 
key: 236989, value: 
key: 323603, value: 
key: 221970, value: 
key: 407257, value: 
key: 168929, value: 
key: 269233, value: 
key: 501982, value: 
key: 302437, value: 
key: 242850, value: 
key: 583124, value: 
key: 954700, value: 
key: 666245, value: 
key: 712573, value: 
key: 751730, value: 
key: 740912, value: 
key: 174001, value: 
key: 733866, value: 
key: 931693, value: 
key: 963199, value: 
key: 971075, value: 
key: 353268, value: 
key: 468100, value: 
key: 260515, value: 
key: 162594, value: 
key: 625019, value: 
key: 39791, value: 
key: 890857, value: 
key: 233351, value: 
key: 580822, value: 
key: 460252, value: 
key: 316418, value: 
key: 778698, value: 
key: 485264, value: 
key: 972148, value: 
key: 309111, value: 
key: 464801, value: 
key: 228557, value: 
key: 758485, value: 
key: 312331, value: 
key: 70509, value: 
key: 826865, value: 
key: 293962, value: 
key: 633759, value: 
key: 609860, value: 
key: 448092, value: 
key: 888544, value: 
key: 654794, value: 
key: 822627, value: 
key: 806177, value: 
key: 239131, value: 
key: 278110, value: 
key: 570182, value: 
key: 115147, value: 
key: 637081, value: 
key: 363933, value: 
key: 27143, value: 
key: 16950, value: 
key: 73724, value: 
key: 562417, value: 
key: 291634, value: 
key: 274532, value: 
key: 404081, value: 
key: 610983, value: 
key: 353976, value: 
key: 176641, value: 
key: 785429, value: 
key: 197257, value: 
key: 492275, value: 
key: 874763, value: 
key: 262661, value: 
key: 902475, value: 
key: 112580, value: 
key: 289833, value: 
key: 524329, value: 
key: 574313, value: 
key: 238530, value: 
key: 189317, value: 
key: 118551, value: 
key: 507847, value: 
key: 538731, value: 
key: 274390, value: 
key: 222760, value: 
key: 838729, value: 
key: 160035, value: 
key: 138218, value: 
key: 204393, value: 
key: 394144, value: 
key: 65134, value: 
key: 27457, value: 
key: 864573, value: 
key: 777080, value: 
key: 700639, value: 
key: 452686, value: 
key: 559800, value: 
key: 753381, value: 
key: 89291, value: 
key: 772607, value: 
key: 220423, value: 
key: 102442, value: 
key: 272743, value: 
key: 409361, value: 
key: 5655, value: 
key: 776528, value: 
key: 686672, value: 
key: 816987, value: 
key: 186596, value: 
key: 20207, value: 
key: 571842, value: 
key: 46782, value: 
key: 474165, value: 
key: 94626, value: 
key: 913923, value: 
key: 571664, value: 
