Starting KVS server on :8080
get/s 0.00
put/s 0.00
aborts/s 0.00
ops/s 0.00

get/s 0.00
put/s 0.00
aborts/s 0.00
ops/s 0.00

get/s 0.00
put/s 0.00
aborts/s 0.00
ops/s 0.00

get/s 40468.51
put/s 942.78
aborts/s 7.00
ops/s 41411.29

get/s 76858.70
put/s 1399.70
aborts/s 85.98
ops/s 78258.40

get/s 75888.15
put/s 1398.68
aborts/s 142.76
ops/s 77286.83

get/s 79826.79
put/s 1540.74
aborts/s 282.95
ops/s 81367.53

get/s 73455.17
put/s 1540.79
aborts/s 340.95
ops/s 74995.97

get/s 74089.84
put/s 1352.72
aborts/s 439.91
ops/s 75442.56

get/s 79060.25
put/s 1498.68
aborts/s 508.89
ops/s 80558.94

get/s 72130.59
put/s 1342.81
aborts/s 573.92
ops/s 73473.40

get/s 81046.81
put/s 1574.61
aborts/s 770.81
ops/s 82621.42

get/s 72320.44
put/s 1351.84
aborts/s 727.91
ops/s 73672.28

get/s 36763.26
put/s 681.41
aborts/s 411.64
ops/s 37444.67


Shutting down server...
key: 717146, value: 
key: 328669, value: 
key: 89809, value: 
key: 132820, value: 
key: 94263, value: 
key: 912781, value: 
key: 839529, value: 
key: 388764, value: 
key: 335726, value: 
key: 336811, value: 
key: 407199, value: 
key: 352383, value: 
key: 653767, value: 
key: 760919, value: 
key: 424585, value: 
key: 746827, value: 
key: 488815, value: 
key: 794233, value: 
key: 142829, value: 
key: 315492, value: 
key: 731964, value: 
key: 647393, value: 
key: 726612, value: 
key: 829346, value: 
key: 878643, value: 
key: 467878, value: 
key: 179816, value: 
key: 581262, value: 
key: 502373, value: 
key: 932750, value: 
key: 976594, value: 
key: 970862, value: 
key: 179360, value: 
key: 389721, value: 
key: 206310, value: 
key: 861700, value: 
key: 557195, value: 
key: 177045, value: 
key: 215558, value: 
key: 245348, value: 
key: 770479, value: 
key: 757911, value: 
key: 41324, value: 
key: 962326, value: 
key: 606976, value: 
key: 994097, value: 
key: 575599, value: 
key: 860789, value: 
key: 156602, value: 
key: 661159, value: 
key: 333144, value: 
key: 326713, value: 
key: 203427, value: 
key: 774341, value: 
key: 602523, value: 
key: 915245, value: 
key: 508175, value: 
key: 227690, value: 
key: 192327, value: 
key: 693963, value: 
key: 678757, value: 
key: 968771, value: 
key: 970048, value: 
key: 519876, value: 
key: 325150, value: 
key: 686622, value: 
key: 227940, value: 
key: 794925, value: 
key: 27449, value: 
key: 75138, value: 
key: 969053, value: 
key: 490490, value: 
key: 386289, value: 
key: 54038, value: 
key: 661203, value: 
key: 256672, value: 
key: 339890, value: 
key: 194440, value: 
key: 620279, value: 
key: 488820, value: 
key: 977018, value: 
key: 530303, value: 
key: 477815, value: 
key: 290548, value: 
key: 559832, value: 
key: 368838, value: 
key: 483104, value: 
key: 907868, value: 
key: 90933, value: 
key: 486220, value: 
key: 730949, value: 
key: 439406, value: 
key: 245225, value: 
key: 698562, value: 
key: 760942, value: 
key: 844480, value: 
key: 969615, value: 
key: 552156, value: 
key: 473088, value: 
key: 248684, value: 
key: 66053, value: 
key: 665232, value: 
key: 355377, value: 
key: 792141, value: 
key: 416586, value: 
key: 242934, value: 
key: 864796, value: 
key: 864464, value: 
key: 496586, value: 
key: 101150, value: 
key: 62475, value: 
key: 528984, value: 
key: 473039, value: 
key: 857268, value: 
key: 860156, value: 
key: 397935, value: 
key: 819798, value: 
key: 409984, value: 
key: 789350, value: 
key: 277248, value: 
key: 703123, value: 
key: 950819, value: 
key: 101323, value: 
key: 375625, value: 
key: 330219, value: 
key: 132693, value: 
key: 251840, value: 
key: 886497, value: 
key: 34528, value: 
key: 66640, value: 
key: 389484, value: 
key: 124740, value: 
key: 683562, value: 
key: 560472, value: 
key: 812825, value: 
key: 671295, value: 
key: 329093, value: 
key: 849737, value: 
key: 935898, value: 
key: 789138, value: 
key: 595764, value: 
key: 874256, value: 
key: 282992, value: 
key: 28194, value: 
key: 8068, value: 
key: 361994, value: 
key: 428017, value: 
key: 435354, value: 
key: 192419, value: 
key: 951913, value: 
key: 824790, value: 
key: 772253, value: 
key: 829070, value: 
key: 20772, value: 
key: 977476, value: 
key: 281605, value: 
key: 485416, value: 
key: 818065, value: 
key: 589817, value: 
key: 227726, value: 
key: 819141, value: 
key: 714336, value: 
key: 987110, value: 
key: 496773, value: 
key: 37943, value: 
key: 594152, value: 
key: 965930, value: 
key: 776413, value: 
key: 678502, value: 
key: 313926, value: 
key: 945868, value: 
key: 907352, value: 
key: 756545, value: 
key: 399498, value: 
key: 60615, value: 
key: 839828, value: 
key: 929590, value: 
key: 844262, value: 
key: 792400, value: 
key: 956824, value: 
key: 461414, value: 
key: 751782, value: 
key: 955076, value: 
key: 118778, value: 
key: 173654, value: 
key: 27915, value: 
key: 207760, value: 
key: 691921, value: 
key: 447104, value: 
key: 683023, value: 
key: 640053, value: 
key: 500771, value: 
key: 966791, value: 
key: 155221, value: 
key: 874478, value: 
key: 354598, value: 
key: 248954, value: 
key: 437329, value: 
key: 401278, value: 
key: 70937, value: 
key: 956507, value: 
key: 337887, value: 
key: 625454, value: 
key: 130198, value: 
key: 559641, value: 
key: 312071, value: 
key: 869328, value: 
key: 214742, value: 
key: 256328, value: 
key: 546803, value: 
key: 130792, value: 
key: 659222, value: 
key: 49193, value: 
key: 643711, value: 
key: 946724, value: 
key: 321394, value: 
key: 966034, value: 
key: 579890, value: 
key: 978161, value: 
key: 658469, value: 
key: 893024, value: 
key: 864996, value: 
key: 231668, value: 
key: 874171, value: 
key: 470032, value: 
key: 503428, value: 
key: 460637, value: 
key: 594781, value: 
key: 694049, value: 
key: 81821, value: 
key: 114947, value: 
key: 348445, value: 
key: 320623, value: 
key: 390525, value: 
key: 673004, value: 
key: 416984, value: 
key: 564409, value: 
key: 66925, value: 
key: 154859, value: 
key: 238986, value: 
key: 935074, value: 
key: 392639, value: 
key: 62790, value: 
key: 302447, value: 
key: 530187, value: 
key: 287726, value: 
key: 438106, value: 
key: 797867, value: 
key: 185464, value: 
key: 637462, value: 
key: 157780, value: 
key: 508863, value: 
key: 930756, value: 
key: 720966, value: 
key: 786047, value: 
key: 819181, value: 
key: 564366, value: 
key: 311618, value: 
key: 138527, value: 
key: 655486, value: 
key: 378350, value: 
key: 603964, value: 
key: 659697, value: 
key: 722913, value: 
key: 910770, value: 
key: 268590, value: 
key: 506353, value: 
key: 450977, value: 
key: 524939, value: 
key: 877392, value: 
key: 949189, value: 
key: 678577, value: 
key: 577438, value: 
key: 226905, value: 
key: 555999, value: 
key: 205661, value: 
key: 866240, value: 
key: 916783, value: 
key: 179748, value: 
key: 408594, value: 
key: 583583, value: 
key: 435767, value: 
key: 867016, value: 
key: 471684, value: 
key: 328911, value: 
key: 129051, value: 
key: 535838, value: 
key: 358194, value: 
key: 188757, value: 
key: 310057, value: 
key: 79884, value: 
key: 29687, value: 
key: 150680, value: 
key: 671745, value: 
key: 401586, value: 
key: 195379, value: 
key: 113252, value: 
key: 159214, value: 
key: 932392, value: 
key: 326391, value: 
key: 29344, value: 
key: 886053, value: 
key: 636225, value: 
key: 307619, value: 
key: 58467, value: 
key: 874542, value: 
key: 443089, value: 
key: 834195, value: 
key: 939287, value: 
key: 900061, value: 
key: 543350, value: 
key: 918879, value: 
key: 629148, value: 
key: 725352, value: 
key: 581240, value: 
key: 304108, value: 
key: 673804, value: 
key: 912596, value: 
key: 787176, value: 
key: 790394, value: 
key: 42963, value: 
key: 859406, value: 
key: 122629, value: 
key: 616920, value: 
key: 228026, value: 
key: 511702, value: 
key: 633293, value: 
key: 184625, value: 
key: 330596, value: 
key: 914091, value: 
key: 371991, value: 
key: 323828, value: 
key: 838391, value: 
key: 46628, value: 
key: 645926, value: 
key: 853424, value: 
key: 532682, value: 
key: 764513, value: 
key: 780191, value: 
key: 38456, value: 
key: 84998, value: 
key: 945653, value: 
key: 959555, value: 
key: 196888, value: 
key: 93741, value: 
key: 461634, value: 
key: 33323, value: 
key: 180993, value: 
key: 358152, value: 
key: 884071, value: 
key: 95176, value: 
key: 274797, value: 
key: 799830, value: 
key: 907125, value: 
key: 740254, value: 
key: 571683, value: 
key: 603953, value: 
key: 512332, value: 
key: 523879, value: 
key: 391317, value: 
key: 104982, value: 
key: 485700, value: 
key: 750718, value: 
key: 634795, value: 
key: 205122, value: 
key: 437145, value: 
key: 278643, value: 
key: 942326, value: 
key: 354699, value: 
key: 304599, value: 
key: 337124, value: 
key: 948070, value: 
key: 288703, value: 
key: 348308, value: 
key: 416032, value: 
key: 992341, value: 
key: 471343, value: 
key: 597362, value: 
key: 457662, value: 
key: 12625, value: 
key: 59048, value: 
key: 382995, value: 
key: 208613, value: 
key: 563347, value: 
key: 256708, value: 
key: 807931, value: 
key: 418816, value: 
key: 407665, value: 
key: 759814, value: 
key: 861863, value: 
key: 196000, value: 
key: 326278, value: 
key: 23670, value: 
key: 680815, value: 
key: 357315, value: 
key: 292298, value: 
key: 54083, value: 
key: 316491, value: 
key: 770815, value: 
key: 886677, value: 
key: 431547, value: 
key: 490647, value: 
key: 130459, value: 
key: 943422, value: 
key: 771762, value: 
key: 937874, value: 
key: 850188, value: 
key: 777245, value: 
key: 297608, value: 
key: 600277, value: 
key: 966076, value: 
key: 722469, value: 
key: 169026, value: 
key: 788793, value: 
key: 704430, value: 
key: 294188, value: 
key: 146313, value: 
key: 995421, value: 
key: 123206, value: 
key: 473686, value: 
key: 24921, value: 
key: 434456, value: 
key: 594110, value: 
key: 594745, value: 
key: 639501, value: 
key: 538176, value: 
key: 173623, value: 
key: 589888, value: 
key: 268699, value: 
key: 403782, value: 
key: 721594, value: 
key: 696050, value: 
key: 486583, value: 
key: 937098, value: 
key: 237172, value: 
key: 30542, value: 
key: 431284, value: 
key: 94214, value: 
key: 677222, value: 
key: 374745, value: 
key: 793074, value: 
key: 103826, value: 
key: 560922, value: 
key: 977784, value: 
key: 392824, value: 
key: 532688, value: 
key: 43199, value: 
key: 15477, value: 
key: 999810, value: 
key: 892096, value: 
key: 147769, value: 
key: 727356, value: 
key: 263298, value: 
key: 541509, value: 
key: 210115, value: 
key: 363194, value: 
key: 754770, value: 
key: 275378, value: 
key: 117326, value: 
key: 230629, value: 
key: 391537, value: 
key: 244415, value: 
key: 209269, value: 
key: 317607, value: 
key: 273839, value: 
key: 435776, value: 
key: 615310, value: 
key: 768539, value: 
key: 136666, value: 
key: 352756, value: 
key: 110268, value: 
key: 369059, value: 
key: 787952, value: 
key: 702159, value: 
key: 361088, value: 
key: 989039, value: 
key: 134880, value: 
key: 86525, value: 
key: 34102, value: 
key: 896164, value: 
key: 889814, value: 
key: 973634, value: 
key: 709329, value: 
key: 557845, value: 
key: 531470, value: 
key: 810492, value: 
key: 466329, value: 
key: 557883, value: 
key: 402617, value: 
key: 533362, value: 
key: 946939, value: 
key: 626880, value: 
key: 282334, value: 
key: 816276, value: 
key: 658427, value: 
key: 639884, value: 
key: 896375, value: 
key: 635693, value: 
key: 153485, value: 
key: 114017, value: 
key: 231781, value: 
key: 33550, value: 
key: 711870, value: 
key: 441872, value: 
key: 539506, value: 
key: 883371, value: 
key: 180412, value: 
key: 823591, value: 
key: 356482, value: 
key: 677165, value: 
key: 944030, value: 
key: 763514, value: 
key: 617, value: 
key: 610962, value: 
key: 577652, value: 
key: 47357, value: 
key: 832962, value: 
key: 196789, value: 
key: 460503, value: 
key: 686204, value: 
key: 202518, value: 
key: 294964, value: 
key: 644198, value: 
key: 356840, value: 
key: 763183, value: 
key: 64448, value: 
key: 109516, value: 
key: 999049, value: 
key: 262578, value: 
key: 419079, value: 
key: 630526, value: 
key: 734770, value: 
key: 425799, value: 
key: 104315, value: 
key: 633396, value: 
key: 573971, value: 
key: 71138, value: 
key: 779717, value: 
key: 264785, value: 
key: 594338, value: 
key: 717117, value: 
key: 172718, value: 
key: 760672, value: 
key: 462228, value: 
key: 207296, value: 
key: 956905, value: 
key: 96997, value: 
key: 898818, value: 
key: 154280, value: 
key: 33, value: 
key: 45278, value: 
key: 234052, value: 
key: 968735, value: 
key: 532996, value: 
key: 532750, value: 
key: 174675, value: 
key: 242523, value: 
key: 302362, value: 
key: 30492, value: 
key: 370824, value: 
key: 991548, value: 
key: 580900, value: 
key: 745510, value: 
key: 525435, value: 
key: 823085, value: 
key: 776929, value: 
key: 211288, value: 
key: 997942, value: 
key: 459688, value: 
key: 449449, value: 
key: 805377, value: 
key: 251107, value: 
key: 345936, value: 
key: 571627, value: 
key: 197061, value: 
key: 464127, value: 
key: 241083, value: 
key: 243810, value: 
key: 686169, value: 
key: 486334, value: 
key: 395786, value: 
key: 919836, value: 
key: 275806, value: 
key: 824686, value: 
key: 664813, value: 
key: 869267, value: 
key: 254166, value: 
key: 11983, value: 
key: 36429, value: 
key: 643256, value: 
key: 332141, value: 
key: 558886, value: 
key: 127527, value: 
key: 405508, value: 
key: 278395, value: 
key: 649768, value: 
key: 955225, value: 
key: 711939, value: 
key: 390569, value: 
key: 943754, value: 
key: 665762, value: 
key: 746492, value: 
key: 523116, value: 
key: 728634, value: 
key: 138406, value: 
key: 993867, value: 
key: 971816, value: 
key: 629090, value: 
key: 753685, value: 
key: 461081, value: 
key: 210609, value: 
key: 14452, value: 
key: 85429, value: 
key: 156185, value: 
key: 193087, value: 
key: 921352, value: 
key: 465320, value: 
key: 646187, value: 
key: 51659, value: 
key: 444365, value: 
key: 571209, value: 
key: 314107, value: 
key: 47373, value: 
key: 534381, value: 
key: 783064, value: 
key: 11408, value: 
key: 13068, value: 
key: 861937, value: 
key: 841124, value: 
key: 503051, value: 
key: 489058, value: 
key: 842013, value: 
key: 429377, value: 
key: 202787, value: 
key: 768162, value: 
key: 889780, value: 
key: 573627, value: 
key: 895020, value: 
key: 579261, value: 
key: 952862, value: 
key: 82756, value: 
key: 836186, value: 
key: 254243, value: 
key: 7391, value: 
key: 677394, value: 
key: 234560, value: 
key: 325110, value: 
key: 996998, value: 
key: 803812, value: 
key: 84329, value: 
key: 789345, value: 
key: 450979, value: 
key: 229104, value: 
key: 118406, value: 
key: 995810, value: 
key: 258436, value: 
key: 975960, value: 
key: 575753, value: 
key: 189437, value: 
key: 564759, value: 
key: 510994, value: 
key: 119476, value: 
key: 89685, value: 
key: 368649, value: 
key: 221366, value: 
key: 256896, value: 
key: 735450, value: 
key: 877796, value: 
key: 942229, value: 
key: 667849, value: 
key: 407836, value: 
key: 764917, value: 
key: 713533, value: 
key: 509318, value: 
key: 86015, value: 
key: 161699, value: 
key: 165871, value: 
key: 394789, value: 
key: 756956, value: 
key: 861030, value: 
key: 371331, value: 
key: 807094, value: 
key: 894069, value: 
key: 741550, value: 
key: 155542, value: 
key: 399902, value: 
key: 785406, value: 
key: 975757, value: 
key: 663456, value: 
key: 511535, value: 
key: 872896, value: 
key: 696339, value: 
key: 697235, value: 
key: 873781, value: 
key: 217280, value: 
key: 237970, value: 
key: 924746, value: 
key: 332725, value: 
key: 514499, value: 
key: 949929, value: 
key: 426541, value: 
key: 703501, value: 
key: 818649, value: 
key: 868608, value: 
key: 702117, value: 
key: 711256, value: 
key: 374150, value: 
key: 536822, value: 
key: 243627, value: 
key: 604017, value: 
key: 463094, value: 
key: 943051, value: 
key: 446967, value: 
key: 801751, value: 
key: 340719, value: 
key: 78331, value: 
key: 107804, value: 
key: 832243, value: 
key: 489861, value: 
key: 332233, value: 
key: 472555, value: 
key: 611570, value: 
key: 625047, value: 
key: 918039, value: 
key: 546955, value: 
key: 31084, value: 
key: 444707, value: 
key: 389488, value: 
key: 516172, value: 
key: 792673, value: 
key: 619743, value: 
key: 382687, value: 
key: 652874, value: 
key: 86109, value: 
key: 152466, value: 
key: 846130, value: 
key: 777670, value: 
key: 208114, value: 
key: 291181, value: 
key: 476757, value: 
key: 219871, value: 
key: 685650, value: 
key: 999308, value: 
key: 486156, value: 
key: 373061, value: 
key: 132936, value: 
key: 538231, value: 
key: 96371, value: 
key: 612032, value: 
key: 693091, value: 
key: 732659, value: 
key: 824394, value: 
key: 121701, value: 
key: 251141, value: 
key: 45117, value: 
key: 988894, value: 
key: 379586, value: 
key: 546867, value: 
key: 705992, value: 
key: 451806, value: 
key: 281984, value: 
key: 313766, value: 
key: 419307, value: 
key: 459945, value: 
key: 813042, value: 
key: 515915, value: 
key: 569820, value: 
key: 134181, value: 
key: 490405, value: 
key: 578910, value: 
key: 556303, value: 
key: 158611, value: 
key: 136909, value: 
key: 483731, value: 
key: 745217, value: 
key: 775575, value: 
key: 505945, value: 
key: 840055, value: 
key: 242701, value: 
key: 634069, value: 
key: 980539, value: 
key: 155331, value: 
key: 780276, value: 
key: 362087, value: 
key: 419475, value: 
key: 74856, value: 
key: 113391, value: 
key: 308869, value: 
key: 906267, value: 
key: 315344, value: 
key: 74212, value: 
key: 268756, value: 
key: 804833, value: 
key: 684530, value: 
key: 24426, value: 
key: 919809, value: 
key: 800659, value: 
key: 700757, value: 
key: 587741, value: 
key: 621894, value: 
key: 767105, value: 
key: 831330, value: 
key: 778505, value: 
key: 751546, value: 
key: 67058, value: 
key: 967563, value: 
key: 782209, value: 
key: 371319, value: 
key: 794000, value: 
key: 9940, value: 
key: 574725, value: 
key: 385189, value: 
key: 841113, value: 
key: 354303, value: 
key: 192192, value: 
key: 295064, value: 
key: 103453, value: 
key: 762683, value: 
key: 925264, value: 
key: 826996, value: 
key: 564373, value: 
key: 655062, value: 
key: 480996, value: 
key: 99718, value: 
key: 753085, value: 
key: 834458, value: 
key: 790187, value: 
key: 179065, value: 
key: 338787, value: 
key: 214054, value: 
key: 431655, value: 
key: 422659, value: 
key: 435235, value: 
key: 41016, value: 
key: 843836, value: 
key: 263245, value: 
key: 438256, value: 
key: 674416, value: 
key: 233934, value: 
key: 539205, value: 
key: 662767, value: 
key: 497545, value: 
key: 731982, value: 
key: 912017, value: 
key: 164722, value: 
key: 122786, value: 
key: 75466, value: 
key: 709046, value: 
key: 868587, value: 
key: 879776, value: 
key: 414683, value: 
key: 197942, value: 
key: 141860, value: 
key: 625748, value: 
key: 409072, value: 
key: 598125, value: 
key: 279149, value: 
key: 735791, value: 
key: 471493, value: 
key: 765673, value: 
key: 20451, value: 
key: 673976, value: 
key: 157023, value: 
key: 159100, value: 
key: 397829, value: 
key: 831211, value: 
key: 956068, value: 
key: 878689, value: 
key: 544203, value: 
key: 588355, value: 
key: 599652, value: 
key: 951409, value: 
key: 919827, value: 
key: 416438, value: 
key: 643924, value: 
key: 772192, value: 
key: 117272, value: 
key: 73868, value: 
key: 115218, value: 
key: 50621, value: 
key: 510682, value: 
key: 497938, value: 
key: 716619, value: 
key: 905721, value: 
key: 528289, value: 
key: 435053, value: 
key: 790408, value: 
key: 288642, value: 
key: 333711, value: 
key: 896236, value: 
key: 774039, value: 
key: 827391, value: 
key: 777708, value: 
key: 495327, value: 
key: 23058, value: 
key: 510336, value: 
key: 34519, value: 
key: 744858, value: 
key: 120456, value: 
key: 18920, value: 
key: 342386, value: 
key: 212182, value: 
key: 819903, value: 
key: 408460, value: 
key: 37097, value: 
key: 289548, value: 
key: 317782, value: 
key: 868945, value: 
key: 105440, value: 
key: 73972, value: 
key: 721466, value: 
key: 427786, value: 
key: 814892, value: 
key: 738817, value: 
key: 854005, value: 
key: 699536, value: 
key: 24624, value: 
key: 828408, value: 
key: 85368, value: 
key: 894269, value: 
key: 306881, value: 
key: 114956, value: 
key: 666048, value: 
key: 428444, value: 
key: 84363, value: 
key: 750570, value: 
key: 821218, value: 
key: 801616, value: 
key: 497778, value: 
key: 514983, value: 
key: 621047, value: 
key: 120216, value: 
key: 78281, value: 
key: 489478, value: 
key: 222082, value: 
key: 379113, value: 
key: 696069, value: 
key: 141266, value: 
key: 335939, value: 
key: 644453, value: 
key: 914642, value: 
key: 37552, value: 
key: 313902, value: 
key: 83229, value: 
key: 385426, value: 
key: 435509, value: 
key: 850654, value: 
key: 427881, value: 
key: 693929, value: 
key: 177351, value: 
key: 159153, value: 
key: 160382, value: 
key: 447120, value: 
key: 410212, value: 
key: 547925, value: 
key: 728753, value: 
key: 112561, value: 
key: 820624, value: 
key: 137281, value: 
key: 987437, value: 
key: 433282, value: 
key: 306698, value: 
key: 355834, value: 
key: 923541, value: 
key: 446341, value: 
key: 758082, value: 
key: 494162, value: 
key: 520153, value: 
key: 860716, value: 
key: 664253, value: 
key: 791971, value: 
key: 308762, value: 
key: 255457, value: 
key: 606710, value: 
key: 998626, value: 
key: 42819, value: 
key: 777672, value: 
key: 593760, value: 
key: 637642, value: 
key: 780852, value: 
key: 373023, value: 
key: 833244, value: 
key: 285502, value: 
key: 72250, value: 
key: 946597, value: 
key: 434867, value: 
key: 500290, value: 
key: 834494, value: 
key: 487973, value: 
key: 374013, value: 
key: 158772, value: 
key: 587318, value: 
key: 305783, value: 
key: 695082, value: 
key: 521053, value: 
key: 315625, value: 
key: 446804, value: 
key: 159595, value: 
key: 175418, value: 
key: 459273, value: 
key: 473228, value: 
key: 332497, value: 
key: 674467, value: 
key: 426783, value: 
key: 78302, value: 
key: 40002, value: 
key: 557942, value: 
key: 167622, value: 
key: 266798, value: 
key: 547747, value: 
key: 869636, value: 
key: 714969, value: 
key: 933786, value: 
key: 497886, value: 
key: 210966, value: 
key: 397148, value: 
key: 248798, value: 
key: 692436, value: 
key: 973667, value: 
key: 289845, value: 
key: 7395, value: 
key: 109396, value: 
key: 50801, value: 
key: 391531, value: 
key: 328753, value: 
key: 579083, value: 
key: 599702, value: 
key: 994190, value: 
key: 802093, value: 
key: 212560, value: 
key: 129682, value: 
key: 564874, value: 
key: 322669, value: 
key: 955652, value: 
key: 543770, value: 
key: 616267, value: 
key: 653989, value: 
key: 326577, value: 
key: 2767, value: 
key: 827182, value: 
key: 600800, value: 
key: 157449, value: 
key: 406996, value: 
key: 975728, value: 
key: 615154, value: 
key: 413558, value: 
key: 636337, value: 
key: 286822, value: 
key: 667355, value: 
key: 759757, value: 
key: 807492, value: 
key: 959850, value: 
key: 474634, value: 
key: 823395, value: 
key: 921673, value: 
key: 924555, value: 
key: 983963, value: 
key: 600518, value: 
key: 344506, value: 
key: 819048, value: 
key: 394576, value: 
key: 747598, value: 
key: 286273, value: 
key: 78065, value: 
key: 134796, value: 
key: 3265, value: 
key: 266512, value: 
key: 623962, value: 
key: 423911, value: 
key: 257192, value: 
key: 787578, value: 
key: 240897, value: 
key: 104159, value: 
key: 67261, value: 
key: 472162, value: 
key: 522988, value: 
key: 891190, value: 
key: 122717, value: 
key: 289672, value: 
key: 463157, value: 
key: 176446, value: 
key: 952776, value: 
key: 902597, value: 
key: 423744, value: 
key: 144294, value: 
key: 730859, value: 
key: 12063, value: 
key: 954460, value: 
key: 2482, value: 
key: 499279, value: 
key: 310048, value: 
key: 133214, value: 
key: 270823, value: 
key: 493107, value: 
key: 902371, value: 
key: 4141, value: 
key: 928827, value: 
key: 977852, value: 
key: 41829, value: 
key: 478210, value: 
key: 167428, value: 
key: 194068, value: 
key: 556677, value: 
key: 198309, value: 
key: 172909, value: 
key: 973188, value: 
key: 287759, value: 
key: 793191, value: 
key: 798716, value: 
key: 217817, value: 
key: 6220, value: 
key: 830414, value: 
key: 45616, value: 
key: 930255, value: 
key: 542676, value: 
key: 829108, value: 
key: 384755, value: 
key: 748302, value: 
key: 254926, value: 
key: 466103, value: 
key: 394402, value: 
key: 355559, value: 
key: 442648, value: 
key: 887751, value: 
key: 200996, value: 
key: 3342, value: 
key: 333474, value: 
key: 870588, value: 
key: 793571, value: 
key: 249276, value: 
key: 872476, value: 
key: 343226, value: 
key: 861706, value: 
key: 952499, value: 
key: 70807, value: 
key: 435411, value: 
key: 263171, value: 
key: 485867, value: 
key: 899974, value: 
key: 977717, value: 
key: 271136, value: 
key: 944045, value: 
key: 679361, value: 
key: 316006, value: 
key: 816052, value: 
key: 705552, value: 
key: 491372, value: 
key: 647487, value: 
key: 700412, value: 
key: 968515, value: 
key: 515407, value: 
key: 453475, value: 
key: 761901, value: 
key: 314686, value: 
key: 944692, value: 
key: 560324, value: 
key: 710297, value: 
key: 889678, value: 
key: 986775, value: 
key: 306737, value: 
key: 116462, value: 
key: 116244, value: 
key: 820444, value: 
key: 525592, value: 
key: 763280, value: 
key: 711122, value: 
key: 483630, value: 
key: 843193, value: 
key: 49764, value: 
key: 753362, value: 
key: 707187, value: 
key: 410133, value: 
key: 254553, value: 
key: 781655, value: 
key: 777023, value: 
key: 833570, value: 
key: 691154, value: 
key: 198091, value: 
key: 249740, value: 
key: 333766, value: 
key: 528887, value: 
key: 959023, value: 
key: 949286, value: 
key: 633899, value: 
key: 82790, value: 
key: 816894, value: 
key: 80433, value: 
key: 616094, value: 
key: 520731, value: 
key: 820837, value: 
key: 960133, value: 
key: 541466, value: 
key: 988773, value: 
key: 804639, value: 
key: 738093, value: 
key: 649355, value: 
key: 364430, value: 
key: 711731, value: 
key: 293848, value: 
key: 194846, value: 
key: 741857, value: 
key: 23911, value: 
key: 647634, value: 
key: 670092, value: 
key: 148593, value: 
key: 927884, value: 
key: 839394, value: 
key: 519362, value: 
key: 249254, value: 
key: 608895, value: 
key: 600433, value: 
key: 192749, value: 
key: 109406, value: 
key: 758930, value: 
key: 146368, value: 
key: 421346, value: 
key: 453064, value: 
key: 634227, value: 
key: 494791, value: 
key: 827357, value: 
key: 702360, value: 
key: 616588, value: 
key: 638906, value: 
key: 857697, value: 
key: 762728, value: 
key: 291095, value: 
key: 257536, value: 
key: 231347, value: 
key: 416722, value: 
key: 626198, value: 
key: 148531, value: 
key: 346960, value: 
key: 238001, value: 
key: 98904, value: 
key: 1874, value: 
key: 39417, value: 
key: 764713, value: 
key: 765200, value: 
key: 348247, value: 
key: 969736, value: 
key: 871785, value: 
key: 700113, value: 
key: 195476, value: 
key: 993735, value: 
key: 907611, value: 
key: 530938, value: 
key: 851932, value: 
key: 248280, value: 
key: 452687, value: 
key: 909956, value: 
key: 286161, value: 
key: 13147, value: 
key: 329576, value: 
key: 991018, value: 
key: 578165, value: 
key: 740898, value: 
key: 932174, value: 
key: 190178, value: 
key: 323143, value: 
key: 577063, value: 
key: 265795, value: 
key: 480549, value: 
key: 22927, value: 
key: 8026, value: 
key: 402435, value: 
key: 188520, value: 
key: 459747, value: 
key: 764764, value: 
key: 324881, value: 
key: 410302, value: 
key: 58320, value: 
key: 378789, value: 
key: 685018, value: 
key: 904935, value: 
key: 318998, value: 
key: 17455, value: 
key: 142379, value: 
key: 8501, value: 
key: 874432, value: 
key: 933216, value: 
key: 14344, value: 
key: 489346, value: 
key: 809618, value: 
key: 689645, value: 
key: 396369, value: 
key: 845654, value: 
key: 220439, value: 
key: 891699, value: 
key: 553883, value: 
key: 927871, value: 
key: 582416, value: 
key: 381051, value: 
key: 840279, value: 
key: 927732, value: 
key: 424466, value: 
key: 583987, value: 
key: 940157, value: 
key: 52843, value: 
key: 274807, value: 
key: 20406, value: 
key: 685579, value: 
key: 962777, value: 
key: 821285, value: 
key: 402761, value: 
key: 863717, value: 
key: 306715, value: 
key: 994240, value: 
key: 723578, value: 
key: 77488, value: 
key: 796790, value: 
key: 252348, value: 
key: 441160, value: 
key: 972880, value: 
key: 411372, value: 
key: 300258, value: 
key: 607698, value: 
key: 108520, value: 
key: 60154, value: 
key: 718666, value: 
key: 934969, value: 
key: 901460, value: 
key: 973195, value: 
key: 503545, value: 
key: 250968, value: 
key: 533283, value: 
key: 874092, value: 
key: 350587, value: 
key: 756321, value: 
key: 320812, value: 
key: 489807, value: 
key: 56669, value: 
key: 733267, value: 
key: 597175, value: 
key: 502348, value: 
key: 544159, value: 
key: 546209, value: 
key: 162748, value: 
key: 168915, value: 
key: 605849, value: 
key: 986023, value: 
key: 13284, value: 
key: 282976, value: 
key: 500032, value: 
key: 511263, value: 
key: 273587, value: 
key: 959245, value: 
key: 871493, value: 
key: 161583, value: 
key: 479064, value: 
key: 464587, value: 
key: 6431, value: 
key: 725936, value: 
key: 287188, value: 
key: 728863, value: 
key: 543189, value: 
key: 51859, value: 
key: 197139, value: 
key: 76399, value: 
key: 708515, value: 
key: 408701, value: 
key: 706230, value: 
key: 857576, value: 
key: 613750, value: 
key: 927840, value: 
key: 433721, value: 
key: 412487, value: 
key: 920869, value: 
key: 263683, value: 
key: 67982, value: 
key: 750602, value: 
key: 420662, value: 
key: 59040, value: 
key: 563228, value: 
key: 106780, value: 
key: 29168, value: 
key: 783855, value: 
key: 868932, value: 
key: 276331, value: 
key: 568270, value: 
key: 558543, value: 
key: 414021, value: 
key: 330046, value: 
key: 165828, value: 
key: 733102, value: 
key: 687940, value: 
key: 736235, value: 
key: 687786, value: 
key: 619332, value: 
key: 551520, value: 
key: 857877, value: 
key: 566021, value: 
key: 932864, value: 
key: 638777, value: 
key: 897451, value: 
key: 922142, value: 
key: 766375, value: 
key: 35592, value: 
key: 807542, value: 
key: 417091, value: 
key: 262804, value: 
key: 777863, value: 
key: 188847, value: 
key: 214401, value: 
key: 86284, value: 
key: 961918, value: 
key: 973379, value: 
key: 632252, value: 
key: 825647, value: 
key: 203586, value: 
key: 747343, value: 
key: 311702, value: 
key: 535683, value: 
key: 650065, value: 
key: 345105, value: 
key: 709114, value: 
key: 89180, value: 
key: 574899, value: 
key: 687443, value: 
key: 987778, value: 
key: 812003, value: 
key: 559175, value: 
key: 716415, value: 
key: 91600, value: 
key: 91646, value: 
key: 620785, value: 
key: 347620, value: 
key: 908511, value: 
key: 814304, value: 
key: 548403, value: 
key: 30337, value: 
key: 744393, value: 
key: 540124, value: 
key: 17679, value: 
key: 742254, value: 
key: 986193, value: 
key: 526458, value: 
key: 909202, value: 
key: 658612, value: 
key: 875983, value: 
key: 56162, value: 
key: 952303, value: 
key: 265566, value: 
key: 171816, value: 
key: 943387, value: 
key: 762845, value: 
key: 649531, value: 
key: 44378, value: 
key: 192895, value: 
key: 12838, value: 
key: 492562, value: 
key: 597135, value: 
key: 673763, value: 
key: 364537, value: 
key: 787905, value: 
key: 441867, value: 
key: 875916, value: 
key: 135410, value: 
key: 759575, value: 
key: 667276, value: 
key: 488152, value: 
key: 262608, value: 
key: 366368, value: 
key: 576893, value: 
key: 270382, value: 
key: 310055, value: 
key: 570208, value: 
key: 139108, value: 
key: 296144, value: 
key: 352721, value: 
key: 143749, value: 
key: 6905, value: 
key: 557265, value: 
key: 981176, value: 
key: 588742, value: 
key: 851569, value: 
key: 683654, value: 
key: 317728, value: 
key: 893028, value: 
key: 235851, value: 
key: 10652, value: 
key: 634184, value: 
key: 760119, value: 
key: 209700, value: 
key: 492799, value: 
key: 43043, value: 
key: 399777, value: 
key: 404486, value: 
key: 139696, value: 
key: 183587, value: 
key: 875273, value: 
key: 19709, value: 
key: 454845, value: 
key: 954046, value: 
key: 248866, value: 
key: 840833, value: 
key: 23526, value: 
key: 48293, value: 
key: 685685, value: 
key: 378497, value: 
key: 558338, value: 
key: 243762, value: 
key: 594325, value: 
key: 712, value: 
key: 523349, value: 
key: 942032, value: 
key: 657420, value: 
key: 134075, value: 
key: 443896, value: 
key: 864114, value: 
key: 78292, value: 
key: 643720, value: 
key: 300379, value: 
key: 696528, value: 
key: 494650, value: 
key: 45960, value: 
key: 704324, value: 
key: 337230, value: 
key: 79248, value: 
key: 438474, value: 
key: 694007, value: 
key: 526719, value: 
key: 132831, value: 
key: 584245, value: 
key: 736693, value: 
key: 39839, value: 
key: 382689, value: 
key: 327158, value: 
key: 213464, value: 
key: 920757, value: 
key: 973328, value: 
key: 489418, value: 
key: 465968, value: 
key: 262307, value: 
key: 140690, value: 
key: 38180, value: 
key: 691390, value: 
key: 729026, value: 
key: 314547, value: 
key: 658478, value: 
key: 14223, value: 
key: 112994, value: 
key: 790066, value: 
key: 429324, value: 
key: 239578, value: 
key: 891750, value: 
key: 5429, value: 
key: 868240, value: 
key: 605340, value: 
key: 872731, value: 
key: 152185, value: 
key: 259556, value: 
key: 546740, value: 
key: 884981, value: 
key: 990617, value: 
key: 777616, value: 
key: 914752, value: 
key: 341583, value: 
key: 690887, value: 
key: 232913, value: 
key: 443470, value: 
key: 469146, value: 
key: 276533, value: 
key: 305073, value: 
key: 631701, value: 
key: 808457, value: 
key: 950785, value: 
key: 186966, value: 
key: 383301, value: 
key: 258098, value: 
key: 40004, value: 
key: 437516, value: 
key: 533692, value: 
key: 465016, value: 
key: 25779, value: 
key: 802192, value: 
key: 905318, value: 
key: 996961, value: 
key: 355528, value: 
key: 984265, value: 
key: 314383, value: 
key: 795654, value: 
key: 154240, value: 
key: 52278, value: 
key: 926311, value: 
key: 2343, value: 
key: 87252, value: 
key: 151164, value: 
key: 344319, value: 
key: 32090, value: 
key: 303246, value: 
key: 941002, value: 
key: 653514, value: 
key: 420789, value: 
key: 598716, value: 
key: 318327, value: 
key: 239334, value: 
key: 523293, value: 
key: 725950, value: 
key: 510514, value: 
key: 648769, value: 
key: 886978, value: 
key: 827168, value: 
key: 806152, value: 
key: 864952, value: 
key: 149905, value: 
key: 784449, value: 
key: 486253, value: 
key: 116545, value: 
key: 531357, value: 
key: 748199, value: 
key: 182670, value: 
key: 705921, value: 
key: 606059, value: 
key: 852425, value: 
key: 623797, value: 
key: 488709, value: 
key: 971364, value: 
key: 162472, value: 
key: 19956, value: 
key: 954770, value: 
key: 742690, value: 
key: 966029, value: 
key: 583488, value: 
key: 813231, value: 
key: 975629, value: 
key: 528854, value: 
key: 551074, value: 
key: 187060, value: 
key: 810876, value: 
key: 327046, value: 
key: 875934, value: 
key: 362234, value: 
key: 114842, value: 
key: 579520, value: 
key: 125934, value: 
key: 954682, value: 
key: 794211, value: 
key: 800617, value: 
key: 937692, value: 
key: 585615, value: 
key: 943585, value: 
key: 40819, value: 
key: 838591, value: 
key: 319522, value: 
key: 594950, value: 
key: 875017, value: 
key: 835343, value: 
key: 883917, value: 
key: 917104, value: 
key: 232360, value: 
key: 401717, value: 
key: 396699, value: 
key: 608134, value: 
key: 616263, value: 
key: 86161, value: 
key: 603746, value: 
key: 571296, value: 
key: 93055, value: 
key: 357939, value: 
key: 406608, value: 
key: 877633, value: 
key: 294065, value: 
key: 75628, value: 
key: 659989, value: 
key: 756244, value: 
key: 288372, value: 
key: 156172, value: 
key: 41485, value: 
key: 740999, value: 
key: 919207, value: 
key: 875145, value: 
key: 931115, value: 
key: 34333, value: 
key: 437570, value: 
key: 219565, value: 
key: 930459, value: 
key: 887865, value: 
key: 10436, value: 
key: 958817, value: 
key: 130842, value: 
key: 131791, value: 
key: 184548, value: 
key: 516877, value: 
key: 820266, value: 
key: 599166, value: 
key: 467203, value: 
key: 794514, value: 
key: 677149, value: 
key: 236591, value: 
key: 107110, value: 
key: 729934, value: 
key: 627463, value: 
key: 723479, value: 
key: 634391, value: 
key: 249315, value: 
key: 866268, value: 
key: 674638, value: 
key: 619817, value: 
key: 573892, value: 
key: 614858, value: 
key: 437121, value: 
key: 64451, value: 
key: 830812, value: 
key: 40129, value: 
key: 434267, value: 
key: 853327, value: 
key: 278399, value: 
key: 325134, value: 
key: 195120, value: 
key: 367198, value: 
key: 777654, value: 
key: 118314, value: 
key: 698193, value: 
key: 607717, value: 
key: 91624, value: 
key: 324238, value: 
key: 821773, value: 
key: 786898, value: 
key: 903097, value: 
key: 729529, value: 
key: 883234, value: 
key: 750655, value: 
key: 214616, value: 
key: 32689, value: 
key: 8084, value: 
key: 892546, value: 
key: 232696, value: 
key: 28569, value: 
key: 838544, value: 
key: 926775, value: 
key: 144771, value: 
key: 956055, value: 
key: 624538, value: 
key: 427966, value: 
key: 950, value: 
key: 988890, value: 
key: 955221, value: 
key: 183516, value: 
key: 621247, value: 
key: 234465, value: 
key: 598752, value: 
key: 876665, value: 
key: 687306, value: 
key: 523909, value: 
key: 31174, value: 
key: 275228, value: 
key: 427012, value: 
key: 864060, value: 
key: 595528, value: 
key: 742243, value: 
key: 188478, value: 
key: 379276, value: 
key: 735283, value: 
key: 304506, value: 
key: 430223, value: 
key: 955595, value: 
key: 500746, value: 
key: 744322, value: 
key: 296599, value: 
key: 901664, value: 
key: 127994, value: 
key: 792277, value: 
key: 381923, value: 
key: 449663, value: 
key: 650476, value: 
key: 609876, value: 
key: 720649, value: 
key: 358204, value: 
key: 709488, value: 
key: 202264, value: 
key: 93820, value: 
key: 683076, value: 
key: 256034, value: 
key: 757380, value: 
key: 29418, value: 
key: 330523, value: 
key: 259947, value: 
key: 425753, value: 
key: 904137, value: 
key: 852856, value: 
key: 195818, value: 
key: 642521, value: 
key: 670856, value: 
key: 261195, value: 
key: 371102, value: 
key: 652391, value: 
key: 557308, value: 
key: 740142, value: 
key: 301479, value: 
key: 539096, value: 
key: 331618, value: 
key: 398820, value: 
key: 238472, value: 
key: 654106, value: 
key: 345596, value: 
key: 383756, value: 
key: 312899, value: 
key: 290625, value: 
key: 53642, value: 
key: 24390, value: 
key: 652746, value: 
key: 434665, value: 
key: 917649, value: 
key: 838348, value: 
key: 578479, value: 
key: 566474, value: 
key: 970710, value: 
key: 346607, value: 
key: 993371, value: 
key: 20068, value: 
key: 410872, value: 
key: 111739, value: 
key: 452779, value: 
key: 269319, value: 
key: 502368, value: 
key: 437479, value: 
key: 49609, value: 
key: 977867, value: 
key: 231215, value: 
key: 208563, value: 
key: 594219, value: 
key: 30331, value: 
key: 769561, value: 
key: 436348, value: 
key: 9962, value: 
key: 451475, value: 
key: 736815, value: 
key: 3728, value: 
key: 337203, value: 
key: 27438, value: 
key: 463515, value: 
key: 623584, value: 
key: 325275, value: 
key: 39105, value: 
key: 315593, value: 
key: 701451, value: 
key: 97505, value: 
key: 974763, value: 
key: 25832, value: 
key: 635822, value: 
key: 217093, value: 
key: 779939, value: 
key: 396237, value: 
key: 234359, value: 
key: 597142, value: 
key: 114389, value: 
key: 905033, value: 
key: 290289, value: 
key: 563190, value: 
key: 951335, value: 
key: 859558, value: 
key: 790606, value: 
key: 403885, value: 
key: 982533, value: 
key: 151960, value: 
key: 149589, value: 
key: 640688, value: 
key: 380795, value: 
key: 408800, value: 
key: 115281, value: 
key: 374545, value: 
key: 839493, value: 
key: 839271, value: 
key: 11624, value: 
key: 780834, value: 
key: 552776, value: 
key: 724669, value: 
key: 205870, value: 
key: 33325, value: 
key: 784618, value: 
key: 489047, value: 
key: 370260, value: 
key: 681788, value: 
key: 611798, value: 
key: 105062, value: 
key: 357515, value: 
key: 447283, value: 
key: 943073, value: 
key: 613060, value: 
key: 596550, value: 
key: 8954, value: 
key: 899297, value: 
key: 21203, value: 
key: 955151, value: 
key: 504441, value: 
key: 113427, value: 
key: 475505, value: 
key: 992530, value: 
key: 167107, value: 
key: 925240, value: 
key: 801636, value: 
key: 2264, value: 
key: 43733, value: 
key: 523936, value: 
key: 155760, value: 
key: 262884, value: 
key: 865490, value: 
key: 707279, value: 
key: 20837, value: 
key: 573755, value: 
key: 983981, value: 
key: 265450, value: 
key: 786180, value: 
key: 241120, value: 
key: 878971, value: 
key: 734633, value: 
key: 165354, value: 
key: 210821, value: 
key: 109877, value: 
key: 638331, value: 
key: 498131, value: 
key: 9645, value: 
key: 336569, value: 
key: 449140, value: 
key: 485779, value: 
key: 96362, value: 
key: 278807, value: 
key: 249852, value: 
key: 751010, value: 
key: 695895, value: 
key: 582627, value: 
key: 316114, value: 
key: 483784, value: 
key: 489122, value: 
key: 801429, value: 
key: 875518, value: 
key: 217242, value: 
key: 559346, value: 
key: 430832, value: 
key: 97958, value: 
key: 353948, value: 
key: 89111, value: 
key: 774754, value: 
key: 941569, value: 
key: 158651, value: 
key: 717571, value: 
key: 594440, value: 
key: 295406, value: 
key: 705037, value: 
key: 86905, value: 
key: 189642, value: 
key: 64631, value: 
key: 839439, value: 
key: 828253, value: 
key: 763415, value: 
key: 624482, value: 
key: 922830, value: 
key: 933027, value: 
key: 668684, value: 
key: 635707, value: 
key: 847696, value: 
key: 244707, value: 
key: 375511, value: 
key: 773094, value: 
key: 393847, value: 
key: 136747, value: 
key: 907820, value: 
key: 470423, value: 
key: 16346, value: 
key: 448453, value: 
key: 55060, value: 
key: 850702, value: 
key: 332543, value: 
key: 66257, value: 
key: 938710, value: 
key: 732064, value: 
key: 845670, value: 
key: 892434, value: 
key: 853158, value: 
key: 317438, value: 
key: 841506, value: 
key: 355599, value: 
key: 894032, value: 
key: 578857, value: 
key: 886703, value: 
key: 601258, value: 
key: 259323, value: 
key: 580610, value: 
key: 699769, value: 
key: 450740, value: 
key: 399032, value: 
key: 680446, value: 
key: 512055, value: 
key: 889940, value: 
key: 8305, value: 
key: 125228, value: 
key: 24734, value: 
key: 237006, value: 
key: 568380, value: 
key: 543026, value: 
key: 874137, value: 
key: 736765, value: 
key: 134545, value: 
key: 899875, value: 
key: 102139, value: 
key: 811819, value: 
key: 781349, value: 
key: 692186, value: 
key: 961419, value: 
key: 325783, value: 
key: 894801, value: 
key: 619512, value: 
key: 307855, value: 
key: 384249, value: 
key: 856252, value: 
key: 918758, value: 
key: 38045, value: 
key: 382748, value: 
key: 868215, value: 
key: 757085, value: 
key: 668927, value: 
key: 280299, value: 
key: 488747, value: 
key: 470539, value: 
key: 770509, value: 
key: 148980, value: 
key: 603782, value: 
key: 705969, value: 
key: 188768, value: 
key: 132000, value: 
key: 467887, value: 
key: 82134, value: 
key: 47104, value: 
key: 531212, value: 
key: 533070, value: 
key: 830849, value: 
key: 403166, value: 
key: 79024, value: 
key: 28563, value: 
key: 499174, value: 
key: 582148, value: 
key: 595490, value: 
key: 731889, value: 
key: 342094, value: 
key: 16203, value: 
key: 112525, value: 
key: 969369, value: 
key: 112084, value: 
key: 193766, value: 
key: 780533, value: 
key: 178619, value: 
key: 555261, value: 
key: 980245, value: 
key: 667920, value: 
key: 842958, value: 
key: 915746, value: 
key: 601320, value: 
key: 140315, value: 
key: 623520, value: 
key: 306636, value: 
key: 584272, value: 
key: 478322, value: 
key: 513579, value: 
key: 346586, value: 
key: 724586, value: 
key: 664336, value: 
key: 653149, value: 
key: 472038, value: 
key: 632209, value: 
key: 488897, value: 
key: 698694, value: 
key: 567994, value: 
key: 279079, value: 
key: 325215, value: 
key: 55253, value: 
key: 27607, value: 
key: 65179, value: 
key: 780683, value: 
key: 182348, value: 
key: 959160, value: 
key: 597153, value: 
key: 228930, value: 
key: 817875, value: 
key: 86288, value: 
key: 227997, value: 
key: 329356, value: 
key: 470016, value: 
key: 320515, value: 
key: 431981, value: 
key: 533263, value: 
key: 794813, value: 
key: 733144, value: 
key: 863764, value: 
key: 549202, value: 
key: 667753, value: 
key: 934701, value: 
key: 98140, value: 
key: 694625, value: 
key: 470043, value: 
key: 895831, value: 
key: 120278, value: 
key: 733957, value: 
key: 544371, value: 
key: 885016, value: 
key: 932316, value: 
key: 369215, value: 
key: 747532, value: 
key: 812212, value: 
key: 374882, value: 
key: 280020, value: 
key: 185938, value: 
key: 715027, value: 
key: 79329, value: 
key: 11648, value: 
key: 338662, value: 
key: 915371, value: 
key: 930495, value: 
key: 385095, value: 
key: 90010, value: 
key: 651611, value: 
key: 289351, value: 
key: 614630, value: 
key: 783037, value: 
key: 39080, value: 
key: 885344, value: 
key: 516349, value: 
key: 630142, value: 
key: 732646, value: 
key: 909756, value: 
key: 37439, value: 
key: 920979, value: 
key: 643166, value: 
key: 809007, value: 
key: 287331, value: 
key: 124476, value: 
key: 958093, value: 
key: 289814, value: 
key: 790033, value: 
key: 255002, value: 
key: 232324, value: 
key: 299233, value: 
key: 722964, value: 
key: 260354, value: 
key: 933948, value: 
key: 399416, value: 
key: 99389, value: 
key: 701400, value: 
key: 707893, value: 
key: 642075, value: 
key: 873378, value: 
key: 41841, value: 
key: 718, value: 
key: 691530, value: 
key: 279439, value: 
key: 47337, value: 
key: 59323, value: 
key: 867278, value: 
key: 200468, value: 
key: 811529, value: 
key: 899565, value: 
key: 481450, value: 
key: 383286, value: 
key: 986232, value: 
key: 257206, value: 
key: 299305, value: 
key: 862031, value: 
key: 54995, value: 
key: 240923, value: 
key: 991421, value: 
key: 283649, value: 
key: 774657, value: 
key: 733072, value: 
key: 391740, value: 
key: 828938, value: 
key: 896418, value: 
key: 714817, value: 
key: 426787, value: 
key: 755124, value: 
key: 83931, value: 
key: 345743, value: 
key: 450223, value: 
key: 934868, value: 
key: 802204, value: 
key: 322472, value: 
key: 925152, value: 
key: 586317, value: 
key: 313834, value: 
key: 690591, value: 
key: 190154, value: 
key: 2761, value: 
key: 434100, value: 
key: 830296, value: 
key: 511384, value: 
key: 170482, value: 
key: 366573, value: 
key: 899121, value: 
key: 636186, value: 
key: 521648, value: 
key: 964667, value: 
key: 53161, value: 
key: 265562, value: 
key: 4545, value: 
key: 986405, value: 
key: 550998, value: 
key: 857745, value: 
key: 121246, value: 
key: 641951, value: 
key: 467494, value: 
key: 586052, value: 
key: 986003, value: 
key: 992358, value: 
key: 812881, value: 
key: 10092, value: 
key: 439756, value: 
key: 22071, value: 
key: 619844, value: 
key: 39547, value: 
key: 625388, value: 
key: 326238, value: 
key: 967060, value: 
key: 976745, value: 
key: 408774, value: 
key: 763459, value: 
key: 304553, value: 
key: 873660, value: 
key: 723750, value: 
key: 791081, value: 
key: 528968, value: 
key: 197742, value: 
key: 401908, value: 
key: 58737, value: 
key: 335090, value: 
key: 227320, value: 
key: 364850, value: 
key: 80967, value: 
key: 282303, value: 
key: 161505, value: 
key: 702388, value: 
key: 825247, value: 
key: 544760, value: 
key: 544427, value: 
key: 513658, value: 
key: 48934, value: 
key: 927387, value: 
key: 436520, value: 
key: 14955, value: 
key: 220367, value: 
key: 135892, value: 
key: 760638, value: 
key: 12164, value: 
key: 577078, value: 
key: 193092, value: 
key: 272553, value: 
key: 169963, value: 
key: 75404, value: 
key: 351256, value: 
key: 925329, value: 
key: 476531, value: 
key: 916219, value: 
key: 600796, value: 
key: 25195, value: 
key: 446897, value: 
key: 408028, value: 
key: 384520, value: 
key: 441537, value: 
key: 433428, value: 
key: 977658, value: 
key: 249636, value: 
key: 946539, value: 
key: 269276, value: 
key: 546050, value: 
key: 316181, value: 
key: 73624, value: 
key: 911038, value: 
key: 969675, value: 
key: 148735, value: 
key: 237378, value: 
key: 698049, value: 
key: 534224, value: 
key: 68235, value: 
key: 583710, value: 
key: 837228, value: 
key: 512354, value: 
key: 661494, value: 
key: 769349, value: 
key: 86071, value: 
key: 436788, value: 
key: 490706, value: 
key: 605164, value: 
key: 532925, value: 
key: 796604, value: 
key: 254962, value: 
key: 296520, value: 
key: 863759, value: 
key: 988858, value: 
key: 626996, value: 
key: 162681, value: 
key: 835028, value: 
key: 369453, value: 
key: 680222, value: 
key: 610821, value: 
key: 654377, value: 
key: 638490, value: 
key: 750653, value: 
key: 855596, value: 
key: 193908, value: 
key: 727501, value: 
key: 890708, value: 
key: 907741, value: 
key: 545224, value: 
key: 54210, value: 
key: 217819, value: 
key: 27058, value: 
key: 929219, value: 
key: 805953, value: 
key: 472683, value: 
key: 431646, value: 
key: 624183, value: 
key: 805610, value: 
key: 614186, value: 
key: 635389, value: 
key: 352002, value: 
key: 859776, value: 
key: 531942, value: 
key: 88543, value: 
key: 912354, value: 
key: 491860, value: 
key: 253428, value: 
key: 206453, value: 
key: 802369, value: 
key: 104625, value: 
key: 51314, value: 
key: 918109, value: 
key: 866275, value: 
key: 54614, value: 
key: 650377, value: 
key: 217107, value: 
key: 894494, value: 
key: 847300, value: 
key: 135911, value: 
key: 136932, value: 
key: 320788, value: 
key: 646460, value: 
key: 541444, value: 
key: 662495, value: 
key: 91264, value: 
key: 537953, value: 
key: 421014, value: 
key: 85410, value: 
key: 405133, value: 
key: 328793, value: 
key: 743978, value: 
key: 795641, value: 
key: 17826, value: 
key: 893125, value: 
key: 24266, value: 
key: 948120, value: 
key: 301659, value: 
key: 899299, value: 
key: 328975, value: 
key: 691547, value: 
key: 694779, value: 
key: 807977, value: 
key: 436614, value: 
key: 251006, value: 
key: 648097, value: 
key: 813761, value: 
key: 218247, value: 
key: 351908, value: 
key: 284006, value: 
key: 181978, value: 
key: 938376, value: 
key: 900634, value: 
key: 906481, value: 
key: 871952, value: 
key: 346724, value: 
key: 136905, value: 
key: 34975, value: 
key: 742133, value: 
key: 127347, value: 
key: 972477, value: 
key: 700304, value: 
key: 177599, value: 
key: 493228, value: 
key: 568409, value: 
key: 863038, value: 
key: 413871, value: 
key: 155489, value: 
key: 556978, value: 
key: 670362, value: 
key: 162227, value: 
key: 773520, value: 
key: 286330, value: 
key: 166395, value: 
key: 821919, value: 
key: 160728, value: 
key: 529833, value: 
key: 382467, value: 
key: 37051, value: 
key: 940719, value: 
key: 508797, value: 
key: 195001, value: 
key: 513986, value: 
key: 973775, value: 
key: 981730, value: 
key: 698894, value: 
key: 184142, value: 
key: 484712, value: 
key: 664266, value: 
key: 809001, value: 
key: 995283, value: 
key: 240086, value: 
key: 282693, value: 
key: 703334, value: 
key: 127352, value: 
key: 981310, value: 
key: 454605, value: 
key: 535223, value: 
key: 792503, value: 
key: 223869, value: 
key: 634777, value: 
key: 162036, value: 
key: 765709, value: 
key: 138695, value: 
key: 846974, value: 
key: 560977, value: 
key: 302892, value: 
key: 616678, value: 
key: 355083, value: 
key: 460938, value: 
key: 274456, value: 
key: 530985, value: 
key: 219640, value: 
key: 696124, value: 
key: 32003, value: 
key: 509781, value: 
key: 328416, value: 
key: 29957, value: 
key: 303558, value: 
key: 26569, value: 
key: 376268, value: 
key: 590747, value: 
key: 508272, value: 
key: 725505, value: 
key: 305415, value: 
key: 251208, value: 
key: 278357, value: 
key: 898229, value: 
key: 607032, value: 
key: 880965, value: 
key: 147413, value: 
key: 832377, value: 
key: 451233, value: 
key: 339810, value: 
key: 508472, value: 
key: 710095, value: 
key: 807223, value: 
key: 939636, value: 
key: 298162, value: 
key: 904403, value: 
key: 475697, value: 
key: 2888, value: 
key: 910424, value: 
key: 969381, value: 
key: 418016, value: 
key: 258737, value: 
key: 910143, value: 
key: 6725, value: 
key: 591698, value: 
key: 830773, value: 
key: 243841, value: 
key: 946566, value: 
key: 675976, value: 
key: 116831, value: 
key: 293327, value: 
key: 743666, value: 
key: 125398, value: 
key: 411730, value: 
key: 382627, value: 
key: 34177, value: 
key: 3232, value: 
key: 914064, value: 
key: 170703, value: 
key: 849988, value: 
key: 564256, value: 
key: 484716, value: 
key: 225458, value: 
key: 221957, value: 
key: 374567, value: 
key: 666336, value: 
key: 549769, value: 
key: 17660, value: 
key: 72995, value: 
key: 718295, value: 
key: 730626, value: 
key: 80059, value: 
key: 991465, value: 
key: 386050, value: 
key: 247225, value: 
key: 438001, value: 
key: 748764, value: 
key: 301468, value: 
key: 113063, value: 
key: 195881, value: 
key: 932673, value: 
key: 909299, value: 
key: 864918, value: 
key: 630344, value: 
key: 435497, value: 
key: 172453, value: 
key: 652966, value: 
key: 704393, value: 
key: 751548, value: 
key: 599371, value: 
key: 456487, value: 
key: 205269, value: 
key: 778433, value: 
key: 465537, value: 
key: 814641, value: 
key: 348551, value: 
key: 189783, value: 
key: 791751, value: 
key: 496766, value: 
key: 337731, value: 
key: 958019, value: 
key: 989392, value: 
key: 99817, value: 
key: 938455, value: 
key: 127301, value: 
key: 571252, value: 
key: 915863, value: 
key: 817837, value: 
key: 280532, value: 
key: 754385, value: 
key: 585066, value: 
key: 431503, value: 
key: 214115, value: 
key: 994541, value: 
key: 847092, value: 
key: 507213, value: 
key: 824112, value: 
key: 629494, value: 
key: 265751, value: 
key: 792219, value: 
key: 458760, value: 
key: 603577, value: 
key: 166014, value: 
key: 466442, value: 
key: 483229, value: 
key: 689490, value: 
key: 762670, value: 
key: 666378, value: 
key: 218128, value: 
key: 709589, value: 
key: 461803, value: 
key: 611020, value: 
key: 171360, value: 
key: 995584, value: 
key: 248554, value: 
key: 252731, value: 
key: 104175, value: 
key: 433242, value: 
key: 712152, value: 
key: 150877, value: 
key: 314613, value: 
key: 211796, value: 
key: 36452, value: 
key: 445902, value: 
key: 28336, value: 
key: 378774, value: 
key: 561514, value: 
key: 883300, value: 
key: 722256, value: 
key: 924562, value: 
key: 972464, value: 
key: 873998, value: 
key: 932103, value: 
key: 617907, value: 
key: 356402, value: 
key: 506335, value: 
key: 880741, value: 
key: 268413, value: 
key: 868101, value: 
key: 564764, value: 
key: 994741, value: 
key: 641179, value: 
key: 56180, value: 
key: 211608, value: 
key: 453615, value: 
key: 708357, value: 
key: 17475, value: 
key: 20200, value: 
key: 251349, value: 
key: 624781, value: 
key: 927440, value: 
key: 745950, value: 
key: 488325, value: 
key: 219149, value: 
key: 320072, value: 
key: 941192, value: 
key: 424435, value: 
key: 155005, value: 
key: 86381, value: 
key: 821755, value: 
key: 337074, value: 
key: 306676, value: 
key: 55167, value: 
key: 950741, value: 
key: 14126, value: 
key: 687274, value: 
key: 137885, value: 
key: 466637, value: 
key: 905383, value: 
key: 308740, value: 
key: 85885, value: 
key: 840743, value: 
key: 503266, value: 
key: 531195, value: 
key: 791968, value: 
key: 248330, value: 
key: 799580, value: 
key: 560537, value: 
key: 602084, value: 
key: 137238, value: 
key: 539650, value: 
key: 903196, value: 
key: 738309, value: 
key: 975476, value: 
key: 859440, value: 
key: 93646, value: 
key: 952853, value: 
key: 284011, value: 
key: 135814, value: 
key: 395322, value: 
key: 16562, value: 
key: 774303, value: 
key: 74122, value: 
key: 909286, value: 
key: 882590, value: 
key: 559922, value: 
key: 329158, value: 
key: 806965, value: 
key: 344553, value: 
key: 336244, value: 
key: 205841, value: 
key: 629133, value: 
key: 754163, value: 
key: 738101, value: 
key: 928366, value: 
key: 447535, value: 
key: 514329, value: 
key: 227380, value: 
key: 712530, value: 
key: 946641, value: 
key: 571924, value: 
key: 996293, value: 
key: 940210, value: 
key: 863067, value: 
key: 912637, value: 
key: 166139, value: 
key: 446684, value: 
key: 514875, value: 
key: 487649, value: 
key: 38016, value: 
key: 984012, value: 
key: 926186, value: 
key: 287344, value: 
key: 657370, value: 
key: 581767, value: 
key: 278650, value: 
key: 700100, value: 
key: 87063, value: 
key: 248080, value: 
key: 328555, value: 
key: 237392, value: 
key: 589718, value: 
key: 789244, value: 
key: 453822, value: 
key: 452793, value: 
key: 954378, value: 
key: 9283, value: 
key: 262947, value: 
key: 907228, value: 
key: 568061, value: 
key: 785639, value: 
key: 826347, value: 
key: 986160, value: 
key: 659556, value: 
key: 93622, value: 
key: 810955, value: 
key: 131980, value: 
key: 22259, value: 
key: 787895, value: 
key: 957072, value: 
key: 996765, value: 
key: 311317, value: 
key: 151580, value: 
key: 97743, value: 
key: 996275, value: 
key: 659400, value: 
key: 144140, value: 
key: 948513, value: 
key: 233956, value: 
key: 19679, value: 
key: 176208, value: 
key: 444493, value: 
key: 459428, value: 
key: 59602, value: 
key: 651233, value: 
key: 390947, value: 
key: 736248, value: 
key: 297613, value: 
key: 126984, value: 
key: 219934, value: 
key: 433415, value: 
key: 130806, value: 
key: 701895, value: 
key: 973320, value: 
key: 746177, value: 
key: 815402, value: 
key: 580195, value: 
key: 563086, value: 
key: 542090, value: 
key: 672843, value: 
key: 833710, value: 
key: 687434, value: 
key: 959386, value: 
key: 264451, value: 
key: 907493, value: 
key: 779508, value: 
key: 271011, value: 
key: 851633, value: 
key: 905651, value: 
key: 243492, value: 
key: 618199, value: 
key: 489616, value: 
key: 384296, value: 
key: 481166, value: 
key: 396437, value: 
key: 921851, value: 
key: 420095, value: 
key: 567721, value: 
key: 596868, value: 
key: 729055, value: 
key: 143831, value: 
key: 926803, value: 
key: 577755, value: 
key: 721866, value: 
key: 592675, value: 
key: 693750, value: 
key: 822664, value: 
key: 956514, value: 
key: 215392, value: 
key: 738873, value: 
key: 805094, value: 
key: 41407, value: 
key: 522494, value: 
key: 288392, value: 
key: 832744, value: 
key: 322777, value: 
key: 440419, value: 
key: 336705, value: 
key: 955470, value: 
key: 232061, value: 
key: 97549, value: 
key: 869908, value: 
key: 188784, value: 
key: 668769, value: 
key: 80826, value: 
key: 681872, value: 
key: 441135, value: 
key: 603331, value: 
key: 153175, value: 
key: 286873, value: 
key: 473727, value: 
key: 187196, value: 
key: 953351, value: 
key: 789668, value: 
key: 697976, value: 
key: 65832, value: 
key: 653891, value: 
key: 717542, value: 
key: 838083, value: 
key: 796013, value: 
key: 240875, value: 
key: 82161, value: 
key: 668084, value: 
key: 122940, value: 
key: 566986, value: 
key: 102410, value: 
key: 732332, value: 
key: 889827, value: 
key: 619402, value: 
key: 326784, value: 
key: 529042, value: 
key: 392129, value: 
key: 431428, value: 
key: 744506, value: 
key: 898290, value: 
key: 53248, value: 
key: 80596, value: 
key: 366438, value: 
key: 430414, value: 
key: 448848, value: 
key: 981576, value: 
key: 722719, value: 
key: 580360, value: 
key: 746955, value: 
key: 970903, value: 
key: 963190, value: 
key: 716592, value: 
key: 720490, value: 
key: 789127, value: 
key: 689456, value: 
key: 703495, value: 
key: 942937, value: 
key: 158615, value: 
key: 921981, value: 
key: 934598, value: 
key: 423047, value: 
key: 398118, value: 
key: 999656, value: 
key: 245104, value: 
key: 565068, value: 
key: 636827, value: 
key: 14427, value: 
key: 683238, value: 
key: 160964, value: 
key: 563381, value: 
key: 958880, value: 
key: 435745, value: 
key: 620974, value: 
key: 164788, value: 
key: 730765, value: 
key: 517254, value: 
key: 681652, value: 
key: 518554, value: 
key: 196871, value: 
key: 984663, value: 
key: 505963, value: 
key: 476267, value: 
key: 639639, value: 
key: 842307, value: 
key: 821294, value: 
key: 691381, value: 
key: 883829, value: 
key: 117878, value: 
key: 981518, value: 
key: 624815, value: 
key: 148582, value: 
key: 721596, value: 
key: 677176, value: 
key: 162100, value: 
key: 47863, value: 
key: 281810, value: 
key: 777726, value: 
key: 655372, value: 
key: 78054, value: 
key: 121020, value: 
key: 481793, value: 
key: 640242, value: 
key: 10982, value: 
key: 677703, value: 
key: 391049, value: 
key: 2936, value: 
key: 464989, value: 
key: 245739, value: 
key: 378329, value: 
key: 798521, value: 
key: 526113, value: 
key: 718473, value: 
key: 433639, value: 
key: 567282, value: 
key: 430276, value: 
key: 295534, value: 
key: 372994, value: 
key: 969097, value: 
key: 897082, value: 
key: 714862, value: 
key: 779629, value: 
key: 748687, value: 
key: 314727, value: 
key: 994053, value: 
key: 885173, value: 
key: 882938, value: 
key: 449326, value: 
key: 343811, value: 
key: 188007, value: 
key: 789835, value: 
key: 301839, value: 
key: 179946, value: 
key: 739946, value: 
key: 29780, value: 
key: 403777, value: 
key: 306142, value: 
key: 374028, value: 
key: 491073, value: 
key: 318806, value: 
key: 224040, value: 
key: 928784, value: 
key: 494348, value: 
key: 25199, value: 
key: 9087, value: 
key: 660587, value: 
key: 866682, value: 
key: 594321, value: 
key: 253400, value: 
key: 287300, value: 
key: 574138, value: 
key: 27713, value: 
key: 131540, value: 
key: 604725, value: 
key: 369390, value: 
key: 625898, value: 
key: 987806, value: 
key: 769961, value: 
key: 443298, value: 
key: 309710, value: 
key: 30265, value: 
key: 864174, value: 
key: 968816, value: 
key: 958376, value: 
key: 776990, value: 
key: 360902, value: 
key: 821302, value: 
key: 32005, value: 
key: 527736, value: 
key: 331379, value: 
key: 992822, value: 
key: 576295, value: 
key: 304364, value: 
key: 301787, value: 
key: 405766, value: 
key: 519917, value: 
key: 525268, value: 
key: 234537, value: 
key: 765862, value: 
key: 980081, value: 
key: 615325, value: 
key: 937160, value: 
key: 193270, value: 
key: 826772, value: 
key: 561042, value: 
key: 222455, value: 
key: 709826, value: 
key: 5461, value: 
key: 563495, value: 
key: 400448, value: 
key: 718037, value: 
key: 3416, value: 
key: 743257, value: 
key: 941831, value: 
key: 271932, value: 
key: 591184, value: 
key: 900368, value: 
key: 169893, value: 
key: 756866, value: 
key: 387338, value: 
key: 277745, value: 
key: 35031, value: 
key: 235707, value: 
key: 293206, value: 
key: 980524, value: 
key: 573018, value: 
key: 235130, value: 
key: 302759, value: 
key: 783226, value: 
key: 353207, value: 
key: 199290, value: 
key: 292935, value: 
key: 523145, value: 
key: 849856, value: 
key: 104090, value: 
key: 223052, value: 
key: 811026, value: 
key: 76256, value: 
key: 909323, value: 
key: 465380, value: 
key: 473194, value: 
key: 61142, value: 
key: 394051, value: 
key: 873334, value: 
key: 255112, value: 
key: 213622, value: 
key: 44956, value: 
key: 647881, value: 
key: 110394, value: 
key: 472467, value: 
key: 427937, value: 
key: 998804, value: 
key: 178811, value: 
key: 951513, value: 
key: 732718, value: 
key: 94241, value: 
key: 519650, value: 
key: 448945, value: 
key: 152545, value: 
key: 305914, value: 
key: 630207, value: 
key: 836528, value: 
key: 120106, value: 
key: 30924, value: 
key: 187390, value: 
key: 894964, value: 
key: 440804, value: 
key: 173630, value: 
key: 383224, value: 
key: 66811, value: 
key: 35286, value: 
key: 536088, value: 
key: 652135, value: 
key: 540999, value: 
key: 144986, value: 
key: 826932, value: 
key: 658380, value: 
key: 392246, value: 
key: 891279, value: 
key: 557049, value: 
key: 484286, value: 
key: 465078, value: 
key: 453103, value: 
key: 417581, value: 
key: 47825, value: 
key: 344410, value: 
key: 887409, value: 
key: 525200, value: 
key: 987822, value: 
key: 928564, value: 
key: 11835, value: 
key: 840725, value: 
key: 388421, value: 
key: 605519, value: 
key: 531382, value: 
key: 867690, value: 
key: 880176, value: 
key: 281580, value: 
key: 549954, value: 
key: 119357, value: 
key: 389501, value: 
key: 276359, value: 
key: 905129, value: 
key: 416267, value: 
key: 353959, value: 
key: 742580, value: 
key: 501242, value: 
key: 515801, value: 
key: 262925, value: 
key: 383376, value: 
key: 536428, value: 
key: 339166, value: 
key: 713845, value: 
key: 109860, value: 
key: 120733, value: 
key: 262695, value: 
key: 167143, value: 
key: 91635, value: 
key: 207045, value: 
key: 868330, value: 
key: 109866, value: 
key: 322885, value: 
key: 964560, value: 
key: 230438, value: 
key: 419062, value: 
key: 201139, value: 
key: 632296, value: 
key: 647368, value: 
key: 805476, value: 
key: 619305, value: 
key: 165781, value: 
key: 74636, value: 
key: 564931, value: 
key: 548467, value: 
key: 591049, value: 
key: 210654, value: 
key: 177393, value: 
key: 237426, value: 
key: 3252, value: 
key: 910763, value: 
key: 149734, value: 
key: 286837, value: 
key: 72100, value: 
key: 482516, value: 
key: 269889, value: 
key: 379250, value: 
key: 986852, value: 
key: 322133, value: 
key: 145437, value: 
key: 996385, value: 
key: 165235, value: 
key: 340843, value: 
key: 771135, value: 
key: 89304, value: 
key: 606622, value: 
key: 37211, value: 
key: 403638, value: 
key: 895493, value: 
key: 424101, value: 
key: 451615, value: 
key: 448895, value: 
key: 516330, value: 
key: 12344, value: 
key: 251987, value: 
key: 309341, value: 
key: 173870, value: 
key: 918079, value: 
key: 331087, value: 
key: 290779, value: 
key: 872210, value: 
key: 907688, value: 
key: 638874, value: 
key: 892924, value: 
key: 970581, value: 
key: 366418, value: 
key: 427775, value: 
key: 936284, value: 
key: 549996, value: 
key: 651954, value: 
key: 236876, value: 
key: 329505, value: 
key: 965552, value: 
key: 837545, value: 
key: 780472, value: 
key: 425713, value: 
key: 618205, value: 
key: 148399, value: 
key: 596938, value: 
key: 191009, value: 
key: 532703, value: 
key: 852106, value: 
key: 63410, value: 
key: 427975, value: 
key: 833246, value: 
key: 906210, value: 
key: 904177, value: 
key: 966416, value: 
key: 436263, value: 
key: 250098, value: 
key: 852270, value: 
key: 936994, value: 
key: 369200, value: 
key: 937979, value: 
key: 803779, value: 
key: 55389, value: 
key: 236577, value: 
key: 717649, value: 
key: 740614, value: 
key: 429438, value: 
key: 727462, value: 
key: 833998, value: 
key: 621485, value: 
key: 508238, value: 
key: 504935, value: 
key: 450131, value: 
key: 159117, value: 
key: 438618, value: 
key: 415486, value: 
key: 691457, value: 
key: 954244, value: 
key: 691110, value: 
key: 131906, value: 
key: 342364, value: 
key: 949679, value: 
key: 474751, value: 
key: 179768, value: 
key: 439475, value: 
key: 156701, value: 
key: 609722, value: 
key: 465490, value: 
key: 680271, value: 
key: 916055, value: 
key: 508827, value: 
key: 455556, value: 
key: 932598, value: 
key: 993122, value: 
key: 75978, value: 
key: 377292, value: 
key: 338402, value: 
key: 9793, value: 
key: 476522, value: 
key: 763646, value: 
key: 416694, value: 
key: 837512, value: 
key: 319690, value: 
key: 168481, value: 
key: 854104, value: 
key: 134842, value: 
key: 623777, value: 
key: 992396, value: 
key: 677060, value: 
key: 420028, value: 
key: 678997, value: 
key: 212373, value: 
key: 813468, value: 
key: 293440, value: 
key: 917322, value: 
key: 817040, value: 
key: 983196, value: 
key: 671947, value: 
key: 516228, value: 
key: 566395, value: 
key: 763284, value: 
key: 345211, value: 
key: 684082, value: 
key: 109178, value: 
key: 886039, value: 
key: 440309, value: 
key: 102038, value: 
key: 310824, value: 
key: 899567, value: 
key: 840921, value: 
key: 210162, value: 
key: 899033, value: 
key: 774761, value: 
key: 815444, value: 
key: 458816, value: 
key: 314668, value: 
key: 421247, value: 
key: 537391, value: 
key: 523138, value: 
key: 446668, value: 
key: 721408, value: 
key: 955511, value: 
key: 50191, value: 
key: 914871, value: 
key: 544391, value: 
key: 277721, value: 
key: 952295, value: 
key: 167668, value: 
key: 617992, value: 
key: 971094, value: 
key: 869025, value: 
key: 336260, value: 
key: 872447, value: 
key: 172851, value: 
key: 246390, value: 
key: 391294, value: 
key: 746911, value: 
key: 4527, value: 
key: 802105, value: 
key: 242712, value: 
key: 556662, value: 
key: 223634, value: 
key: 49500, value: 
key: 621263, value: 
key: 300586, value: 
key: 432485, value: 
key: 712141, value: 
key: 46301, value: 
key: 171746, value: 
key: 456917, value: 
key: 784201, value: 
key: 87788, value: 
key: 853127, value: 
key: 839745, value: 
key: 199429, value: 
key: 866509, value: 
key: 409313, value: 
key: 567013, value: 
key: 480136, value: 
key: 992451, value: 
key: 527158, value: 
key: 762124, value: 
key: 24251, value: 
key: 632184, value: 
key: 922478, value: 
key: 668402, value: 
key: 480181, value: 
key: 93286, value: 
key: 83250, value: 
key: 630830, value: 
key: 951250, value: 
key: 622028, value: 
key: 79482, value: 
key: 85238, value: 
key: 960838, value: 
key: 212812, value: 
key: 509778, value: 
key: 276520, value: 
key: 405487, value: 
key: 342520, value: 
key: 830423, value: 
key: 243951, value: 
key: 86789, value: 
key: 405885, value: 
key: 665966, value: 
key: 305400, value: 
key: 250966, value: 
key: 876182, value: 
key: 767802, value: 
key: 706939, value: 
key: 786908, value: 
key: 672216, value: 
key: 855998, value: 
key: 763796, value: 
key: 151762, value: 
key: 357009, value: 
key: 940654, value: 
key: 873653, value: 
key: 143170, value: 
key: 333498, value: 
key: 166319, value: 
key: 211569, value: 
key: 304324, value: 
key: 700379, value: 
key: 124960, value: 
key: 518918, value: 
key: 322225, value: 
key: 370044, value: 
key: 113089, value: 
key: 893721, value: 
key: 894786, value: 
key: 554242, value: 
key: 28552, value: 
key: 831088, value: 
key: 740119, value: 
key: 997780, value: 
key: 410524, value: 
key: 794792, value: 
key: 301785, value: 
key: 169303, value: 
key: 856373, value: 
key: 504999, value: 
key: 309866, value: 
key: 819936, value: 
key: 582283, value: 
key: 149875, value: 
key: 177537, value: 
key: 918932, value: 
key: 853882, value: 
key: 466974, value: 
key: 48363, value: 
get/s 0.00
put/s 0.00
aborts/s 0.00
ops/s 0.00

key: 486538, value: 
key: 911049, value: 
key: 607393, value: 
key: 167495, value: 
key: 519812, value: 
key: 808936, value: 
key: 824855, value: 
key: 38214, value: 
key: 486121, value: 
key: 78128, value: 
key: 80435, value: 
key: 497802, value: 
key: 111478, value: 
key: 72771, value: 
key: 299842, value: 
key: 964407, value: 
key: 730815, value: 
key: 318499, value: 
key: 193900, value: 
key: 709666, value: 
key: 933836, value: 
key: 859370, value: 
key: 524032, value: 
key: 986502, value: 
key: 411206, value: 
key: 59994, value: 
key: 679880, value: 
key: 23573, value: 
key: 972774, value: 
key: 557829, value: 
key: 922692, value: 
key: 866491, value: 
key: 490900, value: 
key: 209926, value: 
key: 850548, value: 
key: 655996, value: 
key: 460022, value: 
key: 722481, value: 
key: 286499, value: 
key: 448196, value: 
key: 835305, value: 
key: 154916, value: 
key: 469007, value: 
key: 409386, value: 
key: 274256, value: 
key: 895543, value: 
key: 847748, value: 
key: 929220, value: 
key: 936680, value: 
key: 160791, value: 
key: 736448, value: 
key: 132125, value: 
key: 21353, value: 
key: 467919, value: 
key: 738295, value: 
key: 632137, value: 
key: 605946, value: 
key: 594356, value: 
key: 115717, value: 
key: 8062, value: 
key: 751434, value: 
key: 589125, value: 
key: 431275, value: 
key: 552608, value: 
key: 569778, value: 
key: 540744, value: 
key: 158299, value: 
key: 619840, value: 
key: 961240, value: 
key: 220246, value: 
key: 625409, value: 
key: 437013, value: 
key: 644862, value: 
key: 589820, value: 
key: 869944, value: 
key: 133982, value: 
key: 466152, value: 
key: 927707, value: 
key: 467926, value: 
key: 249971, value: 
key: 362290, value: 
key: 125334, value: 
key: 698018, value: 
key: 161646, value: 
key: 338613, value: 
key: 362793, value: 
key: 175955, value: 
key: 800929, value: 
key: 777296, value: 
key: 658265, value: 
key: 934998, value: 
key: 861267, value: 
key: 875925, value: 
key: 711216, value: 
key: 464783, value: 
key: 410393, value: 
key: 88949, value: 
key: 551407, value: 
key: 385220, value: 
key: 417484, value: 
key: 593511, value: 
key: 832539, value: 
key: 957935, value: 
key: 704388, value: 
key: 452803, value: 
key: 799731, value: 
key: 773469, value: 
key: 880813, value: 
key: 120207, value: 
key: 994376, value: 
key: 763011, value: 
key: 888468, value: 
key: 566124, value: 
key: 403847, value: 
key: 374639, value: 
key: 535320, value: 
key: 281290, value: 
key: 385123, value: 
key: 831495, value: 
key: 372228, value: 
key: 853110, value: 
key: 77428, value: 
key: 904173, value: 
key: 256564, value: 
key: 536611, value: 
key: 27311, value: 
key: 518378, value: 
key: 492533, value: 
key: 821683, value: 
key: 688004, value: 
key: 551856, value: 
key: 342049, value: 
key: 33066, value: 
key: 623322, value: 
key: 967725, value: 
key: 648631, value: 
key: 114187, value: 
key: 140388, value: 
key: 978404, value: 
key: 397005, value: 
key: 499534, value: 
key: 254737, value: 
key: 895501, value: 
key: 59255, value: 
key: 459798, value: 
key: 526544, value: 
key: 742353, value: 
key: 118754, value: 
key: 387752, value: 
key: 234593, value: 
key: 162559, value: 
key: 326348, value: 
key: 617811, value: 
key: 700582, value: 
key: 233080, value: 
key: 191791, value: 
key: 79138, value: 
key: 298986, value: 
key: 783022, value: 
key: 9702, value: 
key: 838597, value: 
key: 978051, value: 
key: 110932, value: 
key: 618627, value: 
key: 286855, value: 
key: 144614, value: 
key: 402480, value: 
key: 886033, value: 
key: 340685, value: 
key: 787749, value: 
key: 368713, value: 
key: 387664, value: 
key: 351096, value: 
key: 973940, value: 
key: 567062, value: 
key: 819730, value: 
key: 707495, value: 
key: 505099, value: 
key: 858816, value: 
key: 822389, value: 
key: 712196, value: 
key: 473950, value: 
key: 68714, value: 
key: 978527, value: 
key: 734741, value: 
key: 298258, value: 
key: 973186, value: 
key: 835208, value: 
key: 634058, value: 
key: 108245, value: 
key: 489425, value: 
key: 466712, value: 
key: 940270, value: 
key: 391551, value: 
key: 610773, value: 
key: 40811, value: 
key: 904296, value: 
key: 408921, value: 
key: 25209, value: 
key: 898733, value: 
key: 784670, value: 
key: 240280, value: 
key: 927422, value: 
key: 625612, value: 
key: 246909, value: 
key: 127109, value: 
key: 153386, value: 
key: 595487, value: 
key: 898560, value: 
key: 966755, value: 
key: 770381, value: 
key: 115452, value: 
key: 668105, value: 
key: 772578, value: 
key: 246655, value: 
key: 451062, value: 
key: 838467, value: 
key: 602888, value: 
key: 219624, value: 
key: 895394, value: 
key: 650216, value: 
key: 194590, value: 
key: 738107, value: 
key: 151818, value: 
key: 254030, value: 
key: 614188, value: 
key: 338596, value: 
key: 959102, value: 
key: 957913, value: 
key: 841984, value: 
key: 591078, value: 
key: 195056, value: 
key: 120885, value: 
key: 580746, value: 
key: 933441, value: 
key: 880420, value: 
key: 902788, value: 
key: 370882, value: 
key: 514097, value: 
key: 362025, value: 
key: 87849, value: 
key: 401018, value: 
key: 603399, value: 
key: 878496, value: 
key: 461010, value: 
key: 470490, value: 
key: 113658, value: 
key: 666437, value: 
key: 523925, value: 
key: 943945, value: 
key: 542937, value: 
key: 492915, value: 
key: 728131, value: 
key: 68952, value: 
key: 239141, value: 
key: 221050, value: 
key: 654737, value: 
key: 724502, value: 
key: 358987, value: 
key: 222666, value: 
key: 788566, value: 
key: 440127, value: 
key: 412106, value: 
key: 789413, value: 
key: 553795, value: 
key: 430694, value: 
key: 899613, value: 
key: 691509, value: 
key: 479976, value: 
key: 178655, value: 
key: 146076, value: 
key: 78069, value: 
key: 612368, value: 
key: 639651, value: 
key: 149992, value: 
key: 145585, value: 
key: 923499, value: 
key: 641810, value: 
key: 269913, value: 
key: 614003, value: 
key: 830973, value: 
key: 877860, value: 
key: 443867, value: 
key: 269603, value: 
key: 792288, value: 
key: 960942, value: 
key: 705020, value: 
key: 668327, value: 
key: 193698, value: 
key: 586391, value: 
key: 145129, value: 
key: 92865, value: 
key: 451501, value: 
key: 792615, value: 
key: 32270, value: 
key: 499606, value: 
key: 923062, value: 
key: 41634, value: 
key: 400875, value: 
key: 744342, value: 
key: 574451, value: 
key: 741921, value: 
key: 53653, value: 
key: 426714, value: 
key: 409928, value: 
key: 526683, value: 
key: 895327, value: 
key: 853039, value: 
key: 616007, value: 
key: 674717, value: 
key: 838247, value: 
key: 994594, value: 
key: 78935, value: 
key: 431907, value: 
key: 642572, value: 
key: 530143, value: 
key: 530291, value: 
key: 496654, value: 
key: 222974, value: 
key: 239046, value: 
key: 856504, value: 
key: 166889, value: 
key: 418759, value: 
key: 768296, value: 
key: 364270, value: 
key: 470797, value: 
key: 904937, value: 
key: 454830, value: 
key: 79956, value: 
key: 184500, value: 
key: 826084, value: 
key: 259648, value: 
key: 150785, value: 
key: 563295, value: 
key: 805858, value: 
key: 735452, value: 
key: 225238, value: 
key: 151625, value: 
key: 879367, value: 
key: 463531, value: 
key: 873891, value: 
key: 160056, value: 
key: 331302, value: 
key: 161363, value: 
key: 87450, value: 
key: 158101, value: 
key: 18759, value: 
key: 506586, value: 
key: 92335, value: 
key: 573072, value: 
key: 587413, value: 
key: 116206, value: 
key: 923132, value: 
key: 363080, value: 
key: 772370, value: 
key: 571568, value: 
key: 308256, value: 
key: 211828, value: 
key: 862574, value: 
key: 540355, value: 
key: 267869, value: 
key: 729932, value: 
key: 389376, value: 
key: 704368, value: 
key: 143233, value: 
key: 88857, value: 
key: 975368, value: 
key: 567660, value: 
key: 807854, value: 
key: 139018, value: 
key: 849483, value: 
key: 980739, value: 
key: 300755, value: 
key: 853440, value: 
key: 302494, value: 
key: 837130, value: 
key: 886848, value: 
key: 9560, value: 
key: 460631, value: 
key: 774668, value: 
key: 768003, value: 
key: 730585, value: 
key: 562254, value: 
key: 819990, value: 
key: 840666, value: 
key: 769888, value: 
key: 113696, value: 
key: 840945, value: 
key: 533184, value: 
key: 420097, value: 
key: 193722, value: 
key: 882639, value: 
key: 416621, value: 
key: 321374, value: 
key: 747923, value: 
key: 911652, value: 
key: 577373, value: 
key: 641270, value: 
key: 986102, value: 
key: 472333, value: 
key: 309037, value: 
key: 641724, value: 
key: 999003, value: 
key: 451510, value: 
key: 301590, value: 
key: 277336, value: 
key: 689081, value: 
key: 51301, value: 
key: 5845, value: 
key: 428763, value: 
key: 345529, value: 
key: 728364, value: 
key: 206901, value: 
key: 17066, value: 
key: 811673, value: 
key: 695381, value: 
key: 559779, value: 
key: 720285, value: 
key: 665056, value: 
key: 709855, value: 
key: 859639, value: 
key: 795155, value: 
key: 344850, value: 
key: 468767, value: 
key: 757146, value: 
key: 614317, value: 
key: 757919, value: 
key: 561893, value: 
key: 830737, value: 
key: 758167, value: 
key: 21544, value: 
key: 362900, value: 
key: 457978, value: 
key: 698247, value: 
key: 623421, value: 
key: 26644, value: 
key: 86482, value: 
key: 405124, value: 
key: 760669, value: 
key: 422633, value: 
key: 241667, value: 
key: 269278, value: 
key: 542759, value: 
key: 598877, value: 
key: 948218, value: 
key: 920605, value: 
key: 100795, value: 
key: 816203, value: 
key: 4819, value: 
key: 658689, value: 
key: 971876, value: 
key: 679231, value: 
key: 350536, value: 
key: 846143, value: 
key: 464594, value: 
key: 931447, value: 
key: 450300, value: 
key: 521088, value: 
key: 110378, value: 
key: 697095, value: 
key: 619237, value: 
key: 472801, value: 
key: 234496, value: 
key: 64857, value: 
key: 133485, value: 
key: 666772, value: 
key: 453428, value: 
key: 36911, value: 
key: 23757, value: 
key: 562829, value: 
key: 241982, value: 
key: 29797, value: 
key: 41012, value: 
key: 247331, value: 
key: 669964, value: 
key: 430238, value: 
key: 330291, value: 
key: 324331, value: 
key: 19769, value: 
key: 757562, value: 
key: 979773, value: 
key: 730613, value: 
key: 113560, value: 
key: 558273, value: 
key: 949024, value: 
key: 894441, value: 
key: 498810, value: 
key: 373074, value: 
key: 575009, value: 
key: 833594, value: 
key: 217521, value: 
key: 71895, value: 
key: 282585, value: 
key: 74087, value: 
key: 237585, value: 
key: 198622, value: 
key: 979645, value: 
key: 324425, value: 
key: 99712, value: 
key: 391197, value: 
key: 942869, value: 
key: 115120, value: 
key: 341590, value: 
key: 297570, value: 
key: 9333, value: 
key: 245261, value: 
key: 779111, value: 
key: 357335, value: 
key: 723277, value: 
key: 586285, value: 
key: 751193, value: 
key: 694968, value: 
key: 134107, value: 
key: 257727, value: 
key: 228132, value: 
key: 399654, value: 
key: 971803, value: 
key: 957344, value: 
key: 144058, value: 
key: 34212, value: 
key: 275257, value: 
key: 739951, value: 
key: 296878, value: 
key: 514279, value: 
key: 161981, value: 
key: 32166, value: 
key: 649795, value: 
key: 444, value: 
key: 333210, value: 
key: 363114, value: 
key: 308919, value: 
key: 632018, value: 
key: 206602, value: 
key: 887739, value: 
key: 462343, value: 
key: 416603, value: 
key: 18074, value: 
key: 636050, value: 
key: 160977, value: 
key: 800770, value: 
key: 996143, value: 
key: 989464, value: 
key: 542443, value: 
key: 362636, value: 
key: 365811, value: 
key: 863290, value: 
key: 366357, value: 
key: 542878, value: 
key: 66806, value: 
key: 571560, value: 
key: 134688, value: 
key: 133140, value: 
key: 650355, value: 
key: 413341, value: 
key: 293837, value: 
key: 386180, value: 
key: 130334, value: 
key: 570060, value: 
key: 423779, value: 
key: 20798, value: 
key: 493365, value: 
key: 475763, value: 
key: 567833, value: 
key: 454779, value: 
key: 297082, value: 
key: 398653, value: 
key: 802514, value: 
key: 551838, value: 
key: 29562, value: 
key: 848442, value: 
key: 169989, value: 
key: 982414, value: 
key: 707666, value: 
key: 167198, value: 
key: 68521, value: 
key: 193269, value: 
key: 235327, value: 
key: 76128, value: 
key: 370486, value: 
key: 834029, value: 
key: 15402, value: 
key: 879853, value: 
key: 401166, value: 
key: 730675, value: 
key: 284718, value: 
key: 50209, value: 
key: 254502, value: 
key: 398578, value: 
key: 250717, value: 
key: 152114, value: 
key: 572570, value: 
key: 866309, value: 
key: 654368, value: 
key: 66451, value: 
key: 620440, value: 
key: 758497, value: 
key: 643135, value: 
key: 663001, value: 
key: 532363, value: 
key: 878030, value: 
key: 403186, value: 
key: 749125, value: 
key: 192352, value: 
key: 651004, value: 
key: 825296, value: 
key: 456801, value: 
key: 914620, value: 
key: 428549, value: 
key: 280295, value: 
key: 969202, value: 
key: 144504, value: 
key: 733564, value: 
key: 173874, value: 
key: 861805, value: 
key: 865942, value: 
key: 679875, value: 
key: 955953, value: 
key: 136291, value: 
key: 64442, value: 
key: 958521, value: 
key: 652906, value: 
key: 478931, value: 
key: 929600, value: 
key: 589688, value: 
key: 165709, value: 
key: 492029, value: 
key: 184504, value: 
key: 180355, value: 
key: 744683, value: 
key: 583372, value: 
key: 585419, value: 
key: 381853, value: 
key: 704379, value: 
key: 561192, value: 
key: 83528, value: 
key: 44626, value: 
key: 520177, value: 
key: 309998, value: 
key: 776431, value: 
key: 930354, value: 
key: 264604, value: 
key: 470939, value: 
key: 282268, value: 
key: 685766, value: 
key: 450454, value: 
key: 282518, value: 
key: 182607, value: 
key: 603586, value: 
key: 356055, value: 
key: 147446, value: 
key: 373861, value: 
key: 472854, value: 
key: 830689, value: 
key: 964850, value: 
key: 918659, value: 
key: 392750, value: 
key: 19431, value: 
key: 98119, value: 
key: 701873, value: 
key: 964346, value: 
key: 117449, value: 
key: 902575, value: 
key: 645498, value: 
key: 843001, value: 
key: 350385, value: 
key: 736305, value: 
key: 319450, value: 
key: 648651, value: 
key: 935210, value: 
key: 682765, value: 
key: 598471, value: 
key: 264358, value: 
key: 894366, value: 
key: 449557, value: 
key: 857602, value: 
key: 405117, value: 
key: 742711, value: 
key: 397472, value: 
key: 583507, value: 
key: 659132, value: 
key: 28893, value: 
key: 866132, value: 
key: 845757, value: 
key: 571878, value: 
key: 69524, value: 
key: 123785, value: 
key: 985019, value: 
key: 552361, value: 
key: 847939, value: 
key: 67458, value: 
key: 403980, value: 
key: 934862, value: 
key: 523099, value: 
key: 315094, value: 
key: 932787, value: 
key: 677776, value: 
key: 800103, value: 
key: 933137, value: 
key: 41690, value: 
key: 462066, value: 
key: 144124, value: 
key: 820905, value: 
key: 207649, value: 
key: 136150, value: 
key: 143523, value: 
key: 897868, value: 
key: 444204, value: 
key: 473882, value: 
key: 83373, value: 
key: 43232, value: 
key: 354590, value: 
key: 272227, value: 
key: 876401, value: 
key: 608220, value: 
key: 323125, value: 
key: 747569, value: 
key: 622651, value: 
key: 598790, value: 
key: 179902, value: 
key: 172992, value: 
key: 899880, value: 
key: 102289, value: 
key: 620530, value: 
key: 126368, value: 
key: 976204, value: 
key: 341251, value: 
key: 759041, value: 
key: 214607, value: 
key: 72586, value: 
key: 53570, value: 
key: 360595, value: 
key: 225694, value: 
key: 793623, value: 
key: 133829, value: 
key: 66693, value: 
key: 780984, value: 
key: 368496, value: 
key: 507615, value: 
key: 195351, value: 
key: 522078, value: 
key: 175104, value: 
key: 284163, value: 
key: 856443, value: 
key: 704115, value: 
key: 940397, value: 
key: 912116, value: 
key: 112516, value: 
key: 233419, value: 
key: 964937, value: 
key: 700382, value: 
key: 403726, value: 
key: 839853, value: 
key: 83407, value: 
key: 908919, value: 
key: 146366, value: 
key: 378787, value: 
key: 86811, value: 
key: 753654, value: 
key: 872900, value: 
key: 662132, value: 
key: 435983, value: 
key: 220361, value: 
key: 205245, value: 
key: 965918, value: 
key: 646064, value: 
key: 753816, value: 
key: 959443, value: 
key: 414427, value: 
key: 199418, value: 
key: 542957, value: 
key: 937050, value: 
key: 482710, value: 
key: 27830, value: 
key: 789220, value: 
key: 944360, value: 
key: 567910, value: 
key: 839442, value: 
key: 270636, value: 
key: 432632, value: 
key: 465319, value: 
key: 515609, value: 
key: 442619, value: 
key: 495703, value: 
key: 532217, value: 
key: 415062, value: 
key: 725439, value: 
key: 77099, value: 
key: 772622, value: 
key: 920531, value: 
key: 237024, value: 
key: 681511, value: 
key: 14119, value: 
key: 357045, value: 
key: 46211, value: 
key: 135429, value: 
key: 24943, value: 
key: 268958, value: 
key: 899455, value: 
key: 253716, value: 
key: 730327, value: 
key: 322663, value: 
key: 441137, value: 
key: 574088, value: 
key: 229775, value: 
key: 801722, value: 
key: 988942, value: 
key: 441281, value: 
key: 3359, value: 
key: 358945, value: 
key: 176769, value: 
key: 748791, value: 
key: 630825, value: 
key: 863267, value: 
key: 835477, value: 
key: 466983, value: 
key: 879682, value: 
key: 316211, value: 
key: 141231, value: 
key: 918574, value: 
key: 774767, value: 
key: 968896, value: 
key: 864394, value: 
key: 299707, value: 
key: 684228, value: 
key: 198035, value: 
key: 854258, value: 
key: 683966, value: 
key: 160616, value: 
key: 316642, value: 
key: 204853, value: 
key: 271383, value: 
key: 846123, value: 
key: 499435, value: 
key: 376424, value: 
key: 389187, value: 
key: 153399, value: 
key: 896711, value: 
key: 813408, value: 
key: 523736, value: 
key: 856418, value: 
key: 677051, value: 
key: 640462, value: 
key: 39901, value: 
key: 831781, value: 
key: 307819, value: 
key: 14346, value: 
key: 171571, value: 
key: 707969, value: 
key: 119913, value: 
key: 93969, value: 
key: 991070, value: 
key: 143813, value: 
key: 34818, value: 
key: 486943, value: 
key: 325628, value: 
key: 64147, value: 
key: 697336, value: 
key: 384074, value: 
key: 7360, value: 
key: 87276, value: 
key: 372167, value: 
key: 758428, value: 
key: 354453, value: 
key: 573876, value: 
key: 544128, value: 
key: 294438, value: 
key: 595319, value: 
key: 410696, value: 
key: 498690, value: 
key: 323639, value: 
key: 448327, value: 
key: 125707, value: 
key: 559193, value: 
key: 395722, value: 
key: 991580, value: 
key: 310994, value: 
key: 159412, value: 
key: 549747, value: 
key: 181606, value: 
key: 152493, value: 
key: 559751, value: 
key: 572086, value: 
key: 594332, value: 
key: 550750, value: 
key: 480293, value: 
key: 963495, value: 
key: 845744, value: 
key: 492274, value: 
key: 718099, value: 
key: 759197, value: 
key: 179423, value: 
key: 613563, value: 
key: 246732, value: 
key: 563446, value: 
key: 721022, value: 
key: 647555, value: 
key: 398675, value: 
key: 791265, value: 
key: 405461, value: 
key: 837918, value: 
key: 510217, value: 
key: 644817, value: 
key: 793878, value: 
key: 168755, value: 
key: 306221, value: 
key: 676957, value: 
key: 35307, value: 
key: 584513, value: 
key: 424989, value: 
key: 752093, value: 
key: 104658, value: 
key: 851329, value: 
key: 853464, value: 
key: 292166, value: 
key: 751652, value: 
key: 132028, value: 
key: 341785, value: 
key: 622129, value: 
key: 924968, value: 
key: 217842, value: 
key: 768922, value: 
key: 392134, value: 
key: 931485, value: 
key: 823380, value: 
key: 395654, value: 
key: 277330, value: 
key: 32801, value: 
key: 670155, value: 
key: 422905, value: 
key: 775544, value: 
key: 718185, value: 
key: 817378, value: 
key: 681665, value: 
key: 524665, value: 
key: 90139, value: 
key: 359573, value: 
key: 672335, value: 
key: 352790, value: 
key: 158800, value: 
key: 428374, value: 
key: 140065, value: 
key: 350268, value: 
key: 946353, value: 
key: 28440, value: 
key: 840325, value: 
key: 728162, value: 
key: 466338, value: 
key: 241324, value: 
key: 302614, value: 
key: 515483, value: 
key: 326517, value: 
key: 939278, value: 
key: 752800, value: 
key: 12144, value: 
key: 374448, value: 
key: 129008, value: 
key: 411785, value: 
key: 124663, value: 
key: 928768, value: 
key: 118619, value: 
key: 556686, value: 
key: 627746, value: 
key: 579971, value: 
key: 772730, value: 
key: 266486, value: 
key: 575869, value: 
key: 200754, value: 
key: 737607, value: 
key: 17448, value: 
key: 747710, value: 
key: 996130, value: 
key: 974938, value: 
key: 220901, value: 
key: 891851, value: 
key: 650034, value: 
key: 159582, value: 
key: 548427, value: 
key: 96081, value: 
key: 959753, value: 
key: 625395, value: 
key: 562423, value: 
key: 432386, value: 
key: 270283, value: 
key: 145211, value: 
key: 423313, value: 
key: 955481, value: 
key: 774088, value: 
key: 589431, value: 
key: 868170, value: 
key: 559876, value: 
key: 710761, value: 
key: 536011, value: 
key: 355560, value: 
key: 79677, value: 
key: 702784, value: 
key: 272250, value: 
key: 72498, value: 
key: 319801, value: 
key: 663597, value: 
key: 589703, value: 
key: 593096, value: 
key: 825650, value: 
key: 77310, value: 
key: 694423, value: 
key: 864725, value: 
key: 988263, value: 
key: 851310, value: 
key: 778938, value: 
key: 765222, value: 
key: 709895, value: 
key: 217679, value: 
key: 963431, value: 
key: 110736, value: 
key: 80817, value: 
key: 723628, value: 
key: 607966, value: 
key: 496588, value: 
key: 109000, value: 
key: 918628, value: 
key: 963231, value: 
key: 576921, value: 
key: 597094, value: 
key: 159155, value: 
key: 652021, value: 
key: 681438, value: 
key: 424046, value: 
key: 766852, value: 
key: 779926, value: 
key: 972495, value: 
key: 106137, value: 
key: 355805, value: 
key: 698777, value: 
key: 901756, value: 
key: 193836, value: 
key: 512864, value: 
key: 323343, value: 
key: 242068, value: 
key: 240499, value: 
key: 876195, value: 
key: 339456, value: 
key: 545075, value: 
key: 296041, value: 
key: 175456, value: 
key: 52146, value: 
key: 391650, value: 
key: 810618, value: 
key: 115137, value: 
key: 959043, value: 
key: 564836, value: 
key: 889706, value: 
key: 678922, value: 
key: 646660, value: 
key: 457840, value: 
key: 345705, value: 
key: 546038, value: 
key: 893527, value: 
key: 755982, value: 
key: 490407, value: 
key: 127082, value: 
key: 50353, value: 
key: 662060, value: 
key: 218166, value: 
key: 922412, value: 
key: 690577, value: 
key: 359449, value: 
key: 41980, value: 
key: 35208, value: 
key: 818166, value: 
key: 754712, value: 
key: 217857, value: 
key: 54496, value: 
key: 842691, value: 
key: 679066, value: 
key: 6459, value: 
key: 868772, value: 
key: 977250, value: 
key: 74449, value: 
key: 661582, value: 
key: 852865, value: 
key: 273725, value: 
key: 35277, value: 
key: 540469, value: 
key: 474395, value: 
key: 2060, value: 
key: 301219, value: 
key: 384588, value: 
key: 491729, value: 
key: 25254, value: 
key: 543718, value: 
key: 568247, value: 
key: 514514, value: 
key: 979946, value: 
key: 359164, value: 
key: 336127, value: 
key: 774723, value: 
key: 228284, value: 
key: 720278, value: 
key: 217680, value: 
key: 707613, value: 
key: 709804, value: 
key: 456724, value: 
key: 343365, value: 
key: 17707, value: 
key: 659929, value: 
key: 9472, value: 
key: 88158, value: 
key: 168054, value: 
key: 804053, value: 
key: 769633, value: 
key: 958891, value: 
key: 175933, value: 
key: 586302, value: 
key: 462101, value: 
key: 31639, value: 
key: 642541, value: 
key: 129943, value: 
key: 801539, value: 
key: 313694, value: 
key: 411488, value: 
key: 283474, value: 
key: 751458, value: 
key: 261098, value: 
key: 692623, value: 
key: 729053, value: 
key: 13800, value: 
key: 125543, value: 
key: 86309, value: 
key: 730459, value: 
key: 714828, value: 
key: 594217, value: 
key: 396868, value: 
key: 765974, value: 
key: 552000, value: 
key: 515195, value: 
key: 429788, value: 
key: 237420, value: 
key: 704126, value: 
key: 152138, value: 
key: 167051, value: 
key: 70566, value: 
key: 440367, value: 
key: 191131, value: 
key: 50083, value: 
key: 758073, value: 
key: 883261, value: 
key: 709440, value: 
key: 112086, value: 
key: 34054, value: 
key: 4309, value: 
key: 867465, value: 
key: 679628, value: 
key: 409355, value: 
key: 640019, value: 
key: 190503, value: 
key: 184418, value: 
key: 461821, value: 
key: 688211, value: 
key: 472065, value: 
key: 221359, value: 
key: 889683, value: 
key: 532103, value: 
key: 793254, value: 
key: 49034, value: 
key: 970345, value: 
key: 740214, value: 
key: 4288, value: 
key: 979025, value: 
key: 370499, value: 
key: 272452, value: 
key: 900953, value: 
key: 841861, value: 
key: 561354, value: 
key: 198763, value: 
key: 221449, value: 
key: 386764, value: 
key: 835291, value: 
key: 363002, value: 
key: 156042, value: 
key: 628279, value: 
key: 461153, value: 
key: 947808, value: 
key: 170305, value: 
key: 724988, value: 
key: 978176, value: 
key: 486246, value: 
key: 814021, value: 
key: 745132, value: 
key: 656461, value: 
key: 581413, value: 
key: 201533, value: 
key: 87393, value: 
key: 284509, value: 
key: 652014, value: 
key: 865821, value: 
key: 836098, value: 
key: 352530, value: 
key: 741293, value: 
key: 129503, value: 
key: 312453, value: 
key: 934204, value: 
key: 332082, value: 
key: 533131, value: 
key: 155942, value: 
key: 559485, value: 
key: 642145, value: 
key: 103880, value: 
key: 378653, value: 
key: 943558, value: 
key: 892368, value: 
key: 147163, value: 
key: 790503, value: 
key: 339973, value: 
key: 574514, value: 
key: 626271, value: 
key: 435527, value: 
key: 329305, value: 
key: 76755, value: 
key: 538349, value: 
key: 149864, value: 
key: 881597, value: 
key: 701224, value: 
key: 588287, value: 
key: 268774, value: 
key: 26835, value: 
key: 850711, value: 
key: 812656, value: 
key: 180551, value: 
key: 400930, value: 
key: 116523, value: 
key: 134060, value: 
key: 187974, value: 
key: 244082, value: 
key: 52645, value: 
key: 652670, value: 
key: 112459, value: 
key: 407766, value: 
key: 878001, value: 
key: 199108, value: 
key: 613385, value: 
key: 639185, value: 
key: 740522, value: 
key: 336853, value: 
key: 682251, value: 
key: 821870, value: 
key: 993104, value: 
key: 109662, value: 
key: 272539, value: 
key: 461762, value: 
key: 715791, value: 
key: 729501, value: 
key: 182577, value: 
key: 312767, value: 
key: 207070, value: 
key: 26341, value: 
key: 406989, value: 
key: 189992, value: 
key: 804523, value: 
key: 470195, value: 
key: 658995, value: 
key: 444318, value: 
key: 39022, value: 
key: 671930, value: 
key: 285757, value: 
key: 524188, value: 
key: 643984, value: 
key: 183839, value: 
key: 144201, value: 
key: 793685, value: 
key: 311683, value: 
key: 514338, value: 
key: 792217, value: 
key: 592882, value: 
key: 130079, value: 
key: 989505, value: 
key: 843090, value: 
key: 20833, value: 
key: 735018, value: 
key: 899840, value: 
key: 94429, value: 
key: 404659, value: 
key: 476179, value: 
key: 287744, value: 
key: 603784, value: 
key: 508722, value: 
key: 322869, value: 
key: 974471, value: 
key: 462664, value: 
key: 983808, value: 
key: 500089, value: 
key: 825513, value: 
key: 229988, value: 
key: 17226, value: 
key: 672854, value: 
key: 79181, value: 
key: 119430, value: 
key: 280813, value: 
key: 40682, value: 
key: 815624, value: 
key: 653758, value: 
key: 934646, value: 
key: 762560, value: 
key: 905910, value: 
key: 698573, value: 
key: 854885, value: 
key: 467159, value: 
key: 525240, value: 
key: 132440, value: 
key: 584676, value: 
key: 432803, value: 
key: 512736, value: 
key: 528665, value: 
key: 295585, value: 
key: 908841, value: 
key: 961503, value: 
key: 873132, value: 
key: 805210, value: 
key: 285447, value: 
key: 268815, value: 
key: 477745, value: 
key: 147202, value: 
key: 336925, value: 
key: 36704, value: 
key: 344971, value: 
key: 741471, value: 
key: 719805, value: 
key: 7094, value: 
key: 234816, value: 
key: 393423, value: 
key: 983442, value: 
key: 566254, value: 
key: 167246, value: 
key: 120780, value: 
key: 477389, value: 
key: 577562, value: 
key: 150389, value: 
key: 526366, value: 
key: 324542, value: 
key: 974842, value: 
key: 945523, value: 
key: 940670, value: 
key: 429997, value: 
key: 991375, value: 
key: 461915, value: 
key: 893769, value: 
key: 301002, value: 
key: 468228, value: 
key: 921123, value: 
key: 274889, value: 
key: 975241, value: 
key: 204332, value: 
key: 84046, value: 
key: 987554, value: 
key: 100924, value: 
key: 905925, value: 
key: 673833, value: 
key: 133339, value: 
key: 856759, value: 
key: 357858, value: 
key: 298432, value: 
key: 586582, value: 
key: 764984, value: 
key: 15264, value: 
key: 729822, value: 
key: 970170, value: 
key: 962601, value: 
key: 797887, value: 
key: 460424, value: 
key: 63542, value: 
key: 121187, value: 
key: 281218, value: 
key: 621579, value: 
key: 945073, value: 
key: 16128, value: 
key: 502267, value: 
key: 82576, value: 
key: 883212, value: 
key: 130277, value: 
key: 816836, value: 
key: 464576, value: 
key: 195719, value: 
key: 577911, value: 
key: 819240, value: 
key: 456908, value: 
key: 300986, value: 
key: 817802, value: 
key: 276443, value: 
key: 536547, value: 
key: 15011, value: 
key: 708607, value: 
key: 247292, value: 
key: 671651, value: 
key: 463582, value: 
key: 136512, value: 
key: 716367, value: 
key: 428129, value: 
key: 92285, value: 
key: 124786, value: 
key: 96502, value: 
key: 215240, value: 
key: 141642, value: 
key: 274744, value: 
key: 817185, value: 
key: 618085, value: 
key: 640541, value: 
key: 718118, value: 
key: 913265, value: 
key: 642781, value: 
key: 87847, value: 
key: 717212, value: 
key: 296188, value: 
key: 739791, value: 
key: 381680, value: 
key: 85544, value: 
key: 313681, value: 
key: 856827, value: 
key: 287603, value: 
key: 213794, value: 
key: 533621, value: 
key: 531713, value: 
key: 423362, value: 
key: 539362, value: 
key: 10490, value: 
key: 62242, value: 
key: 15158, value: 
key: 260655, value: 
key: 757357, value: 
key: 237145, value: 
key: 702047, value: 
key: 669038, value: 
key: 62486, value: 
key: 129220, value: 
key: 916408, value: 
key: 617255, value: 
key: 806048, value: 
key: 907398, value: 
key: 651923, value: 
key: 259448, value: 
key: 631136, value: 
key: 409115, value: 
key: 747914, value: 
key: 902801, value: 
key: 821441, value: 
key: 78991, value: 
key: 153054, value: 
key: 111838, value: 
key: 39912, value: 
key: 466428, value: 
key: 237022, value: 
key: 553641, value: 
key: 641052, value: 
key: 768760, value: 
key: 115980, value: 
key: 400927, value: 
key: 565710, value: 
key: 746405, value: 
key: 299273, value: 
key: 771401, value: 
key: 535056, value: 
key: 529882, value: 
key: 615280, value: 
key: 315384, value: 
key: 945673, value: 
key: 45555, value: 
key: 724690, value: 
key: 188353, value: 
key: 59020, value: 
key: 68259, value: 
key: 810360, value: 
key: 734600, value: 
key: 5746, value: 
key: 200062, value: 
key: 562805, value: 
key: 85465, value: 
key: 63456, value: 
key: 735784, value: 
key: 160456, value: 
key: 653185, value: 
key: 686453, value: 
key: 316150, value: 
key: 844956, value: 
key: 86563, value: 
key: 185857, value: 
key: 639356, value: 
key: 195490, value: 
key: 941936, value: 
key: 364708, value: 
key: 954075, value: 
key: 136064, value: 
key: 841942, value: 
key: 283773, value: 
key: 354796, value: 
key: 757652, value: 
key: 479008, value: 
key: 860815, value: 
key: 299453, value: 
key: 445779, value: 
key: 912411, value: 
key: 99505, value: 
key: 885698, value: 
key: 660903, value: 
key: 971193, value: 
key: 879109, value: 
key: 647883, value: 
key: 169341, value: 
key: 11031, value: 
key: 54571, value: 
key: 331023, value: 
key: 483717, value: 
key: 840200, value: 
key: 342922, value: 
key: 669043, value: 
key: 213161, value: 
key: 251516, value: 
key: 134073, value: 
key: 169923, value: 
key: 189066, value: 
key: 597092, value: 
key: 437244, value: 
key: 929828, value: 
key: 298791, value: 
key: 880916, value: 
key: 669740, value: 
key: 218078, value: 
key: 1775, value: 
key: 176567, value: 
key: 890654, value: 
key: 670254, value: 
key: 940227, value: 
key: 156668, value: 
key: 519034, value: 
key: 370426, value: 
key: 449409, value: 
key: 841779, value: 
key: 671408, value: 
key: 903909, value: 
key: 650689, value: 
key: 865399, value: 
key: 886930, value: 
key: 265928, value: 
key: 55639, value: 
key: 774033, value: 
key: 291002, value: 
key: 376855, value: 
key: 590626, value: 
key: 725653, value: 
key: 17970, value: 
key: 422152, value: 
key: 397232, value: 
key: 247122, value: 
key: 106717, value: 
key: 867478, value: 
key: 30102, value: 
key: 477268, value: 
key: 419419, value: 
key: 89744, value: 
key: 733382, value: 
key: 389891, value: 
key: 224420, value: 
key: 803797, value: 
key: 832939, value: 
key: 743590, value: 
key: 571267, value: 
key: 689458, value: 
key: 242662, value: 
key: 324308, value: 
key: 102870, value: 
key: 956220, value: 
key: 104348, value: 
key: 331810, value: 
key: 917957, value: 
key: 540292, value: 
key: 73578, value: 
key: 137331, value: 
key: 151599, value: 
key: 145440, value: 
key: 770633, value: 
key: 299891, value: 
key: 24538, value: 
key: 955663, value: 
key: 823292, value: 
key: 53736, value: 
key: 53668, value: 
key: 347891, value: 
key: 392868, value: 
key: 774912, value: 
key: 781415, value: 
key: 366867, value: 
key: 301743, value: 
key: 351290, value: 
key: 358352, value: 
key: 720168, value: 
key: 37626, value: 
key: 225463, value: 
key: 866293, value: 
key: 644815, value: 
key: 706793, value: 
key: 947240, value: 
key: 698126, value: 
key: 904696, value: 
key: 317627, value: 
key: 218931, value: 
key: 244051, value: 
key: 591050, value: 
key: 331432, value: 
key: 141541, value: 
key: 352983, value: 
key: 853855, value: 
key: 700366, value: 
key: 843380, value: 
key: 499893, value: 
key: 322492, value: 
key: 969888, value: 
key: 125727, value: 
key: 556624, value: 
key: 124593, value: 
key: 189004, value: 
key: 88361, value: 
key: 910873, value: 
key: 200844, value: 
key: 491695, value: 
key: 387419, value: 
key: 308494, value: 
key: 389390, value: 
key: 856229, value: 
key: 316257, value: 
key: 123990, value: 
key: 811228, value: 
key: 609780, value: 
key: 902427, value: 
key: 496913, value: 
key: 201764, value: 
key: 882606, value: 
key: 434966, value: 
key: 256311, value: 
key: 757845, value: 
key: 623577, value: 
key: 668213, value: 
key: 658658, value: 
key: 335492, value: 
key: 712428, value: 
key: 845850, value: 
key: 803146, value: 
key: 362810, value: 
key: 112598, value: 
key: 521208, value: 
key: 148553, value: 
key: 842868, value: 
key: 102018, value: 
key: 874944, value: 
key: 491602, value: 
key: 765853, value: 
key: 838234, value: 
key: 354273, value: 
key: 560407, value: 
key: 642484, value: 
key: 846440, value: 
key: 671082, value: 
key: 678971, value: 
key: 71521, value: 
key: 821748, value: 
key: 137654, value: 
key: 965453, value: 
key: 590691, value: 
key: 738398, value: 
key: 427643, value: 
key: 14407, value: 
key: 163837, value: 
key: 290409, value: 
key: 340535, value: 
key: 209142, value: 
key: 627861, value: 
key: 629331, value: 
key: 176767, value: 
key: 876384, value: 
key: 174178, value: 
key: 565561, value: 
key: 55037, value: 
key: 303668, value: 
key: 898270, value: 
key: 371229, value: 
key: 745703, value: 
key: 682617, value: 
key: 565752, value: 
key: 394778, value: 
key: 887634, value: 
key: 362108, value: 
key: 413037, value: 
key: 566081, value: 
key: 209236, value: 
key: 485227, value: 
key: 798507, value: 
key: 598002, value: 
key: 353153, value: 
key: 61094, value: 
key: 700070, value: 
key: 478649, value: 
key: 46705, value: 
key: 500113, value: 
key: 380526, value: 
key: 775384, value: 
key: 230586, value: 
key: 234863, value: 
key: 108001, value: 
key: 291200, value: 
key: 997762, value: 
key: 899369, value: 
key: 869865, value: 
key: 766272, value: 
key: 151034, value: 
key: 888622, value: 
key: 222992, value: 
key: 716420, value: 
key: 461511, value: 
key: 613518, value: 
key: 529000, value: 
key: 108744, value: 
key: 410131, value: 
key: 970365, value: 
key: 41135, value: 
key: 794408, value: 
key: 349417, value: 
key: 93648, value: 
key: 38111, value: 
key: 958033, value: 
key: 301541, value: 
key: 926085, value: 
key: 708504, value: 
key: 809902, value: 
key: 156420, value: 
key: 301129, value: 
key: 783826, value: 
key: 158679, value: 
key: 11529, value: 
key: 49782, value: 
key: 316925, value: 
key: 193348, value: 
key: 988087, value: 
key: 198615, value: 
key: 814616, value: 
key: 105545, value: 
key: 659918, value: 
key: 665908, value: 
key: 873671, value: 
key: 949211, value: 
key: 630298, value: 
key: 264255, value: 
key: 700779, value: 
key: 421551, value: 
key: 222222, value: 
key: 825427, value: 
key: 571782, value: 
key: 630131, value: 
key: 147035, value: 
key: 518158, value: 
key: 6121, value: 
key: 463197, value: 
key: 642750, value: 
key: 562926, value: 
key: 492702, value: 
key: 114013, value: 
key: 340292, value: 
key: 901068, value: 
key: 551164, value: 
key: 559355, value: 
key: 166102, value: 
key: 176671, value: 
key: 68330, value: 
key: 12605, value: 
key: 78696, value: 
key: 694467, value: 
key: 20776, value: 
key: 627610, value: 
key: 844329, value: 
key: 254018, value: 
key: 783879, value: 
key: 507730, value: 
key: 725455, value: 
key: 149857, value: 
key: 829810, value: 
key: 161640, value: 
key: 520179, value: 
key: 70380, value: 
key: 521846, value: 
key: 605889, value: 
key: 708450, value: 
key: 244792, value: 
key: 577292, value: 
key: 918349, value: 
key: 323475, value: 
key: 305297, value: 
key: 989219, value: 
key: 690616, value: 
key: 924173, value: 
key: 958219, value: 
key: 367176, value: 
key: 721983, value: 
key: 54319, value: 
key: 732626, value: 
key: 697761, value: 
key: 720663, value: 
key: 359917, value: 
key: 893563, value: 
key: 842558, value: 
key: 361976, value: 
key: 774017, value: 
key: 972712, value: 
key: 242499, value: 
key: 610766, value: 
key: 99286, value: 
key: 269195, value: 
key: 434270, value: 
key: 648026, value: 
key: 701172, value: 
key: 111872, value: 
key: 963008, value: 
key: 968513, value: 
key: 793339, value: 
key: 736170, value: 
key: 833312, value: 
key: 754604, value: 
key: 247111, value: 
key: 493972, value: 
key: 515043, value: 
key: 299949, value: 
key: 602204, value: 
key: 401263, value: 
key: 4237, value: 
key: 710323, value: 
key: 256038, value: 
key: 850557, value: 
key: 890038, value: 
key: 67067, value: 
key: 276869, value: 
key: 240929, value: 
key: 831635, value: 
key: 374004, value: 
key: 723437, value: 
key: 14298, value: 
key: 334477, value: 
key: 332703, value: 
key: 46206, value: 
key: 848666, value: 
key: 372097, value: 
key: 818942, value: 
key: 8729, value: 
key: 16555, value: 
key: 252564, value: 
key: 568249, value: 
key: 868965, value: 
key: 105172, value: 
key: 363431, value: 
key: 120043, value: 
key: 714008, value: 
key: 34472, value: 
key: 283058, value: 
key: 519171, value: 
key: 260107, value: 
key: 810339, value: 
key: 1700, value: 
key: 921932, value: 
key: 186788, value: 
key: 408914, value: 
key: 475558, value: 
key: 475451, value: 
key: 465083, value: 
key: 579542, value: 
key: 617831, value: 
key: 976587, value: 
key: 333849, value: 
key: 428972, value: 
key: 613248, value: 
key: 107798, value: 
key: 634214, value: 
key: 13934, value: 
key: 701532, value: 
key: 499000, value: 
key: 231789, value: 
key: 212649, value: 
key: 325088, value: 
key: 967839, value: 
key: 367682, value: 
key: 950879, value: 
key: 772046, value: 
key: 437969, value: 
key: 588768, value: 
key: 521868, value: 
key: 860352, value: 
key: 437509, value: 
key: 259372, value: 
key: 107118, value: 
key: 845182, value: 
key: 370233, value: 
key: 239440, value: 
key: 417538, value: 
key: 750387, value: 
key: 860309, value: 
key: 472382, value: 
key: 828727, value: 
key: 272610, value: 
key: 617143, value: 
key: 359593, value: 
key: 97046, value: 
key: 656320, value: 
key: 567354, value: 
key: 912143, value: 
key: 985929, value: 
key: 919722, value: 
key: 876216, value: 
key: 453828, value: 
key: 54157, value: 
key: 281656, value: 
key: 478087, value: 
key: 128117, value: 
key: 47368, value: 
key: 258812, value: 
key: 776907, value: 
key: 406877, value: 
key: 574341, value: 
key: 715643, value: 
key: 20402, value: 
key: 523587, value: 
key: 855176, value: 
key: 342960, value: 
key: 318125, value: 
key: 559276, value: 
key: 475828, value: 
key: 855677, value: 
key: 897255, value: 
key: 629173, value: 
key: 130019, value: 
key: 987552, value: 
key: 92782, value: 
key: 780333, value: 
key: 276540, value: 
key: 546142, value: 
key: 54641, value: 
key: 595520, value: 
key: 72359, value: 
key: 423566, value: 
key: 624028, value: 
key: 708805, value: 
key: 989093, value: 
key: 398462, value: 
key: 467078, value: 
key: 602332, value: 
key: 875718, value: 
key: 318648, value: 
key: 341518, value: 
key: 444914, value: 
key: 862536, value: 
key: 784140, value: 
key: 871437, value: 
key: 831541, value: 
key: 662226, value: 
key: 140058, value: 
key: 656140, value: 
key: 466134, value: 
key: 270238, value: 
key: 760993, value: 
key: 362014, value: 
key: 533203, value: 
key: 786522, value: 
key: 207324, value: 
key: 662772, value: 
key: 278449, value: 
key: 985873, value: 
key: 212894, value: 
key: 598594, value: 
key: 324779, value: 
key: 352781, value: 
key: 924461, value: 
key: 771298, value: 
key: 663038, value: 
key: 732, value: 
key: 65186, value: 
key: 282097, value: 
key: 644404, value: 
key: 11181, value: 
key: 137142, value: 
key: 174653, value: 
key: 328399, value: 
key: 746876, value: 
key: 523233, value: 
key: 296414, value: 
key: 244406, value: 
key: 610551, value: 
key: 392110, value: 
key: 519203, value: 
key: 382243, value: 
key: 941989, value: 
key: 655307, value: 
key: 670605, value: 
key: 790242, value: 
key: 72605, value: 
key: 270256, value: 
key: 351427, value: 
key: 424592, value: 
key: 623478, value: 
key: 322067, value: 
key: 183509, value: 
key: 66387, value: 
key: 132086, value: 
key: 7078, value: 
key: 412638, value: 
key: 644899, value: 
key: 159166, value: 
key: 217378, value: 
key: 896812, value: 
key: 606103, value: 
key: 439130, value: 
key: 61283, value: 
key: 465874, value: 
key: 58722, value: 
key: 714965, value: 
key: 247939, value: 
key: 12809, value: 
key: 899934, value: 
key: 253602, value: 
key: 237974, value: 
key: 270029, value: 
key: 330172, value: 
key: 285793, value: 
key: 799544, value: 
key: 251581, value: 
key: 126645, value: 
key: 803957, value: 
key: 209951, value: 
key: 87232, value: 
key: 257260, value: 
key: 917535, value: 
key: 857381, value: 
key: 452131, value: 
key: 675200, value: 
key: 645393, value: 
key: 244327, value: 
key: 525242, value: 
key: 937232, value: 
key: 515706, value: 
key: 938327, value: 
key: 18131, value: 
key: 980720, value: 
key: 427951, value: 
key: 702308, value: 
key: 151074, value: 
key: 244655, value: 
key: 191250, value: 
key: 528041, value: 
key: 405575, value: 
key: 342287, value: 
key: 231125, value: 
key: 948377, value: 
key: 502359, value: 
key: 424442, value: 
key: 498766, value: 
key: 266992, value: 
key: 524476, value: 
key: 493006, value: 
key: 456429, value: 
key: 877068, value: 
key: 705224, value: 
key: 385190, value: 
key: 485104, value: 
key: 610953, value: 
key: 880107, value: 
key: 934248, value: 
key: 276508, value: 
key: 294809, value: 
key: 425746, value: 
key: 711164, value: 
key: 512136, value: 
key: 873084, value: 
key: 266556, value: 
key: 100409, value: 
key: 758765, value: 
key: 389055, value: 
key: 708009, value: 
key: 982652, value: 
key: 588315, value: 
key: 143525, value: 
key: 695101, value: 
key: 61467, value: 
key: 624257, value: 
key: 151098, value: 
key: 164845, value: 
key: 8644, value: 
key: 717823, value: 
key: 642613, value: 
key: 332754, value: 
key: 842033, value: 
key: 88253, value: 
key: 613415, value: 
key: 269537, value: 
key: 747417, value: 
key: 172651, value: 
key: 944795, value: 
key: 878535, value: 
key: 553243, value: 
key: 907325, value: 
key: 388074, value: 
key: 3050, value: 
key: 219196, value: 
key: 129688, value: 
key: 959108, value: 
key: 342724, value: 
key: 492182, value: 
key: 814119, value: 
key: 496836, value: 
key: 132185, value: 
key: 520874, value: 
key: 252197, value: 
key: 113122, value: 
key: 230609, value: 
key: 68989, value: 
key: 220295, value: 
key: 598930, value: 
key: 708049, value: 
key: 349598, value: 
key: 459570, value: 
key: 452168, value: 
key: 383389, value: 
key: 417651, value: 
key: 520393, value: 
key: 308650, value: 
key: 585406, value: 
key: 251493, value: 
key: 329774, value: 
key: 437558, value: 
key: 58708, value: 
key: 764416, value: 
key: 94449, value: 
key: 502944, value: 
key: 409236, value: 
key: 576048, value: 
key: 479372, value: 
key: 444154, value: 
key: 513997, value: 
key: 390099, value: 
key: 96838, value: 
key: 560870, value: 
key: 465063, value: 
key: 909086, value: 
key: 707947, value: 
key: 880747, value: 
key: 798424, value: 
key: 196831, value: 
key: 266082, value: 
key: 29830, value: 
key: 816849, value: 
key: 253015, value: 
key: 420134, value: 
key: 398374, value: 
key: 292843, value: 
key: 173807, value: 
key: 128263, value: 
key: 929347, value: 
key: 199696, value: 
key: 796886, value: 
key: 432902, value: 
key: 304241, value: 
key: 323451, value: 
key: 140300, value: 
key: 25715, value: 
key: 440190, value: 
key: 955591, value: 
key: 157946, value: 
key: 558325, value: 
key: 775805, value: 
key: 234339, value: 
key: 76924, value: 
key: 489434, value: 
key: 416449, value: 
key: 365754, value: 
key: 481854, value: 
key: 798422, value: 
key: 859053, value: 
key: 553131, value: 
key: 953379, value: 
key: 564953, value: 
key: 640453, value: 
key: 517197, value: 
key: 290339, value: 
key: 789752, value: 
key: 117274, value: 
key: 933207, value: 
key: 138840, value: 
key: 640, value: 
key: 752781, value: 
key: 656663, value: 
key: 945374, value: 
key: 261850, value: 
key: 137243, value: 
key: 546324, value: 
key: 667670, value: 
key: 209551, value: 
key: 964180, value: 
key: 87858, value: 
key: 975438, value: 
key: 302720, value: 
key: 950071, value: 
key: 263544, value: 
key: 91882, value: 
key: 47449, value: 
key: 790978, value: 
key: 265636, value: 
key: 916770, value: 
key: 676311, value: 
key: 56182, value: 
key: 961002, value: 
key: 137610, value: 
key: 273712, value: 
key: 157892, value: 
key: 749224, value: 
key: 397548, value: 
key: 785240, value: 
key: 848161, value: 
key: 594758, value: 
key: 732217, value: 
key: 499190, value: 
key: 912550, value: 
key: 271284, value: 
key: 743280, value: 
key: 543778, value: 
key: 703912, value: 
key: 617626, value: 
key: 350363, value: 
key: 438517, value: 
key: 60419, value: 
key: 243876, value: 
key: 117261, value: 
key: 484530, value: 
key: 770532, value: 
key: 323219, value: 
key: 776257, value: 
key: 592833, value: 
key: 560827, value: 
key: 859457, value: 
key: 384560, value: 
key: 670274, value: 
key: 176365, value: 
key: 466192, value: 
key: 629689, value: 
key: 177780, value: 
key: 851808, value: 
key: 328108, value: 
key: 65748, value: 
key: 697806, value: 
key: 132914, value: 
key: 611350, value: 
key: 717296, value: 
key: 765701, value: 
key: 898418, value: 
key: 323558, value: 
key: 973986, value: 
key: 181480, value: 
key: 503682, value: 
key: 282657, value: 
key: 66903, value: 
key: 361912, value: 
key: 736020, value: 
key: 881827, value: 
key: 111634, value: 
key: 769558, value: 
key: 292005, value: 
key: 963174, value: 
key: 194200, value: 
key: 227852, value: 
key: 410003, value: 
key: 862594, value: 
key: 893835, value: 
key: 928113, value: 
key: 726449, value: 
key: 145415, value: 
key: 552543, value: 
key: 749453, value: 
key: 521031, value: 
key: 552789, value: 
key: 761703, value: 
key: 600615, value: 
key: 96056, value: 
key: 715171, value: 
key: 843128, value: 
key: 153243, value: 
key: 475916, value: 
key: 385824, value: 
key: 16766, value: 
key: 412782, value: 
key: 223443, value: 
key: 920650, value: 
key: 7148, value: 
key: 529550, value: 
key: 910079, value: 
key: 385468, value: 
key: 855116, value: 
key: 52786, value: 
key: 572855, value: 
key: 996219, value: 
key: 795973, value: 
key: 993188, value: 
key: 569147, value: 
key: 716235, value: 
key: 332550, value: 
key: 53932, value: 
key: 160131, value: 
key: 1667, value: 
key: 490665, value: 
key: 161941, value: 
key: 505657, value: 
key: 104313, value: 
key: 190361, value: 
key: 259310, value: 
key: 255413, value: 
key: 552417, value: 
key: 507518, value: 
key: 885113, value: 
key: 27047, value: 
key: 261104, value: 
key: 813284, value: 
key: 120625, value: 
key: 241902, value: 
key: 274522, value: 
key: 221423, value: 
key: 511254, value: 
key: 289504, value: 
key: 751810, value: 
key: 616418, value: 
key: 444651, value: 
key: 23425, value: 
key: 750426, value: 
key: 618764, value: 
key: 539931, value: 
key: 221830, value: 
key: 958631, value: 
key: 702496, value: 
key: 201221, value: 
key: 496708, value: 
key: 958316, value: 
key: 969844, value: 
key: 164016, value: 
key: 179823, value: 
key: 407553, value: 
key: 379858, value: 
key: 903851, value: 
key: 628323, value: 
key: 763174, value: 
key: 95992, value: 
key: 543303, value: 
key: 525576, value: 
key: 104140, value: 
key: 827959, value: 
key: 86860, value: 
key: 590721, value: 
key: 544357, value: 
key: 965017, value: 
key: 64299, value: 
key: 881883, value: 
key: 27056, value: 
key: 133926, value: 
key: 541196, value: 
key: 437835, value: 
key: 156662, value: 
key: 850171, value: 
key: 60510, value: 
key: 129790, value: 
key: 252900, value: 
key: 875710, value: 
key: 449740, value: 
key: 503743, value: 
key: 637569, value: 
key: 235039, value: 
key: 159843, value: 
key: 836968, value: 
key: 970402, value: 
key: 843678, value: 
key: 975867, value: 
key: 263603, value: 
key: 539429, value: 
key: 212489, value: 
key: 220541, value: 
key: 48152, value: 
key: 480095, value: 
key: 367437, value: 
key: 724977, value: 
key: 674322, value: 
key: 775601, value: 
key: 562049, value: 
key: 314268, value: 
key: 39370, value: 
key: 345141, value: 
key: 991876, value: 
key: 651622, value: 
key: 874865, value: 
key: 471796, value: 
key: 631213, value: 
key: 504315, value: 
key: 35947, value: 
key: 619877, value: 
key: 572426, value: 
key: 550556, value: 
key: 455813, value: 
key: 606659, value: 
key: 261690, value: 
key: 521633, value: 
key: 782957, value: 
key: 643104, value: 
key: 258384, value: 
key: 179069, value: 
key: 75095, value: 
key: 640343, value: 
key: 214317, value: 
key: 396660, value: 
key: 886967, value: 
key: 859194, value: 
key: 743954, value: 
key: 579984, value: 
key: 877291, value: 
key: 926854, value: 
key: 766067, value: 
key: 659602, value: 
key: 528250, value: 
key: 91019, value: 
key: 396929, value: 
key: 716576, value: 
key: 438078, value: 
key: 142409, value: 
key: 887502, value: 
key: 759328, value: 
key: 837558, value: 
key: 329552, value: 
key: 681229, value: 
key: 985228, value: 
key: 131551, value: 
key: 440556, value: 
key: 299587, value: 
key: 5849, value: 
key: 679945, value: 
key: 278139, value: 
key: 773755, value: 
key: 169309, value: 
key: 358406, value: 
key: 662110, value: 
key: 125712, value: 
key: 486415, value: 
key: 857008, value: 
key: 815879, value: 
key: 234968, value: 
key: 424709, value: 
key: 26499, value: 
key: 120001, value: 
key: 278636, value: 
key: 129112, value: 
key: 24156, value: 
key: 462277, value: 
key: 165516, value: 
key: 594154, value: 
key: 453545, value: 
key: 749996, value: 
key: 945932, value: 
key: 449384, value: 
key: 139270, value: 
key: 856922, value: 
key: 463421, value: 
key: 361077, value: 
key: 139913, value: 
key: 102157, value: 
key: 804220, value: 
key: 83481, value: 
key: 566993, value: 
key: 897693, value: 
key: 34092, value: 
key: 30557, value: 
key: 152833, value: 
key: 790169, value: 
key: 87700, value: 
key: 382584, value: 
key: 781242, value: 
key: 550987, value: 
key: 197436, value: 
key: 287773, value: 
key: 149279, value: 
key: 300951, value: 
key: 160276, value: 
key: 89506, value: 
key: 633390, value: 
key: 319964, value: 
key: 706218, value: 
key: 454984, value: 
key: 725033, value: 
key: 700953, value: 
key: 839521, value: 
key: 392378, value: 
key: 793559, value: 
key: 455530, value: 
key: 880501, value: 
key: 971355, value: 
key: 84206, value: 
key: 742209, value: 
key: 10441, value: 
key: 33536, value: 
key: 366207, value: 
key: 435716, value: 
key: 487434, value: 
key: 103251, value: 
key: 728441, value: 
key: 897316, value: 
key: 583206, value: 
key: 495714, value: 
key: 252342, value: 
key: 553414, value: 
key: 637396, value: 
key: 170125, value: 
key: 214702, value: 
key: 942029, value: 
key: 557258, value: 
key: 560106, value: 
key: 592024, value: 
key: 610670, value: 
key: 252494, value: 
key: 92799, value: 
key: 308034, value: 
key: 542528, value: 
key: 466253, value: 
key: 92672, value: 
key: 960410, value: 
key: 842415, value: 
key: 538763, value: 
key: 74168, value: 
key: 520487, value: 
key: 303602, value: 
key: 128456, value: 
key: 467036, value: 
key: 61184, value: 
key: 640428, value: 
key: 171555, value: 
key: 974594, value: 
key: 415327, value: 
key: 699271, value: 
key: 503862, value: 
key: 861274, value: 
key: 666901, value: 
key: 856171, value: 
key: 315128, value: 
key: 741688, value: 
key: 753755, value: 
key: 882923, value: 
key: 501556, value: 
key: 48994, value: 
key: 398626, value: 
key: 152457, value: 
key: 38658, value: 
key: 502920, value: 
key: 895174, value: 
key: 243010, value: 
key: 836199, value: 
key: 753001, value: 
key: 581369, value: 
key: 678041, value: 
key: 710893, value: 
key: 479066, value: 
key: 32113, value: 
key: 99529, value: 
key: 215631, value: 
key: 122485, value: 
key: 460011, value: 
key: 912266, value: 
key: 773489, value: 
key: 845005, value: 
key: 54957, value: 
key: 209971, value: 
key: 825920, value: 
key: 277057, value: 
key: 450645, value: 
key: 457758, value: 
key: 61580, value: 
key: 140214, value: 
key: 844655, value: 
key: 24295, value: 
key: 676944, value: 
key: 269245, value: 
key: 114833, value: 
key: 464871, value: 
key: 447203, value: 
key: 578600, value: 
key: 569796, value: 
key: 719489, value: 
key: 364029, value: 
key: 558965, value: 
key: 786955, value: 
key: 658216, value: 
key: 189578, value: 
key: 656058, value: 
key: 807179, value: 
key: 33693, value: 
key: 630618, value: 
key: 94270, value: 
key: 989844, value: 
key: 96049, value: 
key: 348629, value: 
key: 353210, value: 
key: 14038, value: 
key: 930396, value: 
key: 789787, value: 
key: 326760, value: 
key: 245357, value: 
key: 603548, value: 
key: 762801, value: 
key: 217318, value: 
key: 993874, value: 
key: 686257, value: 
key: 827733, value: 
key: 178473, value: 
key: 297958, value: 
key: 833013, value: 
key: 453754, value: 
key: 731250, value: 
key: 198347, value: 
key: 164292, value: 
key: 654948, value: 
key: 615682, value: 
key: 451871, value: 
key: 409955, value: 
key: 811732, value: 
key: 507686, value: 
key: 265698, value: 
key: 272928, value: 
key: 569930, value: 
key: 428864, value: 
key: 632681, value: 
key: 234672, value: 
key: 643827, value: 
key: 108236, value: 
key: 559935, value: 
key: 249328, value: 
key: 571450, value: 
key: 9966, value: 
key: 576031, value: 
key: 196051, value: 
key: 165464, value: 
key: 322744, value: 
key: 316655, value: 
key: 597250, value: 
key: 213811, value: 
key: 447188, value: 
key: 239310, value: 
key: 74391, value: 
key: 865119, value: 
key: 620211, value: 
key: 331409, value: 
key: 218560, value: 
key: 515562, value: 
key: 677617, value: 
key: 763901, value: 
key: 791449, value: 
key: 737379, value: 
key: 164348, value: 
key: 129523, value: 
key: 735388, value: 
key: 265900, value: 
key: 845137, value: 
key: 833169, value: 
key: 346009, value: 
key: 693761, value: 
key: 466222, value: 
key: 34887, value: 
key: 178402, value: 
key: 272645, value: 
key: 940407, value: 
key: 239246, value: 
key: 181406, value: 
key: 801254, value: 
key: 316248, value: 
key: 656289, value: 
key: 590310, value: 
key: 860501, value: 
key: 390606, value: 
key: 115487, value: 
key: 542810, value: 
key: 121039, value: 
key: 949321, value: 
key: 62291, value: 
key: 308872, value: 
key: 967769, value: 
key: 129707, value: 
key: 255480, value: 
key: 577564, value: 
key: 311438, value: 
key: 297396, value: 
key: 225001, value: 
key: 247302, value: 
key: 63533, value: 
key: 340713, value: 
key: 108632, value: 
key: 614456, value: 
key: 582289, value: 
key: 573186, value: 
key: 43052, value: 
key: 627997, value: 
key: 192222, value: 
key: 903628, value: 
key: 337968, value: 
key: 452209, value: 
key: 155058, value: 
key: 447296, value: 
key: 480624, value: 
key: 720896, value: 
key: 135379, value: 
key: 247511, value: 
key: 81524, value: 
key: 983257, value: 
key: 156514, value: 
key: 436717, value: 
key: 450548, value: 
key: 357775, value: 
key: 321781, value: 
key: 292072, value: 
key: 478340, value: 
key: 169084, value: 
key: 301624, value: 
key: 63942, value: 
key: 775247, value: 
key: 515450, value: 
key: 404482, value: 
key: 388430, value: 
key: 502869, value: 
key: 668350, value: 
key: 657266, value: 
key: 50140, value: 
key: 693925, value: 
key: 283403, value: 
key: 99594, value: 
key: 824255, value: 
key: 817266, value: 
key: 791032, value: 
key: 569697, value: 
key: 631840, value: 
key: 677675, value: 
key: 438090, value: 
key: 926322, value: 
key: 494416, value: 
key: 281971, value: 
key: 855213, value: 
key: 878711, value: 
key: 722463, value: 
key: 561844, value: 
key: 667461, value: 
key: 227270, value: 
key: 190123, value: 
key: 138769, value: 
key: 251778, value: 
key: 208026, value: 
key: 637071, value: 
key: 935452, value: 
key: 676429, value: 
key: 820033, value: 
key: 408585, value: 
key: 882383, value: 
key: 712046, value: 
key: 715074, value: 
key: 844220, value: 
key: 745301, value: 
key: 986452, value: 
key: 958510, value: 
key: 181714, value: 
key: 222453, value: 
key: 744104, value: 
key: 202152, value: 
key: 679813, value: 
key: 542573, value: 
key: 185411, value: 
key: 862466, value: 
key: 709123, value: 
key: 506922, value: 
key: 414867, value: 
key: 910819, value: 
key: 837011, value: 
key: 37415, value: 
key: 253587, value: 
key: 989631, value: 
key: 558211, value: 
key: 114873, value: 
key: 895620, value: 
key: 810885, value: 
key: 433538, value: 
key: 549325, value: 
key: 31448, value: 
key: 948412, value: 
key: 163697, value: 
key: 263995, value: 
key: 280880, value: 
key: 116578, value: 
key: 278801, value: 
key: 442062, value: 
key: 354798, value: 
key: 994093, value: 
key: 632216, value: 
key: 294135, value: 
key: 734343, value: 
key: 532963, value: 
key: 670931, value: 
key: 260332, value: 
key: 322834, value: 
key: 30526, value: 
key: 198284, value: 
key: 235015, value: 
key: 350273, value: 
key: 99471, value: 
key: 716190, value: 
key: 801188, value: 
key: 390334, value: 
key: 419525, value: 
key: 822215, value: 
key: 524630, value: 
key: 280538, value: 
key: 288756, value: 
key: 121873, value: 
key: 781547, value: 
key: 756877, value: 
key: 234483, value: 
key: 199348, value: 
key: 158570, value: 
key: 191357, value: 
key: 680833, value: 
key: 603571, value: 
key: 894010, value: 
key: 507792, value: 
key: 199508, value: 
key: 703866, value: 
key: 787343, value: 
key: 720362, value: 
key: 895990, value: 
key: 622509, value: 
key: 674344, value: 
key: 333218, value: 
key: 424387, value: 
key: 987086, value: 
key: 297518, value: 
key: 312493, value: 
key: 602264, value: 
key: 567828, value: 
key: 175504, value: 
key: 871116, value: 
key: 348678, value: 
key: 266877, value: 
key: 478982, value: 
key: 563525, value: 
key: 739261, value: 
key: 865162, value: 
key: 6901, value: 
key: 163109, value: 
key: 575735, value: 
key: 548795, value: 
key: 653963, value: 
key: 581217, value: 
key: 226259, value: 
key: 513278, value: 
key: 441485, value: 
key: 761990, value: 
key: 649872, value: 
key: 315641, value: 
key: 140982, value: 
key: 862132, value: 
key: 24891, value: 
key: 487746, value: 
key: 75345, value: 
key: 214562, value: 
key: 245454, value: 
key: 337458, value: 
key: 91800, value: 
key: 732084, value: 
key: 185923, value: 
key: 827425, value: 
key: 878564, value: 
key: 737272, value: 
key: 365826, value: 
key: 669496, value: 
key: 847397, value: 
key: 687676, value: 
key: 814164, value: 
key: 570820, value: 
key: 157395, value: 
key: 338411, value: 
key: 487197, value: 
key: 840703, value: 
key: 518198, value: 
key: 815820, value: 
key: 296683, value: 
key: 897411, value: 
key: 936475, value: 
key: 904490, value: 
key: 302674, value: 
key: 547369, value: 
key: 289223, value: 
key: 483249, value: 
key: 859064, value: 
key: 877905, value: 
key: 769804, value: 
key: 438009, value: 
key: 820004, value: 
key: 16421, value: 
key: 28268, value: 
key: 753119, value: 
key: 749301, value: 
key: 240220, value: 
key: 845238, value: 
key: 985619, value: 
key: 7779, value: 
key: 377825, value: 
key: 198020, value: 
key: 577728, value: 
key: 765350, value: 
key: 226628, value: 
key: 718970, value: 
key: 234854, value: 
key: 304212, value: 
key: 166171, value: 
key: 934194, value: 
key: 921707, value: 
key: 867164, value: 
key: 702818, value: 
key: 300243, value: 
key: 588962, value: 
key: 14924, value: 
key: 628202, value: 
key: 220253, value: 
key: 743882, value: 
key: 998952, value: 
key: 245250, value: 
key: 84039, value: 
key: 891994, value: 
key: 637112, value: 
key: 174237, value: 
key: 269430, value: 
key: 450681, value: 
key: 733898, value: 
key: 487584, value: 
key: 81935, value: 
key: 667168, value: 
key: 544322, value: 
key: 449827, value: 
key: 169127, value: 
key: 401869, value: 
key: 532802, value: 
key: 744001, value: 
key: 732369, value: 
key: 991900, value: 
key: 721833, value: 
key: 512154, value: 
key: 470896, value: 
key: 92445, value: 
key: 244390, value: 
key: 616030, value: 
key: 860059, value: 
key: 993054, value: 
key: 249100, value: 
key: 214629, value: 
key: 687195, value: 
key: 558396, value: 
key: 448682, value: 
key: 475570, value: 
key: 742094, value: 
key: 255435, value: 
key: 336828, value: 
key: 447487, value: 
key: 166331, value: 
key: 804224, value: 
key: 538033, value: 
key: 535689, value: 
key: 19178, value: 
key: 527749, value: 
key: 450009, value: 
key: 877835, value: 
key: 702359, value: 
key: 434515, value: 
key: 311441, value: 
key: 132688, value: 
key: 294441, value: 
key: 542120, value: 
key: 349439, value: 
key: 97361, value: 
key: 719579, value: 
key: 94434, value: 
key: 376024, value: 
key: 819451, value: 
key: 696102, value: 
key: 253233, value: 
key: 330341, value: 
key: 165211, value: 
key: 230319, value: 
key: 168533, value: 
key: 181532, value: 
key: 399647, value: 
key: 434104, value: 
key: 792927, value: 
key: 347587, value: 
key: 753993, value: 
key: 278623, value: 
key: 46646, value: 
key: 578985, value: 
key: 300340, value: 
key: 211509, value: 
key: 149101, value: 
key: 226938, value: 
key: 776950, value: 
key: 856487, value: 
key: 920412, value: 
key: 890272, value: 
key: 562492, value: 
key: 961888, value: 
key: 28994, value: 
key: 653600, value: 
key: 304977, value: 
key: 828930, value: 
key: 164065, value: 
key: 938750, value: 
key: 335571, value: 
key: 275462, value: 
key: 217394, value: 
key: 284024, value: 
key: 864930, value: 
key: 57543, value: 
key: 382186, value: 
key: 133308, value: 
key: 295912, value: 
key: 649827, value: 
key: 219893, value: 
key: 803883, value: 
key: 294207, value: 
key: 138444, value: 
key: 466871, value: 
key: 797621, value: 
key: 603148, value: 
key: 658209, value: 
key: 430544, value: 
key: 398879, value: 
key: 538471, value: 
key: 225809, value: 
key: 996064, value: 
key: 616881, value: 
key: 702289, value: 
key: 537216, value: 
key: 937605, value: 
key: 588308, value: 
key: 92494, value: 
key: 140708, value: 
key: 24875, value: 
key: 870207, value: 
key: 497781, value: 
key: 996572, value: 
key: 942245, value: 
key: 52308, value: 
key: 243634, value: 
key: 361, value: 
key: 444327, value: 
key: 894867, value: 
key: 219589, value: 
key: 83412, value: 
key: 105475, value: 
key: 675213, value: 
key: 706027, value: 
key: 529077, value: 
key: 829348, value: 
key: 491668, value: 
key: 674508, value: 
key: 644022, value: 
key: 650829, value: 
key: 25731, value: 
key: 513810, value: 
key: 685117, value: 
key: 218850, value: 
key: 907684, value: 
key: 691282, value: 
key: 515731, value: 
key: 593313, value: 
key: 879824, value: 
key: 513560, value: 
key: 47401, value: 
key: 232902, value: 
key: 309466, value: 
key: 416203, value: 
key: 3456, value: 
key: 863991, value: 
key: 831057, value: 
key: 217152, value: 
key: 752192, value: 
key: 404833, value: 
key: 775894, value: 
key: 733153, value: 
key: 796967, value: 
key: 359713, value: 
key: 652599, value: 
key: 792868, value: 
key: 320236, value: 
key: 956378, value: 
key: 619488, value: 
key: 18580, value: 
key: 664866, value: 
key: 521293, value: 
key: 548690, value: 
key: 201854, value: 
key: 528953, value: 
key: 474810, value: 
key: 668154, value: 
key: 258931, value: 
key: 585994, value: 
key: 376969, value: 
key: 93, value: 
key: 647621, value: 
key: 367536, value: 
key: 972293, value: 
key: 883519, value: 
key: 734271, value: 
key: 638928, value: 
key: 854690, value: 
key: 105532, value: 
key: 268163, value: 
key: 631741, value: 
key: 979241, value: 
key: 324991, value: 
key: 996943, value: 
key: 163826, value: 
key: 133939, value: 
key: 943095, value: 
key: 782784, value: 
key: 62385, value: 
key: 899136, value: 
key: 823289, value: 
key: 62431, value: 
key: 614092, value: 
key: 162535, value: 
key: 352307, value: 
key: 560652, value: 
key: 961004, value: 
key: 172086, value: 
key: 90193, value: 
key: 918091, value: 
key: 546661, value: 
key: 660967, value: 
key: 370792, value: 
key: 965802, value: 
key: 620648, value: 
key: 748511, value: 
key: 897907, value: 
key: 210661, value: 
key: 993238, value: 
key: 357555, value: 
key: 313973, value: 
key: 67841, value: 
key: 562324, value: 
key: 157902, value: 
key: 429117, value: 
key: 163020, value: 
key: 630522, value: 
key: 93071, value: 
key: 894898, value: 
key: 192006, value: 
key: 993502, value: 
key: 436995, value: 
key: 578307, value: 
key: 429908, value: 
key: 809838, value: 
key: 786052, value: 
key: 455068, value: 
key: 590819, value: 
key: 736332, value: 
key: 631460, value: 
key: 953810, value: 
key: 14858, value: 
key: 161903, value: 
key: 961071, value: 
key: 340735, value: 
key: 194835, value: 
key: 691619, value: 
key: 456777, value: 
key: 182782, value: 
key: 724353, value: 
key: 276777, value: 
key: 148436, value: 
key: 536323, value: 
key: 88259, value: 
key: 689106, value: 
key: 477464, value: 
key: 433121, value: 
key: 741516, value: 
key: 750639, value: 
key: 99815, value: 
key: 34285, value: 
key: 477693, value: 
key: 128049, value: 
key: 250993, value: 
key: 636418, value: 
key: 229061, value: 
key: 930516, value: 
key: 380814, value: 
key: 9599, value: 
key: 807087, value: 
key: 973982, value: 
key: 923363, value: 
key: 693800, value: 
key: 620963, value: 
key: 626385, value: 
key: 152585, value: 
key: 819604, value: 
key: 463034, value: 
key: 361040, value: 
key: 285140, value: 
key: 866532, value: 
key: 493114, value: 
key: 968382, value: 
key: 967530, value: 
key: 557560, value: 
key: 976206, value: 
key: 269645, value: 
key: 670131, value: 
key: 762131, value: 
key: 998901, value: 
key: 319285, value: 
key: 579979, value: 
key: 417853, value: 
key: 943895, value: 
key: 974307, value: 
key: 317830, value: 
key: 608741, value: 
key: 416454, value: 
key: 910965, value: 
key: 420093, value: 
key: 594987, value: 
key: 429155, value: 
key: 700164, value: 
key: 218683, value: 
key: 806383, value: 
key: 534389, value: 
key: 173241, value: 
key: 344461, value: 
key: 970374, value: 
key: 550385, value: 
key: 56869, value: 
key: 712916, value: 
key: 262394, value: 
key: 360270, value: 
key: 546526, value: 
key: 776237, value: 
key: 321987, value: 
key: 691291, value: 
key: 744823, value: 
key: 81229, value: 
key: 482246, value: 
key: 411273, value: 
key: 758055, value: 
key: 129110, value: 
key: 221081, value: 
key: 113782, value: 
key: 886970, value: 
key: 906520, value: 
key: 904508, value: 
key: 541563, value: 
key: 782100, value: 
key: 446411, value: 
key: 705642, value: 
key: 82279, value: 
key: 655985, value: 
key: 665342, value: 
key: 21296, value: 
key: 718642, value: 
key: 295073, value: 
key: 733092, value: 
key: 402044, value: 
key: 511445, value: 
key: 231053, value: 
key: 961662, value: 
key: 501138, value: 
key: 767804, value: 
key: 43430, value: 
key: 759313, value: 
key: 824680, value: 
key: 308575, value: 
key: 705491, value: 
key: 537458, value: 
key: 28219, value: 
key: 996211, value: 
key: 434571, value: 
key: 530491, value: 
key: 143332, value: 
key: 217202, value: 
key: 519573, value: 
key: 620349, value: 
key: 269616, value: 
key: 563523, value: 
key: 297792, value: 
key: 448956, value: 
key: 210807, value: 
key: 19644, value: 
key: 117164, value: 
key: 21124, value: 
key: 150703, value: 
key: 758206, value: 
key: 881788, value: 
key: 225081, value: 
key: 266329, value: 
key: 696395, value: 
key: 754808, value: 
key: 109176, value: 
key: 813419, value: 
key: 588340, value: 
key: 987066, value: 
key: 790952, value: 
key: 717847, value: 
key: 762032, value: 
key: 388401, value: 
key: 851729, value: 
key: 627834, value: 
key: 221779, value: 
key: 475413, value: 
key: 745905, value: 
key: 446938, value: 
key: 247179, value: 
key: 482349, value: 
key: 739131, value: 
key: 145219, value: 
key: 996778, value: 
key: 197135, value: 
key: 611576, value: 
key: 697374, value: 
key: 946481, value: 
key: 901329, value: 
key: 923327, value: 
key: 427621, value: 
key: 124191, value: 
key: 749374, value: 
key: 427502, value: 
key: 644264, value: 
key: 432197, value: 
key: 145387, value: 
key: 754149, value: 
key: 426673, value: 
key: 110, value: 
key: 308030, value: 
key: 594132, value: 
key: 815499, value: 
key: 812449, value: 
key: 679495, value: 
key: 37662, value: 
key: 849441, value: 
key: 666239, value: 
key: 905198, value: 
key: 206079, value: 
key: 851970, value: 
key: 524249, value: 
key: 54368, value: 
key: 558435, value: 
key: 137292, value: 
key: 967952, value: 
key: 732963, value: 
key: 24844, value: 
key: 906700, value: 
key: 343675, value: 
key: 456601, value: 
key: 642671, value: 
key: 363668, value: 
key: 920270, value: 
key: 746533, value: 
key: 454032, value: 
key: 188032, value: 
key: 695004, value: 
key: 471602, value: 
key: 658463, value: 
key: 501282, value: 
key: 818164, value: 
key: 916969, value: 
key: 557104, value: 
key: 746591, value: 
key: 183521, value: 
key: 492238, value: 
key: 835871, value: 
key: 229539, value: 
key: 260776, value: 
key: 187088, value: 
key: 806284, value: 
key: 657363, value: 
key: 908618, value: 
key: 750943, value: 
key: 292946, value: 
key: 991120, value: 
key: 725035, value: 
key: 44165, value: 
key: 801957, value: 
key: 153353, value: 
key: 499347, value: 
key: 810676, value: 
key: 546562, value: 
key: 206943, value: 
key: 607511, value: 
key: 791119, value: 
key: 106526, value: 
key: 72692, value: 
key: 41593, value: 
key: 426721, value: 
key: 427944, value: 
key: 285933, value: 
key: 329954, value: 
key: 61054, value: 
key: 233226, value: 
key: 899929, value: 
key: 38490, value: 
key: 24693, value: 
key: 6448, value: 
key: 26615, value: 
key: 988919, value: 
key: 336123, value: 
key: 765880, value: 
key: 844945, value: 
key: 259107, value: 
key: 545174, value: 
key: 602813, value: 
key: 266947, value: 
key: 279668, value: 
key: 387426, value: 
key: 428398, value: 
key: 57574, value: 
key: 848815, value: 
key: 172028, value: 
key: 340957, value: 
key: 204462, value: 
key: 469265, value: 
key: 502814, value: 
key: 656638, value: 
key: 859563, value: 
key: 941514, value: 
key: 144324, value: 
key: 732448, value: 
key: 671398, value: 
key: 393827, value: 
key: 225287, value: 
key: 306108, value: 
key: 501879, value: 
key: 41588, value: 
key: 37822, value: 
key: 487896, value: 
key: 504487, value: 
key: 268228, value: 
key: 8387, value: 
key: 966104, value: 
key: 116255, value: 
key: 612931, value: 
key: 639130, value: 
key: 127547, value: 
key: 16548, value: 
key: 773302, value: 
key: 839323, value: 
key: 950772, value: 
key: 984984, value: 
key: 368195, value: 
key: 389840, value: 
key: 474441, value: 
key: 504649, value: 
key: 513072, value: 
key: 456238, value: 
key: 308917, value: 
key: 434043, value: 
key: 458708, value: 
key: 345675, value: 
key: 892348, value: 
key: 229579, value: 
key: 733555, value: 
key: 277622, value: 
key: 172118, value: 
key: 952277, value: 
key: 52993, value: 
key: 877776, value: 
key: 133078, value: 
key: 170912, value: 
key: 425555, value: 
key: 948584, value: 
key: 411169, value: 
key: 682495, value: 
key: 893158, value: 
key: 792570, value: 
key: 355407, value: 
key: 674528, value: 
key: 876100, value: 
key: 565877, value: 
key: 336224, value: 
key: 962005, value: 
key: 110772, value: 
key: 619602, value: 
key: 367909, value: 
key: 768469, value: 
key: 825184, value: 
key: 433475, value: 
key: 432249, value: 
key: 654627, value: 
key: 272649, value: 
key: 528012, value: 
key: 886633, value: 
key: 629199, value: 
key: 204165, value: 
key: 780416, value: 
key: 253567, value: 
key: 278034, value: 
key: 249041, value: 
key: 417039, value: 
key: 214649, value: 
key: 357917, value: 
key: 471983, value: 
key: 889357, value: 
key: 175904, value: 
key: 842709, value: 
key: 865429, value: 
key: 844963, value: 
key: 17923, value: 
key: 546843, value: 
key: 114923, value: 
key: 940980, value: 
key: 483791, value: 
key: 718727, value: 
key: 679651, value: 
key: 59132, value: 
key: 688480, value: 
key: 346843, value: 
key: 557915, value: 
key: 767705, value: 
key: 304032, value: 
key: 42505, value: 
key: 415770, value: 
key: 376169, value: 
key: 631264, value: 
key: 17350, value: 
key: 495413, value: 
key: 451507, value: 
key: 722643, value: 
key: 802873, value: 
key: 742832, value: 
key: 372071, value: 
key: 526645, value: 
key: 637895, value: 
key: 804293, value: 
key: 203940, value: 
key: 671118, value: 
key: 708252, value: 
key: 828174, value: 
key: 999780, value: 
key: 634339, value: 
key: 764878, value: 
key: 813114, value: 
key: 865915, value: 
key: 99172, value: 
key: 348416, value: 
key: 819361, value: 
key: 655910, value: 
key: 170475, value: 
key: 250656, value: 
key: 18054, value: 
key: 219824, value: 
key: 585019, value: 
key: 728942, value: 
key: 67827, value: 
key: 821751, value: 
key: 775764, value: 
key: 2688, value: 
key: 697893, value: 
key: 318611, value: 
key: 749468, value: 
key: 670038, value: 
key: 623195, value: 
key: 538370, value: 
key: 685135, value: 
key: 347334, value: 
key: 34656, value: 
key: 331045, value: 
key: 826705, value: 
key: 665698, value: 
key: 694717, value: 
key: 867531, value: 
key: 468091, value: 
key: 189260, value: 
key: 660655, value: 
key: 631202, value: 
key: 19268, value: 
key: 60901, value: 
key: 155676, value: 
key: 830979, value: 
key: 697545, value: 
key: 649544, value: 
key: 12090, value: 
key: 897033, value: 
key: 641555, value: 
key: 938572, value: 
key: 943264, value: 
key: 151399, value: 
key: 932301, value: 
key: 623032, value: 
key: 518352, value: 
key: 787831, value: 
key: 118769, value: 
key: 648024, value: 
key: 507657, value: 
key: 741721, value: 
key: 432274, value: 
key: 910369, value: 
key: 302533, value: 
key: 463995, value: 
key: 852519, value: 
key: 859271, value: 
key: 764443, value: 
key: 699589, value: 
key: 895686, value: 
key: 728564, value: 
key: 330484, value: 
key: 896627, value: 
key: 438715, value: 
key: 575973, value: 
key: 116086, value: 
key: 60813, value: 
key: 378251, value: 
key: 547527, value: 
key: 650326, value: 
key: 826615, value: 
key: 701192, value: 
key: 144885, value: 
key: 113463, value: 
key: 807508, value: 
key: 527431, value: 
key: 250559, value: 
key: 625591, value: 
key: 864194, value: 
key: 985341, value: 
key: 224516, value: 
key: 549989, value: 
key: 536958, value: 
key: 679905, value: 
key: 333863, value: 
key: 913883, value: 
key: 411934, value: 
key: 624945, value: 
key: 923668, value: 
key: 456142, value: 
key: 285737, value: 
key: 686064, value: 
key: 418405, value: 
key: 590316, value: 
key: 486789, value: 
key: 417332, value: 
key: 998734, value: 
key: 943259, value: 
key: 385790, value: 
key: 227087, value: 
key: 307624, value: 
key: 809663, value: 
key: 916347, value: 
key: 50890, value: 
key: 434933, value: 
key: 343372, value: 
key: 449502, value: 
key: 939966, value: 
key: 827953, value: 
key: 979759, value: 
key: 870056, value: 
key: 297101, value: 
key: 288448, value: 
key: 805728, value: 
key: 524104, value: 
key: 361475, value: 
key: 96706, value: 
key: 19187, value: 
key: 715830, value: 
key: 859202, value: 
key: 237121, value: 
key: 494991, value: 
key: 321468, value: 
key: 414605, value: 
key: 476733, value: 
key: 383899, value: 
key: 106795, value: 
key: 288125, value: 
key: 540711, value: 
key: 256386, value: 
key: 783756, value: 
key: 290708, value: 
key: 877699, value: 
key: 695831, value: 
key: 902946, value: 
key: 332073, value: 
key: 517322, value: 
key: 282211, value: 
key: 666862, value: 
key: 576338, value: 
key: 954127, value: 
key: 655080, value: 
key: 98911, value: 
key: 124340, value: 
key: 657228, value: 
key: 571344, value: 
key: 602839, value: 
key: 590633, value: 
key: 66158, value: 
key: 127132, value: 
key: 28747, value: 
key: 25324, value: 
key: 489016, value: 
key: 778718, value: 
key: 934277, value: 
key: 29816, value: 
key: 78216, value: 
key: 347338, value: 
key: 808299, value: 
key: 324519, value: 
key: 681447, value: 
key: 841597, value: 
key: 967873, value: 
key: 926944, value: 
key: 211695, value: 
key: 944128, value: 
key: 241474, value: 
key: 401063, value: 
key: 996828, value: 
key: 275488, value: 
key: 689867, value: 
key: 425335, value: 
key: 245762, value: 
key: 632739, value: 
key: 417916, value: 
key: 379490, value: 
key: 573997, value: 
key: 353281, value: 
key: 403182, value: 
key: 930129, value: 
key: 740739, value: 
key: 856564, value: 
key: 211060, value: 
key: 595654, value: 
key: 889830, value: 
key: 103370, value: 
key: 517751, value: 
key: 561172, value: 
key: 919384, value: 
key: 444190, value: 
key: 271871, value: 
key: 506490, value: 
key: 434342, value: 
key: 75204, value: 
key: 562689, value: 
key: 831109, value: 
key: 4936, value: 
key: 516965, value: 
key: 709806, value: 
key: 587008, value: 
key: 286093, value: 
key: 457167, value: 
key: 824116, value: 
key: 398415, value: 
key: 674072, value: 
key: 170480, value: 
key: 648969, value: 
key: 338147, value: 
key: 741255, value: 
key: 831589, value: 
key: 292993, value: 
key: 682693, value: 
key: 829780, value: 
key: 882859, value: 
key: 297972, value: 
key: 152325, value: 
key: 804730, value: 
key: 890610, value: 
key: 570813, value: 
key: 844738, value: 
key: 806039, value: 
key: 301729, value: 
key: 346328, value: 
key: 292634, value: 
key: 962908, value: 
key: 790312, value: 
key: 240523, value: 
key: 924436, value: 
key: 593878, value: 
key: 296335, value: 
key: 178079, value: 
key: 819204, value: 
key: 833938, value: 
key: 748368, value: 
key: 516952, value: 
key: 780711, value: 
key: 444817, value: 
key: 351919, value: 
key: 771061, value: 
key: 598501, value: 
key: 966090, value: 
key: 510837, value: 
key: 63812, value: 
key: 392907, value: 
key: 801454, value: 
key: 433907, value: 
key: 858113, value: 
key: 694207, value: 
key: 305101, value: 
key: 296977, value: 
key: 838931, value: 
key: 614959, value: 
key: 996226, value: 
key: 329550, value: 
key: 841447, value: 
key: 809883, value: 
key: 132051, value: 
key: 460073, value: 
key: 932457, value: 
key: 276818, value: 
key: 335252, value: 
key: 244750, value: 
key: 539740, value: 
key: 32982, value: 
key: 602648, value: 
key: 929204, value: 
key: 629249, value: 
key: 672908, value: 
key: 231905, value: 
key: 199191, value: 
key: 931432, value: 
key: 30971, value: 
key: 790196, value: 
key: 660549, value: 
key: 549679, value: 
key: 692618, value: 
key: 576444, value: 
key: 174372, value: 
key: 966643, value: 
key: 39921, value: 
key: 93464, value: 
key: 698481, value: 
key: 202871, value: 
key: 330428, value: 
key: 776891, value: 
key: 123628, value: 
key: 663241, value: 
key: 178028, value: 
key: 362687, value: 
key: 411774, value: 
key: 261647, value: 
key: 148401, value: 
key: 950530, value: 
key: 737382, value: 
key: 682912, value: 
key: 608183, value: 
key: 288459, value: 
key: 846998, value: 
key: 542027, value: 
key: 718839, value: 
key: 937337, value: 
key: 951467, value: 
key: 310211, value: 
key: 390899, value: 
key: 24893, value: 
key: 119436, value: 
key: 293680, value: 
key: 374376, value: 
key: 971618, value: 
key: 133766, value: 
key: 398347, value: 
key: 774127, value: 
key: 355885, value: 
key: 668679, value: 
key: 87490, value: 
key: 263555, value: 
key: 187985, value: 
key: 726876, value: 
key: 258612, value: 
key: 645492, value: 
key: 34131, value: 
key: 313687, value: 
key: 609368, value: 
key: 90100, value: 
key: 999593, value: 
key: 374789, value: 
key: 649867, value: 
key: 392947, value: 
key: 224820, value: 
key: 380418, value: 
key: 687403, value: 
key: 870881, value: 
key: 353162, value: 
key: 857006, value: 
key: 882684, value: 
key: 935577, value: 
key: 42149, value: 
key: 215918, value: 
key: 437242, value: 
key: 499398, value: 
key: 276852, value: 
key: 746281, value: 
key: 117357, value: 
key: 371641, value: 
key: 610531, value: 
key: 34171, value: 
key: 878810, value: 
key: 941512, value: 
key: 749116, value: 
key: 591708, value: 
key: 146315, value: 
key: 924346, value: 
key: 873282, value: 
key: 736772, value: 
key: 925024, value: 
key: 88561, value: 
key: 968481, value: 
key: 649876, value: 
key: 402769, value: 
key: 87830, value: 
key: 539920, value: 
key: 366548, value: 
key: 558321, value: 
key: 5236, value: 
key: 78045, value: 
key: 992433, value: 
key: 604969, value: 
key: 174732, value: 
key: 474964, value: 
key: 876625, value: 
key: 874010, value: 
key: 96414, value: 
key: 854724, value: 
key: 975319, value: 
key: 797139, value: 
key: 920234, value: 
key: 785381, value: 
key: 287524, value: 
key: 99693, value: 
key: 619130, value: 
key: 121549, value: 
key: 889061, value: 
key: 832287, value: 
key: 67784, value: 
key: 49250, value: 
key: 497677, value: 
key: 898335, value: 
key: 815655, value: 
key: 113225, value: 
key: 880774, value: 
key: 65252, value: 
key: 451125, value: 
key: 230968, value: 
key: 946526, value: 
key: 903493, value: 
key: 438115, value: 
key: 833558, value: 
key: 898568, value: 
key: 52458, value: 
key: 518316, value: 
key: 370639, value: 
key: 838735, value: 
key: 373405, value: 
key: 706290, value: 
key: 387679, value: 
key: 322399, value: 
key: 280947, value: 
key: 248990, value: 
key: 721899, value: 
key: 275435, value: 
key: 76029, value: 
key: 965255, value: 
key: 200156, value: 
key: 207038, value: 
key: 583561, value: 
key: 164544, value: 
key: 558433, value: 
key: 33918, value: 
key: 735377, value: 
key: 721040, value: 
key: 518662, value: 
key: 411617, value: 
key: 686248, value: 
key: 418342, value: 
key: 355968, value: 
key: 778268, value: 
key: 363417, value: 
key: 882660, value: 
key: 129165, value: 
key: 451406, value: 
key: 325068, value: 
key: 514091, value: 
key: 501000, value: 
key: 940722, value: 
key: 867001, value: 
key: 604679, value: 
key: 957210, value: 
key: 834894, value: 
key: 419516, value: 
key: 715054, value: 
key: 775054, value: 
key: 591315, value: 
key: 630966, value: 
key: 953692, value: 
key: 575328, value: 
key: 280617, value: 
key: 74719, value: 
key: 289377, value: 
key: 838674, value: 
key: 628150, value: 
key: 919357, value: 
key: 547688, value: 
key: 195564, value: 
key: 322210, value: 
key: 770147, value: 
key: 604811, value: 
key: 778626, value: 
key: 113227, value: 
key: 49377, value: 
key: 67186, value: 
key: 814485, value: 
key: 959373, value: 
key: 806082, value: 
key: 448240, value: 
key: 428547, value: 
key: 531980, value: 
key: 726397, value: 
key: 594347, value: 
key: 455248, value: 
key: 418988, value: 
key: 417352, value: 
key: 597991, value: 
key: 84264, value: 
key: 789923, value: 
key: 396880, value: 
key: 228305, value: 
key: 457138, value: 
key: 735629, value: 
key: 945972, value: 
key: 872724, value: 
key: 696234, value: 
key: 989541, value: 
key: 898881, value: 
key: 979777, value: 
key: 207618, value: 
key: 801689, value: 
key: 415057, value: 
key: 766157, value: 
key: 252487, value: 
key: 532916, value: 
key: 870069, value: 
key: 326698, value: 
key: 203542, value: 
key: 800987, value: 
key: 331078, value: 
key: 513137, value: 
key: 948960, value: 
key: 530282, value: 
key: 330952, value: 
key: 784713, value: 
key: 558149, value: 
key: 587945, value: 
key: 390033, value: 
key: 399148, value: 
key: 342955, value: 
key: 681236, value: 
key: 378763, value: 
key: 774899, value: 
key: 754185, value: 
key: 608455, value: 
key: 806437, value: 
key: 69605, value: 
key: 797351, value: 
key: 228020, value: 
key: 919405, value: 
key: 366036, value: 
key: 974486, value: 
key: 609016, value: 
key: 784380, value: 
key: 119726, value: 
key: 556460, value: 
key: 919609, value: 
key: 172475, value: 
key: 18379, value: 
key: 34591, value: 
key: 756116, value: 
key: 728308, value: 
key: 306894, value: 
key: 704278, value: 
key: 483759, value: 
key: 297985, value: 
key: 760623, value: 
key: 840668, value: 
key: 572363, value: 
key: 133232, value: 
key: 442161, value: 
key: 222552, value: 
key: 662750, value: 
key: 347749, value: 
key: 986612, value: 
key: 902416, value: 
key: 201850, value: 
key: 235990, value: 
key: 839714, value: 
key: 868233, value: 
key: 945790, value: 
key: 919531, value: 
key: 905015, value: 
key: 33677, value: 
key: 921365, value: 
key: 316178, value: 
key: 855312, value: 
key: 739687, value: 
key: 996615, value: 
key: 454250, value: 
key: 696544, value: 
key: 612630, value: 
key: 202648, value: 
key: 585642, value: 
key: 394152, value: 
key: 578521, value: 
key: 250144, value: 
key: 817824, value: 
key: 403214, value: 
key: 597940, value: 
key: 260855, value: 
key: 654348, value: 
key: 747121, value: 
key: 429007, value: 
key: 777311, value: 
key: 754187, value: 
key: 718310, value: 
key: 616658, value: 
key: 687487, value: 
key: 672315, value: 
key: 834362, value: 
key: 27575, value: 
key: 63634, value: 
key: 887940, value: 
key: 579025, value: 
key: 159722, value: 
key: 404604, value: 
key: 464550, value: 
key: 645405, value: 
key: 719335, value: 
key: 303888, value: 
key: 857473, value: 
key: 231541, value: 
key: 174918, value: 
key: 529242, value: 
key: 124115, value: 
key: 929918, value: 
key: 899907, value: 
key: 960874, value: 
key: 101251, value: 
key: 830357, value: 
key: 928548, value: 
key: 145529, value: 
key: 753160, value: 
key: 600947, value: 
key: 712086, value: 
key: 227601, value: 
key: 319355, value: 
key: 67430, value: 
key: 21780, value: 
key: 209733, value: 
key: 961613, value: 
key: 416836, value: 
key: 729835, value: 
key: 762832, value: 
key: 628785, value: 
key: 335599, value: 
key: 482239, value: 
key: 731191, value: 
key: 34153, value: 
key: 941325, value: 
key: 523497, value: 
key: 231109, value: 
key: 14360, value: 
key: 780102, value: 
key: 578705, value: 
key: 259527, value: 
key: 326096, value: 
key: 614788, value: 
key: 759766, value: 
key: 899367, value: 
key: 745594, value: 
key: 502151, value: 
key: 438432, value: 
key: 461122, value: 
key: 439729, value: 
key: 604990, value: 
key: 839220, value: 
key: 496319, value: 
key: 812421, value: 
key: 755366, value: 
key: 299811, value: 
key: 536082, value: 
key: 751164, value: 
key: 685418, value: 
key: 568115, value: 
key: 708153, value: 
key: 642246, value: 
key: 456212, value: 
key: 375977, value: 
key: 471790, value: 
key: 380405, value: 
key: 890317, value: 
key: 244154, value: 
key: 63652, value: 
key: 151968, value: 
key: 407885, value: 
key: 6167, value: 
key: 43164, value: 
key: 332059, value: 
key: 422811, value: 
key: 588614, value: 
key: 645076, value: 
key: 854982, value: 
key: 238805, value: 
key: 368346, value: 
key: 635437, value: 
key: 847076, value: 
key: 286275, value: 
key: 687485, value: 
key: 539542, value: 
key: 460578, value: 
key: 821258, value: 
key: 93570, value: 
key: 302481, value: 
key: 25601, value: 
key: 223722, value: 
key: 978718, value: 
key: 433589, value: 
key: 751078, value: 
key: 552996, value: 
key: 256212, value: 
key: 832764, value: 
key: 851635, value: 
key: 38913, value: 
key: 584687, value: 
key: 817329, value: 
key: 198057, value: 
key: 740919, value: 
key: 749727, value: 
key: 344373, value: 
key: 615402, value: 
key: 302038, value: 
key: 874850, value: 
key: 436847, value: 
key: 627128, value: 
key: 445874, value: 
key: 996932, value: 
key: 859668, value: 
key: 413066, value: 
key: 203704, value: 
key: 966245, value: 
key: 256902, value: 
key: 42307, value: 
key: 262163, value: 
key: 187187, value: 
key: 33411, value: 
key: 615189, value: 
key: 267753, value: 
key: 900234, value: 
key: 767017, value: 
key: 912758, value: 
key: 141774, value: 
key: 555537, value: 
key: 22549, value: 
key: 932514, value: 
key: 748191, value: 
key: 291169, value: 
key: 100858, value: 
key: 671233, value: 
key: 238605, value: 
key: 824563, value: 
key: 892667, value: 
key: 562283, value: 
key: 534646, value: 
key: 84697, value: 
key: 123118, value: 
key: 1762, value: 
key: 199562, value: 
key: 317940, value: 
key: 280464, value: 
key: 638694, value: 
key: 601863, value: 
key: 398613, value: 
key: 358833, value: 
key: 555768, value: 
key: 812805, value: 
key: 919445, value: 
key: 396453, value: 
key: 903961, value: 
key: 709095, value: 
key: 961576, value: 
key: 679138, value: 
key: 990156, value: 
key: 870337, value: 
key: 784229, value: 
key: 145866, value: 
key: 716448, value: 
key: 979595, value: 
key: 453493, value: 
key: 508661, value: 
key: 201203, value: 
key: 901646, value: 
key: 753577, value: 
key: 666613, value: 
key: 5085, value: 
key: 635192, value: 
key: 566807, value: 
key: 862400, value: 
key: 480507, value: 
key: 313014, value: 
key: 353650, value: 
key: 611943, value: 
key: 103479, value: 
key: 201694, value: 
key: 347361, value: 
key: 602611, value: 
key: 549455, value: 
key: 950053, value: 
key: 312507, value: 
key: 952204, value: 
key: 647193, value: 
key: 305305, value: 
key: 559498, value: 
key: 795779, value: 
key: 102205, value: 
key: 85304, value: 
key: 931483, value: 
key: 406606, value: 
key: 522056, value: 
key: 535946, value: 
key: 501923, value: 
key: 811378, value: 
key: 184001, value: 
key: 847067, value: 
key: 511683, value: 
key: 153328, value: 
key: 191605, value: 
key: 116444, value: 
key: 589174, value: 
key: 404248, value: 
key: 368739, value: 
key: 674539, value: 
key: 204396, value: 
key: 166890, value: 
key: 703406, value: 
key: 581392, value: 
key: 755298, value: 
key: 282134, value: 
key: 52933, value: 
key: 714266, value: 
key: 476137, value: 
key: 67933, value: 
key: 16470, value: 
key: 293903, value: 
key: 917193, value: 
key: 851505, value: 
key: 334790, value: 
key: 593988, value: 
key: 465735, value: 
key: 781794, value: 
key: 559887, value: 
key: 895372, value: 
key: 925727, value: 
key: 502562, value: 
key: 656418, value: 
key: 32599, value: 
key: 782797, value: 
key: 309851, value: 
key: 378479, value: 
key: 270898, value: 
key: 749206, value: 
key: 140096, value: 
key: 826134, value: 
key: 797603, value: 
key: 495552, value: 
key: 551364, value: 
key: 398321, value: 
key: 111155, value: 
key: 812225, value: 
key: 263384, value: 
key: 93305, value: 
key: 758442, value: 
key: 286464, value: 
key: 961033, value: 
key: 456557, value: 
key: 666255, value: 
key: 180278, value: 
key: 180669, value: 
key: 896083, value: 
key: 76171, value: 
key: 889889, value: 
key: 466095, value: 
key: 490180, value: 
key: 66747, value: 
key: 27263, value: 
key: 46114, value: 
key: 804846, value: 
key: 88600, value: 
key: 940166, value: 
key: 696634, value: 
key: 230799, value: 
key: 941774, value: 
key: 934615, value: 
key: 66473, value: 
key: 893093, value: 
key: 956125, value: 
key: 48345, value: 
key: 779049, value: 
key: 187747, value: 
key: 810564, value: 
key: 83474, value: 
key: 774268, value: 
key: 311863, value: 
key: 166247, value: 
key: 348168, value: 
key: 116738, value: 
key: 852540, value: 
key: 995546, value: 
key: 752165, value: 
key: 787066, value: 
key: 3616, value: 
key: 680860, value: 
key: 915483, value: 
key: 18654, value: 
key: 574231, value: 
key: 279419, value: 
key: 182254, value: 
key: 18777, value: 
key: 851273, value: 
key: 405335, value: 
key: 891022, value: 
key: 566939, value: 
key: 704821, value: 
key: 767590, value: 
key: 759326, value: 
key: 8455, value: 
key: 256070, value: 
key: 532259, value: 
key: 374196, value: 
key: 702630, value: 
key: 424219, value: 
key: 540898, value: 
key: 462628, value: 
key: 731027, value: 
key: 691176, value: 
key: 585301, value: 
key: 83551, value: 
key: 568038, value: 
key: 575360, value: 
key: 392848, value: 
key: 623416, value: 
key: 236632, value: 
key: 477116, value: 
key: 736846, value: 
key: 859842, value: 
key: 938604, value: 
key: 812919, value: 
key: 744575, value: 
key: 229885, value: 
key: 201843, value: 
key: 418591, value: 
key: 890283, value: 
key: 183220, value: 
key: 596934, value: 
key: 752501, value: 
key: 603351, value: 
key: 467476, value: 
key: 55590, value: 
key: 71790, value: 
key: 19622, value: 
key: 143505, value: 
key: 961141, value: 
key: 418922, value: 
key: 203425, value: 
key: 594026, value: 
key: 661728, value: 
key: 294584, value: 
key: 650579, value: 
key: 990138, value: 
key: 773249, value: 
key: 430391, value: 
key: 821980, value: 
key: 220222, value: 
key: 780346, value: 
key: 778215, value: 
key: 31064, value: 
key: 132848, value: 
key: 369372, value: 
key: 851075, value: 
key: 169640, value: 
key: 24235, value: 
key: 685694, value: 
key: 237464, value: 
key: 531085, value: 
key: 720746, value: 
key: 766782, value: 
key: 147242, value: 
key: 376181, value: 
key: 683214, value: 
key: 68927, value: 
key: 667441, value: 
key: 447397, value: 
key: 446150, value: 
key: 631024, value: 
key: 249351, value: 
key: 156581, value: 
key: 959379, value: 
key: 144441, value: 
key: 836207, value: 
key: 634649, value: 
key: 195722, value: 
key: 237064, value: 
key: 993209, value: 
key: 986465, value: 
key: 748201, value: 
key: 861245, value: 
key: 37853, value: 
key: 89823, value: 
key: 573056, value: 
key: 912378, value: 
key: 854429, value: 
key: 102090, value: 
key: 76049, value: 
key: 118235, value: 
key: 252290, value: 
key: 158619, value: 
key: 675776, value: 
key: 940658, value: 
key: 148438, value: 
key: 852607, value: 
key: 565299, value: 
key: 228941, value: 
key: 463773, value: 
key: 693457, value: 
key: 611062, value: 
key: 613776, value: 
key: 128681, value: 
key: 463324, value: 
key: 113234, value: 
key: 623304, value: 
key: 166119, value: 
key: 256454, value: 
key: 950611, value: 
key: 489182, value: 
key: 356053, value: 
key: 823168, value: 
key: 711717, value: 
key: 909448, value: 
key: 565244, value: 
key: 540522, value: 
key: 907507, value: 
key: 706591, value: 
key: 225687, value: 
key: 451255, value: 
key: 624312, value: 
key: 220550, value: 
key: 932107, value: 
key: 624644, value: 
key: 342326, value: 
key: 240477, value: 
key: 426877, value: 
key: 448330, value: 
key: 312259, value: 
key: 448471, value: 
key: 865014, value: 
key: 385916, value: 
key: 631875, value: 
key: 504290, value: 
key: 160975, value: 
key: 551740, value: 
key: 909747, value: 
key: 414726, value: 
key: 651343, value: 
key: 585860, value: 
key: 268657, value: 
key: 101503, value: 
key: 125743, value: 
key: 473284, value: 
key: 617295, value: 
key: 807757, value: 
key: 872216, value: 
key: 418238, value: 
key: 365981, value: 
key: 491040, value: 
key: 260624, value: 
key: 202716, value: 
key: 899659, value: 
key: 898139, value: 
key: 60233, value: 
key: 983815, value: 
key: 624882, value: 
key: 203175, value: 
key: 369381, value: 
key: 594527, value: 
key: 630836, value: 
key: 453345, value: 
key: 101040, value: 
key: 111847, value: 
key: 907585, value: 
key: 511849, value: 
key: 584472, value: 
key: 776033, value: 
key: 259578, value: 
key: 826152, value: 
key: 700625, value: 
key: 732015, value: 
key: 792482, value: 
key: 200358, value: 
key: 833262, value: 
key: 232764, value: 
key: 776550, value: 
key: 498340, value: 
key: 76069, value: 
key: 443973, value: 
key: 675633, value: 
key: 751245, value: 
key: 82826, value: 
key: 481133, value: 
key: 486833, value: 
key: 366609, value: 
key: 23809, value: 
key: 841784, value: 
key: 1076, value: 
key: 691969, value: 
key: 641340, value: 
key: 237413, value: 
key: 426145, value: 
key: 175517, value: 
key: 912295, value: 
key: 54643, value: 
key: 792617, value: 
key: 801308, value: 
key: 200734, value: 
key: 519823, value: 
key: 25256, value: 
key: 756624, value: 
key: 761275, value: 
key: 507448, value: 
key: 377522, value: 
key: 653325, value: 
key: 783477, value: 
key: 528450, value: 
key: 331012, value: 
key: 661328, value: 
key: 369394, value: 
key: 891549, value: 
key: 101730, value: 
key: 490230, value: 
key: 967572, value: 
key: 614737, value: 
key: 992989, value: 
key: 373106, value: 
key: 235323, value: 
key: 22556, value: 
key: 647230, value: 
key: 667755, value: 
key: 132747, value: 
key: 301404, value: 
key: 921213, value: 
key: 958060, value: 
key: 593102, value: 
key: 813402, value: 
key: 378765, value: 
key: 901121, value: 
key: 591896, value: 
key: 259512, value: 
key: 600550, value: 
key: 974334, value: 
key: 393496, value: 
key: 104409, value: 
key: 227829, value: 
key: 185765, value: 
key: 899303, value: 
key: 462006, value: 
key: 601799, value: 
key: 329350, value: 
key: 262859, value: 
key: 901499, value: 
key: 423517, value: 
key: 74993, value: 
key: 537661, value: 
key: 598491, value: 
key: 113021, value: 
key: 717012, value: 
key: 103590, value: 
key: 376787, value: 
key: 735896, value: 
key: 76915, value: 
key: 146333, value: 
key: 531878, value: 
key: 248743, value: 
key: 98331, value: 
key: 657840, value: 
key: 127611, value: 
key: 545134, value: 
key: 382502, value: 
key: 753180, value: 
key: 454854, value: 
key: 56540, value: 
key: 455428, value: 
key: 418393, value: 
key: 483975, value: 
key: 846396, value: 
key: 767448, value: 
key: 915133, value: 
key: 952642, value: 
key: 291204, value: 
key: 41836, value: 
key: 32205, value: 
key: 32483, value: 
key: 515289, value: 
key: 364610, value: 
key: 80374, value: 
key: 906535, value: 
key: 32810, value: 
key: 914972, value: 
key: 144722, value: 
key: 570471, value: 
key: 52052, value: 
key: 311760, value: 
key: 474252, value: 
key: 599133, value: 
key: 51097, value: 
key: 45128, value: 
key: 723941, value: 
key: 207607, value: 
key: 597971, value: 
key: 302014, value: 
key: 414984, value: 
key: 395902, value: 
key: 617844, value: 
key: 354228, value: 
key: 312635, value: 
key: 11653, value: 
key: 235925, value: 
key: 959175, value: 
key: 561031, value: 
key: 497385, value: 
key: 77930, value: 
key: 839437, value: 
key: 889100, value: 
key: 595245, value: 
key: 69908, value: 
key: 109325, value: 
key: 585714, value: 
key: 606024, value: 
key: 81360, value: 
key: 251451, value: 
key: 830184, value: 
key: 178363, value: 
key: 541343, value: 
key: 650638, value: 
key: 394022, value: 
key: 332350, value: 
key: 127943, value: 
key: 852539, value: 
key: 459244, value: 
key: 613354, value: 
key: 421142, value: 
key: 687304, value: 
key: 302638, value: 
key: 591773, value: 
key: 383123, value: 
key: 586519, value: 
key: 295617, value: 
key: 455794, value: 
key: 141080, value: 
key: 284875, value: 
key: 830081, value: 
key: 461557, value: 
key: 758853, value: 
key: 657019, value: 
key: 336242, value: 
key: 691035, value: 
key: 864743, value: 
key: 193586, value: 
key: 451107, value: 
key: 866893, value: 
key: 902144, value: 
key: 466394, value: 
key: 906399, value: 
key: 375403, value: 
key: 241038, value: 
key: 434081, value: 
key: 977287, value: 
key: 788599, value: 
key: 291073, value: 
key: 463753, value: 
key: 27610, value: 
key: 378204, value: 
key: 353876, value: 
key: 386865, value: 
key: 261702, value: 
key: 428655, value: 
key: 603106, value: 
key: 579896, value: 
key: 670157, value: 
key: 538082, value: 
key: 301363, value: 
key: 971933, value: 
key: 879224, value: 
key: 638148, value: 
key: 831176, value: 
key: 844109, value: 
key: 469465, value: 
key: 7133, value: 
key: 937317, value: 
key: 604844, value: 
key: 664635, value: 
key: 39583, value: 
key: 365622, value: 
key: 37592, value: 
key: 500881, value: 
key: 886994, value: 
key: 304971, value: 
key: 215716, value: 
key: 516626, value: 
key: 971041, value: 
key: 778972, value: 
key: 607083, value: 
key: 241843, value: 
key: 990358, value: 
key: 556079, value: 
key: 612825, value: 
key: 201520, value: 
key: 46730, value: 
key: 972738, value: 
key: 746140, value: 
key: 585604, value: 
key: 63418, value: 
key: 904753, value: 
key: 912774, value: 
key: 184045, value: 
key: 317160, value: 
key: 193171, value: 
key: 395463, value: 
key: 683245, value: 
key: 875385, value: 
key: 81753, value: 
key: 577746, value: 
key: 66688, value: 
key: 710167, value: 
key: 732529, value: 
key: 200428, value: 
key: 221100, value: 
key: 79644, value: 
key: 81317, value: 
key: 146465, value: 
key: 682097, value: 
key: 360308, value: 
key: 349701, value: 
key: 861461, value: 
key: 332576, value: 
key: 445870, value: 
key: 463270, value: 
key: 37963, value: 
key: 325008, value: 
key: 761947, value: 
key: 629669, value: 
key: 239019, value: 
key: 510512, value: 
key: 232605, value: 
key: 589024, value: 
key: 188971, value: 
key: 636526, value: 
key: 749947, value: 
key: 430337, value: 
key: 31435, value: 
key: 713407, value: 
key: 576170, value: 
key: 481335, value: 
key: 206147, value: 
key: 563031, value: 
key: 212214, value: 
key: 664691, value: 
key: 151786, value: 
key: 944632, value: 
key: 17606, value: 
key: 589473, value: 
key: 286899, value: 
key: 430461, value: 
key: 17040, value: 
key: 765316, value: 
key: 113562, value: 
key: 549541, value: 
key: 65481, value: 
key: 998392, value: 
key: 312563, value: 
key: 964641, value: 
key: 945477, value: 
key: 415466, value: 
key: 833219, value: 
key: 853082, value: 
key: 892519, value: 
key: 943776, value: 
key: 884415, value: 
key: 415222, value: 
key: 206442, value: 
key: 319771, value: 
key: 697918, value: 
key: 151096, value: 
key: 65986, value: 
key: 217293, value: 
key: 831608, value: 
key: 636478, value: 
key: 972479, value: 
key: 122036, value: 
key: 278238, value: 
key: 457024, value: 
key: 491978, value: 
key: 111098, value: 
key: 300696, value: 
key: 607962, value: 
key: 15790, value: 
key: 574332, value: 
key: 569983, value: 
key: 533005, value: 
key: 659259, value: 
key: 133799, value: 
key: 657491, value: 
key: 460244, value: 
key: 496744, value: 
key: 421089, value: 
key: 195539, value: 
key: 635761, value: 
key: 280037, value: 
key: 566685, value: 
key: 610119, value: 
key: 395621, value: 
key: 935049, value: 
key: 683290, value: 
key: 239204, value: 
key: 273637, value: 
key: 783590, value: 
key: 294502, value: 
key: 207276, value: 
key: 891176, value: 
key: 467500, value: 
key: 727604, value: 
key: 119320, value: 
key: 211789, value: 
key: 60260, value: 
key: 800952, value: 
key: 201043, value: 
key: 858117, value: 
key: 625357, value: 
key: 934442, value: 
key: 838957, value: 
key: 220231, value: 
key: 925813, value: 
key: 365314, value: 
key: 905923, value: 
key: 204651, value: 
key: 517355, value: 
key: 973614, value: 
key: 875437, value: 
key: 681906, value: 
key: 1311, value: 
key: 948966, value: 
key: 866358, value: 
key: 311548, value: 
key: 229869, value: 
key: 408781, value: 
key: 777102, value: 
key: 661843, value: 
key: 148971, value: 
key: 782874, value: 
key: 544285, value: 
key: 115508, value: 
key: 262703, value: 
key: 758732, value: 
key: 237491, value: 
key: 8466, value: 
key: 724993, value: 
key: 749455, value: 
key: 678081, value: 
key: 6413, value: 
key: 250393, value: 
key: 378691, value: 
key: 211990, value: 
key: 891071, value: 
key: 330138, value: 
key: 41922, value: 
key: 110998, value: 
key: 765369, value: 
key: 450032, value: 
key: 465308, value: 
key: 639341, value: 
key: 949668, value: 
key: 454445, value: 
key: 32254, value: 
key: 108272, value: 
key: 135452, value: 
key: 591948, value: 
key: 889234, value: 
key: 332282, value: 
key: 370907, value: 
key: 569071, value: 
key: 830816, value: 
key: 603881, value: 
key: 968322, value: 
key: 500571, value: 
key: 633848, value: 
key: 338213, value: 
key: 291738, value: 
key: 671633, value: 
key: 835442, value: 
key: 743165, value: 
key: 619136, value: 
key: 645171, value: 
key: 520113, value: 
key: 934163, value: 
key: 161437, value: 
key: 219684, value: 
key: 106283, value: 
key: 648136, value: 
key: 492887, value: 
key: 887834, value: 
key: 504182, value: 
key: 301103, value: 
key: 505532, value: 
key: 843010, value: 
key: 645773, value: 
key: 654915, value: 
key: 646084, value: 
key: 829263, value: 
key: 844235, value: 
key: 685076, value: 
key: 140416, value: 
key: 461243, value: 
key: 900915, value: 
key: 862479, value: 
key: 408916, value: 
key: 359256, value: 
key: 297842, value: 
key: 2699, value: 
key: 583688, value: 
key: 586971, value: 
key: 681997, value: 
key: 424525, value: 
key: 437789, value: 
key: 608440, value: 
key: 657929, value: 
key: 118873, value: 
key: 77051, value: 
key: 730233, value: 
key: 443230, value: 
key: 755254, value: 
key: 609452, value: 
key: 963503, value: 
key: 139243, value: 
key: 696843, value: 
key: 127824, value: 
key: 150145, value: 
key: 355953, value: 
key: 22015, value: 
key: 971687, value: 
key: 410371, value: 
key: 647191, value: 
key: 127929, value: 
key: 768094, value: 
key: 787200, value: 
key: 181619, value: 
key: 839042, value: 
key: 632896, value: 
key: 558842, value: 
key: 294892, value: 
key: 291754, value: 
key: 339940, value: 
key: 273486, value: 
key: 675015, value: 
key: 167493, value: 
key: 915210, value: 
key: 141686, value: 
key: 550321, value: 
key: 823733, value: 
key: 646426, value: 
key: 793245, value: 
key: 267283, value: 
key: 15631, value: 
key: 249652, value: 
key: 389477, value: 
key: 346807, value: 
key: 939133, value: 
key: 726636, value: 
key: 970415, value: 
key: 564717, value: 
key: 743943, value: 
key: 924506, value: 
key: 186409, value: 
key: 433758, value: 
key: 161460, value: 
key: 329075, value: 
key: 211732, value: 
key: 634766, value: 
key: 436113, value: 
key: 568179, value: 
key: 977623, value: 
key: 144522, value: 
key: 619293, value: 
key: 152684, value: 
key: 766359, value: 
key: 824660, value: 
key: 742436, value: 
key: 595540, value: 
key: 263131, value: 
key: 281841, value: 
key: 958310, value: 
key: 913625, value: 
key: 259330, value: 
key: 378257, value: 
key: 976057, value: 
key: 63005, value: 
key: 692878, value: 
key: 948786, value: 
key: 227049, value: 
key: 468974, value: 
key: 986504, value: 
key: 232533, value: 
key: 858432, value: 
key: 592639, value: 
key: 997513, value: 
key: 104108, value: 
key: 190428, value: 
key: 340588, value: 
key: 122311, value: 
key: 261272, value: 
key: 128531, value: 
key: 247739, value: 
key: 73000, value: 
key: 574112, value: 
key: 469782, value: 
key: 176411, value: 
key: 859404, value: 
key: 162829, value: 
key: 753618, value: 
key: 551313, value: 
key: 117410, value: 
key: 207568, value: 
key: 173717, value: 
key: 246763, value: 
key: 848839, value: 
key: 978103, value: 
key: 79857, value: 
key: 606877, value: 
key: 652193, value: 
key: 789666, value: 
key: 702669, value: 
key: 22194, value: 
key: 771814, value: 
key: 116815, value: 
key: 903471, value: 
key: 453022, value: 
key: 959258, value: 
key: 979249, value: 
key: 259541, value: 
key: 415109, value: 
key: 722502, value: 
key: 283504, value: 
key: 336440, value: 
key: 587671, value: 
key: 434722, value: 
key: 210786, value: 
key: 263560, value: 
key: 321293, value: 
key: 360780, value: 
key: 36995, value: 
key: 263876, value: 
key: 455541, value: 
key: 709710, value: 
key: 172921, value: 
key: 203159, value: 
key: 768465, value: 
key: 301589, value: 
key: 44842, value: 
key: 359126, value: 
key: 19569, value: 
key: 766393, value: 
key: 245601, value: 
key: 243601, value: 
key: 664419, value: 
key: 680220, value: 
key: 752150, value: 
key: 686372, value: 
key: 491303, value: 
key: 704771, value: 
key: 469201, value: 
key: 63971, value: 
key: 621889, value: 
key: 276236, value: 
key: 420079, value: 
key: 661908, value: 
key: 945589, value: 
key: 759247, value: 
key: 86176, value: 
key: 30430, value: 
key: 254849, value: 
key: 11279, value: 
key: 138129, value: 
key: 651453, value: 
key: 127071, value: 
key: 814832, value: 
key: 774729, value: 
key: 520203, value: 
key: 861007, value: 
key: 526568, value: 
key: 515234, value: 
key: 577775, value: 
key: 4297, value: 
key: 100205, value: 
key: 674881, value: 
key: 851839, value: 
key: 838144, value: 
key: 100775, value: 
key: 852247, value: 
key: 804282, value: 
key: 994772, value: 
key: 134868, value: 
key: 128144, value: 
key: 542656, value: 
key: 49672, value: 
key: 872092, value: 
key: 220611, value: 
key: 805469, value: 
key: 439341, value: 
key: 149613, value: 
key: 183411, value: 
key: 17527, value: 
key: 53624, value: 
key: 407681, value: 
key: 46387, value: 
key: 627137, value: 
key: 641317, value: 
key: 848170, value: 
key: 15390, value: 
key: 801870, value: 
key: 713472, value: 
key: 159812, value: 
key: 539979, value: 
key: 478526, value: 
key: 737355, value: 
key: 337153, value: 
key: 443496, value: 
key: 337649, value: 
key: 682477, value: 
key: 564429, value: 
key: 582900, value: 
key: 124018, value: 
key: 466619, value: 
key: 313289, value: 
key: 991506, value: 
key: 152781, value: 
key: 764232, value: 
key: 328203, value: 
key: 321136, value: 
key: 741053, value: 
key: 733258, value: 
key: 552510, value: 
key: 204965, value: 
key: 872809, value: 
key: 369237, value: 
key: 287870, value: 
key: 474852, value: 
key: 796837, value: 
key: 741446, value: 
key: 614904, value: 
key: 872892, value: 
key: 485430, value: 
key: 989002, value: 
key: 873831, value: 
key: 852744, value: 
key: 763479, value: 
key: 485173, value: 
key: 779029, value: 
key: 482280, value: 
key: 472315, value: 
key: 904384, value: 
key: 767828, value: 
key: 727507, value: 
key: 494672, value: 
key: 754134, value: 
key: 110651, value: 
key: 429274, value: 
key: 760849, value: 
key: 321039, value: 
key: 571128, value: 
key: 712406, value: 
key: 320366, value: 
key: 226309, value: 
key: 17828, value: 
key: 82729, value: 
key: 343873, value: 
key: 923554, value: 
key: 991155, value: 
key: 201283, value: 
key: 37941, value: 
key: 387826, value: 
key: 924078, value: 
key: 640767, value: 
key: 357816, value: 
key: 459644, value: 
key: 975281, value: 
key: 478759, value: 
key: 79109, value: 
key: 634883, value: 
key: 889946, value: 
key: 295217, value: 
key: 594075, value: 
key: 306908, value: 
key: 863566, value: 
key: 734400, value: 
key: 186216, value: 
key: 430478, value: 
key: 40583, value: 
key: 290052, value: 
key: 985354, value: 
key: 822064, value: 
key: 841104, value: 
key: 221472, value: 
key: 383185, value: 
key: 831842, value: 
key: 715432, value: 
key: 904520, value: 
key: 532653, value: 
key: 725844, value: 
key: 533940, value: 
key: 239448, value: 
key: 92029, value: 
key: 459363, value: 
key: 15437, value: 
key: 759263, value: 
key: 981938, value: 
key: 620882, value: 
key: 622008, value: 
key: 458610, value: 
key: 544757, value: 
key: 799953, value: 
key: 773559, value: 
key: 803991, value: 
key: 199810, value: 
key: 16498, value: 
key: 285317, value: 
key: 235231, value: 
key: 452854, value: 
key: 469580, value: 
key: 431536, value: 
key: 380685, value: 
key: 813680, value: 
key: 741734, value: 
key: 242424, value: 
key: 901356, value: 
key: 169844, value: 
key: 640990, value: 
key: 818818, value: 
key: 145299, value: 
key: 378640, value: 
key: 744940, value: 
key: 231095, value: 
key: 981264, value: 
key: 930451, value: 
key: 905905, value: 
key: 470205, value: 
key: 328287, value: 
key: 976738, value: 
key: 52207, value: 
key: 887438, value: 
key: 20907, value: 
key: 60732, value: 
key: 525101, value: 
key: 14315, value: 
key: 299411, value: 
key: 962500, value: 
key: 84848, value: 
key: 492405, value: 
key: 126027, value: 
key: 937443, value: 
key: 930217, value: 
key: 126126, value: 
key: 345624, value: 
key: 731566, value: 
key: 597900, value: 
key: 734822, value: 
key: 333139, value: 
key: 861306, value: 
key: 106401, value: 
key: 26222, value: 
key: 183747, value: 
key: 494933, value: 
key: 168210, value: 
key: 651851, value: 
key: 630492, value: 
key: 948386, value: 
key: 811370, value: 
key: 537081, value: 
key: 701295, value: 
key: 579465, value: 
key: 73394, value: 
key: 895244, value: 
key: 473510, value: 
key: 696474, value: 
key: 23755, value: 
key: 470694, value: 
key: 205096, value: 
key: 345150, value: 
key: 564007, value: 
key: 180135, value: 
key: 858580, value: 
key: 880572, value: 
key: 813495, value: 
key: 255301, value: 
key: 796280, value: 
key: 683324, value: 
key: 405364, value: 
key: 365280, value: 
key: 739698, value: 
key: 622248, value: 
key: 102171, value: 
key: 963635, value: 
key: 147965, value: 
key: 155690, value: 
key: 541402, value: 
key: 648459, value: 
key: 418225, value: 
key: 693240, value: 
key: 870724, value: 
key: 592008, value: 
key: 200211, value: 
key: 14711, value: 
key: 542500, value: 
key: 867579, value: 
key: 290834, value: 
key: 38207, value: 
key: 122375, value: 
key: 777269, value: 
key: 644006, value: 
key: 5032, value: 
key: 668549, value: 
key: 793108, value: 
key: 783859, value: 
key: 202471, value: 
key: 909169, value: 
key: 486288, value: 
key: 171973, value: 
key: 914628, value: 
key: 174707, value: 
key: 825454, value: 
key: 470760, value: 
key: 532581, value: 
key: 793762, value: 
key: 798592, value: 
key: 74403, value: 
key: 154385, value: 
key: 539676, value: 
key: 905307, value: 
key: 50782, value: 
key: 669447, value: 
key: 107284, value: 
key: 917650, value: 
key: 302803, value: 
key: 182467, value: 
key: 707260, value: 
key: 138974, value: 
key: 969433, value: 
key: 117632, value: 
key: 103165, value: 
key: 962988, value: 
key: 171106, value: 
key: 257387, value: 
key: 844035, value: 
key: 879233, value: 
key: 157670, value: 
key: 516974, value: 
key: 356572, value: 
key: 142616, value: 
key: 626578, value: 
key: 928508, value: 
key: 186889, value: 
key: 336923, value: 
key: 389770, value: 
key: 114569, value: 
key: 458948, value: 
key: 173092, value: 
key: 691376, value: 
key: 41122, value: 
key: 691686, value: 
key: 573003, value: 
key: 378642, value: 
key: 161882, value: 
key: 170002, value: 
key: 930240, value: 
key: 464918, value: 
key: 677493, value: 
key: 32043, value: 
key: 331823, value: 
key: 333881, value: 
key: 52234, value: 
key: 515988, value: 
key: 500977, value: 
key: 979283, value: 
key: 400002, value: 
key: 54140, value: 
key: 558585, value: 
key: 275336, value: 
key: 482020, value: 
key: 697022, value: 
key: 867490, value: 
key: 243867, value: 
key: 585060, value: 
key: 632863, value: 
key: 409232, value: 
key: 509952, value: 
key: 234506, value: 
key: 762384, value: 
key: 312523, value: 
key: 37169, value: 
key: 892881, value: 
key: 819853, value: 
key: 497455, value: 
key: 174459, value: 
key: 684868, value: 
key: 458544, value: 
key: 18957, value: 
key: 550202, value: 
key: 168694, value: 
key: 231422, value: 
key: 211239, value: 
key: 58094, value: 
key: 866729, value: 
key: 738590, value: 
key: 692856, value: 
key: 539355, value: 
key: 827894, value: 
key: 76597, value: 
key: 494922, value: 
key: 64961, value: 
key: 925060, value: 
key: 223546, value: 
key: 629586, value: 
key: 981460, value: 
key: 210670, value: 
key: 200701, value: 
key: 216151, value: 
key: 310341, value: 
key: 624628, value: 
key: 619415, value: 
key: 745334, value: 
key: 309990, value: 
key: 819431, value: 
key: 205184, value: 
key: 444987, value: 
key: 402066, value: 
key: 35448, value: 
key: 505293, value: 
key: 917928, value: 
key: 392763, value: 
key: 958561, value: 
key: 922892, value: 
key: 638726, value: 
key: 714998, value: 
key: 449258, value: 
key: 493918, value: 
key: 555825, value: 
key: 326490, value: 
key: 115238, value: 
key: 699392, value: 
key: 947633, value: 
key: 796619, value: 
key: 98373, value: 
key: 234388, value: 
key: 103464, value: 
key: 154857, value: 
key: 523042, value: 
key: 439228, value: 
key: 449591, value: 
key: 338556, value: 
key: 154729, value: 
key: 310905, value: 
key: 385121, value: 
key: 991135, value: 
key: 355102, value: 
key: 554163, value: 
key: 758161, value: 
key: 403690, value: 
key: 314604, value: 
key: 66707, value: 
key: 930310, value: 
key: 919896, value: 
key: 54054, value: 
key: 295099, value: 
key: 352910, value: 
key: 632689, value: 
key: 126560, value: 
key: 659129, value: 
key: 115816, value: 
key: 203560, value: 
key: 60231, value: 
key: 627290, value: 
key: 378914, value: 
key: 806059, value: 
key: 770352, value: 
key: 752868, value: 
key: 401209, value: 
key: 767877, value: 
key: 878634, value: 
key: 320140, value: 
key: 576110, value: 
key: 295262, value: 
key: 684389, value: 
key: 923734, value: 
key: 66987, value: 
key: 289393, value: 
key: 621085, value: 
key: 170699, value: 
key: 328995, value: 
key: 870470, value: 
key: 144065, value: 
key: 326568, value: 
key: 119788, value: 
key: 256357, value: 
key: 238391, value: 
key: 771296, value: 
key: 445942, value: 
key: 299998, value: 
key: 956028, value: 
key: 489265, value: 
key: 923729, value: 
key: 396934, value: 
key: 725592, value: 
key: 884828, value: 
key: 17901, value: 
key: 123477, value: 
key: 568489, value: 
key: 237435, value: 
key: 158406, value: 
key: 886709, value: 
key: 519449, value: 
key: 122076, value: 
key: 487106, value: 
key: 693527, value: 
key: 790611, value: 
key: 803869, value: 
key: 272069, value: 
key: 136156, value: 
key: 868121, value: 
key: 686673, value: 
key: 477877, value: 
key: 896351, value: 
key: 818386, value: 
key: 334620, value: 
key: 298421, value: 
key: 829670, value: 
key: 533054, value: 
key: 499215, value: 
key: 140830, value: 
key: 934354, value: 
key: 115742, value: 
key: 521864, value: 
key: 908845, value: 
key: 104715, value: 
key: 313830, value: 
key: 235862, value: 
key: 48781, value: 
key: 443113, value: 
key: 603869, value: 
key: 263292, value: 
key: 107741, value: 
key: 701914, value: 
key: 583600, value: 
key: 799029, value: 
key: 266639, value: 
key: 480808, value: 
key: 608921, value: 
key: 616559, value: 
key: 269931, value: 
key: 752262, value: 
key: 115047, value: 
key: 621302, value: 
key: 530185, value: 
key: 340982, value: 
key: 435019, value: 
key: 952565, value: 
key: 824307, value: 
key: 682013, value: 
key: 161998, value: 
key: 669706, value: 
key: 600046, value: 
key: 866279, value: 
key: 239369, value: 
key: 206833, value: 
key: 250829, value: 
key: 33390, value: 
key: 365651, value: 
key: 250234, value: 
key: 62325, value: 
key: 796138, value: 
key: 287760, value: 
key: 96759, value: 
key: 462811, value: 
key: 868019, value: 
key: 15859, value: 
key: 692373, value: 
key: 353898, value: 
key: 616216, value: 
key: 104663, value: 
key: 715278, value: 
key: 287492, value: 
key: 704670, value: 
key: 890478, value: 
key: 875721, value: 
key: 613422, value: 
key: 572826, value: 
key: 419583, value: 
key: 423276, value: 
key: 378110, value: 
key: 156486, value: 
key: 904605, value: 
key: 30454, value: 
key: 739412, value: 
key: 40880, value: 
key: 201070, value: 
key: 951164, value: 
key: 864860, value: 
key: 569282, value: 
key: 521099, value: 
key: 383512, value: 
key: 615060, value: 
key: 14731, value: 
key: 310033, value: 
key: 109271, value: 
key: 450180, value: 
key: 213158, value: 
key: 499778, value: 
key: 346911, value: 
key: 290586, value: 
key: 550365, value: 
key: 404853, value: 
key: 526577, value: 
key: 195344, value: 
key: 921879, value: 
key: 666389, value: 
key: 709774, value: 
key: 413347, value: 
key: 242817, value: 
key: 835059, value: 
key: 716198, value: 
key: 444664, value: 
key: 801926, value: 
key: 156871, value: 
key: 690047, value: 
key: 480345, value: 
key: 897178, value: 
key: 560524, value: 
key: 864965, value: 
key: 727583, value: 
key: 421133, value: 
key: 686226, value: 
key: 794071, value: 
key: 153906, value: 
key: 81137, value: 
key: 561345, value: 
key: 463986, value: 
key: 719881, value: 
key: 758044, value: 
key: 241953, value: 
key: 130190, value: 
key: 829005, value: 
key: 6387, value: 
key: 741802, value: 
key: 970770, value: 
key: 667128, value: 
key: 108908, value: 
key: 196996, value: 
key: 163398, value: 
key: 436621, value: 
key: 341327, value: 
key: 954699, value: 
key: 941437, value: 
key: 554523, value: 
key: 47036, value: 
key: 671246, value: 
key: 913472, value: 
key: 226996, value: 
key: 882219, value: 
key: 443957, value: 
key: 213394, value: 
key: 68484, value: 
key: 399229, value: 
key: 802521, value: 
key: 490513, value: 
key: 838580, value: 
key: 296845, value: 
key: 908184, value: 
key: 847854, value: 
key: 923651, value: 
key: 783334, value: 
key: 300078, value: 
key: 572835, value: 
key: 600741, value: 
key: 253349, value: 
key: 363721, value: 
key: 981147, value: 
key: 982483, value: 
key: 592336, value: 
key: 639712, value: 
key: 720153, value: 
key: 752844, value: 
key: 54195, value: 
key: 271390, value: 
key: 143424, value: 
key: 841612, value: 
key: 988995, value: 
key: 187239, value: 
key: 479550, value: 
key: 787310, value: 
key: 715371, value: 
key: 185514, value: 
key: 954189, value: 
key: 146641, value: 
key: 713793, value: 
key: 151896, value: 
key: 613596, value: 
key: 84356, value: 
key: 786450, value: 
key: 314615, value: 
key: 719742, value: 
key: 417752, value: 
key: 100038, value: 
key: 192011, value: 
key: 389138, value: 
key: 575836, value: 
key: 262684, value: 
key: 214395, value: 
key: 749761, value: 
key: 281148, value: 
key: 274887, value: 
key: 377603, value: 
key: 373261, value: 
key: 391485, value: 
key: 330080, value: 
key: 317621, value: 
key: 490078, value: 
key: 871147, value: 
key: 516033, value: 
key: 676339, value: 
key: 682387, value: 
key: 442312, value: 
key: 849452, value: 
key: 382681, value: 
key: 934680, value: 
key: 268437, value: 
key: 291796, value: 
key: 101655, value: 
key: 109295, value: 
key: 754301, value: 
key: 450832, value: 
key: 172763, value: 
key: 457170, value: 
key: 728401, value: 
key: 769433, value: 
key: 513502, value: 
key: 200783, value: 
key: 374949, value: 
key: 370576, value: 
key: 60099, value: 
key: 220592, value: 
key: 957489, value: 
key: 152668, value: 
key: 164605, value: 
key: 43085, value: 
key: 854407, value: 
key: 595104, value: 
key: 993906, value: 
key: 915010, value: 
key: 476582, value: 
key: 632270, value: 
key: 515070, value: 
key: 578145, value: 
key: 567868, value: 
key: 676892, value: 
key: 629252, value: 
key: 487542, value: 
key: 903413, value: 
key: 881210, value: 
key: 84129, value: 
key: 314714, value: 
key: 79709, value: 
key: 810221, value: 
key: 24435, value: 
key: 988588, value: 
key: 430496, value: 
key: 111863, value: 
key: 271420, value: 
key: 266613, value: 
key: 849579, value: 
key: 530905, value: 
key: 158644, value: 
key: 607681, value: 
key: 548913, value: 
key: 905842, value: 
key: 404329, value: 
key: 403575, value: 
key: 185286, value: 
key: 16706, value: 
key: 590266, value: 
key: 532693, value: 
key: 550020, value: 
key: 259309, value: 
key: 957061, value: 
key: 576370, value: 
key: 755117, value: 
key: 294900, value: 
key: 318730, value: 
key: 822574, value: 
key: 292683, value: 
key: 466006, value: 
key: 197780, value: 
key: 721536, value: 
key: 509576, value: 
key: 137799, value: 
key: 30953, value: 
key: 731913, value: 
key: 180869, value: 
key: 553841, value: 
key: 292762, value: 
key: 554309, value: 
key: 306980, value: 
key: 148072, value: 
key: 27285, value: 
key: 6206, value: 
key: 777555, value: 
key: 215994, value: 
key: 952936, value: 
key: 392499, value: 
key: 421463, value: 
key: 748568, value: 
key: 74357, value: 
key: 799223, value: 
key: 335904, value: 
key: 166650, value: 
key: 102469, value: 
key: 606477, value: 
key: 831275, value: 
key: 417514, value: 
key: 785916, value: 
key: 502551, value: 
key: 176983, value: 
key: 576840, value: 
key: 654919, value: 
key: 557773, value: 
key: 329321, value: 
key: 103103, value: 
key: 691297, value: 
key: 893752, value: 
key: 653424, value: 
key: 634812, value: 
key: 906469, value: 
key: 730633, value: 
key: 258759, value: 
key: 766373, value: 
key: 376093, value: 
key: 948809, value: 
key: 724708, value: 
key: 808208, value: 
key: 838919, value: 
key: 916785, value: 
key: 322173, value: 
key: 73347, value: 
key: 99688, value: 
key: 225324, value: 
key: 100810, value: 
key: 251972, value: 
key: 650852, value: 
key: 170826, value: 
key: 57080, value: 
key: 46484, value: 
key: 899334, value: 
key: 731599, value: 
key: 897321, value: 
key: 635011, value: 
key: 431006, value: 
key: 644589, value: 
key: 190387, value: 
key: 91367, value: 
key: 111489, value: 
key: 301330, value: 
key: 618609, value: 
key: 229009, value: 
key: 141271, value: 
key: 707448, value: 
key: 969501, value: 
key: 771038, value: 
key: 223272, value: 
key: 508917, value: 
key: 521745, value: 
key: 842112, value: 
key: 362760, value: 
key: 494159, value: 
key: 491608, value: 
key: 394583, value: 
key: 759337, value: 
key: 354758, value: 
key: 869403, value: 
key: 577315, value: 
key: 845504, value: 
key: 729554, value: 
key: 604031, value: 
key: 444325, value: 
key: 44147, value: 
key: 215633, value: 
key: 50276, value: 
key: 657008, value: 
key: 233736, value: 
key: 287287, value: 
key: 51440, value: 
key: 830049, value: 
key: 685933, value: 
key: 341260, value: 
key: 977117, value: 
key: 492139, value: 
key: 708966, value: 
key: 151906, value: 
key: 805175, value: 
key: 163813, value: 
key: 166300, value: 
key: 469566, value: 
key: 629618, value: 
key: 697420, value: 
key: 268688, value: 
key: 656272, value: 
key: 820419, value: 
key: 882749, value: 
key: 679413, value: 
key: 713656, value: 
key: 621142, value: 
key: 552659, value: 
key: 933401, value: 
key: 104919, value: 
key: 961945, value: 
key: 955223, value: 
key: 890575, value: 
key: 614973, value: 
key: 428770, value: 
key: 997751, value: 
key: 4569, value: 
key: 909941, value: 
key: 309437, value: 
key: 479646, value: 
key: 182706, value: 
key: 581653, value: 
key: 467140, value: 
key: 733661, value: 
key: 489528, value: 
key: 298197, value: 
key: 522151, value: 
key: 98391, value: 
key: 876410, value: 
key: 99907, value: 
key: 789891, value: 
key: 42808, value: 
key: 999511, value: 
key: 860727, value: 
key: 196859, value: 
key: 614490, value: 
key: 195296, value: 
key: 86112, value: 
key: 663562, value: 
key: 746768, value: 
key: 908126, value: 
key: 441436, value: 
key: 431420, value: 
key: 740988, value: 
key: 2033, value: 
key: 225663, value: 
key: 503468, value: 
key: 298100, value: 
key: 373713, value: 
key: 308920, value: 
key: 650117, value: 
key: 499978, value: 
key: 974576, value: 
key: 518033, value: 
key: 41245, value: 
key: 822062, value: 
key: 360203, value: 
key: 955386, value: 
key: 719326, value: 
key: 308612, value: 
key: 726645, value: 
key: 550268, value: 
key: 300225, value: 
key: 110169, value: 
key: 772020, value: 
key: 707648, value: 
key: 291349, value: 
key: 60215, value: 
key: 234272, value: 
key: 544241, value: 
key: 311616, value: 
key: 243069, value: 
key: 853325, value: 
key: 121554, value: 
key: 396547, value: 
key: 61526, value: 
key: 193582, value: 
key: 677466, value: 
key: 240181, value: 
key: 36731, value: 
key: 255231, value: 
key: 266675, value: 
key: 388157, value: 
key: 980344, value: 
key: 700342, value: 
key: 302450, value: 
key: 345149, value: 
key: 621742, value: 
key: 718062, value: 
key: 866903, value: 
key: 796581, value: 
key: 210847, value: 
key: 718653, value: 
key: 321642, value: 
key: 963792, value: 
key: 427821, value: 
key: 678375, value: 
key: 836742, value: 
key: 663186, value: 
key: 166562, value: 
key: 538572, value: 
key: 487586, value: 
key: 345833, value: 
key: 955676, value: 
key: 832762, value: 
key: 385286, value: 
key: 703330, value: 
key: 583871, value: 
key: 977223, value: 
key: 595988, value: 
key: 41876, value: 
key: 47960, value: 
key: 528258, value: 
key: 526629, value: 
key: 664631, value: 
key: 868695, value: 
key: 508443, value: 
key: 342696, value: 
key: 921714, value: 
key: 348263, value: 
key: 138756, value: 
key: 768575, value: 
key: 108069, value: 
key: 930282, value: 
key: 812371, value: 
key: 320753, value: 
key: 407421, value: 
key: 3302, value: 
key: 539078, value: 
key: 529640, value: 
key: 691972, value: 
key: 563891, value: 
key: 939416, value: 
key: 430225, value: 
key: 582461, value: 
key: 703682, value: 
key: 476986, value: 
key: 372253, value: 
key: 139432, value: 
key: 856368, value: 
key: 324045, value: 
key: 182133, value: 
key: 139148, value: 
key: 907440, value: 
key: 522324, value: 
key: 250676, value: 
key: 611468, value: 
key: 159311, value: 
key: 773698, value: 
key: 303307, value: 
key: 454553, value: 
key: 233110, value: 
key: 378978, value: 
key: 142317, value: 
key: 981318, value: 
key: 664204, value: 
key: 489939, value: 
key: 681212, value: 
key: 170970, value: 
key: 193939, value: 
key: 852362, value: 
key: 332994, value: 
key: 834614, value: 
key: 928197, value: 
key: 696818, value: 
key: 21748, value: 
key: 704661, value: 
key: 805391, value: 
key: 167392, value: 
key: 370042, value: 
key: 141387, value: 
key: 918578, value: 
key: 707356, value: 
key: 336868, value: 
key: 302773, value: 
key: 372686, value: 
key: 788915, value: 
key: 924106, value: 
key: 472928, value: 
key: 494797, value: 
key: 506791, value: 
key: 499772, value: 
key: 723206, value: 
key: 262934, value: 
key: 680167, value: 
key: 468907, value: 
key: 449302, value: 
key: 586038, value: 
key: 360926, value: 
key: 277958, value: 
key: 295145, value: 
key: 232856, value: 
key: 642640, value: 
key: 163226, value: 
key: 386108, value: 
key: 111867, value: 
key: 291028, value: 
key: 469863, value: 
key: 641276, value: 
key: 316929, value: 
key: 113649, value: 
key: 31503, value: 
key: 554972, value: 
key: 826835, value: 
key: 229768, value: 
key: 487546, value: 
key: 244606, value: 
key: 686037, value: 
key: 700812, value: 
key: 387594, value: 
key: 35220, value: 
key: 45528, value: 
key: 22620, value: 
key: 735939, value: 
key: 352611, value: 
key: 296797, value: 
key: 604383, value: 
key: 394682, value: 
key: 841959, value: 
key: 692797, value: 
key: 79556, value: 
key: 988483, value: 
key: 750273, value: 
key: 277806, value: 
key: 236474, value: 
key: 117599, value: 
key: 649735, value: 
key: 929893, value: 
key: 718486, value: 
key: 27672, value: 
key: 426840, value: 
key: 239088, value: 
key: 237460, value: 
key: 309848, value: 
key: 791928, value: 
key: 4680, value: 
key: 559294, value: 
key: 39325, value: 
key: 97873, value: 
key: 579258, value: 
key: 863322, value: 
key: 228705, value: 
key: 635989, value: 
key: 167826, value: 
key: 802589, value: 
key: 846471, value: 
key: 940856, value: 
key: 970965, value: 
key: 48905, value: 
key: 236258, value: 
key: 656540, value: 
key: 931803, value: 
key: 623795, value: 
key: 47234, value: 
key: 131544, value: 
key: 400055, value: 
key: 503341, value: 
key: 387008, value: 
key: 573098, value: 
key: 487827, value: 
key: 37716, value: 
key: 735469, value: 
key: 456986, value: 
key: 255202, value: 
key: 544056, value: 
key: 831592, value: 
key: 638519, value: 
key: 977968, value: 
key: 417268, value: 
key: 284578, value: 
key: 150204, value: 
key: 10724, value: 
key: 507992, value: 
key: 354011, value: 
key: 529134, value: 
key: 138417, value: 
key: 309914, value: 
key: 644321, value: 
key: 971487, value: 
key: 950675, value: 
key: 744937, value: 
key: 76957, value: 
key: 171650, value: 
key: 379391, value: 
key: 982951, value: 
key: 865861, value: 
key: 195348, value: 
key: 504685, value: 
key: 20808, value: 
key: 346311, value: 
key: 207953, value: 
key: 625726, value: 
key: 322911, value: 
key: 428026, value: 
key: 127242, value: 
key: 273066, value: 
key: 100007, value: 
key: 335249, value: 
key: 746519, value: 
key: 513652, value: 
key: 117984, value: 
key: 161099, value: 
key: 325187, value: 
key: 112286, value: 
key: 121196, value: 
key: 768739, value: 
key: 690519, value: 
key: 810146, value: 
key: 525550, value: 
key: 794705, value: 
key: 682774, value: 
key: 516068, value: 
key: 987581, value: 
key: 130428, value: 
key: 171117, value: 
key: 425292, value: 
key: 46358, value: 
key: 775704, value: 
key: 409461, value: 
key: 969660, value: 
key: 272221, value: 
key: 310228, value: 
key: 886316, value: 
key: 929091, value: 
key: 793326, value: 
key: 398844, value: 
key: 332558, value: 
key: 435118, value: 
key: 288314, value: 
key: 244394, value: 
key: 92780, value: 
key: 953766, value: 
key: 172963, value: 
key: 484444, value: 
key: 910338, value: 
key: 131043, value: 
key: 636445, value: 
key: 894777, value: 
key: 514819, value: 
key: 23298, value: 
key: 253521, value: 
key: 716673, value: 
key: 367255, value: 
key: 640622, value: 
key: 923938, value: 
key: 703006, value: 
key: 672393, value: 
key: 109059, value: 
key: 961439, value: 
key: 227953, value: 
key: 355629, value: 
key: 440877, value: 
key: 269544, value: 
key: 309985, value: 
key: 418605, value: 
key: 800471, value: 
key: 177272, value: 
key: 418320, value: 
key: 389464, value: 
key: 518624, value: 
key: 212430, value: 
key: 782939, value: 
key: 45254, value: 
key: 615116, value: 
key: 272773, value: 
key: 288008, value: 
key: 974729, value: 
key: 785510, value: 
key: 950590, value: 
key: 615266, value: 
key: 964065, value: 
key: 921602, value: 
key: 673693, value: 
key: 57749, value: 
key: 40828, value: 
key: 811745, value: 
key: 851459, value: 
key: 525312, value: 
key: 178837, value: 
key: 55185, value: 
key: 729763, value: 
key: 753496, value: 
key: 967477, value: 
key: 338981, value: 
key: 878160, value: 
key: 287364, value: 
key: 244620, value: 
key: 947307, value: 
key: 66246, value: 
key: 60455, value: 
key: 201214, value: 
key: 215237, value: 
key: 425188, value: 
key: 963213, value: 
key: 819248, value: 
key: 424794, value: 
key: 957654, value: 
key: 967356, value: 
key: 956404, value: 
key: 121934, value: 
key: 533162, value: 
key: 30371, value: 
key: 642910, value: 
key: 839497, value: 
key: 1090, value: 
key: 324924, value: 
key: 188030, value: 
key: 737115, value: 
key: 575654, value: 
key: 116059, value: 
key: 983581, value: 
key: 899853, value: 
key: 299486, value: 
key: 982317, value: 
key: 101693, value: 
key: 762348, value: 
key: 449922, value: 
key: 885065, value: 
key: 741572, value: 
key: 160096, value: 
key: 376442, value: 
key: 855589, value: 
key: 381293, value: 
key: 872683, value: 
key: 481331, value: 
key: 848431, value: 
key: 613295, value: 
key: 473174, value: 
key: 971698, value: 
key: 994879, value: 
key: 674014, value: 
key: 480206, value: 
key: 564852, value: 
key: 363662, value: 
key: 140454, value: 
key: 311339, value: 
key: 116954, value: 
key: 77220, value: 
key: 215374, value: 
key: 370901, value: 
key: 553971, value: 
key: 404671, value: 
key: 876515, value: 
key: 688888, value: 
key: 993669, value: 
key: 36120, value: 
key: 913331, value: 
key: 833284, value: 
key: 964638, value: 
key: 777720, value: 
key: 77910, value: 
key: 767257, value: 
key: 322951, value: 
key: 7120, value: 
key: 340375, value: 
key: 234898, value: 
key: 152406, value: 
key: 162757, value: 
key: 87616, value: 
key: 258919, value: 
key: 605449, value: 
key: 744690, value: 
key: 554240, value: 
key: 840879, value: 
key: 305695, value: 
key: 788698, value: 
key: 599340, value: 
key: 646574, value: 
key: 416368, value: 
key: 751050, value: 
key: 689162, value: 
key: 376026, value: 
key: 914796, value: 
key: 330985, value: 
key: 952635, value: 
key: 448585, value: 
key: 770769, value: 
key: 204673, value: 
key: 598493, value: 
key: 262998, value: 
key: 372262, value: 
key: 423133, value: 
key: 72843, value: 
key: 126117, value: 
key: 518518, value: 
key: 54740, value: 
key: 131944, value: 
key: 852760, value: 
key: 647184, value: 
key: 443502, value: 
key: 997823, value: 
key: 160827, value: 
key: 374000, value: 
key: 534415, value: 
key: 855882, value: 
key: 522809, value: 
key: 354864, value: 
key: 526331, value: 
key: 553085, value: 
key: 251790, value: 
key: 232250, value: 
key: 316327, value: 
key: 601887, value: 
key: 76320, value: 
key: 937485, value: 
key: 624439, value: 
key: 192338, value: 
key: 761871, value: 
key: 75598, value: 
key: 280684, value: 
key: 868174, value: 
key: 582720, value: 
key: 463656, value: 
key: 935498, value: 
key: 313786, value: 
key: 530059, value: 
key: 687324, value: 
key: 147686, value: 
key: 400978, value: 
key: 849795, value: 
key: 939962, value: 
key: 921154, value: 
key: 402927, value: 
key: 980700, value: 
key: 866776, value: 
key: 522940, value: 
key: 367141, value: 
key: 665661, value: 
key: 176819, value: 
key: 451019, value: 
key: 383897, value: 
key: 877095, value: 
key: 517973, value: 
key: 774376, value: 
key: 960621, value: 
key: 889898, value: 
key: 925767, value: 
key: 340892, value: 
key: 852416, value: 
key: 891716, value: 
key: 362933, value: 
key: 744401, value: 
key: 970730, value: 
key: 278234, value: 
key: 659509, value: 
key: 52025, value: 
key: 701534, value: 
key: 541738, value: 
key: 617585, value: 
key: 987028, value: 
key: 232698, value: 
key: 562920, value: 
key: 322687, value: 
key: 553254, value: 
key: 482462, value: 
key: 503415, value: 
key: 944494, value: 
key: 954758, value: 
key: 351649, value: 
key: 922173, value: 
key: 664611, value: 
key: 564962, value: 
key: 74935, value: 
key: 198518, value: 
key: 962001, value: 
key: 666488, value: 
key: 844943, value: 
key: 951542, value: 
key: 177438, value: 
key: 731429, value: 
key: 670290, value: 
key: 834083, value: 
key: 851307, value: 
key: 742186, value: 
key: 930060, value: 
key: 310622, value: 
key: 667081, value: 
key: 495503, value: 
key: 176860, value: 
key: 405720, value: 
key: 244190, value: 
key: 211143, value: 
key: 522403, value: 
key: 919780, value: 
key: 803986, value: 
key: 986016, value: 
key: 143237, value: 
key: 854148, value: 
key: 402738, value: 
key: 904652, value: 
key: 373911, value: 
key: 743365, value: 
key: 820424, value: 
key: 916721, value: 
key: 191465, value: 
key: 923725, value: 
key: 488985, value: 
key: 255460, value: 
key: 334347, value: 
key: 8529, value: 
key: 448121, value: 
key: 198585, value: 
key: 191096, value: 
key: 113164, value: 
key: 765741, value: 
key: 293095, value: 
key: 767136, value: 
key: 901046, value: 
key: 647694, value: 
key: 71794, value: 
key: 802965, value: 
key: 572709, value: 
key: 351414, value: 
key: 52287, value: 
key: 483344, value: 
key: 31088, value: 
key: 364449, value: 
key: 133849, value: 
key: 124276, value: 
key: 443803, value: 
key: 901374, value: 
key: 608149, value: 
key: 1027, value: 
key: 194822, value: 
key: 819952, value: 
key: 161655, value: 
key: 744753, value: 
key: 571225, value: 
key: 741325, value: 
key: 464820, value: 
key: 741480, value: 
key: 34072, value: 
key: 580940, value: 
key: 519315, value: 
key: 161000, value: 
key: 766898, value: 
key: 179546, value: 
key: 246770, value: 
key: 494452, value: 
key: 143062, value: 
key: 217084, value: 
key: 53244, value: 
key: 677336, value: 
key: 768757, value: 
key: 7223, value: 
key: 147060, value: 
key: 616593, value: 
key: 165459, value: 
key: 910305, value: 
key: 744034, value: 
key: 819622, value: 
key: 731870, value: 
key: 485379, value: 
key: 692739, value: 
key: 93828, value: 
key: 346052, value: 
key: 651594, value: 
key: 24686, value: 
key: 253930, value: 
key: 543914, value: 
key: 442860, value: 
key: 545941, value: 
key: 289872, value: 
key: 906180, value: 
key: 145530, value: 
key: 891712, value: 
key: 85225, value: 
key: 360982, value: 
key: 846330, value: 
key: 475226, value: 
key: 405601, value: 
key: 599517, value: 
key: 505211, value: 
key: 438153, value: 
key: 316123, value: 
key: 476184, value: 
key: 719380, value: 
key: 937618, value: 
key: 32180, value: 
key: 601173, value: 
key: 231488, value: 
key: 656621, value: 
key: 612287, value: 
key: 840491, value: 
key: 623807, value: 
key: 891484, value: 
key: 49331, value: 
key: 109008, value: 
key: 470948, value: 
key: 891783, value: 
key: 369613, value: 
key: 340533, value: 
key: 864455, value: 
key: 399906, value: 
key: 179599, value: 
key: 995469, value: 
key: 355036, value: 
key: 16304, value: 
key: 773344, value: 
key: 251295, value: 
key: 69199, value: 
key: 817042, value: 
key: 366605, value: 
key: 345323, value: 
key: 617655, value: 
key: 513948, value: 
key: 104520, value: 
key: 443814, value: 
key: 729181, value: 
key: 886503, value: 
key: 203683, value: 
key: 312602, value: 
key: 875505, value: 
key: 912833, value: 
key: 741853, value: 
key: 911003, value: 
key: 553218, value: 
key: 443760, value: 
key: 343606, value: 
key: 60204, value: 
key: 527985, value: 
key: 706744, value: 
key: 378851, value: 
key: 94584, value: 
key: 186803, value: 
key: 623449, value: 
key: 649780, value: 
key: 23971, value: 
key: 741624, value: 
key: 147228, value: 
key: 784928, value: 
key: 233051, value: 
key: 241016, value: 
key: 933539, value: 
key: 477549, value: 
key: 800662, value: 
key: 235282, value: 
key: 537447, value: 
key: 555403, value: 
key: 773142, value: 
key: 689647, value: 
key: 44196, value: 
key: 7269, value: 
key: 601836, value: 
key: 65869, value: 
key: 310514, value: 
key: 705752, value: 
key: 822736, value: 
key: 234953, value: 
key: 463153, value: 
key: 206178, value: 
key: 212757, value: 
key: 726430, value: 
key: 357946, value: 
key: 846558, value: 
key: 495916, value: 
key: 306955, value: 
key: 852027, value: 
key: 479343, value: 
key: 184366, value: 
key: 835132, value: 
key: 307985, value: 
key: 778529, value: 
key: 346702, value: 
key: 666352, value: 
key: 504627, value: 
key: 583088, value: 
key: 105886, value: 
key: 699277, value: 
key: 291189, value: 
key: 652724, value: 
key: 398433, value: 
key: 312721, value: 
key: 663944, value: 
key: 887108, value: 
key: 414724, value: 
key: 843933, value: 
key: 565750, value: 
key: 357658, value: 
key: 771850, value: 
key: 27791, value: 
key: 753016, value: 
key: 168500, value: 
key: 857253, value: 
key: 183286, value: 
key: 236087, value: 
key: 710570, value: 
key: 326821, value: 
key: 214586, value: 
key: 100825, value: 
key: 369648, value: 
key: 906094, value: 
key: 367349, value: 
key: 93709, value: 
key: 4660, value: 
key: 203832, value: 
key: 663519, value: 
key: 889186, value: 
key: 895617, value: 
key: 912109, value: 
key: 933931, value: 
key: 290515, value: 
key: 875152, value: 
key: 697574, value: 
key: 390411, value: 
key: 807672, value: 
key: 91626, value: 
key: 292269, value: 
key: 615624, value: 
key: 103130, value: 
key: 471312, value: 
key: 779388, value: 
key: 685823, value: 
key: 873930, value: 
key: 770499, value: 
key: 508032, value: 
key: 945127, value: 
key: 10858, value: 
key: 540447, value: 
key: 448433, value: 
key: 170729, value: 
key: 446172, value: 
key: 103512, value: 
key: 356349, value: 
key: 775401, value: 
key: 215105, value: 
key: 306526, value: 
key: 623379, value: 
key: 803317, value: 
key: 274731, value: 
key: 892766, value: 
key: 416221, value: 
key: 985488, value: 
key: 535850, value: 
key: 58564, value: 
key: 464101, value: 
key: 556097, value: 
key: 466358, value: 
key: 467702, value: 
key: 602035, value: 
key: 532530, value: 
key: 637800, value: 
key: 94603, value: 
key: 287960, value: 
key: 306502, value: 
key: 796406, value: 
key: 927143, value: 
key: 885809, value: 
key: 321990, value: 
key: 82796, value: 
key: 494960, value: 
key: 623605, value: 
key: 687456, value: 
key: 572178, value: 
key: 461564, value: 
key: 658496, value: 
key: 494890, value: 
key: 582324, value: 
key: 157878, value: 
key: 817842, value: 
key: 523132, value: 
key: 29140, value: 
key: 778963, value: 
key: 866129, value: 
key: 675648, value: 
key: 883753, value: 
key: 175472, value: 
key: 230515, value: 
key: 385936, value: 
key: 884125, value: 
key: 428136, value: 
key: 76896, value: 
key: 341433, value: 
key: 989909, value: 
key: 955049, value: 
key: 797641, value: 
key: 990691, value: 
key: 507545, value: 
key: 179436, value: 
key: 848347, value: 
key: 14092, value: 
key: 472177, value: 
key: 39714, value: 
key: 520988, value: 
key: 936923, value: 
key: 617459, value: 
key: 966052, value: 
key: 481159, value: 
key: 239125, value: 
key: 153494, value: 
key: 323178, value: 
key: 4163, value: 
key: 567758, value: 
key: 296973, value: 
key: 415703, value: 
key: 871033, value: 
key: 350651, value: 
key: 199210, value: 
key: 875147, value: 
key: 704001, value: 
key: 134710, value: 
key: 982232, value: 
key: 791212, value: 
key: 940621, value: 
key: 676023, value: 
key: 393281, value: 
key: 471846, value: 
key: 395472, value: 
key: 8741, value: 
key: 187149, value: 
key: 507048, value: 
key: 444370, value: 
key: 21412, value: 
key: 842370, value: 
key: 747356, value: 
key: 579328, value: 
key: 815648, value: 
key: 273969, value: 
key: 720122, value: 
key: 990718, value: 
key: 931566, value: 
key: 700915, value: 
key: 727277, value: 
key: 766225, value: 
key: 780715, value: 
key: 520474, value: 
key: 86721, value: 
key: 60787, value: 
key: 338370, value: 
key: 749062, value: 
key: 838791, value: 
key: 58434, value: 
key: 342920, value: 
key: 183244, value: 
key: 346210, value: 
key: 34906, value: 
key: 303543, value: 
key: 901105, value: 
key: 79688, value: 
key: 298610, value: 
key: 83290, value: 
key: 59909, value: 
key: 615648, value: 
key: 148863, value: 
key: 6934, value: 
key: 704937, value: 
key: 563774, value: 
key: 460675, value: 
key: 53271, value: 
key: 221034, value: 
key: 862974, value: 
key: 644213, value: 
key: 282510, value: 
key: 59983, value: 
key: 198107, value: 
key: 751337, value: 
key: 59943, value: 
key: 66448, value: 
key: 390222, value: 
key: 415701, value: 
key: 350600, value: 
key: 787567, value: 
key: 707921, value: 
key: 848008, value: 
key: 964348, value: 
key: 696085, value: 
key: 468530, value: 
key: 974017, value: 
key: 699284, value: 
key: 241412, value: 
key: 323024, value: 
key: 652111, value: 
key: 958295, value: 
key: 925563, value: 
key: 809472, value: 
key: 609674, value: 
key: 284150, value: 
key: 504744, value: 
key: 636894, value: 
key: 639723, value: 
key: 771443, value: 
key: 208022, value: 
key: 181613, value: 
key: 252595, value: 
key: 147082, value: 
key: 593443, value: 
key: 581921, value: 
key: 188731, value: 
key: 59529, value: 
key: 190299, value: 
key: 928779, value: 
key: 188746, value: 
key: 506573, value: 
key: 369664, value: 
key: 147154, value: 
key: 710383, value: 
key: 671491, value: 
key: 87656, value: 
key: 776378, value: 
key: 144179, value: 
key: 428648, value: 
key: 36346, value: 
key: 326212, value: 
key: 819189, value: 
key: 96470, value: 
key: 796734, value: 
key: 502917, value: 
key: 565204, value: 
key: 945156, value: 
key: 755021, value: 
key: 894870, value: 
key: 92331, value: 
key: 295901, value: 
key: 838027, value: 
key: 181963, value: 
key: 356448, value: 
key: 955416, value: 
key: 747473, value: 
key: 913090, value: 
key: 232548, value: 
key: 234331, value: 
key: 593829, value: 
key: 752677, value: 
key: 280060, value: 
key: 355865, value: 
key: 169868, value: 
key: 668143, value: 
key: 977719, value: 
key: 301936, value: 
key: 384816, value: 
key: 884152, value: 
key: 572707, value: 
key: 625401, value: 
key: 233534, value: 
key: 883056, value: 
key: 244260, value: 
key: 480666, value: 
key: 675691, value: 
key: 944911, value: 
key: 980902, value: 
key: 33787, value: 
key: 57598, value: 
key: 202141, value: 
key: 976965, value: 
key: 369756, value: 
key: 923028, value: 
key: 744492, value: 
key: 93833, value: 
key: 857086, value: 
key: 132200, value: 
key: 736800, value: 
key: 138200, value: 
key: 426358, value: 
key: 324894, value: 
key: 635855, value: 
key: 49272, value: 
key: 343901, value: 
key: 727660, value: 
key: 79411, value: 
key: 984528, value: 
key: 585781, value: 
key: 485126, value: 
key: 752453, value: 
key: 884169, value: 
key: 21135, value: 
key: 869977, value: 
key: 52353, value: 
key: 617169, value: 
key: 974000, value: 
key: 314769, value: 
key: 986881, value: 
key: 35473, value: 
key: 330125, value: 
key: 420088, value: 
key: 81780, value: 
key: 842570, value: 
key: 158044, value: 
key: 613769, value: 
key: 724944, value: 
key: 823539, value: 
key: 717166, value: 
key: 258742, value: 
key: 876320, value: 
key: 102117, value: 
key: 961226, value: 
key: 656193, value: 
key: 934587, value: 
key: 874003, value: 
key: 485247, value: 
key: 943484, value: 
key: 585091, value: 
key: 854889, value: 
key: 949868, value: 
key: 477497, value: 
key: 637367, value: 
key: 802974, value: 
key: 44567, value: 
key: 239275, value: 
key: 882963, value: 
key: 306425, value: 
key: 136000, value: 
key: 586618, value: 
key: 302201, value: 
key: 133841, value: 
key: 816461, value: 
key: 857969, value: 
key: 111319, value: 
key: 692245, value: 
key: 561828, value: 
key: 65205, value: 
key: 71334, value: 
key: 28307, value: 
key: 269043, value: 
key: 28648, value: 
key: 347893, value: 
key: 832168, value: 
key: 420855, value: 
key: 573164, value: 
key: 365251, value: 
key: 591456, value: 
key: 22567, value: 
key: 504360, value: 
key: 618230, value: 
key: 789176, value: 
key: 565255, value: 
key: 538802, value: 
key: 737500, value: 
key: 322977, value: 
key: 22116, value: 
key: 748478, value: 
key: 171904, value: 
key: 510958, value: 
key: 619211, value: 
key: 515371, value: 
key: 481728, value: 
key: 12858, value: 
key: 504454, value: 
key: 25319, value: 
key: 473116, value: 
key: 103088, value: 
key: 458863, value: 
key: 499088, value: 
key: 745846, value: 
key: 432937, value: 
key: 490221, value: 
key: 928339, value: 
key: 866435, value: 
key: 629658, value: 
key: 935331, value: 
key: 79110, value: 
key: 23454, value: 
key: 803715, value: 
key: 885265, value: 
key: 874197, value: 
key: 125372, value: 
key: 715506, value: 
key: 715100, value: 
key: 402132, value: 
key: 999258, value: 
key: 274975, value: 
key: 688378, value: 
key: 789972, value: 
key: 754158, value: 
key: 86981, value: 
key: 58687, value: 
key: 720058, value: 
key: 187527, value: 
key: 620923, value: 
key: 813107, value: 
key: 422260, value: 
key: 570448, value: 
key: 664260, value: 
key: 461388, value: 
key: 743864, value: 
key: 867920, value: 
key: 424949, value: 
key: 925695, value: 
key: 215563, value: 
key: 5625, value: 
key: 493657, value: 
key: 686815, value: 
key: 971241, value: 
key: 437693, value: 
key: 273778, value: 
key: 955636, value: 
key: 961262, value: 
key: 593421, value: 
key: 362865, value: 
key: 669207, value: 
key: 375843, value: 
key: 208660, value: 
key: 31057, value: 
key: 835284, value: 
key: 843850, value: 
key: 830063, value: 
key: 878733, value: 
key: 598051, value: 
key: 807870, value: 
key: 871343, value: 
key: 491099, value: 
key: 38298, value: 
key: 201247, value: 
key: 765226, value: 
key: 406754, value: 
key: 90810, value: 
key: 765084, value: 
key: 29548, value: 
key: 13141, value: 
key: 883719, value: 
key: 280635, value: 
key: 353771, value: 
key: 227283, value: 
key: 895141, value: 
key: 968287, value: 
key: 795395, value: 
key: 424545, value: 
key: 78144, value: 
key: 188894, value: 
key: 130860, value: 
key: 358055, value: 
key: 110354, value: 
key: 550082, value: 
key: 989222, value: 
key: 552901, value: 
key: 995634, value: 
key: 376040, value: 
key: 280747, value: 
key: 717814, value: 
key: 571418, value: 
key: 893738, value: 
key: 281328, value: 
key: 927754, value: 
key: 63818, value: 
key: 426545, value: 
key: 63409, value: 
key: 554046, value: 
key: 596831, value: 
key: 826855, value: 
key: 399412, value: 
key: 177784, value: 
key: 914462, value: 
key: 549123, value: 
key: 816289, value: 
key: 26507, value: 
key: 85058, value: 
key: 888329, value: 
key: 430447, value: 
key: 786838, value: 
key: 819323, value: 
key: 95392, value: 
key: 231460, value: 
key: 676751, value: 
key: 297589, value: 
key: 832379, value: 
key: 733601, value: 
key: 885533, value: 
key: 911311, value: 
key: 428237, value: 
key: 43201, value: 
key: 727877, value: 
key: 947552, value: 
key: 250742, value: 
key: 117922, value: 
key: 140337, value: 
key: 805092, value: 
key: 334549, value: 
key: 646323, value: 
key: 156152, value: 
key: 602798, value: 
key: 847740, value: 
key: 626994, value: 
key: 472656, value: 
key: 704348, value: 
key: 67111, value: 
key: 155773, value: 
key: 440471, value: 
key: 240406, value: 
key: 128159, value: 
key: 272083, value: 
key: 989721, value: 
key: 255044, value: 
key: 465375, value: 
key: 509433, value: 
key: 314530, value: 
key: 314396, value: 
key: 873271, value: 
key: 953557, value: 
key: 866990, value: 
key: 80749, value: 
key: 682141, value: 
key: 111276, value: 
key: 332242, value: 
key: 289382, value: 
key: 621184, value: 
key: 862488, value: 
key: 766658, value: 
key: 880035, value: 
key: 518466, value: 
key: 857633, value: 
key: 959487, value: 
key: 398497, value: 
key: 228563, value: 
key: 101662, value: 
key: 107390, value: 
key: 732235, value: 
key: 590152, value: 
key: 629577, value: 
key: 370936, value: 
key: 580993, value: 
key: 948436, value: 
key: 324751, value: 
key: 824981, value: 
key: 336369, value: 
key: 239989, value: 
key: 749521, value: 
key: 209762, value: 
key: 745693, value: 
key: 576806, value: 
key: 223872, value: 
key: 353823, value: 
key: 298528, value: 
key: 604730, value: 
key: 411224, value: 
key: 669755, value: 
key: 15822, value: 
key: 600958, value: 
key: 567907, value: 
key: 705073, value: 
key: 168076, value: 
key: 4372, value: 
key: 883054, value: 
key: 430007, value: 
key: 112963, value: 
key: 224491, value: 
key: 685063, value: 
key: 341039, value: 
key: 414661, value: 
key: 728698, value: 
key: 713982, value: 
key: 23762, value: 
key: 654551, value: 
key: 490124, value: 
key: 479725, value: 
key: 584317, value: 
key: 112550, value: 
key: 869180, value: 
key: 501888, value: 
key: 127095, value: 
key: 698504, value: 
key: 990071, value: 
key: 901219, value: 
key: 538455, value: 
key: 409647, value: 
key: 309527, value: 
key: 531405, value: 
key: 166225, value: 
key: 984922, value: 
key: 695846, value: 
key: 987949, value: 
key: 614285, value: 
key: 305516, value: 
key: 677024, value: 
key: 908654, value: 
key: 311234, value: 
key: 701741, value: 
key: 779168, value: 
key: 245234, value: 
key: 14399, value: 
key: 77538, value: 
key: 95004, value: 
key: 643379, value: 
key: 702382, value: 
key: 982995, value: 
key: 212382, value: 
key: 898485, value: 
key: 148182, value: 
key: 804020, value: 
key: 772413, value: 
key: 277965, value: 
key: 61085, value: 
key: 290694, value: 
key: 646222, value: 
key: 235321, value: 
key: 155755, value: 
key: 660888, value: 
key: 77602, value: 
key: 420600, value: 
key: 770628, value: 
key: 163734, value: 
key: 586836, value: 
key: 66932, value: 
key: 575575, value: 
key: 757069, value: 
key: 553816, value: 
key: 41476, value: 
key: 451550, value: 
key: 558723, value: 
key: 867674, value: 
key: 878782, value: 
key: 161150, value: 
key: 953809, value: 
key: 558561, value: 
key: 527752, value: 
key: 286673, value: 
key: 29904, value: 
key: 696238, value: 
key: 334929, value: 
key: 676526, value: 
key: 937483, value: 
key: 752376, value: 
key: 320937, value: 
key: 826756, value: 
key: 884798, value: 
key: 7045, value: 
key: 304571, value: 
key: 996594, value: 
key: 290870, value: 
key: 706171, value: 
key: 418333, value: 
key: 898160, value: 
key: 809704, value: 
key: 527943, value: 
key: 913382, value: 
key: 803997, value: 
key: 219479, value: 
key: 145617, value: 
key: 566955, value: 
key: 76034, value: 
key: 532961, value: 
key: 116822, value: 
key: 774307, value: 
key: 187118, value: 
key: 660060, value: 
key: 138448, value: 
key: 730563, value: 
key: 700409, value: 
key: 440277, value: 
key: 662497, value: 
key: 734769, value: 
key: 417150, value: 
key: 995698, value: 
key: 967020, value: 
key: 998365, value: 
key: 367134, value: 
key: 351449, value: 
key: 205551, value: 
key: 187505, value: 
key: 431552, value: 
key: 154235, value: 
key: 803485, value: 
key: 548070, value: 
key: 552736, value: 
key: 939018, value: 
key: 848200, value: 
key: 183266, value: 
key: 564869, value: 
key: 991922, value: 
key: 573814, value: 
key: 630160, value: 
key: 19446, value: 
key: 234764, value: 
key: 109358, value: 
key: 281674, value: 
key: 959579, value: 
key: 317232, value: 
key: 193715, value: 
key: 677590, value: 
key: 609454, value: 
key: 984450, value: 
key: 45771, value: 
key: 965493, value: 
key: 194905, value: 
key: 411732, value: 
key: 104355, value: 
key: 659176, value: 
key: 377205, value: 
key: 46422, value: 
key: 379562, value: 
key: 157306, value: 
key: 554101, value: 
key: 779544, value: 
key: 537625, value: 
key: 909446, value: 
key: 846941, value: 
key: 133100, value: 
key: 931225, value: 
key: 390967, value: 
key: 526030, value: 
key: 633785, value: 
key: 247650, value: 
key: 213743, value: 
key: 341653, value: 
key: 223896, value: 
key: 884523, value: 
key: 793041, value: 
key: 406934, value: 
key: 203274, value: 
key: 516363, value: 
key: 170468, value: 
key: 67795, value: 
key: 78115, value: 
key: 299688, value: 
key: 363824, value: 
key: 588052, value: 
key: 232146, value: 
key: 624343, value: 
key: 802611, value: 
key: 696773, value: 
key: 54708, value: 
key: 835145, value: 
key: 541763, value: 
key: 220664, value: 
key: 45546, value: 
key: 901493, value: 
key: 277569, value: 
key: 542858, value: 
key: 454294, value: 
key: 82783, value: 
key: 978813, value: 
key: 344487, value: 
key: 779609, value: 
key: 770534, value: 
key: 793854, value: 
key: 471909, value: 
key: 147978, value: 
key: 44019, value: 
key: 731009, value: 
key: 924973, value: 
key: 286857, value: 
key: 803179, value: 
key: 468369, value: 
key: 345181, value: 
key: 241322, value: 
key: 61911, value: 
key: 722571, value: 
key: 18926, value: 
key: 882125, value: 
key: 92290, value: 
key: 93369, value: 
key: 210331, value: 
key: 806213, value: 
key: 628262, value: 
key: 789059, value: 
key: 701611, value: 
key: 206907, value: 
key: 830180, value: 
key: 728692, value: 
key: 396769, value: 
key: 914493, value: 
key: 158442, value: 
key: 755506, value: 
key: 569756, value: 
key: 619750, value: 
key: 257675, value: 
key: 554938, value: 
key: 586140, value: 
key: 163949, value: 
key: 403809, value: 
key: 679325, value: 
key: 626743, value: 
key: 719898, value: 
key: 45223, value: 
key: 141479, value: 
key: 221230, value: 
key: 648679, value: 
key: 371425, value: 
key: 520735, value: 
key: 667438, value: 
key: 982230, value: 
key: 503707, value: 
key: 288741, value: 
key: 416960, value: 
key: 138789, value: 
key: 616065, value: 
key: 451631, value: 
key: 871682, value: 
key: 32685, value: 
key: 105316, value: 
key: 831259, value: 
key: 205209, value: 
key: 916570, value: 
key: 798448, value: 
key: 662868, value: 
key: 188870, value: 
key: 718093, value: 
key: 448569, value: 
key: 826114, value: 
key: 846417, value: 
key: 875495, value: 
key: 960649, value: 
key: 829898, value: 
key: 972909, value: 
key: 808620, value: 
key: 399634, value: 
key: 523455, value: 
key: 714231, value: 
key: 123620, value: 
key: 40572, value: 
key: 795762, value: 
key: 792826, value: 
key: 79055, value: 
key: 73743, value: 
key: 950729, value: 
key: 770415, value: 
key: 208710, value: 
key: 421632, value: 
key: 420622, value: 
key: 639602, value: 
key: 310444, value: 
key: 805669, value: 
key: 215594, value: 
key: 340645, value: 
key: 888628, value: 
key: 118361, value: 
key: 425641, value: 
key: 140973, value: 
key: 816593, value: 
key: 549305, value: 
key: 498263, value: 
key: 625346, value: 
key: 992402, value: 
key: 787534, value: 
key: 284394, value: 
key: 369620, value: 
key: 505011, value: 
key: 436254, value: 
key: 515926, value: 
key: 702267, value: 
key: 525383, value: 
key: 968580, value: 
key: 820453, value: 
key: 585356, value: 
key: 391179, value: 
key: 485768, value: 
key: 341196, value: 
key: 269757, value: 
key: 636919, value: 
key: 529233, value: 
key: 816100, value: 
key: 139289, value: 
key: 777463, value: 
key: 851831, value: 
key: 332110, value: 
key: 398563, value: 
key: 88378, value: 
key: 473152, value: 
key: 980504, value: 
key: 474489, value: 
key: 585958, value: 
key: 438984, value: 
key: 83975, value: 
key: 998086, value: 
key: 444585, value: 
key: 981284, value: 
key: 627382, value: 
key: 690780, value: 
key: 151476, value: 
key: 151883, value: 
key: 380968, value: 
key: 771274, value: 
key: 593353, value: 
key: 59363, value: 
key: 93961, value: 
key: 712059, value: 
key: 490540, value: 
key: 444514, value: 
key: 91932, value: 
key: 290324, value: 
key: 544845, value: 
key: 353665, value: 
key: 234779, value: 
key: 827395, value: 
key: 170121, value: 
key: 185459, value: 
key: 921037, value: 
key: 169369, value: 
key: 925196, value: 
key: 222013, value: 
key: 826930, value: 
key: 539236, value: 
key: 384694, value: 
key: 606060, value: 
key: 86877, value: 
key: 136435, value: 
key: 340074, value: 
key: 25823, value: 
key: 151094, value: 
key: 636568, value: 
key: 618401, value: 
key: 907198, value: 
key: 940469, value: 
key: 137366, value: 
key: 630397, value: 
key: 660729, value: 
key: 586966, value: 
key: 78788, value: 
key: 696971, value: 
key: 898661, value: 
key: 80800, value: 
key: 802161, value: 
key: 461719, value: 
key: 644565, value: 
key: 324913, value: 
key: 242659, value: 
key: 901017, value: 
key: 908717, value: 
key: 433994, value: 
key: 828833, value: 
key: 644794, value: 
key: 883665, value: 
key: 82664, value: 
key: 459329, value: 
key: 423403, value: 
key: 430009, value: 
key: 302757, value: 
key: 565206, value: 
key: 936743, value: 
key: 940092, value: 
key: 515537, value: 
key: 494524, value: 
key: 476270, value: 
key: 520355, value: 
key: 966223, value: 
key: 210054, value: 
key: 939832, value: 
key: 344818, value: 
key: 650591, value: 
key: 876861, value: 
key: 918547, value: 
key: 964001, value: 
key: 606105, value: 
key: 224884, value: 
key: 70537, value: 
key: 313245, value: 
key: 499527, value: 
key: 77295, value: 
key: 639866, value: 
key: 560498, value: 
key: 773605, value: 
key: 614869, value: 
key: 125965, value: 
key: 312435, value: 
key: 887746, value: 
key: 330824, value: 
key: 304878, value: 
key: 439918, value: 
key: 857194, value: 
key: 31952, value: 
key: 322931, value: 
key: 756563, value: 
key: 403140, value: 
key: 982223, value: 
key: 731182, value: 
key: 999328, value: 
key: 549550, value: 
key: 753427, value: 
key: 170974, value: 
key: 574187, value: 
key: 166926, value: 
key: 483111, value: 
key: 412593, value: 
key: 224499, value: 
key: 610047, value: 
key: 236757, value: 
key: 414632, value: 
key: 941918, value: 
key: 173117, value: 
key: 833039, value: 
key: 497190, value: 
key: 301040, value: 
key: 928728, value: 
key: 85559, value: 
key: 172989, value: 
key: 458784, value: 
key: 799331, value: 
key: 407908, value: 
key: 111476, value: 
key: 837734, value: 
key: 435426, value: 
key: 565903, value: 
key: 261805, value: 
key: 512808, value: 
key: 489711, value: 
key: 166847, value: 
key: 796086, value: 
key: 940353, value: 
key: 880543, value: 
key: 825717, value: 
key: 538831, value: 
key: 145442, value: 
key: 77013, value: 
key: 37082, value: 
key: 892492, value: 
key: 512501, value: 
key: 205128, value: 
key: 790721, value: 
key: 172804, value: 
key: 389220, value: 
key: 988946, value: 
key: 97655, value: 
key: 295765, value: 
key: 290799, value: 
key: 871260, value: 
key: 409515, value: 
key: 121150, value: 
key: 705305, value: 
key: 761567, value: 
key: 946153, value: 
key: 89092, value: 
key: 862024, value: 
key: 469795, value: 
key: 640442, value: 
key: 804170, value: 
key: 757306, value: 
key: 720548, value: 
key: 66446, value: 
key: 228347, value: 
key: 512253, value: 
key: 662820, value: 
key: 357807, value: 
key: 117951, value: 
key: 371931, value: 
key: 143314, value: 
key: 841797, value: 
key: 167231, value: 
key: 356723, value: 
key: 556299, value: 
key: 996781, value: 
key: 958666, value: 
key: 940052, value: 
key: 923271, value: 
key: 548218, value: 
key: 99008, value: 
key: 439008, value: 
key: 886660, value: 
key: 171214, value: 
key: 684536, value: 
key: 884512, value: 
key: 431219, value: 
key: 602835, value: 
key: 97699, value: 
key: 672667, value: 
key: 675615, value: 
key: 423652, value: 
key: 692678, value: 
key: 948371, value: 
key: 530367, value: 
key: 790558, value: 
key: 767620, value: 
key: 850021, value: 
key: 352592, value: 
key: 455495, value: 
key: 427665, value: 
key: 346403, value: 
key: 691712, value: 
key: 793043, value: 
key: 563312, value: 
key: 688756, value: 
key: 468428, value: 
key: 408091, value: 
key: 177094, value: 
key: 216487, value: 
key: 359276, value: 
key: 305194, value: 
key: 426970, value: 
key: 880998, value: 
key: 991678, value: 
key: 247014, value: 
key: 475466, value: 
key: 608651, value: 
key: 280055, value: 
key: 795513, value: 
key: 135856, value: 
key: 305495, value: 
key: 665159, value: 
key: 789105, value: 
key: 698995, value: 
key: 689742, value: 
key: 138095, value: 
key: 848873, value: 
key: 892274, value: 
key: 258779, value: 
key: 724746, value: 
key: 130703, value: 
key: 556459, value: 
key: 932923, value: 
key: 971939, value: 
key: 607788, value: 
key: 270225, value: 
key: 344698, value: 
key: 740715, value: 
key: 125697, value: 
key: 739003, value: 
key: 560430, value: 
key: 68510, value: 
key: 423412, value: 
key: 360599, value: 
key: 240497, value: 
key: 407366, value: 
key: 284925, value: 
key: 230926, value: 
key: 563244, value: 
key: 883298, value: 
key: 666211, value: 
key: 739447, value: 
key: 407302, value: 
key: 248705, value: 
key: 656755, value: 
key: 591328, value: 
key: 890625, value: 
key: 406552, value: 
key: 979005, value: 
key: 15875, value: 
key: 227687, value: 
key: 817343, value: 
key: 955788, value: 
key: 122937, value: 
key: 240204, value: 
key: 296814, value: 
key: 91251, value: 
key: 749233, value: 
key: 545983, value: 
key: 629223, value: 
key: 663081, value: 
key: 529691, value: 
key: 700160, value: 
key: 824839, value: 
key: 815574, value: 
key: 82714, value: 
key: 993014, value: 
key: 402488, value: 
key: 523523, value: 
key: 437512, value: 
key: 210809, value: 
key: 953157, value: 
key: 338879, value: 
key: 83128, value: 
key: 594279, value: 
key: 17062, value: 
key: 288613, value: 
key: 489056, value: 
key: 454917, value: 
key: 39578, value: 
key: 743095, value: 
key: 666374, value: 
key: 827289, value: 
key: 400581, value: 
key: 915885, value: 
key: 918143, value: 
key: 388313, value: 
key: 470946, value: 
key: 449470, value: 
key: 427520, value: 
key: 378727, value: 
key: 475000, value: 
key: 986274, value: 
key: 859068, value: 
key: 86028, value: 
key: 992165, value: 
key: 149659, value: 
key: 691220, value: 
key: 89276, value: 
key: 46011, value: 
key: 514921, value: 
key: 447890, value: 
key: 533153, value: 
key: 728463, value: 
key: 811439, value: 
key: 908119, value: 
key: 971245, value: 
key: 981921, value: 
key: 46239, value: 
key: 826860, value: 
key: 68118, value: 
key: 985662, value: 
key: 376446, value: 
key: 369127, value: 
key: 52519, value: 
key: 948331, value: 
key: 871790, value: 
key: 375416, value: 
key: 680260, value: 
key: 771409, value: 
key: 538776, value: 
key: 684327, value: 
key: 416058, value: 
key: 383008, value: 
key: 663157, value: 
key: 176558, value: 
key: 429681, value: 
key: 591289, value: 
key: 850043, value: 
key: 821935, value: 
key: 999234, value: 
key: 626512, value: 
key: 437891, value: 
key: 603605, value: 
key: 94977, value: 
key: 713001, value: 
key: 119764, value: 
key: 120579, value: 
key: 17666, value: 
key: 855211, value: 
key: 58957, value: 
key: 131346, value: 
key: 946663, value: 
key: 828976, value: 
key: 216575, value: 
key: 297712, value: 
key: 674883, value: 
key: 833350, value: 
key: 341446, value: 
key: 671518, value: 
key: 444716, value: 
key: 940195, value: 
key: 379689, value: 
key: 718224, value: 
key: 937296, value: 
key: 836627, value: 
key: 829212, value: 
key: 771809, value: 
key: 893699, value: 
key: 366050, value: 
key: 870995, value: 
key: 525527, value: 
key: 987981, value: 
key: 737601, value: 
key: 270339, value: 
key: 174608, value: 
key: 136831, value: 
key: 478605, value: 
key: 429407, value: 
key: 685492, value: 
key: 679644, value: 
key: 390774, value: 
key: 273028, value: 
key: 440349, value: 
key: 291774, value: 
key: 54951, value: 
key: 543312, value: 
key: 132558, value: 
key: 909301, value: 
key: 948472, value: 
key: 318307, value: 
key: 40628, value: 
key: 806477, value: 
key: 672492, value: 
key: 518565, value: 
key: 904207, value: 
key: 851305, value: 
key: 395250, value: 
key: 537333, value: 
key: 977191, value: 
key: 448668, value: 
key: 674623, value: 
key: 787673, value: 
key: 437563, value: 
key: 76652, value: 
key: 943404, value: 
key: 93864, value: 
key: 727176, value: 
key: 14447, value: 
key: 670573, value: 
key: 946366, value: 
key: 904757, value: 
key: 761486, value: 
key: 78148, value: 
key: 433781, value: 
key: 604831, value: 
key: 97853, value: 
key: 457288, value: 
key: 231790, value: 
key: 403397, value: 
key: 289344, value: 
key: 682015, value: 
key: 710200, value: 
key: 335353, value: 
key: 886819, value: 
key: 718530, value: 
key: 420985, value: 
key: 147798, value: 
key: 405102, value: 
key: 610159, value: 
key: 14722, value: 
key: 727891, value: 
key: 543095, value: 
key: 702667, value: 
key: 930037, value: 
key: 237345, value: 
key: 93633, value: 
key: 452881, value: 
key: 53774, value: 
key: 892629, value: 
key: 389239, value: 
key: 961969, value: 
key: 485632, value: 
key: 527152, value: 
key: 141752, value: 
key: 253943, value: 
key: 589631, value: 
key: 417697, value: 
key: 800642, value: 
key: 603885, value: 
key: 443173, value: 
key: 722474, value: 
key: 391131, value: 
key: 287869, value: 
key: 504069, value: 
key: 629487, value: 
key: 345473, value: 
key: 547022, value: 
key: 567947, value: 
key: 476885, value: 
key: 285425, value: 
key: 886202, value: 
key: 624785, value: 
key: 886220, value: 
key: 555364, value: 
key: 741334, value: 
key: 453350, value: 
key: 606301, value: 
key: 42411, value: 
key: 147374, value: 
key: 473444, value: 
key: 743077, value: 
key: 343563, value: 
key: 245092, value: 
key: 486248, value: 
key: 199692, value: 
key: 611253, value: 
key: 219969, value: 
key: 330006, value: 
key: 486705, value: 
key: 101978, value: 
key: 189181, value: 
key: 303965, value: 
key: 998949, value: 
key: 171663, value: 
key: 302825, value: 
key: 370480, value: 
key: 942500, value: 
key: 302735, value: 
key: 360098, value: 
key: 826444, value: 
key: 127291, value: 
key: 661937, value: 
key: 963905, value: 
key: 169248, value: 
key: 5173, value: 
key: 643254, value: 
key: 311328, value: 
key: 154277, value: 
key: 644059, value: 
key: 774141, value: 
key: 592736, value: 
key: 222420, value: 
key: 225267, value: 
key: 93985, value: 
key: 785956, value: 
key: 883801, value: 
key: 360641, value: 
key: 235853, value: 
key: 167798, value: 
key: 988681, value: 
key: 556778, value: 
key: 476418, value: 
key: 798381, value: 
key: 850760, value: 
key: 906849, value: 
key: 520188, value: 
key: 490106, value: 
key: 900957, value: 
key: 470247, value: 
key: 317373, value: 
key: 474348, value: 
key: 50463, value: 
key: 937373, value: 
key: 689283, value: 
key: 751502, value: 
key: 844033, value: 
key: 124117, value: 
key: 117559, value: 
key: 264152, value: 
key: 323495, value: 
key: 43821, value: 
key: 603386, value: 
key: 951719, value: 
key: 45636, value: 
key: 980979, value: 
key: 270498, value: 
key: 118671, value: 
key: 191342, value: 
key: 193106, value: 
key: 541198, value: 
key: 140445, value: 
key: 957151, value: 
key: 656270, value: 
key: 46455, value: 
key: 334576, value: 
key: 353265, value: 
key: 218483, value: 
key: 966700, value: 
key: 171326, value: 
key: 422022, value: 
key: 875004, value: 
key: 713298, value: 
key: 528849, value: 
key: 792143, value: 
key: 714868, value: 
key: 11301, value: 
key: 976765, value: 
key: 905673, value: 
key: 379614, value: 
key: 778376, value: 
key: 646303, value: 
key: 603689, value: 
key: 854933, value: 
key: 148911, value: 
key: 303682, value: 
key: 389617, value: 
key: 513753, value: 
key: 163990, value: 
key: 137593, value: 
key: 216690, value: 
key: 936886, value: 
key: 607715, value: 
key: 509464, value: 
key: 77862, value: 
key: 542948, value: 
key: 126577, value: 
key: 437, value: 
key: 469975, value: 
key: 693934, value: 
key: 243409, value: 
key: 905699, value: 
key: 65007, value: 
key: 966591, value: 
key: 190152, value: 
key: 544146, value: 
key: 77684, value: 
key: 383309, value: 
key: 465564, value: 
key: 236418, value: 
key: 510448, value: 
key: 858867, value: 
key: 325327, value: 
key: 479251, value: 
key: 335414, value: 
key: 685399, value: 
key: 184722, value: 
key: 480006, value: 
key: 686721, value: 
key: 737531, value: 
key: 841348, value: 
key: 833789, value: 
key: 751889, value: 
key: 52155, value: 
key: 489089, value: 
key: 356657, value: 
key: 300320, value: 
key: 85876, value: 
key: 856339, value: 
key: 654225, value: 
key: 37486, value: 
key: 19949, value: 
key: 60718, value: 
key: 955979, value: 
key: 986320, value: 
key: 696120, value: 
key: 930437, value: 
key: 694106, value: 
key: 125905, value: 
key: 834258, value: 
key: 682112, value: 
key: 759500, value: 
key: 459356, value: 
key: 903958, value: 
key: 718952, value: 
key: 344748, value: 
key: 681982, value: 
key: 316567, value: 
key: 413222, value: 
key: 24648, value: 
key: 649038, value: 
key: 386254, value: 
key: 236836, value: 
key: 933373, value: 
key: 845917, value: 
key: 166508, value: 
key: 612340, value: 
key: 338460, value: 
key: 653611, value: 
key: 599241, value: 
key: 75392, value: 
key: 553937, value: 
key: 879974, value: 
key: 897949, value: 
key: 260952, value: 
key: 216034, value: 
key: 543307, value: 
key: 932819, value: 
key: 987235, value: 
key: 875596, value: 
key: 218241, value: 
key: 296784, value: 
key: 929365, value: 
key: 274450, value: 
key: 514484, value: 
key: 737456, value: 
key: 970660, value: 
key: 378879, value: 
key: 707736, value: 
key: 57488, value: 
key: 536925, value: 
key: 429539, value: 
key: 102669, value: 
key: 558156, value: 
key: 730020, value: 
key: 598314, value: 
key: 785998, value: 
key: 398882, value: 
key: 547127, value: 
key: 484846, value: 
key: 52229, value: 
key: 970468, value: 
key: 378143, value: 
key: 965969, value: 
key: 498500, value: 
key: 604460, value: 
key: 354271, value: 
key: 826565, value: 
key: 735494, value: 
key: 238623, value: 
key: 262008, value: 
key: 922191, value: 
key: 711702, value: 
key: 193432, value: 
key: 638469, value: 
key: 58683, value: 
key: 482907, value: 
key: 856876, value: 
key: 528391, value: 
key: 293301, value: 
key: 715870, value: 
key: 906355, value: 
key: 803490, value: 
key: 955708, value: 
key: 633231, value: 
key: 557133, value: 
key: 468493, value: 
key: 603717, value: 
key: 465373, value: 
key: 125747, value: 
key: 770842, value: 
key: 724878, value: 
key: 62798, value: 
key: 619460, value: 
key: 859660, value: 
key: 247450, value: 
key: 784010, value: 
key: 44060, value: 
key: 421117, value: 
key: 476065, value: 
key: 494072, value: 
key: 36973, value: 
key: 850049, value: 
key: 346173, value: 
key: 30313, value: 
key: 682826, value: 
key: 553670, value: 
key: 413152, value: 
key: 293831, value: 
key: 583367, value: 
key: 667470, value: 
key: 263078, value: 
key: 232399, value: 
key: 172514, value: 
key: 785617, value: 
key: 12526, value: 
key: 751625, value: 
key: 113023, value: 
key: 674630, value: 
key: 366353, value: 
key: 609315, value: 
key: 185875, value: 
key: 506939, value: 
key: 489896, value: 
key: 821920, value: 
key: 193201, value: 
key: 796550, value: 
key: 528764, value: 
key: 143323, value: 
key: 66138, value: 
key: 843522, value: 
key: 897367, value: 
key: 673952, value: 
key: 380160, value: 
key: 52636, value: 
key: 967970, value: 
key: 805278, value: 
key: 401878, value: 
key: 824480, value: 
key: 410571, value: 
key: 436904, value: 
key: 956176, value: 
key: 720126, value: 
key: 493323, value: 
key: 885887, value: 
key: 304760, value: 
key: 560049, value: 
key: 420006, value: 
key: 326133, value: 
key: 781107, value: 
key: 317335, value: 
key: 898382, value: 
key: 266053, value: 
key: 907130, value: 
key: 435763, value: 
key: 826330, value: 
key: 218872, value: 
key: 619549, value: 
key: 756189, value: 
key: 873255, value: 
key: 91192, value: 
key: 370107, value: 
key: 228217, value: 
key: 342067, value: 
key: 74038, value: 
key: 1276, value: 
key: 808262, value: 
key: 153014, value: 
key: 940764, value: 
key: 299929, value: 
key: 616841, value: 
key: 319597, value: 
key: 849331, value: 
key: 775047, value: 
key: 572046, value: 
key: 11037, value: 
key: 732231, value: 
key: 713465, value: 
key: 999731, value: 
key: 124575, value: 
key: 2611, value: 
key: 820738, value: 
key: 181389, value: 
key: 276416, value: 
key: 277961, value: 
key: 629272, value: 
key: 963275, value: 
key: 557645, value: 
key: 152734, value: 
key: 39130, value: 
key: 125583, value: 
key: 697152, value: 
key: 165259, value: 
key: 490144, value: 
key: 442745, value: 
key: 504997, value: 
key: 363257, value: 
key: 749972, value: 
key: 143279, value: 
key: 933881, value: 
key: 616711, value: 
key: 597980, value: 
key: 391382, value: 
key: 388418, value: 
key: 280039, value: 
key: 72171, value: 
key: 500573, value: 
key: 287139, value: 
key: 667762, value: 
key: 375083, value: 
key: 960795, value: 
key: 636359, value: 
key: 920786, value: 
key: 639466, value: 
key: 143372, value: 
key: 825694, value: 
key: 578136, value: 
key: 547691, value: 
key: 477046, value: 
key: 872898, value: 
key: 388269, value: 
key: 260642, value: 
key: 665331, value: 
key: 949387, value: 
key: 450096, value: 
key: 513117, value: 
key: 685636, value: 
key: 25708, value: 
key: 346713, value: 
key: 20415, value: 
key: 530385, value: 
key: 634436, value: 
key: 972655, value: 
key: 713474, value: 
key: 639365, value: 
key: 299220, value: 
key: 839080, value: 
key: 403414, value: 
key: 523709, value: 
key: 901848, value: 
key: 177818, value: 
key: 227195, value: 
key: 63021, value: 
key: 772154, value: 
key: 939443, value: 
key: 893118, value: 
key: 682679, value: 
key: 490014, value: 
key: 946517, value: 
key: 354833, value: 
key: 906720, value: 
key: 769473, value: 
key: 35105, value: 
key: 260947, value: 
key: 530451, value: 
key: 418654, value: 
key: 224602, value: 
key: 265722, value: 
key: 512309, value: 
key: 86198, value: 
key: 970107, value: 
key: 200349, value: 
key: 31837, value: 
key: 89904, value: 
key: 412641, value: 
key: 704900, value: 
key: 637062, value: 
key: 74320, value: 
key: 403241, value: 
key: 784829, value: 
key: 796895, value: 
key: 62206, value: 
key: 197894, value: 
key: 997368, value: 
key: 663289, value: 
key: 829544, value: 
key: 237657, value: 
key: 829816, value: 
key: 450265, value: 
key: 798783, value: 
key: 715164, value: 
key: 779801, value: 
key: 47067, value: 
key: 292304, value: 
key: 727985, value: 
key: 498104, value: 
key: 76869, value: 
key: 972422, value: 
key: 71536, value: 
key: 811194, value: 
key: 705802, value: 
key: 923644, value: 
key: 578161, value: 
key: 699062, value: 
key: 801559, value: 
key: 220822, value: 
key: 988067, value: 
key: 31723, value: 
key: 846554, value: 
key: 829401, value: 
key: 761549, value: 
key: 79569, value: 
key: 895095, value: 
key: 992734, value: 
key: 160900, value: 
key: 859592, value: 
key: 654850, value: 
key: 612674, value: 
key: 232609, value: 
key: 466985, value: 
key: 770086, value: 
key: 664145, value: 
key: 81887, value: 
key: 867524, value: 
key: 48604, value: 
key: 504904, value: 
key: 506238, value: 
key: 945413, value: 
get/s 0.00
put/s 0.00
aborts/s 0.00
ops/s 0.00

key: 914671, value: 
key: 138367, value: 
key: 317054, value: 
key: 287186, value: 
key: 156060, value: 
key: 718561, value: 
key: 550358, value: 
key: 915203, value: 
key: 720652, value: 
key: 702940, value: 
key: 579852, value: 
key: 252621, value: 
key: 349431, value: 
key: 107127, value: 
key: 411695, value: 
key: 381730, value: 
key: 618953, value: 
key: 61056, value: 
key: 85414, value: 
key: 625427, value: 
key: 15110, value: 
key: 750282, value: 
key: 605557, value: 
key: 46464, value: 
key: 823245, value: 
key: 241744, value: 
key: 353737, value: 
key: 675635, value: 
key: 179292, value: 
key: 765938, value: 
key: 188573, value: 
key: 329464, value: 
key: 484033, value: 
key: 361657, value: 
key: 203779, value: 
key: 459512, value: 
key: 705945, value: 
key: 646488, value: 
key: 185673, value: 
key: 771632, value: 
key: 956307, value: 
key: 858715, value: 
key: 878100, value: 
key: 173485, value: 
key: 153786, value: 
key: 351452, value: 
key: 565161, value: 
key: 736697, value: 
key: 286745, value: 
key: 974695, value: 
key: 319658, value: 
key: 655312, value: 
key: 108797, value: 
key: 866936, value: 
key: 258423, value: 
key: 517771, value: 
key: 72937, value: 
key: 56786, value: 
key: 101622, value: 
key: 329480, value: 
key: 657286, value: 
key: 753977, value: 
key: 671062, value: 
key: 653064, value: 
key: 613530, value: 
key: 433211, value: 
key: 801379, value: 
key: 5711, value: 
key: 311319, value: 
key: 362056, value: 
key: 228109, value: 
key: 20086, value: 
key: 225397, value: 
key: 144975, value: 
key: 322311, value: 
key: 547145, value: 
key: 844417, value: 
key: 192466, value: 
key: 158527, value: 
key: 725196, value: 
key: 687470, value: 
key: 243456, value: 
key: 513836, value: 
key: 875419, value: 
key: 948342, value: 
key: 956051, value: 
key: 385080, value: 
key: 683779, value: 
key: 974550, value: 
key: 206785, value: 
key: 480301, value: 
key: 724065, value: 
key: 787402, value: 
key: 623748, value: 
key: 554729, value: 
key: 714275, value: 
key: 363655, value: 
key: 369925, value: 
key: 38212, value: 
key: 655576, value: 
key: 993537, value: 
key: 112800, value: 
key: 774073, value: 
key: 221700, value: 
key: 221315, value: 
key: 47207, value: 
key: 654003, value: 
key: 744775, value: 
key: 607702, value: 
key: 59231, value: 
key: 850218, value: 
key: 9348, value: 
key: 593430, value: 
key: 629863, value: 
key: 374147, value: 
key: 221733, value: 
key: 532064, value: 
key: 473406, value: 
key: 209168, value: 
key: 362461, value: 
key: 450184, value: 
key: 371315, value: 
key: 216595, value: 
key: 843151, value: 
key: 203687, value: 
key: 16348, value: 
key: 629500, value: 
key: 977434, value: 
key: 866369, value: 
key: 794215, value: 
key: 611945, value: 
key: 159658, value: 
key: 708645, value: 
key: 140654, value: 
key: 775197, value: 
key: 782298, value: 
key: 824954, value: 
key: 213976, value: 
key: 722243, value: 
key: 530963, value: 
key: 881889, value: 
key: 361390, value: 
key: 403863, value: 
key: 956202, value: 
key: 359720, value: 
key: 984221, value: 
key: 88769, value: 
key: 387521, value: 
key: 381541, value: 
key: 786005, value: 
key: 909462, value: 
key: 765785, value: 
key: 434304, value: 
key: 452878, value: 
key: 590057, value: 
key: 459145, value: 
key: 758013, value: 
key: 740821, value: 
key: 814801, value: 
key: 372189, value: 
key: 792385, value: 
key: 533360, value: 
key: 884958, value: 
key: 377120, value: 
key: 561352, value: 
key: 497749, value: 
key: 663302, value: 
key: 465100, value: 
key: 577557, value: 
key: 285061, value: 
key: 318792, value: 
key: 437510, value: 
key: 681517, value: 
key: 922863, value: 
key: 206550, value: 
key: 171151, value: 
key: 854953, value: 
key: 949246, value: 
key: 236782, value: 
key: 344065, value: 
key: 739584, value: 
key: 142786, value: 
key: 676092, value: 
key: 331342, value: 
key: 334343, value: 
key: 197759, value: 
key: 687285, value: 
key: 204051, value: 
key: 880055, value: 
key: 239978, value: 
key: 74399, value: 
key: 386816, value: 
key: 3214, value: 
key: 353931, value: 
key: 553805, value: 
key: 875077, value: 
key: 289089, value: 
key: 879149, value: 
key: 60185, value: 
key: 270690, value: 
key: 517614, value: 
key: 389325, value: 
key: 553876, value: 
key: 692249, value: 
key: 479824, value: 
key: 344908, value: 
key: 320188, value: 
key: 919212, value: 
key: 599229, value: 
key: 283870, value: 
key: 730701, value: 
key: 869447, value: 
key: 114039, value: 
key: 181068, value: 
key: 227605, value: 
key: 781525, value: 
key: 104551, value: 
key: 986108, value: 
key: 179315, value: 
key: 865434, value: 
key: 95987, value: 
key: 401287, value: 
key: 505918, value: 
key: 275211, value: 
key: 43694, value: 
key: 989749, value: 
key: 652429, value: 
key: 337672, value: 
key: 599650, value: 
key: 752017, value: 
key: 591014, value: 
key: 734235, value: 
key: 189871, value: 
key: 40240, value: 
key: 496119, value: 
key: 114918, value: 
key: 36535, value: 
key: 857226, value: 
key: 943589, value: 
key: 648635, value: 
key: 675259, value: 
key: 441094, value: 
key: 176842, value: 
key: 985776, value: 
key: 887254, value: 
key: 585006, value: 
key: 636654, value: 
key: 599924, value: 
key: 734363, value: 
key: 281351, value: 
key: 543020, value: 
key: 364384, value: 
key: 100377, value: 
key: 623083, value: 
key: 740362, value: 
key: 97718, value: 
key: 852139, value: 
key: 550538, value: 
key: 217105, value: 
key: 682543, value: 
key: 606462, value: 
key: 352022, value: 
key: 11224, value: 
key: 524416, value: 
key: 911425, value: 
key: 957467, value: 
key: 123738, value: 
key: 206136, value: 
key: 580135, value: 
key: 85278, value: 
key: 980515, value: 
key: 445993, value: 
key: 577247, value: 
key: 919711, value: 
key: 108146, value: 
key: 969617, value: 
key: 199395, value: 
key: 777528, value: 
key: 481928, value: 
key: 807209, value: 
key: 835741, value: 
key: 56487, value: 
key: 361013, value: 
key: 284981, value: 
key: 598901, value: 
key: 102203, value: 
key: 351711, value: 
key: 242767, value: 
key: 318114, value: 
key: 18241, value: 
key: 657756, value: 
key: 632421, value: 
key: 436429, value: 
key: 36735, value: 
key: 729846, value: 
key: 805502, value: 
key: 138361, value: 
key: 451433, value: 
key: 745956, value: 
key: 788953, value: 
key: 217158, value: 
key: 62868, value: 
key: 547833, value: 
key: 790020, value: 
key: 695033, value: 
key: 988951, value: 
key: 645188, value: 
key: 991249, value: 
key: 576491, value: 
key: 484721, value: 
key: 764302, value: 
key: 712758, value: 
key: 541936, value: 
key: 668460, value: 
key: 47391, value: 
key: 170022, value: 
key: 476298, value: 
key: 337632, value: 
key: 761811, value: 
key: 431853, value: 
key: 966715, value: 
key: 320647, value: 
key: 17842, value: 
key: 509, value: 
key: 673161, value: 
key: 959551, value: 
key: 861788, value: 
key: 61429, value: 
key: 976024, value: 
key: 428118, value: 
key: 740740, value: 
key: 306799, value: 
key: 270030, value: 
key: 195537, value: 
key: 28257, value: 
key: 453422, value: 
key: 526012, value: 
key: 456731, value: 
key: 263032, value: 
key: 287005, value: 
key: 547491, value: 
key: 809980, value: 
key: 813082, value: 
key: 144333, value: 
key: 437439, value: 
key: 232515, value: 
key: 36104, value: 
key: 709844, value: 
key: 634212, value: 
key: 902278, value: 
key: 417183, value: 
key: 162203, value: 
key: 921606, value: 
key: 561992, value: 
key: 471352, value: 
key: 294180, value: 
key: 189158, value: 
key: 758963, value: 
key: 863076, value: 
key: 471617, value: 
key: 668637, value: 
key: 775328, value: 
key: 93060, value: 
key: 290513, value: 
key: 984489, value: 
key: 900908, value: 
key: 955717, value: 
key: 771942, value: 
key: 409421, value: 
key: 450667, value: 
key: 500472, value: 
key: 617031, value: 
key: 325989, value: 
key: 39686, value: 
key: 177850, value: 
key: 487519, value: 
key: 192808, value: 
key: 524775, value: 
key: 948678, value: 
key: 568001, value: 
key: 713881, value: 
key: 236472, value: 
key: 817200, value: 
key: 94979, value: 
key: 338936, value: 
key: 579038, value: 
key: 635921, value: 
key: 443517, value: 
key: 288905, value: 
key: 858094, value: 
key: 113100, value: 
key: 156000, value: 
key: 794781, value: 
key: 84181, value: 
key: 467854, value: 
key: 307565, value: 
key: 966753, value: 
key: 462916, value: 
key: 132282, value: 
key: 736471, value: 
key: 12153, value: 
key: 879190, value: 
key: 520380, value: 
key: 892757, value: 
key: 727758, value: 
key: 145327, value: 
key: 794660, value: 
key: 162450, value: 
key: 359717, value: 
key: 499736, value: 
key: 962573, value: 
key: 90038, value: 
key: 458591, value: 
key: 683984, value: 
key: 524467, value: 
key: 338408, value: 
key: 675299, value: 
key: 33404, value: 
key: 165024, value: 
key: 206370, value: 
key: 17075, value: 
key: 561651, value: 
key: 895947, value: 
key: 831420, value: 
key: 800774, value: 
key: 249629, value: 
key: 655677, value: 
key: 227881, value: 
key: 458988, value: 
key: 149060, value: 
key: 396174, value: 
key: 538848, value: 
key: 665502, value: 
key: 51426, value: 
key: 407612, value: 
key: 65728, value: 
key: 864730, value: 
key: 755999, value: 
key: 996754, value: 
key: 116985, value: 
key: 651853, value: 
key: 547772, value: 
key: 776244, value: 
key: 523725, value: 
key: 600385, value: 
key: 33666, value: 
key: 954358, value: 
key: 880824, value: 
key: 490179, value: 
key: 941011, value: 
key: 134488, value: 
key: 843362, value: 
key: 581057, value: 
key: 606569, value: 
key: 759432, value: 
key: 920032, value: 
key: 855066, value: 
key: 288664, value: 
key: 919098, value: 
key: 154109, value: 
key: 519889, value: 
key: 542508, value: 
key: 136701, value: 
key: 897578, value: 
key: 12342, value: 
key: 778200, value: 
key: 227623, value: 
key: 259424, value: 
key: 949309, value: 
key: 126656, value: 
key: 110785, value: 
key: 539250, value: 
key: 421333, value: 
key: 480628, value: 
key: 872304, value: 
key: 563880, value: 
key: 886208, value: 
key: 964322, value: 
key: 844064, value: 
key: 69067, value: 
key: 837745, value: 
key: 240338, value: 
key: 846000, value: 
key: 858281, value: 
key: 829498, value: 
key: 964436, value: 
key: 606998, value: 
key: 506872, value: 
key: 947745, value: 
key: 375085, value: 
key: 766764, value: 
key: 518855, value: 
key: 460615, value: 
key: 958015, value: 
key: 439936, value: 
key: 647166, value: 
key: 20677, value: 
key: 224530, value: 
key: 541594, value: 
key: 966863, value: 
key: 798301, value: 
key: 631431, value: 
key: 753388, value: 
key: 144087, value: 
key: 404536, value: 
key: 270485, value: 
key: 392097, value: 
key: 747460, value: 
key: 457440, value: 
key: 775276, value: 
key: 483575, value: 
key: 140957, value: 
key: 923260, value: 
key: 123617, value: 
key: 328690, value: 
key: 97680, value: 
key: 977568, value: 
key: 702210, value: 
key: 531788, value: 
key: 93176, value: 
key: 881362, value: 
key: 595986, value: 
key: 394866, value: 
key: 568391, value: 
key: 252627, value: 
key: 598723, value: 
key: 383574, value: 
key: 183310, value: 
key: 235440, value: 
key: 892111, value: 
key: 73404, value: 
key: 229489, value: 
key: 758631, value: 
key: 797267, value: 
key: 207188, value: 
key: 899237, value: 
key: 411620, value: 
key: 130620, value: 
key: 514110, value: 
key: 582951, value: 
key: 407324, value: 
key: 941909, value: 
key: 334406, value: 
key: 503422, value: 
key: 353148, value: 
key: 136264, value: 
key: 736822, value: 
key: 576413, value: 
key: 180289, value: 
key: 876575, value: 
key: 5560, value: 
key: 67733, value: 
key: 290933, value: 
key: 215136, value: 
key: 299824, value: 
key: 600055, value: 
key: 328111, value: 
key: 918608, value: 
key: 396752, value: 
key: 5384, value: 
key: 893288, value: 
key: 720199, value: 
key: 57945, value: 
key: 117863, value: 
key: 454919, value: 
key: 417411, value: 
key: 370116, value: 
key: 796938, value: 
key: 888701, value: 
key: 237446, value: 
key: 713485, value: 
key: 822406, value: 
key: 625801, value: 
key: 56177, value: 
key: 22743, value: 
key: 360137, value: 
key: 11855, value: 
key: 646523, value: 
key: 110194, value: 
key: 189640, value: 
key: 340450, value: 
key: 647425, value: 
key: 472999, value: 
key: 724865, value: 
key: 100311, value: 
key: 243425, value: 
key: 800592, value: 
key: 393043, value: 
key: 23418, value: 
key: 574097, value: 
key: 744832, value: 
key: 101613, value: 
key: 572875, value: 
key: 856364, value: 
key: 555654, value: 
key: 238492, value: 
key: 137157, value: 
key: 830337, value: 
key: 260352, value: 
key: 557115, value: 
key: 219172, value: 
key: 300311, value: 
key: 465331, value: 
key: 232773, value: 
key: 172462, value: 
key: 420398, value: 
key: 354039, value: 
key: 667797, value: 
key: 89827, value: 
key: 96241, value: 
key: 756558, value: 
key: 722814, value: 
key: 468440, value: 
key: 211916, value: 
key: 31972, value: 
key: 8149, value: 
key: 852483, value: 
key: 68695, value: 
key: 457246, value: 
key: 495688, value: 
key: 753713, value: 
key: 484769, value: 
key: 564159, value: 
key: 962461, value: 
key: 186979, value: 
key: 653828, value: 
key: 588139, value: 
key: 332451, value: 
key: 291657, value: 
key: 94597, value: 
key: 362289, value: 
key: 572978, value: 
key: 384700, value: 
key: 714934, value: 
key: 449342, value: 
key: 458393, value: 
key: 616043, value: 
key: 988818, value: 
key: 610034, value: 
key: 919393, value: 
key: 64611, value: 
key: 573298, value: 
key: 685724, value: 
key: 317252, value: 
key: 765635, value: 
key: 70887, value: 
key: 872131, value: 
key: 983394, value: 
key: 584988, value: 
key: 725411, value: 
key: 729943, value: 
key: 826169, value: 
key: 567008, value: 
key: 38548, value: 
key: 315746, value: 
key: 688961, value: 
key: 966193, value: 
key: 847933, value: 
key: 752976, value: 
key: 920715, value: 
key: 288398, value: 
key: 363392, value: 
key: 822521, value: 
key: 515005, value: 
key: 581628, value: 
key: 446895, value: 
key: 969152, value: 
key: 887591, value: 
key: 593649, value: 
key: 467850, value: 
key: 693413, value: 
key: 616016, value: 
key: 373692, value: 
key: 726841, value: 
key: 85995, value: 
key: 326368, value: 
key: 755182, value: 
key: 462736, value: 
key: 448888, value: 
key: 73794, value: 
key: 799713, value: 
key: 731669, value: 
key: 77769, value: 
key: 217602, value: 
key: 61717, value: 
key: 687410, value: 
key: 581097, value: 
key: 412371, value: 
key: 111261, value: 
key: 352482, value: 
key: 545521, value: 
key: 343880, value: 
key: 30166, value: 
key: 190345, value: 
key: 560791, value: 
key: 863919, value: 
key: 142449, value: 
key: 500517, value: 
key: 229652, value: 
key: 169288, value: 
key: 513937, value: 
key: 495097, value: 
key: 49902, value: 
key: 859880, value: 
key: 270984, value: 
key: 36852, value: 
key: 643436, value: 
key: 750754, value: 
key: 861652, value: 
key: 505503, value: 
key: 759544, value: 
key: 532336, value: 
key: 972219, value: 
key: 858124, value: 
key: 481744, value: 
key: 946933, value: 
key: 961745, value: 
key: 342027, value: 
key: 390338, value: 
key: 175298, value: 
key: 709606, value: 
key: 701897, value: 
key: 965556, value: 
key: 989020, value: 
key: 351780, value: 
key: 520571, value: 
key: 794015, value: 
key: 91853, value: 
key: 84323, value: 
key: 900036, value: 
key: 541569, value: 
key: 123035, value: 
key: 560706, value: 
key: 670915, value: 
key: 507099, value: 
key: 127954, value: 
key: 709116, value: 
key: 497167, value: 
key: 204718, value: 
key: 987095, value: 
key: 997012, value: 
key: 281449, value: 
key: 927170, value: 
key: 188933, value: 
key: 49164, value: 
key: 555702, value: 
key: 929844, value: 
key: 363871, value: 
key: 863672, value: 
key: 192961, value: 
key: 412870, value: 
key: 806839, value: 
key: 439295, value: 
key: 174121, value: 
key: 36063, value: 
key: 106858, value: 
key: 757515, value: 
key: 575971, value: 
key: 2152, value: 
key: 320913, value: 
key: 725486, value: 
key: 258571, value: 
key: 368144, value: 
key: 168465, value: 
key: 402938, value: 
key: 173784, value: 
key: 964238, value: 
key: 260877, value: 
key: 506449, value: 
key: 699613, value: 
key: 321426, value: 
key: 494421, value: 
key: 274513, value: 
key: 329787, value: 
key: 860877, value: 
key: 475912, value: 
key: 142447, value: 
key: 231826, value: 
key: 729732, value: 
key: 172664, value: 
key: 170648, value: 
key: 434764, value: 
key: 237936, value: 
key: 17114, value: 
key: 31530, value: 
key: 940243, value: 
key: 861531, value: 
key: 718396, value: 
key: 424462, value: 
key: 784470, value: 
key: 140843, value: 
key: 25225, value: 
key: 373715, value: 
key: 679260, value: 
key: 64882, value: 
key: 558697, value: 
key: 592260, value: 
key: 518529, value: 
key: 606761, value: 
key: 72078, value: 
key: 852029, value: 
key: 998341, value: 
key: 487449, value: 
key: 28299, value: 
key: 498964, value: 
key: 206796, value: 
key: 955694, value: 
key: 622431, value: 
key: 822673, value: 
key: 58865, value: 
key: 349, value: 
key: 125015, value: 
key: 12050, value: 
key: 339830, value: 
key: 223827, value: 
key: 561857, value: 
key: 272449, value: 
key: 595195, value: 
key: 74623, value: 
key: 900612, value: 
key: 151988, value: 
key: 293473, value: 
key: 820868, value: 
key: 657101, value: 
key: 620750, value: 
key: 149929, value: 
key: 236236, value: 
key: 236575, value: 
key: 977399, value: 
key: 510453, value: 
key: 247474, value: 
key: 642806, value: 
key: 76825, value: 
key: 997551, value: 
key: 386977, value: 
key: 955287, value: 
key: 553164, value: 
key: 899790, value: 
key: 257992, value: 
key: 449898, value: 
key: 543183, value: 
key: 678492, value: 
key: 377081, value: 
key: 323150, value: 
key: 165673, value: 
key: 50029, value: 
key: 778244, value: 
key: 481100, value: 
key: 545969, value: 
key: 93336, value: 
key: 490074, value: 
key: 112990, value: 
key: 921477, value: 
key: 460147, value: 
key: 167389, value: 
key: 776307, value: 
key: 138725, value: 
key: 774936, value: 
key: 617846, value: 
key: 406378, value: 
key: 423898, value: 
key: 773681, value: 
key: 973182, value: 
key: 852193, value: 
key: 182979, value: 
key: 782205, value: 
key: 39217, value: 
key: 857208, value: 
key: 137944, value: 
key: 112316, value: 
key: 610155, value: 
key: 557865, value: 
key: 419080, value: 
key: 212926, value: 
key: 823472, value: 
key: 507149, value: 
key: 913449, value: 
key: 642413, value: 
key: 604400, value: 
key: 489205, value: 
key: 29092, value: 
key: 919043, value: 
key: 312118, value: 
key: 751760, value: 
key: 199106, value: 
key: 932767, value: 
key: 762625, value: 
key: 651103, value: 
key: 371791, value: 
key: 866125, value: 
key: 602260, value: 
key: 13536, value: 
key: 883216, value: 
key: 688718, value: 
key: 540007, value: 
key: 456975, value: 
key: 502744, value: 
key: 419936, value: 
key: 700803, value: 
key: 477345, value: 
key: 728164, value: 
key: 522737, value: 
key: 591977, value: 
key: 767918, value: 
key: 106694, value: 
key: 90694, value: 
key: 648527, value: 
key: 82482, value: 
key: 335366, value: 
key: 688071, value: 
key: 690218, value: 
key: 789848, value: 
key: 995140, value: 
key: 20035, value: 
key: 973238, value: 
key: 795449, value: 
key: 456261, value: 
key: 608495, value: 
key: 116998, value: 
key: 185783, value: 
key: 847577, value: 
key: 293354, value: 
key: 421717, value: 
key: 275020, value: 
key: 623524, value: 
key: 188713, value: 
key: 617019, value: 
key: 352725, value: 
key: 77912, value: 
key: 847885, value: 
key: 164566, value: 
key: 95754, value: 
key: 637886, value: 
key: 918260, value: 
key: 847670, value: 
key: 565648, value: 
key: 659659, value: 
key: 496559, value: 
key: 694137, value: 
key: 557162, value: 
key: 647133, value: 
key: 441814, value: 
key: 723491, value: 
key: 493329, value: 
key: 330343, value: 
key: 86772, value: 
key: 721806, value: 
key: 394523, value: 
key: 352608, value: 
key: 581334, value: 
key: 474601, value: 
key: 343271, value: 
key: 478588, value: 
key: 99374, value: 
key: 132734, value: 
key: 741149, value: 
key: 367905, value: 
key: 83937, value: 
key: 122241, value: 
key: 575348, value: 
key: 673949, value: 
key: 324830, value: 
key: 207142, value: 
key: 504012, value: 
key: 819178, value: 
key: 476469, value: 
key: 351805, value: 
key: 181310, value: 
key: 439459, value: 
key: 156439, value: 
key: 177636, value: 
key: 389657, value: 
key: 313308, value: 
key: 263452, value: 
key: 495130, value: 
key: 166371, value: 
key: 195690, value: 
key: 914547, value: 
key: 147682, value: 
key: 991575, value: 
key: 438869, value: 
key: 746850, value: 
key: 975696, value: 
key: 85458, value: 
key: 425926, value: 
key: 294571, value: 
key: 452094, value: 
key: 44394, value: 
key: 532174, value: 
key: 156080, value: 
key: 469144, value: 
key: 618483, value: 
key: 842118, value: 
key: 59781, value: 
key: 965916, value: 
key: 767217, value: 
key: 273248, value: 
key: 41838, value: 
key: 682550, value: 
key: 110172, value: 
key: 126867, value: 
key: 63764, value: 
key: 465997, value: 
key: 332114, value: 
key: 129633, value: 
key: 980834, value: 
key: 673778, value: 
key: 428253, value: 
key: 897228, value: 
key: 684031, value: 
key: 310835, value: 
key: 946333, value: 
key: 973533, value: 
key: 942487, value: 
key: 64316, value: 
key: 240518, value: 
key: 624042, value: 
key: 798992, value: 
key: 186566, value: 
key: 64262, value: 
key: 20477, value: 
key: 354970, value: 
key: 630481, value: 
key: 354897, value: 
key: 840231, value: 
key: 596617, value: 
key: 402143, value: 
key: 795955, value: 
key: 247869, value: 
key: 143059, value: 
key: 188490, value: 
key: 228170, value: 
key: 150334, value: 
key: 806752, value: 
key: 344845, value: 
key: 59352, value: 
key: 283111, value: 
key: 574435, value: 
key: 243380, value: 
key: 347954, value: 
key: 308579, value: 
key: 620583, value: 
key: 512811, value: 
key: 943963, value: 
key: 292261, value: 
key: 916271, value: 
key: 745141, value: 
key: 643245, value: 
key: 148001, value: 
key: 153599, value: 
key: 650986, value: 
key: 683405, value: 
key: 839660, value: 
key: 67315, value: 
key: 748250, value: 
key: 688167, value: 
key: 912455, value: 
key: 633657, value: 
key: 295037, value: 
key: 340159, value: 
key: 934679, value: 
key: 81274, value: 
key: 98775, value: 
key: 46721, value: 
key: 21928, value: 
key: 746014, value: 
key: 462932, value: 
key: 780061, value: 
key: 768573, value: 
key: 306968, value: 
key: 369084, value: 
key: 622330, value: 
key: 148131, value: 
key: 770549, value: 
key: 29467, value: 
key: 17570, value: 
key: 63560, value: 
key: 989271, value: 
key: 464662, value: 
key: 861399, value: 
key: 211107, value: 
key: 466530, value: 
key: 787802, value: 
key: 442080, value: 
key: 440422, value: 
key: 479842, value: 
key: 346614, value: 
key: 277600, value: 
key: 121561, value: 
key: 721125, value: 
key: 120975, value: 
key: 670506, value: 
key: 399382, value: 
key: 24790, value: 
key: 928656, value: 
key: 163765, value: 
key: 943802, value: 
key: 143642, value: 
key: 280765, value: 
key: 980917, value: 
key: 407469, value: 
key: 886442, value: 
key: 844785, value: 
key: 114080, value: 
key: 897844, value: 
key: 44756, value: 
key: 509091, value: 
key: 432917, value: 
key: 336480, value: 
key: 128935, value: 
key: 19642, value: 
key: 119850, value: 
key: 480567, value: 
key: 349088, value: 
key: 162911, value: 
key: 144698, value: 
key: 603623, value: 
key: 217338, value: 
key: 253637, value: 
key: 505741, value: 
key: 809539, value: 
key: 526667, value: 
key: 472964, value: 
key: 944669, value: 
key: 840750, value: 
key: 158659, value: 
key: 572853, value: 
key: 668594, value: 
key: 263582, value: 
key: 586218, value: 
key: 728014, value: 
key: 682327, value: 
key: 218753, value: 
key: 29207, value: 
key: 843531, value: 
key: 179120, value: 
key: 992888, value: 
key: 9490, value: 
key: 11251, value: 
key: 203834, value: 
key: 227470, value: 
key: 610931, value: 
key: 389073, value: 
key: 922100, value: 
key: 41160, value: 
key: 289443, value: 
key: 249814, value: 
key: 286648, value: 
key: 457233, value: 
key: 66024, value: 
key: 384713, value: 
key: 602781, value: 
key: 634698, value: 
key: 163077, value: 
key: 486057, value: 
key: 548151, value: 
key: 532013, value: 
key: 242660, value: 
key: 640088, value: 
key: 545547, value: 
key: 392691, value: 
key: 861991, value: 
key: 921662, value: 
key: 778671, value: 
key: 459750, value: 
key: 1184, value: 
key: 246938, value: 
key: 991403, value: 
key: 967246, value: 
key: 705686, value: 
key: 111236, value: 
key: 937782, value: 
key: 750149, value: 
key: 391586, value: 
key: 868293, value: 
key: 905411, value: 
key: 510743, value: 
key: 783390, value: 
key: 147200, value: 
key: 127118, value: 
key: 834070, value: 
key: 328823, value: 
key: 525567, value: 
key: 622442, value: 
key: 752259, value: 
key: 50553, value: 
key: 135100, value: 
key: 965372, value: 
key: 673363, value: 
key: 111515, value: 
key: 108528, value: 
key: 837141, value: 
key: 853941, value: 
key: 208909, value: 
key: 3212, value: 
key: 423252, value: 
key: 136590, value: 
key: 690078, value: 
key: 801302, value: 
key: 714480, value: 
key: 737771, value: 
key: 90711, value: 
key: 4475, value: 
key: 102443, value: 
key: 552301, value: 
key: 409036, value: 
key: 555078, value: 
key: 191137, value: 
key: 10533, value: 
key: 973139, value: 
key: 705747, value: 
key: 459307, value: 
key: 73435, value: 
key: 338095, value: 
key: 586986, value: 
key: 283175, value: 
key: 131977, value: 
key: 330103, value: 
key: 71699, value: 
key: 262686, value: 
key: 446729, value: 
key: 106894, value: 
key: 610218, value: 
key: 893103, value: 
key: 40688, value: 
key: 458199, value: 
key: 521699, value: 
key: 897138, value: 
key: 197016, value: 
key: 620048, value: 
key: 316156, value: 
key: 972402, value: 
key: 896388, value: 
key: 350143, value: 
key: 40817, value: 
key: 872560, value: 
key: 759698, value: 
key: 604060, value: 
key: 670825, value: 
key: 128276, value: 
key: 850025, value: 
key: 109314, value: 
key: 173566, value: 
key: 752354, value: 
key: 421650, value: 
key: 198576, value: 
key: 745651, value: 
key: 601076, value: 
key: 93088, value: 
key: 632331, value: 
key: 65010, value: 
key: 986890, value: 
key: 955285, value: 
key: 719081, value: 
key: 458366, value: 
key: 959263, value: 
key: 832122, value: 
key: 585149, value: 
key: 317643, value: 
key: 608510, value: 
key: 729413, value: 
key: 437501, value: 
key: 83180, value: 
key: 82547, value: 
key: 444187, value: 
key: 481119, value: 
key: 369510, value: 
key: 853884, value: 
key: 470564, value: 
key: 281933, value: 
key: 256168, value: 
key: 44529, value: 
key: 71516, value: 
key: 992482, value: 
key: 428707, value: 
key: 877194, value: 
key: 867443, value: 
key: 759098, value: 
key: 547291, value: 
key: 316095, value: 
key: 690100, value: 
key: 607049, value: 
key: 149426, value: 
key: 294849, value: 
key: 573333, value: 
key: 253655, value: 
key: 922182, value: 
key: 365831, value: 
key: 150686, value: 
key: 526289, value: 
key: 682541, value: 
key: 551157, value: 
key: 934961, value: 
key: 421922, value: 
key: 409128, value: 
key: 717902, value: 
key: 814324, value: 
key: 51475, value: 
key: 700359, value: 
key: 649603, value: 
key: 570873, value: 
key: 146559, value: 
key: 257259, value: 
key: 315784, value: 
key: 899734, value: 
key: 747277, value: 
key: 579373, value: 
key: 201768, value: 
key: 591166, value: 
key: 572691, value: 
key: 200514, value: 
key: 470982, value: 
key: 189893, value: 
key: 270652, value: 
key: 354312, value: 
key: 802769, value: 
key: 178194, value: 
key: 863353, value: 
key: 792257, value: 
key: 847658, value: 
key: 701620, value: 
key: 260167, value: 
key: 46868, value: 
key: 548524, value: 
key: 533883, value: 
key: 227751, value: 
key: 161208, value: 
key: 522148, value: 
key: 668044, value: 
key: 192969, value: 
key: 106092, value: 
key: 914073, value: 
key: 221980, value: 
key: 595519, value: 
key: 328254, value: 
key: 678399, value: 
key: 772169, value: 
key: 710943, value: 
key: 139193, value: 
key: 729657, value: 
key: 8956, value: 
key: 869016, value: 
key: 439176, value: 
key: 112828, value: 
key: 934165, value: 
key: 604244, value: 
key: 254210, value: 
key: 938778, value: 
key: 827948, value: 
key: 161910, value: 
key: 928191, value: 
key: 990369, value: 
key: 381947, value: 
key: 563224, value: 
key: 890814, value: 
key: 331887, value: 
key: 785981, value: 
key: 882336, value: 
key: 93446, value: 
key: 80097, value: 
key: 623609, value: 
key: 789114, value: 
key: 649812, value: 
key: 148616, value: 
key: 833491, value: 
key: 764580, value: 
key: 53314, value: 
key: 877774, value: 
key: 945332, value: 
key: 483324, value: 
key: 811815, value: 
key: 337577, value: 
key: 495895, value: 
key: 9476, value: 
key: 127934, value: 
key: 677530, value: 
key: 746159, value: 
key: 784683, value: 
key: 840321, value: 
key: 625894, value: 
key: 11389, value: 
key: 711724, value: 
key: 520306, value: 
key: 655543, value: 
key: 917526, value: 
key: 898984, value: 
key: 282204, value: 
key: 427678, value: 
key: 90641, value: 
key: 315449, value: 
key: 857222, value: 
key: 346966, value: 
key: 841858, value: 
key: 29005, value: 
key: 152217, value: 
key: 893334, value: 
key: 494636, value: 
key: 446125, value: 
key: 888529, value: 
key: 700027, value: 
key: 184645, value: 
key: 970190, value: 
key: 972486, value: 
key: 68370, value: 
key: 224857, value: 
key: 792466, value: 
key: 531902, value: 
key: 453594, value: 
key: 186261, value: 
key: 377766, value: 
key: 39628, value: 
key: 818366, value: 
key: 654092, value: 
key: 904326, value: 
key: 706636, value: 
key: 372729, value: 
key: 18032, value: 
key: 838788, value: 
key: 966933, value: 
key: 468345, value: 
key: 926760, value: 
key: 903673, value: 
key: 163415, value: 
key: 867805, value: 
key: 320993, value: 
key: 426794, value: 
key: 711902, value: 
key: 576787, value: 
key: 500670, value: 
key: 965714, value: 
key: 672191, value: 
key: 560582, value: 
key: 773340, value: 
key: 563561, value: 
key: 837277, value: 
key: 137821, value: 
key: 6642, value: 
key: 217415, value: 
key: 248563, value: 
key: 70212, value: 
key: 793517, value: 
key: 804370, value: 
key: 328702, value: 
key: 866019, value: 
key: 974356, value: 
key: 625058, value: 
key: 465470, value: 
key: 402477, value: 
key: 820307, value: 
key: 569884, value: 
key: 662211, value: 
key: 828970, value: 
key: 598738, value: 
key: 930093, value: 
key: 549750, value: 
key: 889401, value: 
key: 295286, value: 
key: 10223, value: 
key: 258890, value: 
key: 494252, value: 
key: 308502, value: 
key: 339630, value: 
key: 525169, value: 
key: 898933, value: 
key: 775461, value: 
key: 134415, value: 
key: 590262, value: 
key: 761701, value: 
key: 612443, value: 
key: 945952, value: 
key: 845081, value: 
key: 697949, value: 
key: 422770, value: 
key: 947246, value: 
key: 357470, value: 
key: 959975, value: 
key: 966418, value: 
key: 261191, value: 
key: 135838, value: 
key: 850016, value: 
key: 590477, value: 
key: 720821, value: 
key: 264741, value: 
key: 105257, value: 
key: 324290, value: 
key: 337339, value: 
key: 565486, value: 
key: 13936, value: 
key: 438654, value: 
key: 295158, value: 
key: 889032, value: 
key: 837611, value: 
key: 240596, value: 
key: 336310, value: 
key: 881955, value: 
key: 621818, value: 
key: 868310, value: 
key: 398761, value: 
key: 256009, value: 
key: 645760, value: 
key: 100577, value: 
key: 415666, value: 
key: 312307, value: 
key: 362070, value: 
key: 313861, value: 
key: 790596, value: 
key: 305039, value: 
key: 177476, value: 
key: 785619, value: 
key: 739461, value: 
key: 872027, value: 
key: 256641, value: 
key: 902203, value: 
key: 154352, value: 
key: 859224, value: 
key: 623560, value: 
key: 370767, value: 
key: 160870, value: 
key: 99855, value: 
key: 847322, value: 
key: 157382, value: 
key: 791021, value: 
key: 110965, value: 
key: 21403, value: 
key: 267087, value: 
key: 421430, value: 
key: 318808, value: 
key: 291510, value: 
key: 954732, value: 
key: 453640, value: 
key: 68956, value: 
key: 303567, value: 
key: 742423, value: 
key: 484475, value: 
key: 813310, value: 
key: 157621, value: 
key: 385998, value: 
key: 990350, value: 
key: 990756, value: 
key: 825465, value: 
key: 443799, value: 
key: 413266, value: 
key: 335016, value: 
key: 40444, value: 
key: 184379, value: 
key: 130877, value: 
key: 722054, value: 
key: 658328, value: 
key: 474777, value: 
key: 706427, value: 
key: 707778, value: 
key: 956374, value: 
key: 272382, value: 
key: 9539, value: 
key: 924544, value: 
key: 401946, value: 
key: 593005, value: 
key: 894203, value: 
key: 771867, value: 
key: 533759, value: 
key: 448868, value: 
key: 432531, value: 
key: 912093, value: 
key: 401906, value: 
key: 109415, value: 
key: 265665, value: 
key: 225919, value: 
key: 816025, value: 
key: 328926, value: 
key: 74553, value: 
key: 438700, value: 
key: 298876, value: 
key: 734280, value: 
key: 304810, value: 
key: 860439, value: 
key: 778750, value: 
key: 364524, value: 
key: 931933, value: 
key: 21595, value: 
key: 938268, value: 
key: 996402, value: 
key: 186115, value: 
key: 511250, value: 
key: 858720, value: 
key: 554491, value: 
key: 485698, value: 
key: 103204, value: 
key: 185268, value: 
key: 293497, value: 
key: 927068, value: 
key: 422950, value: 
key: 782375, value: 
key: 436999, value: 
key: 600905, value: 
key: 270847, value: 
key: 709714, value: 
key: 16573, value: 
key: 188351, value: 
key: 915221, value: 
key: 733623, value: 
key: 897831, value: 
key: 579924, value: 
key: 41425, value: 
key: 991964, value: 
key: 741521, value: 
key: 926957, value: 
key: 904629, value: 
key: 806750, value: 
key: 937144, value: 
key: 996507, value: 
key: 862378, value: 
key: 28251, value: 
key: 253200, value: 
key: 944054, value: 
key: 52867, value: 
key: 765196, value: 
key: 281997, value: 
key: 709860, value: 
key: 776484, value: 
key: 306012, value: 
key: 694218, value: 
key: 613338, value: 
key: 378930, value: 
key: 438270, value: 
key: 64200, value: 
key: 866347, value: 
key: 982564, value: 
key: 772213, value: 
key: 273343, value: 
key: 737452, value: 
key: 656061, value: 
key: 688657, value: 
key: 573519, value: 
key: 962537, value: 
key: 391955, value: 
key: 190507, value: 
key: 28770, value: 
key: 717481, value: 
key: 351834, value: 
key: 942443, value: 
key: 627179, value: 
key: 579676, value: 
key: 987556, value: 
key: 677855, value: 
key: 165804, value: 
key: 903338, value: 
key: 400840, value: 
key: 347479, value: 
key: 530691, value: 
key: 136093, value: 
key: 425010, value: 
key: 690502, value: 
key: 591906, value: 
key: 438265, value: 
key: 115832, value: 
key: 493002, value: 
key: 862493, value: 
key: 104139, value: 
key: 866750, value: 
key: 821878, value: 
key: 319265, value: 
key: 228233, value: 
key: 858760, value: 
key: 439242, value: 
key: 620989, value: 
key: 898775, value: 
key: 611594, value: 
key: 24688, value: 
key: 42345, value: 
key: 444091, value: 
key: 684507, value: 
key: 559548, value: 
key: 974806, value: 
key: 241157, value: 
key: 442709, value: 
key: 660369, value: 
key: 151340, value: 
key: 518567, value: 
key: 760128, value: 
key: 484622, value: 
key: 203885, value: 
key: 451277, value: 
key: 593410, value: 
key: 439488, value: 
key: 479154, value: 
key: 930611, value: 
key: 517809, value: 
key: 169314, value: 
key: 450410, value: 
key: 155407, value: 
key: 64734, value: 
key: 925107, value: 
key: 516532, value: 
key: 469755, value: 
key: 431532, value: 
key: 788533, value: 
key: 906603, value: 
key: 591496, value: 
key: 939218, value: 
key: 759612, value: 
key: 776121, value: 
key: 968614, value: 
key: 772604, value: 
key: 50575, value: 
key: 224309, value: 
key: 725840, value: 
key: 732219, value: 
key: 777821, value: 
key: 972329, value: 
key: 926461, value: 
key: 811749, value: 
key: 304155, value: 
key: 717874, value: 
key: 241089, value: 
key: 443995, value: 
key: 787156, value: 
key: 544881, value: 
key: 68978, value: 
key: 445218, value: 
key: 101411, value: 
key: 366643, value: 
key: 345765, value: 
key: 967118, value: 
key: 969444, value: 
key: 374231, value: 
key: 899316, value: 
key: 546720, value: 
key: 580100, value: 
key: 656036, value: 
key: 196118, value: 
key: 267544, value: 
key: 16405, value: 
key: 150077, value: 
key: 440749, value: 
key: 119593, value: 
key: 631228, value: 
key: 536028, value: 
key: 27931, value: 
key: 99958, value: 
key: 239776, value: 
key: 625940, value: 
key: 668934, value: 
key: 340872, value: 
key: 265537, value: 
key: 833228, value: 
key: 143758, value: 
key: 375537, value: 
key: 287755, value: 
key: 466800, value: 
key: 198882, value: 
key: 804022, value: 
key: 805511, value: 
key: 858090, value: 
key: 723444, value: 
key: 281876, value: 
key: 383538, value: 
key: 249975, value: 
key: 778381, value: 
key: 708982, value: 
key: 435363, value: 
key: 527222, value: 
key: 128896, value: 
key: 123398, value: 
key: 163549, value: 
key: 724542, value: 
key: 405371, value: 
key: 517041, value: 
key: 724768, value: 
key: 163897, value: 
key: 834326, value: 
key: 307475, value: 
key: 783488, value: 
key: 397647, value: 
key: 674212, value: 
key: 106674, value: 
key: 762294, value: 
key: 17396, value: 
key: 312585, value: 
key: 816324, value: 
key: 654735, value: 
key: 394680, value: 
key: 417936, value: 
key: 72144, value: 
key: 280824, value: 
key: 924595, value: 
key: 84938, value: 
key: 394099, value: 
key: 553326, value: 
key: 706728, value: 
key: 118059, value: 
key: 681104, value: 
key: 857794, value: 
key: 509950, value: 
key: 611118, value: 
key: 519230, value: 
key: 941974, value: 
key: 691985, value: 
key: 41087, value: 
key: 651301, value: 
key: 718028, value: 
key: 968469, value: 
key: 484448, value: 
key: 556426, value: 
key: 192648, value: 
key: 181600, value: 
key: 666053, value: 
key: 881898, value: 
key: 239734, value: 
key: 899857, value: 
key: 331434, value: 
key: 41683, value: 
key: 542801, value: 
key: 69290, value: 
key: 116574, value: 
key: 968379, value: 
key: 126180, value: 
key: 523143, value: 
key: 701071, value: 
key: 990370, value: 
key: 19309, value: 
key: 593397, value: 
key: 724021, value: 
key: 979214, value: 
key: 890986, value: 
key: 678331, value: 
key: 704465, value: 
key: 662130, value: 
key: 473226, value: 
key: 473754, value: 
key: 723983, value: 
key: 937566, value: 
key: 4459, value: 
key: 952141, value: 
key: 899060, value: 
key: 704926, value: 
key: 199083, value: 
key: 367934, value: 
key: 889148, value: 
key: 435886, value: 
key: 106245, value: 
key: 340575, value: 
key: 416182, value: 
key: 664479, value: 
key: 387527, value: 
key: 285272, value: 
key: 548603, value: 
key: 746599, value: 
key: 248338, value: 
key: 752435, value: 
key: 695464, value: 
key: 526579, value: 
key: 953142, value: 
key: 846084, value: 
key: 733645, value: 
key: 228073, value: 
key: 686949, value: 
key: 799030, value: 
key: 759300, value: 
key: 3850, value: 
key: 524544, value: 
key: 838001, value: 
key: 71844, value: 
key: 186199, value: 
key: 68345, value: 
key: 738848, value: 
key: 109583, value: 
key: 877873, value: 
key: 16094, value: 
key: 909772, value: 
key: 551919, value: 
key: 311728, value: 
key: 20912, value: 
key: 383587, value: 
key: 348438, value: 
key: 942519, value: 
key: 891437, value: 
key: 993135, value: 
key: 498007, value: 
key: 125987, value: 
key: 856076, value: 
key: 696164, value: 
key: 612843, value: 
key: 485258, value: 
key: 483380, value: 
key: 559933, value: 
key: 490414, value: 
key: 945657, value: 
key: 614209, value: 
key: 467197, value: 
key: 558091, value: 
key: 268448, value: 
key: 784159, value: 
key: 961116, value: 
key: 20578, value: 
key: 342186, value: 
key: 626846, value: 
key: 665003, value: 
key: 238052, value: 
key: 195838, value: 
key: 124894, value: 
key: 218449, value: 
key: 610830, value: 
key: 854948, value: 
key: 504249, value: 
key: 702821, value: 
key: 389828, value: 
key: 632131, value: 
key: 717838, value: 
key: 362032, value: 
key: 68293, value: 
key: 743802, value: 
key: 918387, value: 
key: 605414, value: 
key: 137276, value: 
key: 2521, value: 
key: 964498, value: 
key: 990738, value: 
key: 281937, value: 
key: 216258, value: 
key: 974974, value: 
key: 342324, value: 
key: 355384, value: 
key: 591292, value: 
key: 23511, value: 
key: 216827, value: 
key: 257095, value: 
key: 692957, value: 
key: 131319, value: 
key: 496951, value: 
key: 356972, value: 
key: 957805, value: 
key: 951625, value: 
key: 591308, value: 
key: 762878, value: 
key: 693394, value: 
key: 860455, value: 
key: 300935, value: 
key: 832715, value: 
key: 610731, value: 
key: 303714, value: 
key: 508030, value: 
key: 547743, value: 
key: 402440, value: 
key: 293909, value: 
key: 60453, value: 
key: 962256, value: 
key: 333704, value: 
key: 427636, value: 
key: 261595, value: 
key: 42699, value: 
key: 338286, value: 
key: 777719, value: 
key: 939331, value: 
key: 21759, value: 
key: 953612, value: 
key: 502588, value: 
key: 912273, value: 
key: 965945, value: 
key: 514781, value: 
key: 376343, value: 
key: 214252, value: 
key: 793126, value: 
key: 556363, value: 
key: 436881, value: 
key: 300836, value: 
key: 459529, value: 
key: 436434, value: 
key: 864341, value: 
key: 631404, value: 
key: 992099, value: 
key: 571739, value: 
key: 663421, value: 
key: 849771, value: 
key: 312239, value: 
key: 680745, value: 
key: 339584, value: 
key: 814447, value: 
key: 556714, value: 
key: 185466, value: 
key: 883511, value: 
key: 314370, value: 
key: 590723, value: 
key: 208206, value: 
key: 496865, value: 
key: 846925, value: 
key: 897688, value: 
key: 782339, value: 
key: 470557, value: 
key: 887005, value: 
key: 11613, value: 
key: 194534, value: 
key: 262141, value: 
key: 993359, value: 
key: 155748, value: 
key: 4497, value: 
key: 973490, value: 
key: 80529, value: 
key: 187547, value: 
key: 665423, value: 
key: 529307, value: 
key: 885566, value: 
key: 59415, value: 
key: 932233, value: 
key: 915030, value: 
key: 839978, value: 
key: 310503, value: 
key: 59022, value: 
key: 853631, value: 
key: 208659, value: 
key: 324388, value: 
key: 581963, value: 
key: 651143, value: 
key: 627816, value: 
key: 70317, value: 
key: 179117, value: 
key: 383583, value: 
key: 687515, value: 
key: 320979, value: 
key: 688776, value: 
key: 444480, value: 
key: 169525, value: 
key: 537131, value: 
key: 438195, value: 
key: 108120, value: 
key: 807636, value: 
key: 340924, value: 
key: 55932, value: 
key: 968188, value: 
key: 222826, value: 
key: 211530, value: 
key: 121590, value: 
key: 864046, value: 
key: 541013, value: 
key: 856667, value: 
key: 729712, value: 
key: 685845, value: 
key: 566294, value: 
key: 329578, value: 
key: 42008, value: 
key: 483674, value: 
key: 884307, value: 
key: 395771, value: 
key: 563334, value: 
key: 644378, value: 
key: 126557, value: 
key: 895024, value: 
key: 265214, value: 
key: 657460, value: 
key: 812517, value: 
key: 91550, value: 
key: 361385, value: 
key: 985587, value: 
key: 682347, value: 
key: 303042, value: 
key: 395401, value: 
key: 891536, value: 
key: 109389, value: 
key: 59633, value: 
key: 550330, value: 
key: 507338, value: 
key: 507804, value: 
key: 226415, value: 
key: 389037, value: 
key: 998596, value: 
key: 920621, value: 
key: 697455, value: 
key: 99767, value: 
key: 869797, value: 
key: 292689, value: 
key: 140333, value: 
key: 529802, value: 
key: 940825, value: 
key: 797016, value: 
key: 8895, value: 
key: 378970, value: 
key: 779539, value: 
key: 611107, value: 
key: 739665, value: 
key: 699604, value: 
key: 110026, value: 
key: 971814, value: 
key: 372435, value: 
key: 838216, value: 
key: 452241, value: 
key: 128636, value: 
key: 182025, value: 
key: 926793, value: 
key: 489155, value: 
key: 527088, value: 
key: 572868, value: 
key: 225984, value: 
key: 541910, value: 
key: 15583, value: 
key: 471000, value: 
key: 439978, value: 
key: 237749, value: 
key: 952125, value: 
key: 304182, value: 
key: 657574, value: 
key: 84949, value: 
key: 195933, value: 
key: 117029, value: 
key: 79860, value: 
key: 231776, value: 
key: 405166, value: 
key: 245661, value: 
key: 741781, value: 
key: 361316, value: 
key: 311285, value: 
key: 365345, value: 
key: 353052, value: 
key: 296432, value: 
key: 313906, value: 
key: 934589, value: 
key: 594727, value: 
key: 818076, value: 
key: 448871, value: 
key: 733074, value: 
key: 499659, value: 
key: 505402, value: 
key: 654483, value: 
key: 92683, value: 
key: 144216, value: 
key: 498496, value: 
key: 963815, value: 
key: 972747, value: 
key: 880299, value: 
key: 559748, value: 
key: 760713, value: 
key: 21346, value: 
key: 114943, value: 
key: 566759, value: 
key: 619448, value: 
key: 249364, value: 
key: 604499, value: 
key: 293008, value: 
key: 273361, value: 
key: 917151, value: 
key: 11417, value: 
key: 413882, value: 
key: 234023, value: 
key: 189990, value: 
key: 872287, value: 
key: 519805, value: 
key: 813150, value: 
key: 813116, value: 
key: 152567, value: 
key: 183240, value: 
key: 598211, value: 
key: 774620, value: 
key: 201359, value: 
key: 116037, value: 
key: 39729, value: 
key: 608985, value: 
key: 564155, value: 
key: 114523, value: 
key: 744133, value: 
key: 416366, value: 
key: 252865, value: 
key: 253662, value: 
key: 393083, value: 
key: 712565, value: 
key: 599696, value: 
key: 785880, value: 
key: 566258, value: 
key: 759357, value: 
key: 139872, value: 
key: 498319, value: 
key: 433981, value: 
key: 19668, value: 
key: 228176, value: 
key: 966382, value: 
key: 832557, value: 
key: 627887, value: 
key: 742076, value: 
key: 491585, value: 
key: 360153, value: 
key: 116121, value: 
key: 814920, value: 
key: 861474, value: 
key: 529246, value: 
key: 463678, value: 
key: 893523, value: 
key: 565277, value: 
key: 372123, value: 
key: 930936, value: 
key: 639040, value: 
key: 757308, value: 
key: 14964, value: 
key: 310389, value: 
key: 870571, value: 
key: 678661, value: 
key: 241472, value: 
key: 741576, value: 
key: 135940, value: 
key: 295086, value: 
key: 607407, value: 
key: 415679, value: 
key: 240662, value: 
key: 218227, value: 
key: 490261, value: 
key: 842266, value: 
key: 940816, value: 
key: 23742, value: 
key: 977928, value: 
key: 419138, value: 
key: 498331, value: 
key: 940306, value: 
key: 517474, value: 
key: 192891, value: 
key: 938033, value: 
key: 611484, value: 
key: 793649, value: 
key: 246055, value: 
key: 604103, value: 
key: 262305, value: 
key: 961495, value: 
key: 477330, value: 
key: 270722, value: 
key: 7063, value: 
key: 348988, value: 
key: 602776, value: 
key: 27371, value: 
key: 438823, value: 
key: 858519, value: 
key: 604888, value: 
key: 582311, value: 
key: 517434, value: 
key: 853345, value: 
key: 916327, value: 
key: 43559, value: 
key: 691952, value: 
key: 377898, value: 
key: 389244, value: 
key: 909837, value: 
key: 956350, value: 
key: 726944, value: 
key: 605689, value: 
key: 579229, value: 
key: 968564, value: 
key: 406695, value: 
key: 20712, value: 
key: 232188, value: 
key: 107, value: 
key: 56876, value: 
key: 981701, value: 
key: 128603, value: 
key: 757034, value: 
key: 484053, value: 
key: 493686, value: 
key: 86536, value: 
key: 532536, value: 
key: 415154, value: 
key: 41395, value: 
key: 490492, value: 
key: 867010, value: 
key: 953854, value: 
key: 659925, value: 
key: 251169, value: 
key: 504634, value: 
key: 284761, value: 
key: 42259, value: 
key: 811684, value: 
key: 30487, value: 
key: 791887, value: 
key: 164256, value: 
key: 988609, value: 
key: 274883, value: 
key: 552462, value: 
key: 169747, value: 
key: 121303, value: 
key: 342625, value: 
key: 173867, value: 
key: 949855, value: 
key: 556899, value: 
key: 568034, value: 
key: 670171, value: 
key: 686552, value: 
key: 596516, value: 
key: 93444, value: 
key: 875464, value: 
key: 395065, value: 
key: 975564, value: 
key: 666624, value: 
key: 627054, value: 
key: 526117, value: 
key: 375184, value: 
key: 327648, value: 
key: 165066, value: 
key: 178673, value: 
key: 474834, value: 
key: 505435, value: 
key: 448789, value: 
key: 461869, value: 
key: 820529, value: 
key: 842451, value: 
key: 990374, value: 
key: 850869, value: 
key: 56016, value: 
key: 657280, value: 
key: 812355, value: 
key: 964913, value: 
key: 830964, value: 
key: 724834, value: 
key: 640532, value: 
key: 704836, value: 
key: 734288, value: 
key: 175580, value: 
key: 364995, value: 
key: 123327, value: 
key: 250137, value: 
key: 73606, value: 
key: 127426, value: 
key: 585721, value: 
key: 224299, value: 
key: 776361, value: 
key: 121877, value: 
key: 810056, value: 
key: 696245, value: 
key: 212854, value: 
key: 958471, value: 
key: 90665, value: 
key: 372930, value: 
key: 167529, value: 
key: 262745, value: 
key: 171771, value: 
key: 844934, value: 
key: 233035, value: 
key: 880653, value: 
key: 947909, value: 
key: 793278, value: 
key: 219686, value: 
key: 603946, value: 
key: 708821, value: 
key: 840923, value: 
key: 254610, value: 
key: 382838, value: 
key: 610373, value: 
key: 206862, value: 
key: 678964, value: 
key: 630351, value: 
key: 22161, value: 
key: 796031, value: 
key: 746058, value: 
key: 954400, value: 
key: 883948, value: 
key: 822604, value: 
key: 863610, value: 
key: 250177, value: 
key: 252656, value: 
key: 582021, value: 
key: 273505, value: 
key: 931333, value: 
key: 618726, value: 
key: 703905, value: 
key: 321738, value: 
key: 20950, value: 
key: 36054, value: 
key: 553696, value: 
key: 409483, value: 
key: 876863, value: 
key: 892441, value: 
key: 780911, value: 
key: 517591, value: 
key: 734736, value: 
key: 753490, value: 
key: 755092, value: 
key: 239251, value: 
key: 727268, value: 
key: 986278, value: 
key: 189246, value: 
key: 169767, value: 
key: 205395, value: 
key: 482608, value: 
key: 148146, value: 
key: 845951, value: 
key: 162362, value: 
key: 294058, value: 
key: 243113, value: 
key: 74535, value: 
key: 88578, value: 
key: 942074, value: 
key: 581534, value: 
key: 298643, value: 
key: 768362, value: 
key: 97226, value: 
key: 574635, value: 
key: 24086, value: 
key: 66190, value: 
key: 190383, value: 
key: 55822, value: 
key: 864598, value: 
key: 175812, value: 
key: 992637, value: 
key: 495013, value: 
key: 35095, value: 
key: 535715, value: 
key: 457257, value: 
key: 389893, value: 
key: 38009, value: 
key: 265382, value: 
key: 834425, value: 
key: 320409, value: 
key: 196026, value: 
key: 726337, value: 
key: 761000, value: 
key: 211387, value: 
key: 137058, value: 
key: 694311, value: 
key: 44174, value: 
key: 37127, value: 
key: 7304, value: 
key: 834032, value: 
key: 440424, value: 
key: 6082, value: 
key: 21160, value: 
key: 882000, value: 
key: 931478, value: 
key: 293785, value: 
key: 675448, value: 
key: 281832, value: 
key: 166115, value: 
key: 462602, value: 
key: 64590, value: 
key: 281409, value: 
key: 822099, value: 
key: 924236, value: 
key: 505716, value: 
key: 831224, value: 
key: 1346, value: 
key: 522924, value: 
key: 650805, value: 
key: 196314, value: 
key: 136174, value: 
key: 1892, value: 
key: 189051, value: 
key: 899804, value: 
key: 355454, value: 
key: 617091, value: 
key: 833859, value: 
key: 303565, value: 
key: 513236, value: 
key: 368203, value: 
key: 15208, value: 
key: 518048, value: 
key: 230498, value: 
key: 850447, value: 
key: 349837, value: 
key: 355311, value: 
key: 481135, value: 
key: 988407, value: 
key: 331001, value: 
key: 798888, value: 
key: 935056, value: 
key: 401049, value: 
key: 192369, value: 
key: 231370, value: 
key: 399191, value: 
key: 270728, value: 
key: 652485, value: 
key: 574125, value: 
key: 323473, value: 
key: 787101, value: 
key: 503635, value: 
key: 59804, value: 
key: 878540, value: 
key: 25904, value: 
key: 692393, value: 
key: 987846, value: 
key: 712060, value: 
key: 51118, value: 
key: 210610, value: 
key: 125639, value: 
key: 466853, value: 
key: 868242, value: 
key: 298555, value: 
key: 49876, value: 
key: 945031, value: 
key: 480015, value: 
key: 521330, value: 
key: 947914, value: 
key: 336541, value: 
key: 788052, value: 
key: 299800, value: 
key: 87870, value: 
key: 881782, value: 
key: 180218, value: 
key: 188618, value: 
key: 176952, value: 
key: 758037, value: 
key: 837327, value: 
key: 457912, value: 
key: 640004, value: 
key: 683029, value: 
key: 333430, value: 
key: 375698, value: 
key: 367949, value: 
key: 577890, value: 
key: 442255, value: 
key: 775087, value: 
key: 350297, value: 
key: 989783, value: 
key: 662862, value: 
key: 883797, value: 
key: 111173, value: 
key: 644772, value: 
key: 668578, value: 
key: 80350, value: 
key: 82778, value: 
key: 925082, value: 
key: 917247, value: 
key: 735335, value: 
key: 248813, value: 
key: 553298, value: 
key: 148667, value: 
key: 214964, value: 
key: 535281, value: 
key: 696852, value: 
key: 165521, value: 
key: 950781, value: 
key: 897446, value: 
key: 752242, value: 
key: 337618, value: 
key: 781857, value: 
key: 606840, value: 
key: 189109, value: 
key: 779953, value: 
key: 322670, value: 
key: 460828, value: 
key: 843214, value: 
key: 858430, value: 
key: 415244, value: 
key: 155812, value: 
key: 385242, value: 
key: 877468, value: 
key: 460455, value: 
key: 597407, value: 
key: 287229, value: 
key: 651828, value: 
key: 293196, value: 
key: 130653, value: 
key: 784773, value: 
key: 486811, value: 
key: 687740, value: 
key: 247399, value: 
key: 954677, value: 
key: 139276, value: 
key: 521282, value: 
key: 902843, value: 
key: 21960, value: 
key: 918459, value: 
key: 495763, value: 
key: 159001, value: 
key: 304582, value: 
key: 324041, value: 
key: 27788, value: 
key: 371245, value: 
key: 970479, value: 
key: 835347, value: 
key: 43249, value: 
key: 884361, value: 
key: 441786, value: 
key: 730336, value: 
key: 99479, value: 
key: 817857, value: 
key: 738884, value: 
key: 998516, value: 
key: 790583, value: 
key: 311191, value: 
key: 888763, value: 
key: 87850, value: 
key: 553858, value: 
key: 803449, value: 
key: 388100, value: 
key: 186782, value: 
key: 41564, value: 
key: 707756, value: 
key: 409467, value: 
key: 681564, value: 
key: 800244, value: 
key: 245214, value: 
key: 464275, value: 
key: 338, value: 
key: 391087, value: 
key: 803371, value: 
key: 566274, value: 
key: 928085, value: 
key: 937559, value: 
key: 381363, value: 
key: 435026, value: 
key: 570910, value: 
key: 33983, value: 
key: 463346, value: 
key: 193146, value: 
key: 138783, value: 
key: 493042, value: 
key: 473916, value: 
key: 373896, value: 
key: 269380, value: 
key: 779308, value: 
key: 90751, value: 
key: 189086, value: 
key: 892001, value: 
key: 645799, value: 
key: 851279, value: 
key: 289803, value: 
key: 835648, value: 
key: 657965, value: 
key: 947631, value: 
key: 445359, value: 
key: 950561, value: 
key: 413671, value: 
key: 373823, value: 
key: 348014, value: 
key: 719700, value: 
key: 506146, value: 
key: 978363, value: 
key: 254942, value: 
key: 647665, value: 
key: 889715, value: 
key: 3841, value: 
key: 173773, value: 
key: 941428, value: 
key: 83108, value: 
key: 849773, value: 
key: 184452, value: 
key: 509886, value: 
key: 916567, value: 
key: 51811, value: 
key: 610694, value: 
key: 28662, value: 
key: 366313, value: 
key: 560564, value: 
key: 901022, value: 
key: 148193, value: 
key: 408491, value: 
key: 764018, value: 
key: 510156, value: 
key: 596314, value: 
key: 247885, value: 
key: 514826, value: 
key: 607104, value: 
key: 172387, value: 
key: 373661, value: 
key: 404402, value: 
key: 433743, value: 
key: 768773, value: 
key: 153379, value: 
key: 873718, value: 
key: 593623, value: 
key: 156419, value: 
key: 929208, value: 
key: 850656, value: 
key: 460059, value: 
key: 62682, value: 
key: 333331, value: 
key: 436883, value: 
key: 543785, value: 
key: 257907, value: 
key: 747260, value: 
key: 586571, value: 
key: 300508, value: 
key: 390046, value: 
key: 57877, value: 
key: 642286, value: 
key: 226688, value: 
key: 768849, value: 
key: 687498, value: 
key: 78126, value: 
key: 302276, value: 
key: 224879, value: 
key: 566799, value: 
key: 580777, value: 
key: 737977, value: 
key: 732187, value: 
key: 124407, value: 
key: 68253, value: 
key: 130886, value: 
key: 583086, value: 
key: 306038, value: 
key: 426873, value: 
key: 93541, value: 
key: 883177, value: 
key: 56421, value: 
key: 121651, value: 
key: 491752, value: 
key: 31844, value: 
key: 280536, value: 
key: 657701, value: 
key: 594730, value: 
key: 743466, value: 
key: 573726, value: 
key: 556534, value: 
key: 603771, value: 
key: 494360, value: 
key: 115672, value: 
key: 863287, value: 
key: 424301, value: 
key: 127343, value: 
key: 526133, value: 
key: 404442, value: 
key: 120728, value: 
key: 581530, value: 
key: 999263, value: 
key: 26839, value: 
key: 664736, value: 
key: 992631, value: 
key: 100797, value: 
key: 988649, value: 
key: 879420, value: 
key: 244040, value: 
key: 368427, value: 
key: 666334, value: 
key: 263779, value: 
key: 388065, value: 
key: 114772, value: 
key: 792611, value: 
key: 102744, value: 
key: 562445, value: 
key: 19028, value: 
key: 958196, value: 
key: 750563, value: 
key: 389736, value: 
key: 734301, value: 
key: 706104, value: 
key: 464172, value: 
key: 688316, value: 
key: 104469, value: 
key: 868820, value: 
key: 894658, value: 
key: 663432, value: 
key: 453017, value: 
key: 860365, value: 
key: 81386, value: 
key: 739928, value: 
key: 600464, value: 
key: 195355, value: 
key: 857754, value: 
key: 144225, value: 
key: 763404, value: 
key: 546326, value: 
key: 994587, value: 
key: 787013, value: 
key: 523361, value: 
key: 601531, value: 
key: 829759, value: 
key: 2725, value: 
key: 649612, value: 
key: 314893, value: 
key: 631178, value: 
key: 883667, value: 
key: 41140, value: 
key: 552640, value: 
key: 178789, value: 
key: 325200, value: 
key: 795733, value: 
key: 74492, value: 
key: 993016, value: 
key: 236568, value: 
key: 19666, value: 
key: 705301, value: 
key: 942665, value: 
key: 558389, value: 
key: 881784, value: 
key: 494140, value: 
key: 112402, value: 
key: 991207, value: 
key: 554288, value: 
key: 586106, value: 
key: 613783, value: 
key: 547415, value: 
key: 832755, value: 
key: 377883, value: 
key: 328537, value: 
key: 382959, value: 
key: 709262, value: 
key: 613714, value: 
key: 453756, value: 
key: 561006, value: 
key: 37637, value: 
key: 764254, value: 
key: 442291, value: 
key: 770756, value: 
key: 161503, value: 
key: 225188, value: 
key: 313874, value: 
key: 31280, value: 
key: 918909, value: 
key: 235660, value: 
key: 856427, value: 
key: 594484, value: 
key: 671866, value: 
key: 811770, value: 
key: 482695, value: 
key: 488002, value: 
key: 858913, value: 
key: 505415, value: 
key: 343154, value: 
key: 261159, value: 
key: 725963, value: 
key: 767538, value: 
key: 300603, value: 
key: 883265, value: 
key: 628338, value: 
key: 15921, value: 
key: 309589, value: 
key: 420851, value: 
key: 958884, value: 
key: 704760, value: 
key: 217064, value: 
key: 84882, value: 
key: 408628, value: 
key: 979063, value: 
key: 144241, value: 
key: 214377, value: 
key: 129206, value: 
key: 772910, value: 
key: 134659, value: 
key: 731650, value: 
key: 381525, value: 
key: 802040, value: 
key: 337698, value: 
key: 169891, value: 
key: 716112, value: 
key: 473099, value: 
key: 463269, value: 
key: 1063, value: 
key: 327167, value: 
key: 735719, value: 
key: 743020, value: 
key: 354284, value: 
key: 30564, value: 
key: 55853, value: 
key: 18887, value: 
key: 308940, value: 
key: 536554, value: 
key: 94692, value: 
key: 722700, value: 
key: 578402, value: 
key: 298096, value: 
key: 377425, value: 
key: 512606, value: 
key: 863155, value: 
key: 314114, value: 
key: 607757, value: 
key: 509310, value: 
key: 717362, value: 
key: 329000, value: 
key: 508807, value: 
key: 585372, value: 
key: 813314, value: 
key: 696511, value: 
key: 187800, value: 
key: 96124, value: 
key: 432500, value: 
key: 560234, value: 
key: 556877, value: 
key: 85418, value: 
key: 878665, value: 
key: 993436, value: 
key: 429212, value: 
key: 667636, value: 
key: 662765, value: 
key: 744030, value: 
key: 116389, value: 
key: 101772, value: 
key: 18548, value: 
key: 375887, value: 
key: 5335, value: 
key: 348687, value: 
key: 226354, value: 
key: 595951, value: 
key: 101925, value: 
key: 969046, value: 
key: 864921, value: 
key: 713232, value: 
key: 370701, value: 
key: 262130, value: 
key: 450373, value: 
key: 377728, value: 
key: 935229, value: 
key: 6181, value: 
key: 341208, value: 
key: 708588, value: 
key: 868059, value: 
key: 630627, value: 
key: 371324, value: 
key: 917751, value: 
key: 726883, value: 
key: 205001, value: 
key: 724793, value: 
key: 68495, value: 
key: 616391, value: 
key: 67601, value: 
key: 210760, value: 
key: 301341, value: 
key: 76801, value: 
key: 738046, value: 
key: 281845, value: 
key: 86912, value: 
key: 867735, value: 
key: 552040, value: 
key: 957555, value: 
key: 932873, value: 
key: 13958, value: 
key: 495677, value: 
key: 32276, value: 
key: 419734, value: 
key: 842187, value: 
key: 566313, value: 
key: 568838, value: 
key: 541381, value: 
key: 51985, value: 
key: 665719, value: 
key: 591106, value: 
key: 373029, value: 
key: 850269, value: 
key: 800565, value: 
key: 200796, value: 
key: 878463, value: 
key: 247207, value: 
key: 502829, value: 
key: 838074, value: 
key: 723978, value: 
key: 795467, value: 
key: 55165, value: 
key: 746579, value: 
key: 372220, value: 
key: 765002, value: 
key: 759652, value: 
key: 97307, value: 
key: 569343, value: 
key: 480488, value: 
key: 125514, value: 
key: 568072, value: 
key: 118066, value: 
key: 748131, value: 
key: 4943, value: 
key: 910871, value: 
key: 406879, value: 
key: 314729, value: 
key: 18249, value: 
key: 742784, value: 
key: 282972, value: 
key: 439967, value: 
key: 222110, value: 
key: 730121, value: 
key: 56441, value: 
key: 438595, value: 
key: 168232, value: 
key: 251783, value: 
key: 52876, value: 
key: 756589, value: 
key: 273693, value: 
key: 492696, value: 
key: 636979, value: 
key: 419969, value: 
key: 253167, value: 
key: 125835, value: 
key: 244923, value: 
key: 464808, value: 
key: 35352, value: 
key: 31954, value: 
key: 409375, value: 
key: 517485, value: 
key: 746362, value: 
key: 646772, value: 
key: 589213, value: 
key: 810591, value: 
key: 821623, value: 
key: 514224, value: 
key: 674393, value: 
key: 889694, value: 
key: 517249, value: 
key: 582614, value: 
key: 63708, value: 
key: 129541, value: 
key: 449621, value: 
key: 614146, value: 
key: 650566, value: 
key: 749257, value: 
key: 984146, value: 
key: 772646, value: 
key: 346609, value: 
key: 134318, value: 
key: 794552, value: 
key: 336985, value: 
key: 247810, value: 
key: 960827, value: 
key: 983703, value: 
key: 552428, value: 
key: 152521, value: 
key: 500265, value: 
key: 365921, value: 
key: 141420, value: 
key: 762702, value: 
key: 909255, value: 
key: 583954, value: 
key: 873406, value: 
key: 170541, value: 
key: 868930, value: 
key: 78168, value: 
key: 433659, value: 
key: 558266, value: 
key: 556910, value: 
key: 71480, value: 
key: 509325, value: 
key: 585024, value: 
key: 182548, value: 
key: 877787, value: 
key: 725354, value: 
key: 629580, value: 
key: 467920, value: 
key: 145905, value: 
key: 72601, value: 
key: 44747, value: 
key: 885731, value: 
key: 161408, value: 
key: 276223, value: 
key: 382957, value: 
key: 66633, value: 
key: 698625, value: 
key: 712781, value: 
key: 507950, value: 
key: 303800, value: 
key: 472056, value: 
key: 905714, value: 
key: 115968, value: 
key: 367152, value: 
key: 929053, value: 
key: 761062, value: 
key: 489733, value: 
key: 200802, value: 
key: 2884, value: 
key: 972642, value: 
key: 716165, value: 
key: 791685, value: 
key: 898715, value: 
key: 439567, value: 
key: 313113, value: 
key: 128139, value: 
key: 160001, value: 
key: 180768, value: 
key: 257257, value: 
key: 163145, value: 
key: 727136, value: 
key: 27566, value: 
key: 423166, value: 
key: 393148, value: 
key: 424530, value: 
key: 30056, value: 
key: 237275, value: 
key: 425337, value: 
key: 945291, value: 
key: 318150, value: 
key: 69159, value: 
key: 327172, value: 
key: 628835, value: 
key: 25801, value: 
key: 256252, value: 
key: 623791, value: 
key: 480468, value: 
key: 646538, value: 
key: 249500, value: 
key: 960917, value: 
key: 735386, value: 
key: 20260, value: 
key: 603355, value: 
key: 483443, value: 
key: 562661, value: 
key: 64066, value: 
key: 905954, value: 
key: 381970, value: 
key: 461386, value: 
key: 963677, value: 
key: 786834, value: 
key: 222060, value: 
key: 53259, value: 
key: 721000, value: 
key: 771676, value: 
key: 85090, value: 
key: 568335, value: 
key: 716200, value: 
key: 598556, value: 
key: 892489, value: 
key: 738932, value: 
key: 177803, value: 
key: 744289, value: 
key: 93367, value: 
key: 927330, value: 
key: 471369, value: 
key: 270344, value: 
key: 760180, value: 
key: 486455, value: 
key: 166126, value: 
key: 948973, value: 
key: 85968, value: 
key: 817093, value: 
key: 811480, value: 
key: 152264, value: 
key: 870126, value: 
key: 46789, value: 
key: 183583, value: 
key: 688257, value: 
key: 807737, value: 
key: 173951, value: 
key: 54151, value: 
key: 721420, value: 
key: 181194, value: 
key: 687250, value: 
key: 538998, value: 
key: 828596, value: 
key: 556882, value: 
key: 108858, value: 
key: 749286, value: 
key: 386926, value: 
key: 737283, value: 
key: 333371, value: 
key: 385420, value: 
key: 425814, value: 
key: 230896, value: 
key: 820161, value: 
key: 774619, value: 
key: 402059, value: 
key: 232281, value: 
key: 199100, value: 
key: 408826, value: 
key: 477437, value: 
key: 248622, value: 
key: 550121, value: 
key: 488925, value: 
key: 929822, value: 
key: 24758, value: 
key: 1537, value: 
key: 278757, value: 
key: 414142, value: 
key: 31871, value: 
key: 937399, value: 
key: 623498, value: 
key: 351236, value: 
key: 913966, value: 
key: 549170, value: 
key: 680288, value: 
key: 403012, value: 
key: 630023, value: 
key: 546689, value: 
key: 523756, value: 
key: 142281, value: 
key: 46914, value: 
key: 116673, value: 
key: 599854, value: 
key: 444334, value: 
key: 229803, value: 
key: 557531, value: 
key: 906063, value: 
key: 274348, value: 
key: 113133, value: 
key: 477088, value: 
key: 909778, value: 
key: 191023, value: 
key: 137193, value: 
key: 233998, value: 
key: 724139, value: 
key: 456298, value: 
key: 850881, value: 
key: 326092, value: 
key: 912099, value: 
key: 128463, value: 
key: 383918, value: 
key: 495598, value: 
key: 306078, value: 
key: 779144, value: 
key: 749277, value: 
key: 398569, value: 
key: 39503, value: 
key: 366409, value: 
key: 70665, value: 
key: 7452, value: 
key: 687388, value: 
key: 348412, value: 
key: 606864, value: 
key: 733225, value: 
key: 51552, value: 
key: 660059, value: 
key: 900825, value: 
key: 206008, value: 
key: 219662, value: 
key: 726209, value: 
key: 528955, value: 
key: 687120, value: 
key: 803933, value: 
key: 343105, value: 
key: 154345, value: 
key: 37664, value: 
key: 21045, value: 
key: 931210, value: 
key: 107613, value: 
key: 545767, value: 
key: 540939, value: 
key: 282071, value: 
key: 46208, value: 
key: 592693, value: 
key: 229928, value: 
key: 273035, value: 
key: 237358, value: 
key: 769884, value: 
key: 943833, value: 
key: 635491, value: 
key: 839491, value: 
key: 289669, value: 
key: 673002, value: 
key: 796725, value: 
key: 979339, value: 
key: 727813, value: 
key: 959212, value: 
key: 467502, value: 
key: 837455, value: 
key: 403920, value: 
key: 124371, value: 
key: 422475, value: 
key: 630674, value: 
key: 741512, value: 
key: 824983, value: 
key: 386894, value: 
key: 643241, value: 
key: 307167, value: 
key: 298487, value: 
key: 378873, value: 
key: 354738, value: 
key: 433068, value: 
key: 527062, value: 
key: 968933, value: 
key: 507893, value: 
key: 147572, value: 
key: 791168, value: 
key: 470108, value: 
key: 204712, value: 
key: 746546, value: 
key: 438656, value: 
key: 861845, value: 
key: 305130, value: 
key: 9526, value: 
key: 451860, value: 
key: 690410, value: 
key: 694214, value: 
key: 29997, value: 
key: 806129, value: 
key: 647937, value: 
key: 629559, value: 
key: 508506, value: 
key: 131193, value: 
key: 909958, value: 
key: 798682, value: 
key: 858294, value: 
key: 196198, value: 
key: 979625, value: 
key: 669531, value: 
key: 933353, value: 
key: 800712, value: 
key: 783941, value: 
key: 843496, value: 
key: 555193, value: 
key: 216016, value: 
key: 724425, value: 
key: 343323, value: 
key: 182601, value: 
key: 876865, value: 
key: 938873, value: 
key: 717973, value: 
key: 634193, value: 
key: 760544, value: 
key: 445478, value: 
key: 134576, value: 
key: 261371, value: 
key: 474311, value: 
key: 254698, value: 
key: 749518, value: 
key: 240860, value: 
key: 699464, value: 
key: 203676, value: 
key: 410388, value: 
key: 139575, value: 
key: 504782, value: 
key: 338648, value: 
key: 863795, value: 
key: 807100, value: 
key: 101291, value: 
key: 519625, value: 
key: 415808, value: 
key: 854702, value: 
key: 190554, value: 
key: 177061, value: 
key: 600987, value: 
key: 145839, value: 
key: 239909, value: 
key: 915289, value: 
key: 429368, value: 
key: 602785, value: 
key: 145608, value: 
key: 466822, value: 
key: 574822, value: 
key: 197333, value: 
key: 763211, value: 
key: 12287, value: 
key: 780335, value: 
key: 987369, value: 
key: 460046, value: 
key: 642091, value: 
key: 402916, value: 
key: 861832, value: 
key: 118664, value: 
key: 162292, value: 
key: 377526, value: 
key: 822552, value: 
key: 451161, value: 
key: 978239, value: 
key: 997254, value: 
key: 704818, value: 
key: 902595, value: 
key: 55628, value: 
key: 738446, value: 
key: 391252, value: 
key: 882048, value: 
key: 807148, value: 
key: 817422, value: 
key: 624664, value: 
key: 197009, value: 
key: 904322, value: 
key: 962054, value: 
key: 887544, value: 
key: 100964, value: 
key: 588854, value: 
key: 276593, value: 
key: 855219, value: 
key: 250722, value: 
key: 160177, value: 
key: 60992, value: 
key: 399599, value: 
key: 268897, value: 
key: 461074, value: 
key: 909664, value: 
key: 971115, value: 
key: 243760, value: 
key: 502708, value: 
key: 756011, value: 
key: 172840, value: 
key: 620264, value: 
key: 525118, value: 
key: 991863, value: 
key: 365161, value: 
key: 261755, value: 
key: 865058, value: 
key: 889436, value: 
key: 536114, value: 
key: 334888, value: 
key: 947523, value: 
key: 338206, value: 
key: 741271, value: 
key: 326788, value: 
key: 936567, value: 
key: 572929, value: 
key: 29551, value: 
key: 232229, value: 
key: 15743, value: 
key: 678933, value: 
key: 197362, value: 
key: 26044, value: 
key: 912903, value: 
key: 505105, value: 
key: 420767, value: 
key: 694652, value: 
key: 791843, value: 
key: 961967, value: 
key: 196156, value: 
key: 640396, value: 
key: 344986, value: 
key: 731438, value: 
key: 363475, value: 
key: 109288, value: 
key: 715829, value: 
key: 2932, value: 
key: 634207, value: 
key: 123574, value: 
key: 831297, value: 
key: 978154, value: 
key: 894856, value: 
key: 247432, value: 
key: 777713, value: 
key: 204073, value: 
key: 9706, value: 
key: 562940, value: 
key: 485621, value: 
key: 272700, value: 
key: 143596, value: 
key: 5427, value: 
key: 158389, value: 
key: 604152, value: 
key: 165402, value: 
key: 658883, value: 
key: 495293, value: 
key: 49560, value: 
key: 790505, value: 
key: 385259, value: 
key: 924890, value: 
key: 745190, value: 
key: 453547, value: 
key: 674285, value: 
key: 647236, value: 
key: 862329, value: 
key: 973867, value: 
key: 507460, value: 
key: 624723, value: 
key: 634438, value: 
key: 542445, value: 
key: 590088, value: 
key: 894704, value: 
key: 907880, value: 
key: 780379, value: 
key: 38713, value: 
key: 371704, value: 
key: 356781, value: 
key: 65348, value: 
key: 410342, value: 
key: 410593, value: 
key: 2499, value: 
key: 153551, value: 
key: 785927, value: 
key: 639121, value: 
key: 583794, value: 
key: 46109, value: 
key: 785541, value: 
key: 134778, value: 
key: 81904, value: 
key: 303770, value: 
key: 352738, value: 
key: 149224, value: 
key: 533311, value: 
key: 101242, value: 
key: 840835, value: 
key: 22501, value: 
key: 606444, value: 
key: 732776, value: 
key: 868158, value: 
key: 515676, value: 
key: 502502, value: 
key: 953234, value: 
key: 339465, value: 
key: 627757, value: 
key: 511643, value: 
key: 617329, value: 
key: 365040, value: 
key: 226907, value: 
key: 261986, value: 
key: 63128, value: 
key: 296595, value: 
key: 237648, value: 
key: 632379, value: 
key: 832850, value: 
key: 26923, value: 
key: 152714, value: 
key: 814571, value: 
key: 121091, value: 
key: 784793, value: 
key: 662631, value: 
key: 904746, value: 
key: 811147, value: 
key: 889382, value: 
key: 237509, value: 
key: 182810, value: 
key: 718194, value: 
key: 694825, value: 
key: 190439, value: 
key: 829962, value: 
key: 947226, value: 
key: 304692, value: 
key: 121462, value: 
key: 137539, value: 
key: 501532, value: 
key: 76427, value: 
key: 892047, value: 
key: 477570, value: 
key: 150176, value: 
key: 84, value: 
key: 411354, value: 
key: 898650, value: 
key: 896883, value: 
key: 306603, value: 
key: 161592, value: 
key: 837859, value: 
key: 699114, value: 
key: 871941, value: 
key: 754990, value: 
key: 460141, value: 
key: 601393, value: 
key: 68934, value: 
key: 203384, value: 
key: 196752, value: 
key: 728524, value: 
key: 345844, value: 
key: 988982, value: 
key: 546757, value: 
key: 365808, value: 
key: 927927, value: 
key: 993445, value: 
key: 25788, value: 
key: 155438, value: 
key: 896256, value: 
key: 598161, value: 
key: 417338, value: 
key: 729189, value: 
key: 172251, value: 
key: 150839, value: 
key: 841793, value: 
key: 492252, value: 
key: 609683, value: 
key: 651329, value: 
key: 922832, value: 
key: 456775, value: 
key: 38274, value: 
key: 593654, value: 
key: 211411, value: 
key: 471688, value: 
key: 490759, value: 
key: 34953, value: 
key: 547028, value: 
key: 547462, value: 
key: 101989, value: 
key: 891802, value: 
key: 260767, value: 
key: 140274, value: 
key: 372963, value: 
key: 635020, value: 
key: 638975, value: 
key: 798071, value: 
key: 35213, value: 
key: 760881, value: 
key: 776604, value: 
key: 401252, value: 
key: 671820, value: 
key: 793209, value: 
key: 894672, value: 
key: 140429, value: 
key: 739728, value: 
key: 627807, value: 
key: 218201, value: 
key: 343015, value: 
key: 185664, value: 
key: 243131, value: 
key: 143082, value: 
key: 532350, value: 
key: 269441, value: 
key: 284398, value: 
key: 524799, value: 
key: 17424, value: 
key: 243081, value: 
key: 41449, value: 
key: 982944, value: 
key: 187981, value: 
key: 165811, value: 
key: 828194, value: 
key: 230010, value: 
key: 147712, value: 
key: 962076, value: 
key: 76526, value: 
key: 845825, value: 
key: 3638, value: 
key: 449386, value: 
key: 448671, value: 
key: 734389, value: 
key: 43944, value: 
key: 940715, value: 
key: 467915, value: 
key: 515494, value: 
key: 131764, value: 
key: 358259, value: 
key: 766108, value: 
key: 603151, value: 
key: 568762, value: 
key: 396451, value: 
key: 893521, value: 
key: 539533, value: 
key: 152860, value: 
key: 287944, value: 
key: 973681, value: 
key: 165479, value: 
key: 392983, value: 
key: 791786, value: 
key: 116497, value: 
key: 122771, value: 
key: 960469, value: 
key: 908227, value: 
key: 758789, value: 
key: 679121, value: 
key: 606459, value: 
key: 956808, value: 
key: 526779, value: 
key: 137311, value: 
key: 947134, value: 
key: 67588, value: 
key: 994057, value: 
key: 423111, value: 
key: 463760, value: 
key: 179689, value: 
key: 133674, value: 
key: 567668, value: 
key: 80996, value: 
key: 824163, value: 
key: 343729, value: 
key: 492614, value: 
key: 820440, value: 
key: 157030, value: 
key: 991106, value: 
key: 742010, value: 
key: 475895, value: 
key: 753326, value: 
key: 79745, value: 
key: 433000, value: 
key: 616856, value: 
key: 597423, value: 
key: 576163, value: 
key: 210885, value: 
key: 240707, value: 
key: 751582, value: 
key: 4925, value: 
key: 816450, value: 
key: 530172, value: 
key: 290999, value: 
key: 87478, value: 
key: 548306, value: 
key: 949060, value: 
key: 846286, value: 
key: 145657, value: 
key: 915522, value: 
key: 919085, value: 
key: 563819, value: 
key: 759351, value: 
key: 984678, value: 
key: 951801, value: 
key: 487711, value: 
key: 695109, value: 
key: 213932, value: 
key: 798619, value: 
key: 241603, value: 
key: 459912, value: 
key: 938767, value: 
key: 777658, value: 
key: 410168, value: 
key: 653734, value: 
key: 36793, value: 
key: 12195, value: 
key: 116495, value: 
key: 582078, value: 
key: 378468, value: 
key: 281878, value: 
key: 119960, value: 
key: 663704, value: 
key: 80594, value: 
key: 295835, value: 
key: 163028, value: 
key: 676977, value: 
key: 887713, value: 
key: 33286, value: 
key: 507679, value: 
key: 743039, value: 
key: 461296, value: 
key: 322555, value: 
key: 95787, value: 
key: 386317, value: 
key: 771966, value: 
key: 958558, value: 
key: 423539, value: 
key: 766380, value: 
key: 949020, value: 
key: 423753, value: 
key: 949262, value: 
key: 261654, value: 
key: 354949, value: 
key: 585761, value: 
key: 511270, value: 
key: 627900, value: 
key: 366612, value: 
key: 645537, value: 
key: 586629, value: 
key: 242361, value: 
key: 715782, value: 
key: 145882, value: 
key: 351601, value: 
key: 229258, value: 
key: 963671, value: 
key: 685179, value: 
key: 513821, value: 
key: 706568, value: 
key: 649137, value: 
key: 435350, value: 
key: 906494, value: 
key: 246394, value: 
key: 494274, value: 
key: 250397, value: 
key: 931517, value: 
key: 401504, value: 
key: 860608, value: 
key: 243630, value: 
key: 644938, value: 
key: 596455, value: 
key: 781163, value: 
key: 518367, value: 
key: 157166, value: 
key: 271440, value: 
key: 263096, value: 
key: 650447, value: 
key: 311696, value: 
key: 589347, value: 
key: 81184, value: 
key: 554543, value: 
key: 43689, value: 
key: 163815, value: 
key: 213750, value: 
key: 348045, value: 
key: 136554, value: 
key: 386603, value: 
key: 989804, value: 
key: 864855, value: 
key: 758927, value: 
key: 405126, value: 
key: 869056, value: 
key: 174055, value: 
key: 477424, value: 
key: 472609, value: 
key: 964197, value: 
key: 252447, value: 
key: 667238, value: 
key: 167224, value: 
key: 533984, value: 
key: 970893, value: 
key: 905501, value: 
key: 925312, value: 
key: 610609, value: 
key: 703956, value: 
key: 417477, value: 
key: 906249, value: 
key: 878245, value: 
key: 28422, value: 
key: 494056, value: 
key: 248147, value: 
key: 852933, value: 
key: 132202, value: 
key: 46158, value: 
key: 728337, value: 
key: 301831, value: 
key: 179061, value: 
key: 889713, value: 
key: 634463, value: 
key: 735142, value: 
key: 62321, value: 
key: 104247, value: 
key: 29375, value: 
key: 567813, value: 
key: 449234, value: 
key: 738888, value: 
key: 516961, value: 
key: 496472, value: 
key: 348429, value: 
key: 661724, value: 
key: 365884, value: 
key: 115294, value: 
key: 406761, value: 
key: 902090, value: 
key: 639516, value: 
key: 228499, value: 
key: 884637, value: 
key: 359218, value: 
key: 983745, value: 
key: 36821, value: 
key: 87005, value: 
key: 88316, value: 
key: 710426, value: 
key: 992954, value: 
key: 529936, value: 
key: 229087, value: 
key: 872001, value: 
key: 640611, value: 
key: 405070, value: 
key: 410902, value: 
key: 32551, value: 
key: 653682, value: 
key: 312510, value: 
key: 424341, value: 
key: 219912, value: 
key: 403018, value: 
key: 103774, value: 
key: 595904, value: 
key: 998783, value: 
key: 304698, value: 
key: 467333, value: 
key: 78939, value: 
key: 471945, value: 
key: 774325, value: 
key: 225494, value: 
key: 793395, value: 
key: 317986, value: 
key: 581912, value: 
key: 926702, value: 
key: 744571, value: 
key: 389912, value: 
key: 131564, value: 
key: 902928, value: 
key: 439675, value: 
key: 769705, value: 
key: 937140, value: 
key: 361305, value: 
key: 616717, value: 
key: 536800, value: 
key: 712181, value: 
key: 934341, value: 
key: 17334, value: 
key: 775438, value: 
key: 82268, value: 
key: 149190, value: 
key: 627898, value: 
key: 271927, value: 
key: 428071, value: 
key: 576956, value: 
key: 611639, value: 
key: 228242, value: 
key: 830182, value: 
key: 133805, value: 
key: 35956, value: 
key: 495048, value: 
key: 261670, value: 
key: 639990, value: 
key: 28156, value: 
key: 717517, value: 
key: 334040, value: 
key: 580418, value: 
key: 707211, value: 
key: 110639, value: 
key: 551894, value: 
key: 144012, value: 
key: 957591, value: 
key: 677729, value: 
key: 758602, value: 
key: 304580, value: 
key: 726335, value: 
key: 433578, value: 
key: 378244, value: 
key: 768201, value: 
key: 813961, value: 
key: 458063, value: 
key: 504500, value: 
key: 498054, value: 
key: 177575, value: 
key: 999085, value: 
key: 88255, value: 
key: 759526, value: 
key: 294618, value: 
key: 251994, value: 
key: 16298, value: 
key: 844457, value: 
key: 528519, value: 
key: 237174, value: 
key: 43757, value: 
key: 118738, value: 
key: 406510, value: 
key: 261665, value: 
key: 350255, value: 
key: 20929, value: 
key: 227863, value: 
key: 162766, value: 
key: 737315, value: 
key: 676375, value: 
key: 784252, value: 
key: 933111, value: 
key: 787813, value: 
key: 534358, value: 
key: 171232, value: 
key: 554738, value: 
key: 629047, value: 
key: 654278, value: 
key: 829634, value: 
key: 558749, value: 
key: 340757, value: 
key: 179401, value: 
key: 450364, value: 
key: 360502, value: 
key: 866569, value: 
key: 359010, value: 
key: 975678, value: 
key: 294555, value: 
key: 187705, value: 
key: 364805, value: 
key: 862785, value: 
key: 678032, value: 
key: 733179, value: 
key: 929237, value: 
key: 620165, value: 
key: 639424, value: 
key: 32807, value: 
key: 461922, value: 
key: 250447, value: 
key: 593436, value: 
key: 95604, value: 
key: 73802, value: 
key: 325776, value: 
key: 372745, value: 
key: 995685, value: 
key: 356576, value: 
key: 520030, value: 
key: 26633, value: 
key: 144566, value: 
key: 785185, value: 
key: 96939, value: 
key: 706041, value: 
key: 800332, value: 
key: 942562, value: 
key: 512767, value: 
key: 257473, value: 
key: 905503, value: 
key: 53949, value: 
key: 570088, value: 
key: 8893, value: 
key: 693099, value: 
key: 634027, value: 
key: 590734, value: 
key: 167491, value: 
key: 608624, value: 
key: 504335, value: 
key: 725358, value: 
key: 178165, value: 
key: 526964, value: 
key: 553380, value: 
key: 372493, value: 
key: 770860, value: 
key: 896106, value: 
key: 342759, value: 
key: 177601, value: 
key: 592941, value: 
key: 247328, value: 
key: 988605, value: 
key: 561327, value: 
key: 377487, value: 
key: 764193, value: 
key: 701064, value: 
key: 581286, value: 
key: 12160, value: 
key: 787811, value: 
key: 269269, value: 
key: 667463, value: 
key: 799571, value: 
key: 997111, value: 
key: 415550, value: 
key: 915812, value: 
key: 39763, value: 
key: 723639, value: 
key: 945132, value: 
key: 590774, value: 
key: 136718, value: 
key: 782522, value: 
key: 785323, value: 
key: 240404, value: 
key: 363400, value: 
key: 457093, value: 
key: 318198, value: 
key: 304962, value: 
key: 818364, value: 
key: 523729, value: 
key: 912349, value: 
key: 775429, value: 
key: 284428, value: 
key: 890348, value: 
key: 339531, value: 
key: 544708, value: 
key: 956455, value: 
key: 778482, value: 
key: 43108, value: 
key: 120915, value: 
key: 671200, value: 
key: 878467, value: 
key: 521291, value: 
key: 574240, value: 
key: 963624, value: 
key: 991982, value: 
key: 707961, value: 
key: 648774, value: 
key: 792808, value: 
key: 175845, value: 
key: 399788, value: 
key: 366142, value: 
key: 306984, value: 
key: 828064, value: 
key: 677626, value: 
key: 725725, value: 
key: 430340, value: 
key: 943978, value: 
key: 314369, value: 
key: 824792, value: 
key: 364771, value: 
key: 720326, value: 
key: 773348, value: 
key: 625245, value: 
key: 946018, value: 
key: 503554, value: 
key: 953566, value: 
key: 835851, value: 
key: 166975, value: 
key: 587110, value: 
key: 44194, value: 
key: 645557, value: 
key: 825946, value: 
key: 586537, value: 
key: 547020, value: 
key: 166281, value: 
key: 966274, value: 
key: 586216, value: 
key: 741682, value: 
key: 981950, value: 
key: 583204, value: 
key: 513748, value: 
key: 218601, value: 
key: 748409, value: 
key: 984256, value: 
key: 289887, value: 
key: 159382, value: 
key: 489609, value: 
key: 611888, value: 
key: 176121, value: 
key: 944908, value: 
key: 525570, value: 
key: 323459, value: 
key: 300731, value: 
key: 713144, value: 
key: 7894, value: 
key: 288213, value: 
key: 84992, value: 
key: 240462, value: 
key: 776767, value: 
key: 933483, value: 
key: 892456, value: 
key: 258368, value: 
key: 392963, value: 
key: 71008, value: 
key: 80017, value: 
key: 805751, value: 
key: 606765, value: 
key: 326496, value: 
key: 964209, value: 
key: 833440, value: 
key: 237233, value: 
key: 617402, value: 
key: 683243, value: 
key: 420099, value: 
key: 71781, value: 
key: 254241, value: 
key: 278269, value: 
key: 736628, value: 
key: 942788, value: 
key: 825625, value: 
key: 376893, value: 
key: 546922, value: 
key: 231772, value: 
key: 972574, value: 
key: 597395, value: 
key: 887711, value: 
key: 967734, value: 
key: 943516, value: 
key: 768283, value: 
key: 217918, value: 
key: 414560, value: 
key: 276995, value: 
key: 588153, value: 
key: 540623, value: 
key: 69087, value: 
key: 795562, value: 
key: 323402, value: 
key: 168153, value: 
key: 514284, value: 
key: 118462, value: 
key: 533586, value: 
key: 148353, value: 
key: 386869, value: 
key: 400075, value: 
key: 912071, value: 
key: 900805, value: 
key: 381774, value: 
key: 837215, value: 
key: 319946, value: 
key: 765990, value: 
key: 722656, value: 
key: 679927, value: 
key: 9713, value: 
key: 323464, value: 
key: 663825, value: 
key: 463432, value: 
key: 68822, value: 
key: 441195, value: 
key: 380148, value: 
key: 571218, value: 
key: 467713, value: 
key: 650380, value: 
key: 56296, value: 
key: 775254, value: 
key: 865276, value: 
key: 30504, value: 
key: 245247, value: 
key: 299028, value: 
key: 256667, value: 
key: 264419, value: 
key: 816746, value: 
key: 304418, value: 
key: 416409, value: 
key: 367107, value: 
key: 554949, value: 
key: 20754, value: 
key: 569749, value: 
key: 595052, value: 
key: 670414, value: 
key: 71301, value: 
key: 454452, value: 
key: 332680, value: 
key: 624020, value: 
key: 732505, value: 
key: 939698, value: 
key: 850324, value: 
key: 671202, value: 
key: 231239, value: 
key: 859147, value: 
key: 236740, value: 
key: 654081, value: 
key: 462789, value: 
key: 255239, value: 
key: 532646, value: 
key: 88549, value: 
key: 391881, value: 
key: 505989, value: 
key: 920663, value: 
key: 891507, value: 
key: 484435, value: 
key: 161587, value: 
key: 839965, value: 
key: 406873, value: 
key: 675385, value: 
key: 611390, value: 
key: 27906, value: 
key: 640798, value: 
key: 244877, value: 
key: 891248, value: 
key: 771825, value: 
key: 321732, value: 
key: 34397, value: 
key: 984094, value: 
key: 972417, value: 
key: 548700, value: 
key: 310323, value: 
key: 763820, value: 
key: 196772, value: 
key: 978932, value: 
key: 291518, value: 
key: 676618, value: 
key: 55125, value: 
key: 766474, value: 
key: 997102, value: 
key: 811055, value: 
key: 35617, value: 
key: 457460, value: 
key: 243029, value: 
key: 662550, value: 
key: 856515, value: 
key: 977964, value: 
key: 608031, value: 
key: 786085, value: 
key: 192024, value: 
key: 418825, value: 
key: 330044, value: 
key: 191690, value: 
key: 927147, value: 
key: 809498, value: 
key: 939012, value: 
key: 148791, value: 
key: 239002, value: 
key: 132341, value: 
key: 387510, value: 
key: 637512, value: 
key: 559708, value: 
key: 250353, value: 
key: 441324, value: 
key: 779454, value: 
key: 533636, value: 
key: 38898, value: 
key: 831118, value: 
key: 838605, value: 
key: 278508, value: 
key: 21339, value: 
key: 599513, value: 
key: 42813, value: 
key: 24873, value: 
key: 619718, value: 
key: 388278, value: 
key: 669191, value: 
key: 142773, value: 
key: 925149, value: 
key: 910141, value: 
key: 462136, value: 
key: 521831, value: 
key: 465700, value: 
key: 397470, value: 
key: 988935, value: 
key: 850065, value: 
key: 473457, value: 
key: 371386, value: 
key: 562656, value: 
key: 157463, value: 
key: 770433, value: 
key: 616812, value: 
key: 458551, value: 
key: 416225, value: 
key: 204642, value: 
key: 517643, value: 
key: 115311, value: 
key: 320128, value: 
key: 442460, value: 
key: 637552, value: 
key: 813615, value: 
key: 733100, value: 
key: 661818, value: 
key: 666439, value: 
key: 593418, value: 
key: 351179, value: 
key: 491352, value: 
key: 289962, value: 
key: 33994, value: 
key: 503446, value: 
key: 467359, value: 
key: 453675, value: 
key: 225140, value: 
key: 137865, value: 
key: 214906, value: 
key: 633813, value: 
key: 368913, value: 
key: 352907, value: 
key: 385411, value: 
key: 789640, value: 
key: 381729, value: 
key: 214780, value: 
key: 277143, value: 
key: 990961, value: 
key: 70135, value: 
key: 602303, value: 
key: 761260, value: 
key: 929888, value: 
key: 645021, value: 
key: 770958, value: 
key: 467353, value: 
key: 610276, value: 
key: 794394, value: 
key: 86318, value: 
key: 633817, value: 
key: 909022, value: 
key: 63003, value: 
key: 827113, value: 
key: 395218, value: 
key: 971001, value: 
key: 745356, value: 
key: 465908, value: 
key: 600293, value: 
key: 562984, value: 
key: 749802, value: 
key: 562223, value: 
key: 498247, value: 
key: 502825, value: 
key: 946825, value: 
key: 55934, value: 
key: 515414, value: 
key: 944447, value: 
key: 47784, value: 
key: 24659, value: 
key: 683766, value: 
key: 50720, value: 
key: 616623, value: 
key: 967879, value: 
key: 748988, value: 
key: 391452, value: 
key: 292641, value: 
key: 933270, value: 
key: 327952, value: 
key: 823126, value: 
key: 508560, value: 
key: 634874, value: 
key: 724188, value: 
key: 991210, value: 
key: 636081, value: 
key: 147033, value: 
key: 292708, value: 
key: 95323, value: 
key: 502425, value: 
key: 174130, value: 
key: 340100, value: 
key: 178769, value: 
key: 637567, value: 
key: 774392, value: 
key: 870234, value: 
key: 824062, value: 
key: 590381, value: 
key: 597162, value: 
key: 280600, value: 
key: 484778, value: 
key: 872768, value: 
key: 439837, value: 
key: 943752, value: 
key: 804271, value: 
key: 339544, value: 
key: 764856, value: 
key: 382906, value: 
key: 98913, value: 
key: 790301, value: 
key: 252944, value: 
key: 577180, value: 
key: 867759, value: 
key: 24462, value: 
key: 870001, value: 
key: 28978, value: 
key: 170790, value: 
key: 565604, value: 
key: 146225, value: 
key: 977654, value: 
key: 766678, value: 
key: 892935, value: 
key: 109822, value: 
key: 55361, value: 
key: 465029, value: 
key: 484019, value: 
key: 203391, value: 
key: 387732, value: 
key: 323767, value: 
key: 274023, value: 
key: 975278, value: 
key: 398918, value: 
key: 466178, value: 
key: 251729, value: 
key: 747369, value: 
key: 884501, value: 
key: 543794, value: 
key: 993995, value: 
key: 410579, value: 
key: 377650, value: 
key: 45106, value: 
key: 638049, value: 
key: 148719, value: 
key: 733009, value: 
key: 107198, value: 
key: 809593, value: 
key: 746702, value: 
key: 379687, value: 
key: 286527, value: 
key: 698623, value: 
key: 703354, value: 
key: 783594, value: 
key: 578550, value: 
key: 404167, value: 
key: 940939, value: 
key: 382913, value: 
key: 265825, value: 
key: 985426, value: 
key: 431673, value: 
key: 335171, value: 
key: 946133, value: 
key: 614267, value: 
key: 772716, value: 
key: 173982, value: 
key: 455062, value: 
key: 683991, value: 
key: 490256, value: 
key: 940812, value: 
key: 101859, value: 
key: 332501, value: 
key: 479264, value: 
key: 832492, value: 
key: 51996, value: 
key: 564524, value: 
key: 322564, value: 
key: 350929, value: 
key: 415798, value: 
key: 634597, value: 
key: 191395, value: 
key: 914051, value: 
key: 969200, value: 
key: 202994, value: 
key: 484457, value: 
key: 886415, value: 
key: 588878, value: 
key: 226213, value: 
key: 729475, value: 
key: 765822, value: 
key: 736431, value: 
key: 875888, value: 
key: 419909, value: 
key: 131539, value: 
key: 415257, value: 
key: 770686, value: 
key: 255259, value: 
key: 611794, value: 
key: 720654, value: 
key: 976606, value: 
key: 640628, value: 
key: 4172, value: 
key: 410294, value: 
key: 696847, value: 
key: 370372, value: 
key: 72872, value: 
key: 782890, value: 
key: 234320, value: 
key: 711377, value: 
key: 303204, value: 
key: 568254, value: 
key: 737142, value: 
key: 466682, value: 
key: 87012, value: 
key: 154831, value: 
key: 724207, value: 
key: 687397, value: 
key: 66967, value: 
key: 45610, value: 
key: 968252, value: 
key: 521567, value: 
key: 76223, value: 
key: 720713, value: 
key: 14175, value: 
key: 796789, value: 
key: 878814, value: 
key: 490148, value: 
key: 30050, value: 
key: 657901, value: 
key: 995647, value: 
key: 128205, value: 
key: 428538, value: 
key: 532244, value: 
key: 9016, value: 
key: 635334, value: 
key: 858278, value: 
key: 180438, value: 
key: 769176, value: 
key: 185479, value: 
key: 296939, value: 
key: 628341, value: 
key: 740038, value: 
key: 888103, value: 
key: 514352, value: 
key: 728878, value: 
key: 776053, value: 
key: 530354, value: 
key: 745253, value: 
key: 321037, value: 
key: 438562, value: 
key: 744762, value: 
key: 774480, value: 
key: 888183, value: 
key: 682507, value: 
key: 918132, value: 
key: 485339, value: 
key: 952943, value: 
key: 594145, value: 
key: 771201, value: 
key: 996512, value: 
key: 548726, value: 
key: 152994, value: 
key: 363127, value: 
key: 752765, value: 
key: 729927, value: 
key: 785017, value: 
key: 889609, value: 
key: 872571, value: 
key: 316046, value: 
key: 154477, value: 
key: 216830, value: 
key: 98836, value: 
key: 44066, value: 
key: 233161, value: 
key: 544665, value: 
key: 41940, value: 
key: 13738, value: 
key: 671093, value: 
key: 312055, value: 
key: 167974, value: 
key: 611491, value: 
key: 511931, value: 
key: 601328, value: 
key: 767181, value: 
key: 85270, value: 
key: 357913, value: 
key: 273217, value: 
key: 17097, value: 
key: 211444, value: 
key: 923688, value: 
key: 581259, value: 
key: 997933, value: 
key: 894975, value: 
key: 199447, value: 
key: 10403, value: 
key: 957230, value: 
key: 271020, value: 
key: 958811, value: 
key: 787444, value: 
key: 207379, value: 
key: 273983, value: 
key: 59545, value: 
key: 934244, value: 
key: 952129, value: 
key: 595542, value: 
key: 90087, value: 
key: 901642, value: 
key: 538729, value: 
key: 508759, value: 
key: 138222, value: 
key: 530374, value: 
key: 538596, value: 
key: 951773, value: 
key: 491031, value: 
key: 125231, value: 
key: 685386, value: 
key: 80686, value: 
key: 109437, value: 
key: 550596, value: 
key: 520810, value: 
key: 295828, value: 
key: 50056, value: 
key: 482985, value: 
key: 60923, value: 
key: 375142, value: 
key: 183262, value: 
key: 144089, value: 
key: 416728, value: 
key: 192390, value: 
key: 243043, value: 
key: 880419, value: 
key: 777865, value: 
key: 117113, value: 
key: 206233, value: 
key: 639628, value: 
key: 432155, value: 
key: 1421, value: 
key: 12124, value: 
key: 952710, value: 
key: 869256, value: 
key: 303141, value: 
key: 367529, value: 
key: 635264, value: 
key: 642930, value: 
key: 349354, value: 
key: 852625, value: 
key: 225784, value: 
key: 844958, value: 
key: 657648, value: 
key: 222547, value: 
key: 413352, value: 
key: 918657, value: 
key: 224107, value: 
key: 840660, value: 
key: 58681, value: 
key: 76162, value: 
key: 902935, value: 
key: 638007, value: 
key: 991281, value: 
key: 179917, value: 
key: 619774, value: 
key: 60936, value: 
key: 683618, value: 
key: 597005, value: 
key: 604523, value: 
key: 892205, value: 
key: 548984, value: 
key: 322603, value: 
key: 192846, value: 
key: 638652, value: 
key: 167244, value: 
key: 713577, value: 
key: 146870, value: 
key: 111153, value: 
key: 998846, value: 
key: 672096, value: 
key: 258481, value: 
key: 531720, value: 
key: 98245, value: 
key: 909796, value: 
key: 7436, value: 
key: 418786, value: 
key: 943682, value: 
key: 997889, value: 
key: 46143, value: 
key: 184049, value: 
key: 61760, value: 
key: 671130, value: 
key: 279851, value: 
key: 742520, value: 
key: 212131, value: 
key: 504106, value: 
key: 494315, value: 
key: 356578, value: 
key: 745835, value: 
key: 145631, value: 
key: 484961, value: 
key: 103176, value: 
key: 987194, value: 
key: 17680, value: 
key: 328023, value: 
key: 984863, value: 
key: 337218, value: 
key: 639792, value: 
key: 401241, value: 
key: 45584, value: 
key: 477840, value: 
key: 130505, value: 
key: 919777, value: 
key: 461537, value: 
key: 928681, value: 
key: 192305, value: 
key: 451189, value: 
key: 251642, value: 
key: 974503, value: 
key: 494029, value: 
key: 648877, value: 
key: 819310, value: 
key: 491084, value: 
key: 817516, value: 
key: 162669, value: 
key: 126346, value: 
key: 69476, value: 
key: 498663, value: 
key: 830328, value: 
key: 593843, value: 
key: 155805, value: 
key: 445098, value: 
key: 851512, value: 
key: 205812, value: 
key: 928746, value: 
key: 120874, value: 
key: 61779, value: 
key: 127855, value: 
key: 929163, value: 
key: 585295, value: 
key: 632700, value: 
key: 641944, value: 
key: 653024, value: 
key: 681047, value: 
key: 837776, value: 
key: 107727, value: 
key: 828219, value: 
key: 426954, value: 
key: 817178, value: 
key: 590170, value: 
key: 837376, value: 
key: 264354, value: 
key: 830607, value: 
key: 775786, value: 
key: 533922, value: 
key: 703273, value: 
key: 912606, value: 
key: 959153, value: 
key: 578392, value: 
key: 562241, value: 
key: 51190, value: 
key: 949592, value: 
key: 482615, value: 
key: 9094, value: 
key: 539137, value: 
key: 959164, value: 
key: 332349, value: 
key: 373302, value: 
key: 672113, value: 
key: 992332, value: 
key: 895972, value: 
key: 497529, value: 
key: 23364, value: 
key: 823108, value: 
key: 483474, value: 
key: 949358, value: 
key: 620068, value: 
key: 910455, value: 
key: 57316, value: 
key: 418542, value: 
key: 985143, value: 
key: 764995, value: 
key: 840176, value: 
key: 796211, value: 
key: 894182, value: 
key: 579597, value: 
key: 807111, value: 
key: 745365, value: 
key: 392790, value: 
key: 786973, value: 
key: 95073, value: 
key: 664235, value: 
key: 67021, value: 
key: 699491, value: 
key: 859633, value: 
key: 330929, value: 
key: 906331, value: 
key: 81483, value: 
key: 188962, value: 
key: 931012, value: 
key: 23397, value: 
key: 138530, value: 
key: 995151, value: 
key: 955364, value: 
key: 98267, value: 
key: 118844, value: 
key: 154899, value: 
key: 490586, value: 
key: 313238, value: 
key: 804808, value: 
key: 433455, value: 
key: 588984, value: 
key: 43764, value: 
key: 790723, value: 
key: 986605, value: 
key: 726584, value: 
key: 13088, value: 
key: 210229, value: 
key: 468798, value: 
key: 519865, value: 
key: 45603, value: 
key: 83812, value: 
key: 33905, value: 
key: 810531, value: 
key: 219802, value: 
key: 973250, value: 
key: 967781, value: 
key: 563901, value: 
key: 244000, value: 
key: 159702, value: 
key: 104078, value: 
key: 597405, value: 
key: 803498, value: 
key: 785103, value: 
key: 793423, value: 
key: 950817, value: 
key: 996732, value: 
key: 43427, value: 
key: 713661, value: 
key: 460961, value: 
key: 105637, value: 
key: 216317, value: 
key: 352754, value: 
key: 876795, value: 
key: 348713, value: 
key: 39264, value: 
key: 109037, value: 
key: 615952, value: 
key: 908726, value: 
key: 181950, value: 
key: 730363, value: 
key: 56470, value: 
key: 787941, value: 
key: 329178, value: 
key: 880424, value: 
key: 548771, value: 
key: 236531, value: 
key: 375924, value: 
key: 924001, value: 
key: 41999, value: 
key: 597805, value: 
key: 490218, value: 
key: 882046, value: 
key: 192888, value: 
key: 577650, value: 
key: 38429, value: 
key: 164568, value: 
key: 443041, value: 
key: 123457, value: 
key: 53239, value: 
key: 857259, value: 
key: 326892, value: 
key: 827784, value: 
key: 224828, value: 
key: 873680, value: 
key: 368586, value: 
key: 560780, value: 
key: 845692, value: 
key: 971377, value: 
key: 756431, value: 
key: 714897, value: 
key: 582375, value: 
key: 195852, value: 
key: 549235, value: 
key: 860662, value: 
key: 398228, value: 
key: 743174, value: 
key: 611800, value: 
key: 572408, value: 
key: 356110, value: 
key: 474528, value: 
key: 722210, value: 
key: 902892, value: 
key: 910297, value: 
key: 83995, value: 
key: 625821, value: 
key: 156879, value: 
key: 853967, value: 
key: 896692, value: 
key: 664363, value: 
key: 7007, value: 
key: 851680, value: 
key: 413941, value: 
key: 302230, value: 
key: 456416, value: 
key: 828712, value: 
key: 622390, value: 
key: 667568, value: 
key: 331902, value: 
key: 35044, value: 
key: 584759, value: 
key: 802097, value: 
key: 79280, value: 
key: 114127, value: 
key: 486718, value: 
key: 619701, value: 
key: 732158, value: 
key: 707116, value: 
key: 975191, value: 
key: 522524, value: 
key: 119649, value: 
key: 677648, value: 
key: 142207, value: 
key: 878881, value: 
key: 888860, value: 
key: 837301, value: 
key: 426019, value: 
key: 4095, value: 
key: 362728, value: 
key: 575924, value: 
key: 563644, value: 
key: 482976, value: 
key: 63593, value: 
key: 688857, value: 
key: 856058, value: 
key: 629423, value: 
key: 660420, value: 
key: 184388, value: 
key: 470511, value: 
key: 616793, value: 
key: 978637, value: 
key: 384045, value: 
key: 703019, value: 
key: 594413, value: 
key: 473831, value: 
key: 187774, value: 
key: 92553, value: 
key: 285791, value: 
key: 307745, value: 
key: 74430, value: 
key: 979681, value: 
key: 226837, value: 
key: 627366, value: 
key: 976673, value: 
key: 390761, value: 
key: 67719, value: 
key: 184386, value: 
key: 186120, value: 
key: 502470, value: 
key: 244958, value: 
key: 620936, value: 
key: 830746, value: 
key: 121723, value: 
key: 148922, value: 
key: 551687, value: 
key: 191179, value: 
key: 28617, value: 
key: 555681, value: 
key: 289715, value: 
key: 301583, value: 
key: 48187, value: 
key: 40260, value: 
key: 518154, value: 
key: 908405, value: 
key: 275187, value: 
key: 952789, value: 
key: 834551, value: 
key: 220341, value: 
key: 732512, value: 
key: 24576, value: 
key: 360355, value: 
key: 59305, value: 
key: 105491, value: 
key: 459028, value: 
key: 102418, value: 
key: 393054, value: 
key: 180238, value: 
key: 760049, value: 
key: 898612, value: 
key: 734101, value: 
key: 427337, value: 
key: 994860, value: 
key: 64532, value: 
key: 300393, value: 
key: 310417, value: 
key: 866941, value: 
key: 697228, value: 
key: 318071, value: 
key: 394828, value: 
key: 770644, value: 
key: 867957, value: 
key: 830274, value: 
key: 380087, value: 
key: 334866, value: 
key: 992176, value: 
key: 689902, value: 
key: 950217, value: 
key: 548182, value: 
key: 625193, value: 
key: 69843, value: 
key: 316750, value: 
key: 924748, value: 
key: 549330, value: 
key: 211578, value: 
key: 963637, value: 
key: 289289, value: 
key: 194099, value: 
key: 780515, value: 
key: 73040, value: 
key: 300034, value: 
key: 359946, value: 
key: 555195, value: 
key: 642400, value: 
key: 580803, value: 
key: 981970, value: 
key: 279053, value: 
key: 989055, value: 
key: 917401, value: 
key: 282644, value: 
key: 551720, value: 
key: 985824, value: 
key: 634379, value: 
key: 247568, value: 
key: 991935, value: 
key: 411936, value: 
key: 940599, value: 
key: 909888, value: 
key: 114822, value: 
key: 302883, value: 
key: 328917, value: 
key: 185907, value: 
key: 336134, value: 
key: 874566, value: 
key: 381273, value: 
key: 739065, value: 
key: 3355, value: 
key: 858210, value: 
key: 456038, value: 
key: 796909, value: 
key: 738307, value: 
key: 929484, value: 
key: 884996, value: 
key: 789882, value: 
key: 227054, value: 
key: 701417, value: 
key: 577722, value: 
key: 994204, value: 
key: 486123, value: 
key: 160694, value: 
key: 707363, value: 
key: 821210, value: 
key: 451293, value: 
key: 796196, value: 
key: 983864, value: 
key: 901774, value: 
key: 507871, value: 
key: 417204, value: 
key: 388197, value: 
key: 464178, value: 
key: 890766, value: 
key: 969578, value: 
key: 181493, value: 
key: 120197, value: 
key: 700410, value: 
key: 321035, value: 
key: 338024, value: 
key: 852766, value: 
key: 543884, value: 
key: 438023, value: 
key: 728755, value: 
key: 247515, value: 
key: 921594, value: 
key: 500490, value: 
key: 691309, value: 
key: 25391, value: 
key: 469467, value: 
key: 541017, value: 
key: 967143, value: 
key: 679736, value: 
key: 572765, value: 
key: 319449, value: 
key: 210711, value: 
key: 776547, value: 
key: 735647, value: 
key: 655345, value: 
key: 14908, value: 
key: 30940, value: 
key: 832382, value: 
key: 909310, value: 
key: 611437, value: 
key: 172262, value: 
key: 884969, value: 
key: 929387, value: 
key: 450533, value: 
key: 442417, value: 
key: 223087, value: 
key: 39943, value: 
key: 314167, value: 
key: 859008, value: 
key: 387936, value: 
key: 839396, value: 
key: 835495, value: 
key: 507457, value: 
key: 594790, value: 
key: 524171, value: 
key: 793076, value: 
key: 400428, value: 
key: 166881, value: 
key: 776576, value: 
key: 152617, value: 
key: 701530, value: 
key: 307659, value: 
key: 646833, value: 
key: 274751, value: 
key: 727684, value: 
key: 153744, value: 
key: 229074, value: 
key: 254531, value: 
key: 725020, value: 
key: 570404, value: 
key: 344825, value: 
key: 714396, value: 
key: 379834, value: 
key: 254984, value: 
key: 551931, value: 
key: 522412, value: 
key: 690649, value: 
key: 830906, value: 
key: 444646, value: 
key: 814027, value: 
key: 717924, value: 
key: 753973, value: 
key: 650252, value: 
key: 485003, value: 
key: 320638, value: 
key: 525736, value: 
key: 644497, value: 
key: 440479, value: 
key: 595568, value: 
key: 301701, value: 
key: 586016, value: 
key: 866444, value: 
key: 241966, value: 
key: 541211, value: 
key: 656414, value: 
key: 666479, value: 
key: 938756, value: 
key: 124434, value: 
key: 263432, value: 
key: 590309, value: 
key: 523208, value: 
key: 102270, value: 
key: 925857, value: 
key: 455279, value: 
key: 781893, value: 
key: 68741, value: 
key: 162223, value: 
key: 306614, value: 
key: 939610, value: 
key: 501174, value: 
key: 53141, value: 
key: 632809, value: 
key: 142551, value: 
key: 480365, value: 
key: 735685, value: 
key: 574486, value: 
key: 361080, value: 
key: 445719, value: 
key: 430623, value: 
key: 210557, value: 
key: 237293, value: 
key: 165022, value: 
key: 429289, value: 
key: 1500, value: 
key: 356785, value: 
key: 957618, value: 
key: 84677, value: 
key: 603544, value: 
key: 583646, value: 
key: 383998, value: 
key: 971564, value: 
key: 705389, value: 
key: 733386, value: 
key: 436728, value: 
key: 976277, value: 
key: 460110, value: 
key: 22725, value: 
key: 791816, value: 
key: 693864, value: 
key: 456117, value: 
key: 64633, value: 
key: 243823, value: 
key: 863692, value: 
key: 787871, value: 
key: 686897, value: 
key: 358286, value: 
key: 684288, value: 
key: 357294, value: 
key: 224754, value: 
key: 474122, value: 
key: 229854, value: 
key: 501219, value: 
key: 888563, value: 
key: 935188, value: 
key: 42082, value: 
key: 753081, value: 
key: 357371, value: 
key: 319548, value: 
key: 905701, value: 
key: 665797, value: 
key: 365130, value: 
key: 640743, value: 
key: 297897, value: 
key: 831314, value: 
key: 184184, value: 
key: 428798, value: 
key: 985794, value: 
key: 991618, value: 
key: 794406, value: 
key: 413534, value: 
key: 40242, value: 
key: 689643, value: 
key: 702737, value: 
key: 873112, value: 
key: 431950, value: 
key: 725730, value: 
key: 630564, value: 
key: 405221, value: 
key: 430663, value: 
key: 818681, value: 
key: 762515, value: 
key: 17754, value: 
key: 286767, value: 
key: 865823, value: 
key: 240446, value: 
key: 874410, value: 
key: 967853, value: 
key: 264705, value: 
key: 203869, value: 
key: 829487, value: 
key: 607308, value: 
key: 290519, value: 
key: 649212, value: 
key: 822912, value: 
key: 52520, value: 
key: 1083, value: 
key: 6569, value: 
key: 344418, value: 
key: 272296, value: 
key: 117382, value: 
key: 641250, value: 
key: 90867, value: 
key: 113810, value: 
key: 196086, value: 
key: 596343, value: 
key: 963901, value: 
key: 580133, value: 
key: 636065, value: 
key: 809991, value: 
key: 26679, value: 
key: 840602, value: 
key: 634351, value: 
key: 427812, value: 
key: 564733, value: 
key: 235222, value: 
key: 212566, value: 
key: 259671, value: 
key: 149004, value: 
key: 275248, value: 
key: 819471, value: 
key: 240565, value: 
key: 303123, value: 
key: 441056, value: 
key: 365219, value: 
key: 137173, value: 
key: 110154, value: 
key: 885883, value: 
key: 547851, value: 
key: 804259, value: 
key: 340951, value: 
key: 475082, value: 
key: 672517, value: 
key: 30357, value: 
key: 203083, value: 
key: 897848, value: 
key: 688471, value: 
key: 800705, value: 
key: 299389, value: 
key: 664109, value: 
key: 409160, value: 
key: 656171, value: 
key: 730543, value: 
key: 73244, value: 
key: 162847, value: 
key: 251671, value: 
key: 329570, value: 
key: 455936, value: 
key: 936510, value: 
key: 855121, value: 
key: 221535, value: 
key: 633260, value: 
key: 462288, value: 
key: 539993, value: 
key: 49784, value: 
key: 928018, value: 
key: 110839, value: 
key: 562238, value: 
key: 124685, value: 
key: 278492, value: 
key: 835402, value: 
key: 558619, value: 
key: 161428, value: 
key: 424158, value: 
key: 487072, value: 
key: 332099, value: 
key: 924111, value: 
key: 768865, value: 
key: 155717, value: 
key: 127626, value: 
key: 274643, value: 
key: 384546, value: 
key: 445236, value: 
key: 958138, value: 
key: 474126, value: 
key: 643313, value: 
key: 744593, value: 
key: 671284, value: 
key: 848279, value: 
key: 965907, value: 
key: 980269, value: 
key: 65371, value: 
key: 853307, value: 
key: 149318, value: 
key: 300982, value: 
key: 434441, value: 
key: 169000, value: 
key: 841423, value: 
key: 773971, value: 
key: 192987, value: 
key: 674667, value: 
key: 883775, value: 
key: 379285, value: 
key: 489753, value: 
key: 271459, value: 
key: 704704, value: 
key: 655121, value: 
key: 403708, value: 
key: 216528, value: 
key: 800776, value: 
key: 635590, value: 
key: 224952, value: 
key: 236247, value: 
key: 156671, value: 
key: 905008, value: 
key: 641443, value: 
key: 640703, value: 
key: 423476, value: 
key: 537636, value: 
key: 384760, value: 
key: 719654, value: 
key: 194842, value: 
key: 618962, value: 
key: 780872, value: 
key: 835273, value: 
key: 650892, value: 
key: 792857, value: 
key: 313854, value: 
key: 500999, value: 
key: 105653, value: 
key: 710848, value: 
key: 623201, value: 
key: 604321, value: 
key: 625933, value: 
key: 66604, value: 
key: 632782, value: 
key: 106490, value: 
key: 931146, value: 
key: 42501, value: 
key: 238438, value: 
key: 923037, value: 
key: 443670, value: 
key: 660442, value: 
key: 69405, value: 
key: 917746, value: 
key: 891657, value: 
key: 859259, value: 
key: 63713, value: 
key: 312233, value: 
key: 349314, value: 
key: 684039, value: 
key: 876735, value: 
key: 62804, value: 
key: 489672, value: 
key: 472395, value: 
key: 814759, value: 
key: 136158, value: 
key: 920724, value: 
key: 195403, value: 
key: 183718, value: 
key: 357322, value: 
key: 691095, value: 
key: 786164, value: 
key: 752776, value: 
key: 583145, value: 
key: 386548, value: 
key: 209083, value: 
key: 659532, value: 
key: 238883, value: 
key: 150583, value: 
key: 22804, value: 
key: 338116, value: 
key: 490403, value: 
key: 748098, value: 
key: 950534, value: 
key: 978242, value: 
key: 325202, value: 
key: 549055, value: 
key: 185299, value: 
key: 885746, value: 
key: 66022, value: 
key: 721309, value: 
key: 428080, value: 
key: 493213, value: 
key: 62569, value: 
key: 716824, value: 
key: 655529, value: 
key: 704045, value: 
key: 945590, value: 
key: 366953, value: 
key: 559281, value: 
key: 885182, value: 
key: 215936, value: 
key: 857550, value: 
key: 931634, value: 
key: 29311, value: 
key: 643197, value: 
key: 435653, value: 
key: 736871, value: 
key: 652353, value: 
key: 473086, value: 
key: 227502, value: 
key: 213561, value: 
key: 686033, value: 
key: 741826, value: 
key: 37268, value: 
key: 496661, value: 
key: 547394, value: 
key: 219787, value: 
key: 164801, value: 
key: 462642, value: 
key: 303897, value: 
key: 774309, value: 
key: 90119, value: 
key: 540780, value: 
key: 862187, value: 
key: 760016, value: 
key: 844637, value: 
key: 900850, value: 
key: 741172, value: 
key: 379593, value: 
key: 789053, value: 
key: 391889, value: 
key: 391353, value: 
key: 842080, value: 
key: 234524, value: 
key: 741954, value: 
key: 493745, value: 
key: 298335, value: 
key: 993258, value: 
key: 816658, value: 
key: 394169, value: 
key: 85755, value: 
key: 152028, value: 
key: 89993, value: 
key: 232573, value: 
key: 906724, value: 
key: 522968, value: 
key: 699415, value: 
key: 231110, value: 
key: 227722, value: 
key: 243496, value: 
key: 13277, value: 
key: 41124, value: 
key: 182230, value: 
key: 9717, value: 
key: 71590, value: 
key: 962571, value: 
key: 442327, value: 
key: 400114, value: 
key: 162506, value: 
key: 688985, value: 
key: 96427, value: 
key: 369941, value: 
key: 437675, value: 
key: 595106, value: 
key: 786311, value: 
key: 474474, value: 
key: 143284, value: 
key: 347095, value: 
key: 668017, value: 
key: 902049, value: 
key: 357188, value: 
key: 938800, value: 
key: 94287, value: 
key: 242796, value: 
key: 218317, value: 
key: 913313, value: 
key: 330095, value: 
key: 804750, value: 
key: 237350, value: 
key: 196255, value: 
key: 346856, value: 
key: 968351, value: 
key: 179137, value: 
key: 954743, value: 
key: 282710, value: 
key: 865885, value: 
key: 348940, value: 
key: 356176, value: 
key: 970538, value: 
key: 523750, value: 
key: 779522, value: 
key: 15051, value: 
key: 462835, value: 
key: 444820, value: 
key: 84819, value: 
key: 720290, value: 
key: 110448, value: 
key: 101112, value: 
key: 597335, value: 
key: 804709, value: 
key: 169758, value: 
key: 97044, value: 
key: 120182, value: 
key: 272966, value: 
key: 413547, value: 
key: 703138, value: 
key: 718121, value: 
key: 899040, value: 
key: 177043, value: 
key: 183204, value: 
key: 607081, value: 
key: 491138, value: 
key: 815105, value: 
key: 961790, value: 
key: 701059, value: 
key: 703387, value: 
key: 285133, value: 
key: 73644, value: 
key: 426745, value: 
key: 499363, value: 
key: 397599, value: 
key: 898276, value: 
key: 585644, value: 
key: 377364, value: 
key: 7696, value: 
key: 420556, value: 
key: 342539, value: 
key: 301477, value: 
key: 498755, value: 
key: 718301, value: 
key: 822477, value: 
key: 513849, value: 
key: 203126, value: 
key: 376550, value: 
key: 870430, value: 
key: 360841, value: 
key: 925239, value: 
key: 652878, value: 
key: 317889, value: 
key: 990439, value: 
key: 434115, value: 
key: 177328, value: 
key: 185022, value: 
key: 252973, value: 
key: 183875, value: 
key: 478610, value: 
key: 254759, value: 
key: 256599, value: 
key: 670744, value: 
key: 696449, value: 
key: 973874, value: 
key: 807016, value: 
key: 443056, value: 
key: 158112, value: 
key: 535115, value: 
key: 326894, value: 
key: 579874, value: 
key: 748827, value: 
key: 348690, value: 
key: 737139, value: 
key: 198332, value: 
key: 767790, value: 
key: 704012, value: 
key: 935924, value: 
key: 725534, value: 
key: 45423, value: 
key: 760999, value: 
key: 465070, value: 
key: 499846, value: 
key: 253514, value: 
key: 434472, value: 
key: 890896, value: 
key: 491042, value: 
key: 726850, value: 
key: 931375, value: 
key: 41089, value: 
key: 611912, value: 
key: 584601, value: 
key: 329448, value: 
key: 22446, value: 
key: 221214, value: 
key: 851024, value: 
key: 443117, value: 
key: 527129, value: 
key: 718866, value: 
key: 84169, value: 
key: 569178, value: 
key: 478854, value: 
key: 53639, value: 
key: 627634, value: 
key: 116208, value: 
key: 607252, value: 
key: 151966, value: 
key: 78850, value: 
key: 932697, value: 
key: 150723, value: 
key: 237925, value: 
key: 187721, value: 
key: 535090, value: 
key: 983967, value: 
key: 769736, value: 
key: 784337, value: 
key: 2547, value: 
key: 786483, value: 
key: 531506, value: 
key: 296133, value: 
key: 261061, value: 
key: 383260, value: 
key: 337548, value: 
key: 818441, value: 
key: 298409, value: 
key: 50861, value: 
key: 551377, value: 
key: 776563, value: 
key: 388463, value: 
key: 837464, value: 
key: 224729, value: 
key: 919391, value: 
key: 494944, value: 
key: 631549, value: 
key: 706856, value: 
key: 665139, value: 
key: 734873, value: 
key: 302359, value: 
key: 218458, value: 
key: 206046, value: 
key: 271936, value: 
key: 593861, value: 
key: 8646, value: 
key: 796109, value: 
key: 131939, value: 
key: 366386, value: 
key: 687847, value: 
key: 518932, value: 
key: 655277, value: 
key: 92690, value: 
key: 673190, value: 
key: 439817, value: 
key: 472647, value: 
key: 837668, value: 
key: 654227, value: 
key: 614584, value: 
key: 431170, value: 
key: 412883, value: 
key: 287133, value: 
key: 198026, value: 
key: 833543, value: 
key: 930198, value: 
key: 994677, value: 
key: 179245, value: 
key: 660297, value: 
key: 7944, value: 
key: 457200, value: 
key: 828381, value: 
key: 503039, value: 
key: 73365, value: 
key: 118660, value: 
key: 624275, value: 
key: 996141, value: 
key: 564401, value: 
key: 17156, value: 
key: 13262, value: 
key: 404327, value: 
key: 563134, value: 
key: 381057, value: 
key: 526218, value: 
key: 554079, value: 
key: 784559, value: 
key: 28974, value: 
key: 329666, value: 
key: 877123, value: 
key: 456140, value: 
key: 450498, value: 
key: 793694, value: 
key: 778080, value: 
key: 969556, value: 
key: 484356, value: 
key: 959340, value: 
key: 526548, value: 
key: 952338, value: 
key: 796136, value: 
key: 995256, value: 
key: 958989, value: 
key: 308801, value: 
key: 815664, value: 
key: 705019, value: 
key: 971067, value: 
key: 165055, value: 
key: 172792, value: 
key: 370264, value: 
key: 324047, value: 
key: 290120, value: 
key: 968210, value: 
key: 817938, value: 
key: 110231, value: 
key: 276753, value: 
key: 292724, value: 
key: 139052, value: 
key: 167552, value: 
key: 40778, value: 
key: 42271, value: 
key: 571331, value: 
key: 491682, value: 
key: 64125, value: 
key: 765824, value: 
key: 482422, value: 
key: 208925, value: 
key: 408727, value: 
key: 759377, value: 
key: 564243, value: 
key: 36245, value: 
key: 203485, value: 
key: 229320, value: 
key: 708762, value: 
key: 367963, value: 
key: 397289, value: 
key: 562076, value: 
key: 346072, value: 
key: 873105, value: 
key: 246725, value: 
key: 516563, value: 
key: 138747, value: 
key: 700539, value: 
key: 512758, value: 
key: 744160, value: 
key: 352853, value: 
key: 138871, value: 
key: 982768, value: 
key: 204565, value: 
key: 822747, value: 
key: 482147, value: 
key: 961853, value: 
key: 406868, value: 
key: 539906, value: 
key: 369822, value: 
key: 859204, value: 
key: 944519, value: 
key: 815291, value: 
key: 22718, value: 
key: 138152, value: 
key: 725804, value: 
key: 613091, value: 
key: 704425, value: 
key: 731612, value: 
key: 536101, value: 
key: 480004, value: 
key: 429320, value: 
key: 287445, value: 
key: 454566, value: 
key: 372271, value: 
key: 753106, value: 
key: 377281, value: 
key: 668675, value: 
key: 606006, value: 
key: 95862, value: 
key: 159492, value: 
key: 429881, value: 
key: 773764, value: 
key: 394231, value: 
key: 876920, value: 
key: 890377, value: 
key: 375001, value: 
key: 535636, value: 
key: 869090, value: 
key: 706517, value: 
key: 297961, value: 
key: 343929, value: 
key: 323370, value: 
key: 831721, value: 
key: 92944, value: 
key: 258252, value: 
key: 210337, value: 
key: 262213, value: 
key: 772466, value: 
key: 899590, value: 
key: 627177, value: 
key: 107097, value: 
key: 946403, value: 
key: 483212, value: 
key: 51039, value: 
key: 576723, value: 
key: 392044, value: 
key: 660183, value: 
key: 520104, value: 
key: 594374, value: 
key: 155410, value: 
key: 242352, value: 
key: 698816, value: 
key: 407434, value: 
key: 626343, value: 
key: 436760, value: 
key: 351425, value: 
key: 401285, value: 
key: 882679, value: 
key: 659431, value: 
key: 846518, value: 
key: 195313, value: 
key: 13037, value: 
key: 793894, value: 
key: 549204, value: 
key: 660981, value: 
key: 814548, value: 
key: 290702, value: 
key: 849177, value: 
key: 259138, value: 
key: 564263, value: 
key: 254359, value: 
key: 717515, value: 
key: 289038, value: 
key: 546593, value: 
key: 912521, value: 
key: 672384, value: 
key: 893514, value: 
key: 500715, value: 
key: 100339, value: 
key: 480640, value: 
key: 269609, value: 
key: 377366, value: 
key: 440699, value: 
key: 884040, value: 
key: 493066, value: 
key: 146669, value: 
key: 791500, value: 
key: 363587, value: 
key: 156974, value: 
key: 539423, value: 
key: 905477, value: 
key: 246226, value: 
key: 648534, value: 
key: 510857, value: 
key: 390196, value: 
key: 555416, value: 
key: 80149, value: 
key: 165057, value: 
key: 917869, value: 
key: 75071, value: 
key: 49599, value: 
key: 814034, value: 
key: 205465, value: 
key: 699686, value: 
key: 463577, value: 
key: 894407, value: 
key: 121156, value: 
key: 524177, value: 
key: 837741, value: 
key: 748867, value: 
key: 952923, value: 
key: 777548, value: 
key: 902735, value: 
key: 533454, value: 
key: 872711, value: 
key: 792428, value: 
key: 797232, value: 
key: 65809, value: 
key: 961785, value: 
key: 476856, value: 
key: 81597, value: 
key: 591388, value: 
key: 90836, value: 
key: 153588, value: 
key: 812072, value: 
key: 10791, value: 
key: 464064, value: 
key: 262558, value: 
key: 427559, value: 
key: 714912, value: 
key: 125792, value: 
key: 683656, value: 
key: 613567, value: 
key: 822332, value: 
key: 381677, value: 
key: 119322, value: 
key: 227896, value: 
key: 914213, value: 
key: 860590, value: 
key: 589169, value: 
key: 357157, value: 
key: 400640, value: 
key: 516080, value: 
key: 777425, value: 
key: 155557, value: 
key: 779432, value: 
key: 535676, value: 
key: 823843, value: 
key: 685069, value: 
key: 211921, value: 
key: 910200, value: 
key: 76278, value: 
key: 799971, value: 
key: 556123, value: 
key: 459958, value: 
key: 257220, value: 
key: 316088, value: 
key: 596330, value: 
key: 369358, value: 
key: 919555, value: 
key: 29841, value: 
key: 987840, value: 
key: 178907, value: 
key: 38377, value: 
key: 127136, value: 
key: 647113, value: 
key: 39112, value: 
key: 850300, value: 
key: 930143, value: 
key: 769974, value: 
key: 756165, value: 
key: 457888, value: 
key: 871547, value: 
key: 115647, value: 
key: 170664, value: 
key: 540948, value: 
key: 64664, value: 
key: 646846, value: 
key: 799049, value: 
key: 4066, value: 
key: 983923, value: 
key: 952358, value: 
key: 91198, value: 
key: 761635, value: 
key: 757230, value: 
key: 549086, value: 
key: 475284, value: 
key: 415598, value: 
key: 397281, value: 
key: 381543, value: 
key: 652210, value: 
key: 325273, value: 
key: 155470, value: 
key: 8505, value: 
key: 869911, value: 
key: 661065, value: 
key: 705239, value: 
key: 734150, value: 
key: 199238, value: 
key: 792097, value: 
key: 909413, value: 
key: 58933, value: 
key: 621199, value: 
key: 382135, value: 
key: 919263, value: 
key: 884572, value: 
key: 141996, value: 
key: 320052, value: 
key: 725493, value: 
key: 825766, value: 
key: 883883, value: 
key: 949149, value: 
key: 197650, value: 
key: 903286, value: 
key: 393386, value: 
key: 866709, value: 
key: 946115, value: 
key: 749598, value: 
key: 197621, value: 
key: 807878, value: 
key: 275905, value: 
key: 902751, value: 
key: 799016, value: 
key: 253022, value: 
key: 512042, value: 
key: 825827, value: 
key: 254717, value: 
key: 302915, value: 
key: 4712, value: 
key: 690335, value: 
key: 252757, value: 
key: 812746, value: 
key: 115870, value: 
key: 816643, value: 
key: 197425, value: 
key: 259871, value: 
key: 279893, value: 
key: 189309, value: 
key: 867173, value: 
key: 568711, value: 
key: 135641, value: 
key: 133654, value: 
key: 635279, value: 
key: 865667, value: 
key: 624811, value: 
key: 414692, value: 
key: 981888, value: 
key: 278478, value: 
key: 432135, value: 
key: 594042, value: 
key: 599148, value: 
key: 795159, value: 
key: 475794, value: 
key: 788012, value: 
key: 244680, value: 
key: 5430, value: 
key: 762713, value: 
key: 336565, value: 
key: 740470, value: 
key: 167503, value: 
key: 606208, value: 
key: 50931, value: 
key: 381316, value: 
key: 761303, value: 
key: 119393, value: 
key: 642105, value: 
key: 769307, value: 
key: 652663, value: 
key: 138303, value: 
key: 70771, value: 
key: 6545, value: 
key: 76890, value: 
key: 693080, value: 
key: 592929, value: 
key: 243144, value: 
key: 43502, value: 
key: 968887, value: 
key: 136189, value: 
key: 752570, value: 
key: 864028, value: 
key: 792938, value: 
key: 279840, value: 
key: 982597, value: 
key: 283078, value: 
key: 544368, value: 
key: 787345, value: 
key: 396530, value: 
key: 592035, value: 
key: 160494, value: 
key: 223647, value: 
key: 454652, value: 
key: 615712, value: 
key: 264879, value: 
key: 758486, value: 
key: 932831, value: 
key: 188054, value: 
key: 618234, value: 
key: 399830, value: 
key: 114424, value: 
key: 565794, value: 
key: 149987, value: 
key: 797713, value: 
key: 482079, value: 
key: 619800, value: 
key: 6765, value: 
key: 512222, value: 
key: 502285, value: 
key: 215192, value: 
key: 691631, value: 
key: 663395, value: 
key: 936813, value: 
key: 378473, value: 
key: 710552, value: 
key: 327130, value: 
key: 336767, value: 
key: 368702, value: 
key: 839527, value: 
key: 34067, value: 
key: 657789, value: 
key: 687335, value: 
key: 625517, value: 
key: 620413, value: 
key: 19507, value: 
key: 267197, value: 
key: 663142, value: 
key: 815857, value: 
key: 97097, value: 
key: 866675, value: 
key: 798310, value: 
key: 422743, value: 
key: 81395, value: 
key: 261928, value: 
key: 910132, value: 
key: 784849, value: 
key: 947554, value: 
key: 925381, value: 
key: 146654, value: 
key: 94445, value: 
key: 549349, value: 
key: 248233, value: 
key: 542812, value: 
key: 744016, value: 
key: 588021, value: 
key: 76263, value: 
key: 665418, value: 
key: 788753, value: 
key: 610971, value: 
key: 132035, value: 
key: 180337, value: 
key: 883788, value: 
key: 522236, value: 
key: 931498, value: 
key: 166106, value: 
key: 536172, value: 
key: 936693, value: 
key: 343022, value: 
key: 739250, value: 
key: 110406, value: 
key: 670508, value: 
key: 253875, value: 
key: 866015, value: 
key: 49786, value: 
key: 152723, value: 
key: 756848, value: 
key: 765440, value: 
key: 759494, value: 
key: 455073, value: 
key: 836504, value: 
key: 736156, value: 
key: 224723, value: 
key: 855130, value: 
key: 754624, value: 
key: 931191, value: 
key: 873086, value: 
key: 335760, value: 
key: 292676, value: 
key: 369798, value: 
key: 613224, value: 
key: 141741, value: 
key: 216061, value: 
key: 149172, value: 
key: 525750, value: 
key: 143910, value: 
key: 811138, value: 
key: 746157, value: 
key: 554653, value: 
key: 591595, value: 
key: 254041, value: 
key: 465869, value: 
key: 205355, value: 
key: 250573, value: 
key: 183125, value: 
key: 745370, value: 
key: 419332, value: 
key: 590220, value: 
key: 101361, value: 
key: 541448, value: 
key: 479130, value: 
key: 64392, value: 
key: 649311, value: 
key: 201892, value: 
key: 427397, value: 
key: 697873, value: 
key: 958424, value: 
key: 20343, value: 
key: 163967, value: 
key: 486671, value: 
key: 12357, value: 
key: 730015, value: 
key: 453284, value: 
key: 468291, value: 
key: 325495, value: 
key: 146739, value: 
key: 39062, value: 
key: 636696, value: 
key: 137735, value: 
key: 346100, value: 
key: 217246, value: 
key: 719144, value: 
key: 788805, value: 
key: 313371, value: 
key: 577766, value: 
key: 916880, value: 
key: 480303, value: 
key: 234171, value: 
key: 500650, value: 
key: 898337, value: 
key: 572556, value: 
key: 315319, value: 
key: 409454, value: 
key: 427988, value: 
key: 662639, value: 
key: 515973, value: 
key: 118453, value: 
key: 741080, value: 
key: 961541, value: 
key: 825977, value: 
key: 887647, value: 
key: 27221, value: 
key: 130572, value: 
key: 422141, value: 
key: 357427, value: 
key: 348953, value: 
key: 515959, value: 
key: 89351, value: 
key: 904003, value: 
key: 287168, value: 
key: 163084, value: 
key: 692722, value: 
key: 687920, value: 
key: 111627, value: 
key: 376947, value: 
key: 936750, value: 
key: 198181, value: 
key: 973090, value: 
key: 521253, value: 
key: 349820, value: 
key: 114756, value: 
key: 363099, value: 
key: 65140, value: 
key: 684057, value: 
key: 223340, value: 
key: 620170, value: 
key: 208626, value: 
key: 734501, value: 
key: 627528, value: 
key: 239538, value: 
key: 985255, value: 
key: 702744, value: 
key: 652876, value: 
key: 980933, value: 
key: 819370, value: 
key: 613464, value: 
key: 345431, value: 
key: 454494, value: 
key: 157539, value: 
key: 666738, value: 
key: 928944, value: 
key: 872717, value: 
key: 571241, value: 
key: 358293, value: 
key: 612278, value: 
key: 300272, value: 
key: 922890, value: 
key: 225076, value: 
key: 354835, value: 
key: 629287, value: 
key: 16117, value: 
key: 847595, value: 
key: 106238, value: 
key: 401179, value: 
key: 12698, value: 
key: 392305, value: 
key: 29285, value: 
key: 983222, value: 
key: 750994, value: 
key: 662114, value: 
key: 704252, value: 
key: 685049, value: 
key: 972, value: 
key: 206727, value: 
key: 753746, value: 
key: 121420, value: 
key: 178729, value: 
key: 460978, value: 
key: 999481, value: 
key: 38748, value: 
key: 13969, value: 
key: 68839, value: 
key: 678775, value: 
key: 821771, value: 
key: 78715, value: 
key: 683212, value: 
key: 803250, value: 
key: 61193, value: 
key: 886659, value: 
key: 98201, value: 
key: 637808, value: 
key: 26437, value: 
key: 465582, value: 
key: 746517, value: 
key: 627434, value: 
key: 910594, value: 
key: 921868, value: 
key: 856304, value: 
key: 530682, value: 
key: 954035, value: 
key: 869511, value: 
key: 367147, value: 
key: 973674, value: 
key: 593872, value: 
key: 584874, value: 
key: 284202, value: 
key: 828459, value: 
key: 626721, value: 
key: 63557, value: 
key: 342485, value: 
key: 317881, value: 
key: 920500, value: 
key: 950187, value: 
key: 434089, value: 
key: 31459, value: 
key: 675705, value: 
key: 762720, value: 
key: 585972, value: 
key: 746865, value: 
key: 410991, value: 
key: 888855, value: 
key: 663971, value: 
key: 971025, value: 
key: 409137, value: 
key: 560663, value: 
key: 156992, value: 
key: 39262, value: 
key: 694762, value: 
key: 307666, value: 
key: 648226, value: 
key: 542809, value: 
key: 516932, value: 
key: 835378, value: 
key: 487131, value: 
key: 62903, value: 
key: 359737, value: 
key: 629122, value: 
key: 959461, value: 
key: 262345, value: 
key: 532927, value: 
key: 436982, value: 
key: 65139, value: 
key: 241232, value: 
key: 99651, value: 
key: 58366, value: 
key: 304436, value: 
key: 339438, value: 
key: 828903, value: 
key: 979252, value: 
key: 479231, value: 
key: 644231, value: 
key: 359742, value: 
key: 583914, value: 
key: 252698, value: 
key: 717939, value: 
key: 135526, value: 
key: 835897, value: 
key: 661454, value: 
key: 824574, value: 
key: 547404, value: 
key: 737768, value: 
key: 490902, value: 
key: 121215, value: 
key: 742720, value: 
key: 479622, value: 
key: 637242, value: 
key: 249676, value: 
key: 987802, value: 
key: 425717, value: 
key: 527950, value: 
key: 673587, value: 
key: 723350, value: 
key: 86211, value: 
key: 150910, value: 
key: 313597, value: 
key: 369295, value: 
key: 289517, value: 
key: 987512, value: 
key: 402813, value: 
key: 106175, value: 
key: 393410, value: 
key: 653675, value: 
key: 130259, value: 
key: 342429, value: 
key: 587637, value: 
key: 901071, value: 
key: 707833, value: 
key: 493952, value: 
key: 273642, value: 
key: 95299, value: 
key: 97897, value: 
key: 688785, value: 
key: 240877, value: 
key: 872951, value: 
key: 669470, value: 
key: 110747, value: 
key: 988005, value: 
key: 637196, value: 
key: 989596, value: 
key: 357892, value: 
key: 114859, value: 
key: 343402, value: 
key: 85663, value: 
key: 751186, value: 
key: 588074, value: 
key: 234821, value: 
key: 614555, value: 
key: 732424, value: 
key: 892322, value: 
key: 11086, value: 
key: 802664, value: 
key: 538352, value: 
key: 211910, value: 
key: 452610, value: 
key: 604444, value: 
key: 261058, value: 
key: 811923, value: 
key: 622723, value: 
key: 369828, value: 
key: 138507, value: 
key: 554446, value: 
key: 813213, value: 
key: 319890, value: 
key: 274951, value: 
key: 97659, value: 
key: 155212, value: 
key: 125330, value: 
key: 964012, value: 
key: 605647, value: 
key: 737319, value: 
key: 407353, value: 
key: 615211, value: 
key: 630429, value: 
key: 685968, value: 
key: 835383, value: 
key: 645036, value: 
key: 809403, value: 
key: 210742, value: 
key: 401872, value: 
key: 253558, value: 
key: 836593, value: 
key: 925174, value: 
key: 626312, value: 
key: 736873, value: 
key: 936909, value: 
key: 907514, value: 
key: 770749, value: 
key: 54607, value: 
key: 681272, value: 
key: 330031, value: 
key: 30519, value: 
key: 218070, value: 
key: 836326, value: 
key: 453491, value: 
key: 952833, value: 
key: 48590, value: 
key: 262194, value: 
key: 246952, value: 
key: 301284, value: 
key: 299293, value: 
key: 989835, value: 
key: 773117, value: 
key: 30625, value: 
key: 603809, value: 
key: 240017, value: 
key: 220985, value: 
key: 733328, value: 
key: 241081, value: 
key: 846530, value: 
key: 671264, value: 
key: 224271, value: 
key: 250766, value: 
key: 633819, value: 
key: 882903, value: 
key: 943866, value: 
key: 700403, value: 
key: 323068, value: 
key: 724782, value: 
key: 557498, value: 
key: 970835, value: 
key: 238140, value: 
key: 875484, value: 
key: 5104, value: 
key: 418719, value: 
key: 343514, value: 
key: 558475, value: 
key: 45203, value: 
key: 314897, value: 
key: 31600, value: 
key: 888930, value: 
key: 883546, value: 
key: 259479, value: 
key: 863373, value: 
key: 250692, value: 
key: 396048, value: 
key: 573410, value: 
key: 533340, value: 
key: 547202, value: 
key: 382092, value: 
key: 761020, value: 
key: 481674, value: 
key: 499695, value: 
key: 274917, value: 
key: 803199, value: 
key: 677903, value: 
key: 264228, value: 
key: 547097, value: 
key: 622491, value: 
key: 612371, value: 
key: 675682, value: 
key: 192132, value: 
key: 415365, value: 
key: 821883, value: 
key: 780249, value: 
key: 893417, value: 
key: 862028, value: 
key: 750624, value: 
key: 192644, value: 
key: 676564, value: 
key: 569275, value: 
key: 225061, value: 
key: 776495, value: 
key: 986768, value: 
key: 427223, value: 
key: 238131, value: 
key: 407054, value: 
key: 656634, value: 
key: 941604, value: 
key: 808907, value: 
key: 698407, value: 
key: 152721, value: 
key: 235640, value: 
key: 461740, value: 
key: 220644, value: 
key: 45177, value: 
key: 560728, value: 
key: 513959, value: 
key: 550163, value: 
key: 570318, value: 
key: 120359, value: 
key: 309484, value: 
key: 584876, value: 
key: 302942, value: 
key: 534592, value: 
key: 960153, value: 
key: 180717, value: 
key: 87128, value: 
key: 514420, value: 
key: 791263, value: 
key: 853419, value: 
key: 195261, value: 
key: 107901, value: 
key: 108629, value: 
key: 537180, value: 
key: 317405, value: 
key: 372284, value: 
key: 20455, value: 
key: 852515, value: 
key: 811967, value: 
key: 127589, value: 
key: 741620, value: 
key: 275097, value: 
key: 913683, value: 
key: 487306, value: 
key: 827601, value: 
key: 639107, value: 
key: 137685, value: 
key: 437985, value: 
key: 445151, value: 
key: 121842, value: 
key: 107202, value: 
key: 470878, value: 
key: 846222, value: 
key: 355711, value: 
key: 509662, value: 
key: 628244, value: 
key: 204224, value: 
key: 161644, value: 
key: 524858, value: 
key: 385006, value: 
key: 744427, value: 
key: 724843, value: 
key: 476580, value: 
key: 716884, value: 
key: 695228, value: 
key: 77718, value: 
key: 952385, value: 
key: 510213, value: 
key: 901765, value: 
key: 986793, value: 
key: 79473, value: 
key: 911689, value: 
key: 464831, value: 
key: 178897, value: 
key: 746476, value: 
key: 81252, value: 
key: 174310, value: 
key: 914790, value: 
key: 364094, value: 
key: 771830, value: 
key: 856779, value: 
key: 477608, value: 
key: 454762, value: 
key: 896890, value: 
key: 344296, value: 
key: 674258, value: 
key: 753557, value: 
key: 4473, value: 
key: 679734, value: 
key: 278021, value: 
key: 50409, value: 
key: 774138, value: 
key: 438957, value: 
key: 77363, value: 
key: 159661, value: 
key: 774712, value: 
key: 424121, value: 
key: 254146, value: 
key: 836890, value: 
key: 760526, value: 
key: 844493, value: 
key: 209166, value: 
key: 735997, value: 
key: 895183, value: 
key: 731638, value: 
key: 13783, value: 
key: 817756, value: 
key: 470876, value: 
key: 818517, value: 
key: 422772, value: 
key: 59093, value: 
key: 673774, value: 
key: 820923, value: 
key: 197610, value: 
key: 551999, value: 
key: 228015, value: 
key: 343813, value: 
key: 381064, value: 
key: 628510, value: 
key: 774756, value: 
key: 947680, value: 
key: 853013, value: 
key: 698764, value: 
key: 624563, value: 
key: 503279, value: 
key: 125396, value: 
key: 200532, value: 
key: 842941, value: 
key: 990613, value: 
key: 571005, value: 
key: 639149, value: 
key: 652861, value: 
key: 833992, value: 
key: 266345, value: 
key: 299165, value: 
key: 451262, value: 
key: 66233, value: 
key: 592275, value: 
key: 686512, value: 
key: 101376, value: 
key: 347743, value: 
key: 364432, value: 
key: 744238, value: 
key: 535614, value: 
key: 344342, value: 
key: 974394, value: 
key: 340036, value: 
key: 693710, value: 
key: 403494, value: 
key: 423445, value: 
key: 324632, value: 
key: 158857, value: 
key: 772455, value: 
key: 579032, value: 
key: 480497, value: 
key: 598893, value: 
key: 955528, value: 
key: 707820, value: 
key: 509248, value: 
key: 563499, value: 
key: 466231, value: 
key: 947556, value: 
key: 81157, value: 
key: 974484, value: 
key: 81357, value: 
key: 165558, value: 
key: 772240, value: 
key: 660822, value: 
key: 23283, value: 
key: 356299, value: 
key: 984038, value: 
key: 914235, value: 
key: 266846, value: 
key: 512059, value: 
key: 894728, value: 
key: 399522, value: 
key: 445771, value: 
key: 285584, value: 
key: 732396, value: 
key: 219554, value: 
key: 433754, value: 
key: 926113, value: 
key: 710701, value: 
key: 866466, value: 
key: 761723, value: 
key: 59888, value: 
key: 934143, value: 
key: 344205, value: 
key: 130752, value: 
key: 712811, value: 
key: 302113, value: 
key: 447852, value: 
key: 699280, value: 
key: 125552, value: 
key: 995234, value: 
key: 225283, value: 
key: 521619, value: 
key: 179685, value: 
key: 772820, value: 
key: 176372, value: 
key: 255611, value: 
key: 238951, value: 
key: 757128, value: 
key: 593379, value: 
key: 900575, value: 
key: 97356, value: 
key: 482811, value: 
key: 956925, value: 
key: 638485, value: 
key: 635402, value: 
key: 717009, value: 
key: 146203, value: 
key: 927217, value: 
key: 766146, value: 
key: 330060, value: 
key: 862547, value: 
key: 690348, value: 
key: 441805, value: 
key: 204123, value: 
key: 884259, value: 
key: 106805, value: 
key: 972305, value: 
key: 260811, value: 
key: 215679, value: 
key: 225728, value: 
key: 914666, value: 
key: 924441, value: 
key: 362825, value: 
key: 771337, value: 
key: 105961, value: 
key: 280987, value: 
key: 455354, value: 
key: 540665, value: 
key: 478496, value: 
key: 743112, value: 
key: 283997, value: 
key: 650373, value: 
key: 566371, value: 
key: 439312, value: 
key: 807205, value: 
key: 485847, value: 
key: 933438, value: 
key: 984829, value: 
key: 580180, value: 
key: 711294, value: 
key: 880493, value: 
key: 100414, value: 
key: 189583, value: 
key: 607759, value: 
key: 336451, value: 
key: 760155, value: 
key: 326076, value: 
key: 840026, value: 
key: 395395, value: 
key: 646583, value: 
key: 53857, value: 
key: 484455, value: 
key: 735955, value: 
key: 788652, value: 
key: 184713, value: 
key: 345800, value: 
key: 697334, value: 
key: 32164, value: 
key: 81038, value: 
key: 56610, value: 
key: 935377, value: 
key: 579517, value: 
key: 995438, value: 
key: 461872, value: 
key: 449852, value: 
key: 742939, value: 
key: 339832, value: 
key: 146573, value: 
key: 821009, value: 
key: 23245, value: 
key: 486749, value: 
key: 49838, value: 
key: 855497, value: 
key: 437727, value: 
key: 533485, value: 
key: 725615, value: 
key: 481265, value: 
key: 715089, value: 
key: 78319, value: 
key: 927314, value: 
key: 752820, value: 
key: 597328, value: 
key: 27289, value: 
key: 984621, value: 
key: 423287, value: 
key: 254915, value: 
key: 730864, value: 
key: 914808, value: 
key: 342272, value: 
key: 631895, value: 
key: 345947, value: 
key: 899802, value: 
key: 478432, value: 
key: 31271, value: 
key: 431752, value: 
key: 294115, value: 
key: 274399, value: 
key: 113694, value: 
key: 775119, value: 
key: 815563, value: 
key: 230348, value: 
key: 479925, value: 
key: 223515, value: 
key: 398659, value: 
key: 533043, value: 
key: 785390, value: 
key: 549585, value: 
key: 511212, value: 
key: 457594, value: 
key: 430937, value: 
key: 186188, value: 
key: 898205, value: 
key: 415578, value: 
key: 822202, value: 
key: 57875, value: 
key: 791432, value: 
key: 573139, value: 
key: 368142, value: 
key: 329293, value: 
key: 798178, value: 
key: 387479, value: 
key: 735670, value: 
key: 499727, value: 
key: 510024, value: 
key: 28316, value: 
key: 261043, value: 
key: 398925, value: 
key: 142757, value: 
key: 425900, value: 
key: 229722, value: 
key: 68387, value: 
key: 592130, value: 
key: 731940, value: 
key: 671471, value: 
key: 706399, value: 
key: 75088, value: 
key: 391948, value: 
key: 340430, value: 
key: 676508, value: 
key: 117931, value: 
key: 427537, value: 
key: 577944, value: 
key: 746843, value: 
key: 371524, value: 
key: 66934, value: 
key: 980676, value: 
key: 477774, value: 
key: 902270, value: 
key: 358798, value: 
key: 428897, value: 
key: 609704, value: 
key: 72919, value: 
key: 532316, value: 
key: 630210, value: 
key: 180317, value: 
key: 366625, value: 
key: 745509, value: 
key: 992268, value: 
key: 909334, value: 
key: 586456, value: 
key: 748212, value: 
key: 242413, value: 
key: 450931, value: 
key: 564863, value: 
key: 910729, value: 
key: 140171, value: 
key: 556361, value: 
key: 776989, value: 
key: 890418, value: 
key: 340470, value: 
key: 545321, value: 
key: 295464, value: 
key: 840464, value: 
key: 807359, value: 
key: 692885, value: 
key: 386364, value: 
key: 432506, value: 
key: 753368, value: 
key: 43115, value: 
key: 708610, value: 
key: 709420, value: 
key: 531416, value: 
key: 804435, value: 
key: 850274, value: 
key: 9678, value: 
key: 429966, value: 
key: 215754, value: 
key: 822121, value: 
key: 665265, value: 
key: 590172, value: 
key: 164535, value: 
key: 19314, value: 
key: 983260, value: 
key: 114495, value: 
key: 771988, value: 
key: 145693, value: 
key: 443942, value: 
key: 440989, value: 
key: 19350, value: 
key: 713678, value: 
key: 954341, value: 
key: 156716, value: 
key: 557519, value: 
key: 223423, value: 
key: 168630, value: 
key: 989077, value: 
key: 865579, value: 
key: 601922, value: 
key: 782557, value: 
key: 983804, value: 
key: 356651, value: 
key: 690788, value: 
key: 965367, value: 
key: 392477, value: 
key: 311924, value: 
key: 360285, value: 
key: 441944, value: 
key: 782852, value: 
key: 357122, value: 
key: 839152, value: 
key: 890692, value: 
key: 840820, value: 
key: 680839, value: 
key: 888424, value: 
key: 322304, value: 
key: 321312, value: 
key: 532501, value: 
key: 655714, value: 
key: 735906, value: 
key: 640107, value: 
key: 814234, value: 
key: 949956, value: 
key: 869160, value: 
key: 69243, value: 
key: 331768, value: 
key: 885326, value: 
key: 341619, value: 
key: 187888, value: 
key: 331913, value: 
key: 909174, value: 
key: 463621, value: 
key: 130855, value: 
key: 168450, value: 
key: 657389, value: 
key: 945459, value: 
key: 1692, value: 
key: 222660, value: 
key: 117847, value: 
key: 934507, value: 
key: 563178, value: 
key: 650414, value: 
key: 460574, value: 
key: 956462, value: 
key: 265959, value: 
key: 770978, value: 
key: 581840, value: 
key: 926094, value: 
key: 692399, value: 
key: 472759, value: 
key: 975924, value: 
key: 819710, value: 
key: 687326, value: 
key: 198853, value: 
key: 616416, value: 
key: 858164, value: 
key: 55110, value: 
key: 897332, value: 
key: 272843, value: 
key: 167415, value: 
key: 1823, value: 
key: 729086, value: 
key: 879352, value: 
key: 292474, value: 
key: 869603, value: 
key: 17624, value: 
key: 356086, value: 
key: 153537, value: 
key: 419404, value: 
key: 231293, value: 
key: 955698, value: 
key: 902454, value: 
key: 517274, value: 
key: 259264, value: 
key: 643867, value: 
key: 840587, value: 
key: 372613, value: 
key: 542580, value: 
key: 740182, value: 
key: 775450, value: 
key: 574033, value: 
key: 686589, value: 
key: 169857, value: 
key: 158468, value: 
key: 368526, value: 
key: 889414, value: 
key: 273899, value: 
key: 492469, value: 
key: 163309, value: 
key: 738987, value: 
key: 729798, value: 
key: 11994, value: 
key: 585880, value: 
key: 44446, value: 
key: 368559, value: 
key: 774989, value: 
key: 97217, value: 
key: 174543, value: 
key: 976457, value: 
key: 76951, value: 
key: 149828, value: 
key: 41416, value: 
key: 688352, value: 
key: 771395, value: 
key: 861300, value: 
key: 106922, value: 
key: 349679, value: 
key: 458454, value: 
key: 480677, value: 
key: 112370, value: 
key: 992563, value: 
key: 628549, value: 
key: 51622, value: 
key: 620321, value: 
key: 142276, value: 
key: 211208, value: 
key: 855972, value: 
key: 2978, value: 
key: 9047, value: 
key: 238571, value: 
key: 120649, value: 
key: 869472, value: 
key: 845603, value: 
key: 946654, value: 
key: 815910, value: 
key: 482499, value: 
key: 712381, value: 
key: 670876, value: 
key: 702793, value: 
key: 537056, value: 
key: 121422, value: 
key: 147972, value: 
key: 488071, value: 
key: 358541, value: 
key: 531577, value: 
key: 211642, value: 
key: 157535, value: 
key: 37736, value: 
key: 989288, value: 
key: 894164, value: 
key: 589242, value: 
key: 952244, value: 
key: 69795, value: 
key: 562726, value: 
key: 449030, value: 
key: 867274, value: 
key: 294278, value: 
key: 283159, value: 
key: 915654, value: 
key: 74140, value: 
key: 358972, value: 
key: 851299, value: 
key: 546698, value: 
key: 761714, value: 
key: 635013, value: 
key: 432360, value: 
key: 437208, value: 
key: 434278, value: 
key: 46989, value: 
key: 216597, value: 
key: 525558, value: 
key: 207559, value: 
key: 290890, value: 
key: 502263, value: 
key: 545293, value: 
key: 379988, value: 
key: 404794, value: 
key: 207702, value: 
key: 15130, value: 
key: 822817, value: 
key: 96643, value: 
key: 703677, value: 
key: 674984, value: 
key: 767222, value: 
key: 368876, value: 
key: 334754, value: 
key: 841702, value: 
key: 312129, value: 
key: 871673, value: 
key: 417655, value: 
key: 904388, value: 
key: 283786, value: 
key: 522360, value: 
key: 42507, value: 
key: 820570, value: 
key: 718181, value: 
key: 699453, value: 
key: 345495, value: 
key: 8675, value: 
key: 46406, value: 
key: 558707, value: 
key: 216775, value: 
key: 566894, value: 
key: 365068, value: 
key: 96588, value: 
key: 971746, value: 
key: 16140, value: 
key: 944593, value: 
key: 880989, value: 
key: 950398, value: 
key: 945385, value: 
key: 837310, value: 
key: 392864, value: 
key: 54346, value: 
key: 46598, value: 
key: 925190, value: 
key: 906609, value: 
key: 511940, value: 
key: 149666, value: 
key: 197252, value: 
key: 797047, value: 
key: 714765, value: 
key: 655527, value: 
key: 99253, value: 
key: 560694, value: 
key: 69724, value: 
key: 903789, value: 
key: 389888, value: 
key: 286967, value: 
key: 343345, value: 
key: 631754, value: 
key: 762078, value: 
key: 211855, value: 
key: 847980, value: 
key: 862251, value: 
key: 175308, value: 
key: 269368, value: 
key: 885281, value: 
key: 483388, value: 
key: 709091, value: 
key: 470706, value: 
key: 562409, value: 
key: 904887, value: 
key: 428680, value: 
key: 524344, value: 
key: 828280, value: 
key: 121840, value: 
key: 648680, value: 
key: 759238, value: 
key: 291055, value: 
key: 469256, value: 
key: 656104, value: 
key: 370484, value: 
key: 949891, value: 
key: 138981, value: 
key: 900582, value: 
key: 598138, value: 
key: 385310, value: 
key: 815675, value: 
key: 684598, value: 
key: 384331, value: 
key: 611615, value: 
key: 689348, value: 
key: 62888, value: 
key: 433802, value: 
key: 76096, value: 
key: 170424, value: 
key: 507736, value: 
key: 31671, value: 
key: 318897, value: 
key: 34803, value: 
key: 443090, value: 
key: 943572, value: 
key: 988876, value: 
key: 912293, value: 
key: 288404, value: 
key: 107497, value: 
key: 313784, value: 
key: 496803, value: 
key: 713449, value: 
key: 883685, value: 
key: 608659, value: 
key: 895862, value: 
key: 163231, value: 
key: 60004, value: 
key: 622574, value: 
key: 634984, value: 
key: 604255, value: 
key: 230179, value: 
key: 266617, value: 
key: 598495, value: 
key: 802808, value: 
key: 454243, value: 
key: 175467, value: 
key: 689384, value: 
key: 245058, value: 
key: 132965, value: 
key: 542807, value: 
key: 307190, value: 
key: 376334, value: 
key: 610139, value: 
key: 249612, value: 
key: 150172, value: 
key: 1049, value: 
key: 432838, value: 
key: 686871, value: 
key: 654432, value: 
key: 586441, value: 
key: 682749, value: 
key: 124694, value: 
key: 568340, value: 
key: 141244, value: 
key: 690085, value: 
key: 778646, value: 
key: 162821, value: 
key: 173483, value: 
key: 462695, value: 
key: 340434, value: 
key: 447119, value: 
key: 209751, value: 
key: 578772, value: 
key: 947178, value: 
key: 363750, value: 
key: 297431, value: 
key: 271585, value: 
key: 15457, value: 
key: 37899, value: 
key: 892906, value: 
key: 909354, value: 
key: 629131, value: 
key: 940263, value: 
key: 215949, value: 
key: 578547, value: 
key: 946225, value: 
key: 270719, value: 
key: 165473, value: 
key: 760586, value: 
key: 59688, value: 
key: 170671, value: 
key: 251826, value: 
key: 236911, value: 
key: 946269, value: 
key: 236171, value: 
key: 309077, value: 
key: 361044, value: 
key: 798567, value: 
key: 666000, value: 
key: 35855, value: 
key: 243896, value: 
key: 83911, value: 
key: 480352, value: 
key: 932152, value: 
key: 670838, value: 
key: 206754, value: 
key: 122135, value: 
key: 36849, value: 
key: 445339, value: 
key: 672870, value: 
key: 191887, value: 
key: 936967, value: 
key: 748308, value: 
key: 923381, value: 
key: 748469, value: 
key: 403256, value: 
key: 573652, value: 
key: 73361, value: 
key: 886457, value: 
key: 194251, value: 
key: 256405, value: 
key: 72935, value: 
key: 951078, value: 
key: 837495, value: 
key: 660109, value: 
key: 361024, value: 
key: 263254, value: 
key: 699109, value: 
key: 634362, value: 
key: 927552, value: 
key: 542269, value: 
key: 962292, value: 
key: 195290, value: 
key: 844312, value: 
key: 815815, value: 
key: 367192, value: 
key: 630326, value: 
key: 828293, value: 
key: 431444, value: 
key: 622635, value: 
key: 806114, value: 
key: 800680, value: 
key: 624181, value: 
key: 446017, value: 
key: 738132, value: 
key: 895563, value: 
key: 717076, value: 
key: 862202, value: 
key: 745738, value: 
key: 396255, value: 
key: 763507, value: 
key: 874627, value: 
key: 287092, value: 
key: 564469, value: 
key: 922214, value: 
key: 328263, value: 
key: 193256, value: 
key: 492540, value: 
key: 853983, value: 
key: 556060, value: 
key: 405119, value: 
key: 357706, value: 
key: 261302, value: 
key: 5632, value: 
key: 920425, value: 
key: 842660, value: 
key: 911353, value: 
key: 682602, value: 
key: 509408, value: 
key: 499491, value: 
key: 508041, value: 
key: 227935, value: 
key: 164133, value: 
key: 945842, value: 
key: 975751, value: 
key: 190855, value: 
key: 787112, value: 
key: 819330, value: 
key: 144034, value: 
key: 990732, value: 
key: 432065, value: 
key: 514387, value: 
key: 207908, value: 
key: 88, value: 
key: 354682, value: 
key: 766076, value: 
key: 252922, value: 
key: 688385, value: 
key: 649746, value: 
key: 218377, value: 
key: 866088, value: 
key: 975618, value: 
key: 792963, value: 
key: 451372, value: 
key: 788249, value: 
key: 127783, value: 
key: 762777, value: 
key: 608576, value: 
key: 954736, value: 
key: 712624, value: 
key: 517043, value: 
key: 891372, value: 
key: 996189, value: 
key: 307644, value: 
key: 699343, value: 
key: 462341, value: 
key: 130503, value: 
key: 13271, value: 
key: 116792, value: 
key: 449865, value: 
key: 274465, value: 
key: 113188, value: 
key: 811671, value: 
key: 517179, value: 
key: 892186, value: 
key: 199522, value: 
key: 227238, value: 
key: 211734, value: 
key: 883306, value: 
key: 232496, value: 
key: 985509, value: 
key: 713391, value: 
key: 47834, value: 
key: 867432, value: 
key: 122656, value: 
key: 124258, value: 
key: 185651, value: 
key: 867089, value: 
key: 913904, value: 
key: 986418, value: 
key: 799542, value: 
key: 897963, value: 
key: 125859, value: 
key: 65315, value: 
key: 694100, value: 
key: 766887, value: 
key: 192103, value: 
key: 999089, value: 
key: 964100, value: 
key: 748045, value: 
key: 143635, value: 
key: 642178, value: 
key: 14151, value: 
key: 257464, value: 
key: 914507, value: 
key: 489412, value: 
key: 438375, value: 
key: 613558, value: 
key: 247551, value: 
key: 621120, value: 
key: 632333, value: 
key: 427809, value: 
key: 242488, value: 
key: 340245, value: 
key: 578446, value: 
key: 695798, value: 
key: 584890, value: 
key: 307109, value: 
key: 225003, value: 
key: 992378, value: 
key: 411404, value: 
key: 291080, value: 
key: 897664, value: 
key: 742591, value: 
key: 706379, value: 
key: 893299, value: 
key: 736718, value: 
key: 378963, value: 
key: 506746, value: 
key: 149136, value: 
key: 122944, value: 
key: 879882, value: 
key: 215712, value: 
key: 948287, value: 
key: 894454, value: 
key: 901853, value: 
key: 778682, value: 
key: 36021, value: 
key: 720670, value: 
key: 132239, value: 
key: 149608, value: 
key: 506788, value: 
key: 184698, value: 
key: 135227, value: 
key: 687858, value: 
key: 553087, value: 
key: 818715, value: 
key: 938493, value: 
key: 746032, value: 
key: 175380, value: 
key: 705053, value: 
key: 918789, value: 
key: 989776, value: 
key: 986573, value: 
key: 597911, value: 
key: 753520, value: 
key: 74720, value: 
key: 784489, value: 
key: 837330, value: 
key: 445689, value: 
key: 886992, value: 
key: 183376, value: 
key: 433585, value: 
key: 171142, value: 
key: 410946, value: 
key: 20448, value: 
key: 494470, value: 
key: 779290, value: 
key: 638470, value: 
key: 132637, value: 
key: 402657, value: 
key: 22350, value: 
key: 335816, value: 
key: 438964, value: 
key: 500403, value: 
key: 654063, value: 
key: 416793, value: 
key: 259666, value: 
key: 194992, value: 
key: 939757, value: 
key: 727640, value: 
key: 780315, value: 
key: 454386, value: 
key: 541004, value: 
key: 884897, value: 
key: 461140, value: 
key: 613035, value: 
key: 36586, value: 
key: 865245, value: 
key: 484107, value: 
key: 372873, value: 
key: 771407, value: 
key: 670546, value: 
key: 971256, value: 
key: 109291, value: 
get/s 0.00
put/s 0.00
aborts/s 0.00
ops/s 0.00

key: 90328, value: 
key: 444033, value: 
key: 10630, value: 
key: 545190, value: 
key: 90636, value: 
key: 699183, value: 
key: 588757, value: 
key: 537599, value: 
key: 114198, value: 
key: 512167, value: 
key: 264130, value: 
key: 312336, value: 
key: 537232, value: 
key: 614731, value: 
key: 391249, value: 
key: 12531, value: 
key: 669506, value: 
key: 760454, value: 
key: 254870, value: 
key: 278227, value: 
key: 357908, value: 
key: 771665, value: 
key: 972136, value: 
key: 511290, value: 
key: 625904, value: 
key: 436098, value: 
key: 115807, value: 
key: 663504, value: 
key: 328566, value: 
key: 736752, value: 
key: 211327, value: 
key: 563451, value: 
key: 112862, value: 
key: 481902, value: 
key: 200321, value: 
key: 36432, value: 
key: 830739, value: 
key: 696580, value: 
key: 168973, value: 
key: 78553, value: 
key: 695305, value: 
key: 401508, value: 
key: 473026, value: 
key: 522784, value: 
key: 569006, value: 
key: 245612, value: 
key: 525136, value: 
key: 3005, value: 
key: 153755, value: 
key: 403045, value: 
key: 349206, value: 
key: 767808, value: 
key: 264004, value: 
key: 879101, value: 
key: 607636, value: 
key: 6583, value: 
key: 603791, value: 
key: 514664, value: 
key: 295323, value: 
key: 235473, value: 
key: 5290, value: 
key: 697370, value: 
key: 511506, value: 
key: 488653, value: 
key: 499372, value: 
key: 281058, value: 
key: 405894, value: 
key: 696920, value: 
key: 783530, value: 
key: 16049, value: 
key: 79479, value: 
key: 982012, value: 
key: 761718, value: 
key: 712642, value: 
key: 949826, value: 
key: 725347, value: 
key: 482318, value: 
key: 725741, value: 
key: 416775, value: 
key: 766993, value: 
key: 755247, value: 
key: 173409, value: 
key: 345051, value: 
key: 776466, value: 
key: 31, value: 
key: 828231, value: 
key: 437147, value: 
key: 110682, value: 
key: 244279, value: 
key: 999315, value: 
key: 629973, value: 
key: 833457, value: 
key: 287694, value: 
key: 327507, value: 
key: 243690, value: 
key: 997148, value: 
key: 509514, value: 
key: 444721, value: 
key: 936033, value: 
key: 296342, value: 
key: 856137, value: 
key: 468035, value: 
key: 414841, value: 
key: 602789, value: 
key: 436243, value: 
key: 272377, value: 
key: 415426, value: 
key: 127730, value: 
key: 475022, value: 
key: 389394, value: 
key: 404075, value: 
key: 115010, value: 
key: 820815, value: 
key: 710196, value: 
key: 430290, value: 
key: 258162, value: 
key: 334286, value: 
key: 452740, value: 
key: 509477, value: 
key: 508634, value: 
key: 431815, value: 
key: 116691, value: 
key: 251352, value: 
key: 532000, value: 
key: 660776, value: 
key: 492018, value: 
key: 347970, value: 
key: 874351, value: 
key: 935296, value: 
key: 719386, value: 
key: 622808, value: 
key: 105608, value: 
key: 333294, value: 
key: 321161, value: 
key: 920838, value: 
key: 312633, value: 
key: 525677, value: 
key: 367530, value: 
key: 598000, value: 
key: 423243, value: 
key: 196507, value: 
key: 11697, value: 
key: 85782, value: 
key: 621009, value: 
key: 462457, value: 
key: 405782, value: 
key: 938352, value: 
key: 860530, value: 
key: 967895, value: 
key: 563239, value: 
key: 404640, value: 
key: 194844, value: 
key: 914817, value: 
key: 407586, value: 
key: 342593, value: 
key: 312868, value: 
key: 95468, value: 
key: 322214, value: 
key: 593139, value: 
key: 825722, value: 
key: 940326, value: 
key: 604419, value: 
key: 90591, value: 
key: 426808, value: 
key: 324386, value: 
key: 34047, value: 
key: 414894, value: 
key: 188050, value: 
key: 636636, value: 
key: 749699, value: 
key: 580780, value: 
key: 169266, value: 
key: 171317, value: 
key: 606684, value: 
key: 89360, value: 
key: 35954, value: 
key: 884213, value: 
key: 178464, value: 
key: 102566, value: 
key: 263409, value: 
key: 912239, value: 
key: 269153, value: 
key: 213527, value: 
key: 384340, value: 
key: 46916, value: 
key: 227337, value: 
key: 725046, value: 
key: 141338, value: 
key: 414711, value: 
key: 527523, value: 
key: 64956, value: 
key: 107958, value: 
key: 408475, value: 
key: 239895, value: 
key: 659994, value: 
key: 539247, value: 
key: 779397, value: 
key: 515010, value: 
key: 204961, value: 
key: 217208, value: 
key: 415635, value: 
key: 184344, value: 
key: 704744, value: 
key: 556039, value: 
key: 821867, value: 
key: 140791, value: 
key: 581691, value: 
key: 843838, value: 
key: 225782, value: 
key: 45364, value: 
key: 584306, value: 
key: 604682, value: 
key: 21032, value: 
key: 96120, value: 
key: 74421, value: 
key: 445476, value: 
key: 95549, value: 
key: 72069, value: 
key: 523288, value: 
key: 82042, value: 
key: 538877, value: 
key: 613802, value: 
key: 266505, value: 
key: 667481, value: 
key: 55543, value: 
key: 203670, value: 
key: 614070, value: 
key: 730602, value: 
key: 159238, value: 
key: 370820, value: 
key: 278863, value: 
key: 184249, value: 
key: 786049, value: 
key: 725862, value: 
key: 989194, value: 
key: 588229, value: 
key: 104816, value: 
key: 250746, value: 
key: 669061, value: 
key: 941602, value: 
key: 285285, value: 
key: 728438, value: 
key: 639787, value: 
key: 183136, value: 
key: 981978, value: 
key: 770750, value: 
key: 751184, value: 
key: 637576, value: 
key: 103987, value: 
key: 814508, value: 
key: 224806, value: 
key: 743925, value: 
key: 62356, value: 
key: 372246, value: 
key: 656452, value: 
key: 465209, value: 
key: 612999, value: 
key: 864233, value: 
key: 407777, value: 
key: 236760, value: 
key: 721802, value: 
key: 851725, value: 
key: 867461, value: 
key: 12898, value: 
key: 432566, value: 
key: 148968, value: 
key: 514660, value: 
key: 20482, value: 
key: 817075, value: 
key: 816533, value: 
key: 606378, value: 
key: 530640, value: 
key: 66534, value: 
key: 484646, value: 
key: 293815, value: 
key: 596208, value: 
key: 179236, value: 
key: 314989, value: 
key: 35475, value: 
key: 553636, value: 
key: 979090, value: 
key: 552950, value: 
key: 368003, value: 
key: 850506, value: 
key: 588492, value: 
key: 492382, value: 
key: 50708, value: 
key: 643397, value: 
key: 759072, value: 
key: 766137, value: 
key: 201098, value: 
key: 78751, value: 
key: 99109, value: 
key: 981606, value: 
key: 646310, value: 
key: 973829, value: 
key: 482512, value: 
key: 145237, value: 
key: 10339, value: 
key: 967589, value: 
key: 33369, value: 
key: 901857, value: 
key: 641252, value: 
key: 229894, value: 
key: 561756, value: 
key: 910437, value: 
key: 961651, value: 
key: 218418, value: 
key: 108874, value: 
key: 811127, value: 
key: 337823, value: 
key: 31990, value: 
key: 822503, value: 
key: 101273, value: 
key: 998129, value: 
key: 828130, value: 
key: 434940, value: 
key: 112978, value: 
key: 631789, value: 
key: 104481, value: 
key: 820619, value: 
key: 591603, value: 
key: 202309, value: 
key: 147479, value: 
key: 846141, value: 
key: 514992, value: 
key: 619932, value: 
key: 254395, value: 
key: 962359, value: 
key: 107433, value: 
key: 101154, value: 
key: 367969, value: 
key: 810203, value: 
key: 95385, value: 
key: 30904, value: 
key: 945141, value: 
key: 643601, value: 
key: 805896, value: 
key: 138961, value: 
key: 570954, value: 
key: 558781, value: 
key: 759421, value: 
key: 835585, value: 
key: 221612, value: 
key: 379577, value: 
key: 965200, value: 
key: 934323, value: 
key: 338976, value: 
key: 330017, value: 
key: 83876, value: 
key: 108137, value: 
key: 132329, value: 
key: 872632, value: 
key: 720320, value: 
key: 390558, value: 
key: 376516, value: 
key: 258050, value: 
key: 558282, value: 
key: 28301, value: 
key: 20028, value: 
key: 277200, value: 
key: 93459, value: 
key: 970592, value: 
key: 378981, value: 
key: 877781, value: 
key: 525888, value: 
key: 190668, value: 
key: 357849, value: 
key: 777788, value: 
key: 163596, value: 
key: 966173, value: 
key: 962948, value: 
key: 103460, value: 
key: 182090, value: 
key: 744337, value: 
key: 451480, value: 
key: 449014, value: 
key: 341329, value: 
key: 723288, value: 
key: 995911, value: 
key: 603913, value: 
key: 489045, value: 
key: 208400, value: 
key: 183099, value: 
key: 8037, value: 
key: 557054, value: 
key: 902256, value: 
key: 110853, value: 
key: 568078, value: 
key: 311845, value: 
key: 352372, value: 
key: 425618, value: 
key: 69180, value: 
key: 157733, value: 
key: 673404, value: 
key: 327688, value: 
key: 523088, value: 
key: 274263, value: 
key: 76065, value: 
key: 837158, value: 
key: 101017, value: 
key: 354334, value: 
key: 727271, value: 
key: 906874, value: 
key: 950158, value: 
key: 482392, value: 
key: 854672, value: 
key: 279073, value: 
key: 545132, value: 
key: 619848, value: 
key: 838850, value: 
key: 865962, value: 
key: 596424, value: 
key: 12726, value: 
key: 254559, value: 
key: 104878, value: 
key: 180702, value: 
key: 198831, value: 
key: 717500, value: 
key: 744351, value: 
key: 119559, value: 
key: 408039, value: 
key: 35938, value: 
key: 349734, value: 
key: 884808, value: 
key: 817282, value: 
key: 808662, value: 
key: 621553, value: 
key: 850878, value: 
key: 160908, value: 
key: 694229, value: 
key: 70702, value: 
key: 827254, value: 
key: 365958, value: 
key: 235974, value: 
key: 98429, value: 
key: 915447, value: 
key: 457967, value: 
key: 547181, value: 
key: 277480, value: 
key: 506199, value: 
key: 76124, value: 
key: 862824, value: 
key: 249399, value: 
key: 555122, value: 
key: 61241, value: 
key: 33556, value: 
key: 903068, value: 
key: 97385, value: 
key: 437686, value: 
key: 241896, value: 
key: 320991, value: 
key: 904144, value: 
key: 459031, value: 
key: 321767, value: 
key: 848143, value: 
key: 296827, value: 
key: 386043, value: 
key: 422891, value: 
key: 582863, value: 
key: 400134, value: 
key: 134905, value: 
key: 439705, value: 
key: 430043, value: 
key: 797597, value: 
key: 984126, value: 
key: 122212, value: 
key: 233413, value: 
key: 647007, value: 
key: 45827, value: 
key: 597360, value: 
key: 960771, value: 
key: 952255, value: 
key: 5829, value: 
key: 396778, value: 
key: 697495, value: 
key: 214645, value: 
key: 635208, value: 
key: 342933, value: 
key: 398448, value: 
key: 259631, value: 
key: 558295, value: 
key: 712842, value: 
key: 216292, value: 
key: 531298, value: 
key: 899774, value: 
key: 714415, value: 
key: 416056, value: 
key: 913283, value: 
key: 247324, value: 
key: 725260, value: 
key: 435994, value: 
key: 464589, value: 
key: 354305, value: 
key: 891651, value: 
key: 190547, value: 
key: 430636, value: 
key: 786344, value: 
key: 35853, value: 
key: 155465, value: 
key: 586647, value: 
key: 122975, value: 
key: 560304, value: 
key: 449858, value: 
key: 732060, value: 
key: 190286, value: 
key: 458102, value: 
key: 707189, value: 
key: 458212, value: 
key: 855123, value: 
key: 783363, value: 
key: 176020, value: 
key: 10478, value: 
key: 957955, value: 
key: 162937, value: 
key: 737007, value: 
key: 141952, value: 
key: 348319, value: 
key: 318619, value: 
key: 461902, value: 
key: 766858, value: 
key: 932143, value: 
key: 343943, value: 
key: 471769, value: 
key: 104964, value: 
key: 238809, value: 
key: 493060, value: 
key: 248910, value: 
key: 892045, value: 
key: 439604, value: 
key: 662914, value: 
key: 522135, value: 
key: 994484, value: 
key: 582054, value: 
key: 675246, value: 
key: 677875, value: 
key: 725343, value: 
key: 405197, value: 
key: 706056, value: 
key: 394448, value: 
key: 704205, value: 
key: 648965, value: 
key: 411927, value: 
key: 764870, value: 
key: 221205, value: 
key: 490599, value: 
key: 224183, value: 
key: 440084, value: 
key: 132565, value: 
key: 119164, value: 
key: 209964, value: 
key: 212469, value: 
key: 958765, value: 
key: 140364, value: 
key: 865672, value: 
key: 136839, value: 
key: 267771, value: 
key: 371122, value: 
key: 586281, value: 
key: 132778, value: 
key: 810797, value: 
key: 656652, value: 
key: 967783, value: 
key: 457965, value: 
key: 626390, value: 
key: 965673, value: 
key: 72151, value: 
key: 428419, value: 
key: 353515, value: 
key: 427009, value: 
key: 721073, value: 
key: 30250, value: 
key: 902926, value: 
key: 87869, value: 
key: 954130, value: 
key: 974194, value: 
key: 813758, value: 
key: 432263, value: 
key: 711889, value: 
key: 133203, value: 
key: 544733, value: 
key: 944478, value: 
key: 477862, value: 
key: 354512, value: 
key: 230889, value: 
key: 147327, value: 
key: 237415, value: 
key: 992196, value: 
key: 74063, value: 
key: 759722, value: 
key: 291194, value: 
key: 521921, value: 
key: 327028, value: 
key: 100292, value: 
key: 632335, value: 
key: 337582, value: 
key: 565246, value: 
key: 696737, value: 
key: 810694, value: 
key: 614645, value: 
key: 484242, value: 
key: 504045, value: 
key: 858560, value: 
key: 200743, value: 
key: 996860, value: 
key: 776642, value: 
key: 353883, value: 
key: 929608, value: 
key: 433048, value: 
key: 721187, value: 
key: 502113, value: 
key: 194451, value: 
key: 290854, value: 
key: 887058, value: 
key: 362124, value: 
key: 893545, value: 
key: 621803, value: 
key: 828534, value: 
key: 997362, value: 
key: 695387, value: 
key: 587383, value: 
key: 543440, value: 
key: 904409, value: 
key: 98090, value: 
key: 576107, value: 
key: 220066, value: 
key: 372446, value: 
key: 111674, value: 
key: 783918, value: 
key: 729686, value: 
key: 302812, value: 
key: 451833, value: 
key: 462781, value: 
key: 592637, value: 
key: 217211, value: 
key: 592242, value: 
key: 288509, value: 
key: 498214, value: 
key: 538477, value: 
key: 684512, value: 
key: 197740, value: 
key: 267760, value: 
key: 471208, value: 
key: 881553, value: 
key: 190431, value: 
key: 774255, value: 
key: 727046, value: 
key: 635099, value: 
key: 543004, value: 
key: 713269, value: 
key: 299859, value: 
key: 598794, value: 
key: 742896, value: 
key: 879958, value: 
key: 8903, value: 
key: 928759, value: 
key: 589587, value: 
key: 394639, value: 
key: 956183, value: 
key: 233039, value: 
key: 542229, value: 
key: 287872, value: 
key: 718075, value: 
key: 772699, value: 
key: 186915, value: 
key: 474827, value: 
key: 491505, value: 
key: 343655, value: 
key: 413141, value: 
key: 283764, value: 
key: 504382, value: 
key: 908694, value: 
key: 553577, value: 
key: 394752, value: 
key: 411048, value: 
key: 545813, value: 
key: 626949, value: 
key: 191407, value: 
key: 894942, value: 
key: 374826, value: 
key: 720047, value: 
key: 720818, value: 
key: 905604, value: 
key: 747866, value: 
key: 872146, value: 
key: 260493, value: 
key: 465036, value: 
key: 878012, value: 
key: 746283, value: 
key: 26394, value: 
key: 784238, value: 
key: 520582, value: 
key: 422002, value: 
key: 670852, value: 
key: 788151, value: 
key: 224091, value: 
key: 667337, value: 
key: 517917, value: 
key: 678229, value: 
key: 7252, value: 
key: 720182, value: 
key: 201227, value: 
key: 29476, value: 
key: 336365, value: 
key: 894009, value: 
key: 721477, value: 
key: 522461, value: 
key: 381264, value: 
key: 275860, value: 
key: 344427, value: 
key: 148810, value: 
key: 576507, value: 
key: 585633, value: 
key: 326032, value: 
key: 652748, value: 
key: 328502, value: 
key: 385620, value: 
key: 733755, value: 
key: 137632, value: 
key: 894775, value: 
key: 708052, value: 
key: 24491, value: 
key: 63609, value: 
key: 358433, value: 
key: 852870, value: 
key: 134635, value: 
key: 383042, value: 
key: 297378, value: 
key: 655442, value: 
key: 922195, value: 
key: 453312, value: 
key: 648824, value: 
key: 436922, value: 
key: 662910, value: 
key: 706148, value: 
key: 202107, value: 
key: 95617, value: 
key: 665353, value: 
key: 76953, value: 
key: 329336, value: 
key: 758222, value: 
key: 656878, value: 
key: 559557, value: 
key: 393108, value: 
key: 791564, value: 
key: 646352, value: 
key: 74452, value: 
key: 86929, value: 
key: 203340, value: 
key: 790543, value: 
key: 217587, value: 
key: 316611, value: 
key: 789518, value: 
key: 323776, value: 
key: 171872, value: 
key: 109321, value: 
key: 994035, value: 
key: 781154, value: 
key: 272085, value: 
key: 983750, value: 
key: 686974, value: 
key: 196716, value: 
key: 806411, value: 
key: 158048, value: 
key: 656528, value: 
key: 362285, value: 
key: 610508, value: 
key: 512091, value: 
key: 730598, value: 
key: 611693, value: 
key: 539786, value: 
key: 359803, value: 
key: 322120, value: 
key: 435112, value: 
key: 260475, value: 
key: 124218, value: 
key: 473673, value: 
key: 625250, value: 
key: 317087, value: 
key: 563002, value: 
key: 289322, value: 
key: 471169, value: 
key: 346663, value: 
key: 707754, value: 
key: 466332, value: 
key: 585734, value: 
key: 974448, value: 
key: 552349, value: 
key: 964522, value: 
key: 391829, value: 
key: 248271, value: 
key: 482914, value: 
key: 147738, value: 
key: 863483, value: 
key: 906423, value: 
key: 206505, value: 
key: 874476, value: 
key: 811945, value: 
key: 35514, value: 
key: 963758, value: 
key: 531386, value: 
key: 525855, value: 
key: 16294, value: 
key: 75017, value: 
key: 964047, value: 
key: 695020, value: 
key: 220183, value: 
key: 209791, value: 
key: 304151, value: 
key: 145987, value: 
key: 903686, value: 
key: 754097, value: 
key: 417196, value: 
key: 92102, value: 
key: 458702, value: 
key: 131557, value: 
key: 49351, value: 
key: 456856, value: 
key: 510059, value: 
key: 249278, value: 
key: 132631, value: 
key: 316725, value: 
key: 398600, value: 
key: 998491, value: 
key: 607245, value: 
key: 834117, value: 
key: 812445, value: 
key: 41627, value: 
key: 313232, value: 
key: 424015, value: 
key: 839332, value: 
key: 796781, value: 
key: 629768, value: 
key: 71242, value: 
key: 284228, value: 
key: 944106, value: 
key: 520368, value: 
key: 87146, value: 
key: 683672, value: 
key: 150280, value: 
key: 322379, value: 
key: 423913, value: 
key: 628271, value: 
key: 779984, value: 
key: 913221, value: 
key: 938031, value: 
key: 49353, value: 
key: 428910, value: 
key: 605881, value: 
key: 513702, value: 
key: 219723, value: 
key: 657622, value: 
key: 85674, value: 
key: 851174, value: 
key: 717894, value: 
key: 46853, value: 
key: 750882, value: 
key: 471556, value: 
key: 199999, value: 
key: 920818, value: 
key: 129367, value: 
key: 272012, value: 
key: 877620, value: 
key: 212724, value: 
key: 672654, value: 
key: 548414, value: 
key: 127077, value: 
key: 210689, value: 
key: 270557, value: 
key: 832681, value: 
key: 295929, value: 
key: 240655, value: 
key: 389426, value: 
key: 229649, value: 
key: 840066, value: 
key: 906515, value: 
key: 566304, value: 
key: 611699, value: 
key: 353719, value: 
key: 45058, value: 
key: 818535, value: 
key: 684099, value: 
key: 226176, value: 
key: 758510, value: 
key: 466279, value: 
key: 115696, value: 
key: 647474, value: 
key: 624907, value: 
key: 491341, value: 
key: 93705, value: 
key: 640606, value: 
key: 345440, value: 
key: 420183, value: 
key: 618555, value: 
key: 128551, value: 
key: 516266, value: 
key: 865740, value: 
key: 794790, value: 
key: 406071, value: 
key: 736077, value: 
key: 556866, value: 
key: 514734, value: 
key: 325857, value: 
key: 791773, value: 
key: 326591, value: 
key: 964526, value: 
key: 820983, value: 
key: 844992, value: 
key: 400446, value: 
key: 800354, value: 
key: 922948, value: 
key: 433059, value: 
key: 898579, value: 
key: 486521, value: 
key: 46185, value: 
key: 708142, value: 
key: 502261, value: 
key: 513739, value: 
key: 118655, value: 
key: 564388, value: 
key: 402158, value: 
key: 737966, value: 
key: 990077, value: 
key: 9568, value: 
key: 896816, value: 
key: 211273, value: 
key: 67328, value: 
key: 93590, value: 
key: 334000, value: 
key: 391694, value: 
key: 980243, value: 
key: 210207, value: 
key: 428534, value: 
key: 303671, value: 
key: 146865, value: 
key: 822002, value: 
key: 239288, value: 
key: 775348, value: 
key: 999946, value: 
key: 20956, value: 
key: 600648, value: 
key: 819949, value: 
key: 926676, value: 
key: 127365, value: 
key: 933382, value: 
key: 73817, value: 
key: 670900, value: 
key: 952808, value: 
key: 152879, value: 
key: 337331, value: 
key: 736516, value: 
key: 891943, value: 
key: 238193, value: 
key: 211637, value: 
key: 705734, value: 
key: 624576, value: 
key: 882532, value: 
key: 250711, value: 
key: 468448, value: 
key: 902586, value: 
key: 892591, value: 
key: 365477, value: 
key: 184157, value: 
key: 79288, value: 
key: 140276, value: 
key: 662684, value: 
key: 250551, value: 
key: 51729, value: 
key: 391247, value: 
key: 788047, value: 
key: 297042, value: 
key: 727110, value: 
key: 714026, value: 
key: 66538, value: 
key: 419754, value: 
key: 921459, value: 
key: 507082, value: 
key: 901143, value: 
key: 82707, value: 
key: 832308, value: 
key: 427548, value: 
key: 270526, value: 
key: 686042, value: 
key: 503136, value: 
key: 63698, value: 
key: 595395, value: 
key: 507532, value: 
key: 14997, value: 
key: 343626, value: 
key: 625768, value: 
key: 233404, value: 
key: 681010, value: 
key: 272359, value: 
key: 694300, value: 
key: 570495, value: 
key: 779517, value: 
key: 579070, value: 
key: 184847, value: 
key: 966162, value: 
key: 951395, value: 
key: 241258, value: 
key: 97976, value: 
key: 866697, value: 
key: 997630, value: 
key: 492300, value: 
key: 80714, value: 
key: 901231, value: 
key: 838177, value: 
key: 270232, value: 
key: 663353, value: 
key: 903062, value: 
key: 854409, value: 
key: 877105, value: 
key: 476087, value: 
key: 205865, value: 
key: 775049, value: 
key: 266170, value: 
key: 466923, value: 
key: 50049, value: 
key: 374277, value: 
key: 556422, value: 
key: 982373, value: 
key: 348100, value: 
key: 610108, value: 
key: 500900, value: 
key: 912763, value: 
key: 52016, value: 
key: 643900, value: 
key: 678636, value: 
key: 17303, value: 
key: 475840, value: 
key: 698308, value: 
key: 958505, value: 
key: 295413, value: 
key: 963314, value: 
key: 675275, value: 
key: 537711, value: 
key: 520809, value: 
key: 597618, value: 
key: 136356, value: 
key: 174079, value: 
key: 224145, value: 
key: 14212, value: 
key: 612755, value: 
key: 860879, value: 
key: 396800, value: 
key: 112350, value: 
key: 576286, value: 
key: 160771, value: 
key: 604064, value: 
key: 53543, value: 
key: 641663, value: 
key: 793955, value: 
key: 473732, value: 
key: 910121, value: 
key: 398730, value: 
key: 920384, value: 
key: 688901, value: 
key: 252443, value: 
key: 928179, value: 
key: 873202, value: 
key: 75226, value: 
key: 153975, value: 
key: 680374, value: 
key: 209595, value: 
key: 40022, value: 
key: 222758, value: 
key: 566654, value: 
key: 54829, value: 
key: 762155, value: 
key: 250922, value: 
key: 529525, value: 
key: 403029, value: 
key: 387842, value: 
key: 853570, value: 
key: 876425, value: 
key: 141653, value: 
key: 244044, value: 
key: 358112, value: 
key: 921842, value: 
key: 38704, value: 
key: 957140, value: 
key: 774967, value: 
key: 607454, value: 
key: 51093, value: 
key: 958181, value: 
key: 55222, value: 
key: 474034, value: 
key: 325499, value: 
key: 743947, value: 
key: 894889, value: 
key: 743242, value: 
key: 375342, value: 
key: 847816, value: 
key: 636218, value: 
key: 575252, value: 
key: 877000, value: 
key: 955861, value: 
key: 841414, value: 
key: 478193, value: 
key: 143004, value: 
key: 820992, value: 
key: 364731, value: 
key: 137467, value: 
key: 919768, value: 
key: 209711, value: 
key: 936248, value: 
key: 362689, value: 
key: 488844, value: 
key: 165813, value: 
key: 273657, value: 
key: 410458, value: 
key: 972770, value: 
key: 361668, value: 
key: 223108, value: 
key: 595856, value: 
key: 944773, value: 
key: 362216, value: 
key: 390268, value: 
key: 758233, value: 
key: 443997, value: 
key: 385930, value: 
key: 681069, value: 
key: 813435, value: 
key: 763332, value: 
key: 231956, value: 
key: 491374, value: 
key: 874737, value: 
key: 525400, value: 
key: 222097, value: 
key: 652094, value: 
key: 409298, value: 
key: 875275, value: 
key: 43308, value: 
key: 289005, value: 
key: 271866, value: 
key: 602466, value: 
key: 41393, value: 
key: 1584, value: 
key: 352132, value: 
key: 353416, value: 
key: 16102, value: 
key: 577845, value: 
key: 471297, value: 
key: 52607, value: 
key: 945307, value: 
key: 272092, value: 
key: 351629, value: 
key: 825643, value: 
key: 65021, value: 
key: 856575, value: 
key: 688473, value: 
key: 513067, value: 
key: 829146, value: 
key: 236056, value: 
key: 481618, value: 
key: 452766, value: 
key: 780751, value: 
key: 905994, value: 
key: 749967, value: 
key: 752073, value: 
key: 352338, value: 
key: 888224, value: 
key: 933953, value: 
key: 403076, value: 
key: 299873, value: 
key: 756112, value: 
key: 604860, value: 
key: 512822, value: 
key: 623191, value: 
key: 463250, value: 
key: 19419, value: 
key: 342803, value: 
key: 797991, value: 
key: 847281, value: 
key: 438623, value: 
key: 190499, value: 
key: 683586, value: 
key: 920119, value: 
key: 909000, value: 
key: 164072, value: 
key: 347994, value: 
key: 649984, value: 
key: 990604, value: 
key: 728416, value: 
key: 218274, value: 
key: 601883, value: 
key: 951023, value: 
key: 970859, value: 
key: 109994, value: 
key: 795227, value: 
key: 17224, value: 
key: 229603, value: 
key: 598468, value: 
key: 972109, value: 
key: 415075, value: 
key: 162704, value: 
key: 608327, value: 
key: 226222, value: 
key: 92010, value: 
key: 549253, value: 
key: 897415, value: 
key: 13729, value: 
key: 865830, value: 
key: 637310, value: 
key: 431439, value: 
key: 366676, value: 
key: 225379, value: 
key: 571689, value: 
key: 494122, value: 
key: 771771, value: 
key: 733524, value: 
key: 864125, value: 
key: 483917, value: 
key: 693459, value: 
key: 877839, value: 
key: 290375, value: 
key: 97918, value: 
key: 586458, value: 
key: 845106, value: 
key: 36928, value: 
key: 773364, value: 
key: 382535, value: 
key: 53051, value: 
key: 105024, value: 
key: 643353, value: 
key: 743390, value: 
key: 246389, value: 
key: 887928, value: 
key: 849436, value: 
key: 940333, value: 
key: 892607, value: 
key: 916932, value: 
key: 127729, value: 
key: 169141, value: 
key: 2736, value: 
key: 416452, value: 
key: 116923, value: 
key: 485939, value: 
key: 573610, value: 
key: 39444, value: 
key: 723015, value: 
key: 183282, value: 
key: 504546, value: 
key: 575782, value: 
key: 636968, value: 
key: 260653, value: 
key: 30113, value: 
key: 223014, value: 
key: 457574, value: 
key: 252599, value: 
key: 704568, value: 
key: 661737, value: 
key: 805935, value: 
key: 776949, value: 
key: 219734, value: 
key: 684923, value: 
key: 110758, value: 
key: 759850, value: 
key: 382788, value: 
key: 791737, value: 
key: 447418, value: 
key: 956356, value: 
key: 389361, value: 
key: 238713, value: 
key: 672166, value: 
key: 66433, value: 
key: 891631, value: 
key: 350323, value: 
key: 432724, value: 
key: 399405, value: 
key: 657462, value: 
key: 471824, value: 
key: 373605, value: 
key: 900973, value: 
key: 829595, value: 
key: 478375, value: 
key: 338868, value: 
key: 352123, value: 
key: 598598, value: 
key: 470687, value: 
key: 240251, value: 
key: 681881, value: 
key: 89609, value: 
key: 99147, value: 
key: 462163, value: 
key: 131513, value: 
key: 114909, value: 
key: 319465, value: 
key: 851327, value: 
key: 818432, value: 
key: 166070, value: 
key: 443678, value: 
key: 909167, value: 
key: 321176, value: 
key: 409092, value: 
key: 590912, value: 
key: 463885, value: 
key: 913252, value: 
key: 50481, value: 
key: 291404, value: 
key: 178105, value: 
key: 267076, value: 
key: 326492, value: 
key: 386368, value: 
key: 881726, value: 
key: 725987, value: 
key: 169927, value: 
key: 4790, value: 
key: 403027, value: 
key: 626484, value: 
key: 269638, value: 
key: 482066, value: 
key: 827739, value: 
key: 98629, value: 
key: 751544, value: 
key: 374130, value: 
key: 416768, value: 
key: 710912, value: 
key: 958637, value: 
key: 577696, value: 
key: 675206, value: 
key: 853237, value: 
key: 162845, value: 
key: 981697, value: 
key: 250623, value: 
key: 173340, value: 
key: 919195, value: 
key: 833811, value: 
key: 913025, value: 
key: 344036, value: 
key: 425061, value: 
key: 544966, value: 
key: 153201, value: 
key: 838856, value: 
key: 779278, value: 
key: 368434, value: 
key: 628020, value: 
key: 677752, value: 
key: 812252, value: 
key: 628790, value: 
key: 538761, value: 
key: 358059, value: 
key: 358468, value: 
key: 742825, value: 
key: 990394, value: 
key: 212098, value: 
key: 276120, value: 
key: 668981, value: 
key: 398217, value: 
key: 517579, value: 
key: 618522, value: 
key: 14364, value: 
key: 517856, value: 
key: 274548, value: 
key: 492496, value: 
key: 455154, value: 
key: 740719, value: 
key: 618775, value: 
key: 694081, value: 
key: 363930, value: 
key: 564838, value: 
key: 870973, value: 
key: 248040, value: 
key: 881881, value: 
key: 67494, value: 
key: 345970, value: 
key: 215961, value: 
key: 16566, value: 
key: 547978, value: 
key: 673033, value: 
key: 87687, value: 
key: 818153, value: 
key: 461540, value: 
key: 163822, value: 
key: 65210, value: 
key: 147640, value: 
key: 194486, value: 
key: 878836, value: 
key: 422424, value: 
key: 603915, value: 
key: 920764, value: 
key: 120995, value: 
key: 888332, value: 
key: 366490, value: 
key: 444066, value: 
key: 580351, value: 
key: 551470, value: 
key: 476540, value: 
key: 761345, value: 
key: 711531, value: 
key: 879592, value: 
key: 31622, value: 
key: 354688, value: 
key: 96672, value: 
key: 44484, value: 
key: 267564, value: 
key: 63108, value: 
key: 320632, value: 
key: 401827, value: 
key: 363543, value: 
key: 638665, value: 
key: 415314, value: 
key: 240598, value: 
key: 382371, value: 
key: 356875, value: 
key: 890311, value: 
key: 401654, value: 
key: 575959, value: 
key: 270153, value: 
key: 26608, value: 
key: 621788, value: 
key: 726955, value: 
key: 15093, value: 
key: 992303, value: 
key: 304762, value: 
key: 771702, value: 
key: 855086, value: 
key: 616892, value: 
key: 166021, value: 
key: 31178, value: 
key: 750495, value: 
key: 337304, value: 
key: 777748, value: 
key: 475402, value: 
key: 357652, value: 
key: 962706, value: 
key: 674627, value: 
key: 352730, value: 
key: 150903, value: 
key: 93198, value: 
key: 97374, value: 
key: 137261, value: 
key: 738938, value: 
key: 447140, value: 
key: 988692, value: 
key: 617615, value: 
key: 163606, value: 
key: 932725, value: 
key: 168366, value: 
key: 87706, value: 
key: 662695, value: 
key: 720120, value: 
key: 569969, value: 
key: 594273, value: 
key: 673950, value: 
key: 315564, value: 
key: 370424, value: 
key: 914293, value: 
key: 376422, value: 
key: 556666, value: 
key: 149789, value: 
key: 676478, value: 
key: 227568, value: 
key: 582089, value: 
key: 676517, value: 
key: 290553, value: 
key: 808925, value: 
key: 793256, value: 
key: 806565, value: 
key: 914633, value: 
key: 18010, value: 
key: 359690, value: 
key: 392839, value: 
key: 802387, value: 
key: 490601, value: 
key: 911629, value: 
key: 361952, value: 
key: 781512, value: 
key: 271987, value: 
key: 78470, value: 
key: 915658, value: 
key: 179784, value: 
key: 113331, value: 
key: 756707, value: 
key: 863942, value: 
key: 251039, value: 
key: 379708, value: 
key: 773263, value: 
key: 481148, value: 
key: 273211, value: 
key: 42549, value: 
key: 402774, value: 
key: 389664, value: 
key: 243418, value: 
key: 245119, value: 
key: 614362, value: 
key: 963534, value: 
key: 992644, value: 
key: 642783, value: 
key: 307291, value: 
key: 838182, value: 
key: 236311, value: 
key: 181985, value: 
key: 191272, value: 
key: 23032, value: 
key: 82693, value: 
key: 263629, value: 
key: 486466, value: 
key: 796264, value: 
key: 209779, value: 
key: 761314, value: 
key: 451767, value: 
key: 177364, value: 
key: 906951, value: 
key: 771717, value: 
key: 245544, value: 
key: 653363, value: 
key: 277152, value: 
key: 820114, value: 
key: 223005, value: 
key: 765048, value: 
key: 993269, value: 
key: 707059, value: 
key: 514806, value: 
key: 440714, value: 
key: 193102, value: 
key: 918073, value: 
key: 626280, value: 
key: 448389, value: 
key: 769244, value: 
key: 852281, value: 
key: 146267, value: 
key: 631336, value: 
key: 493332, value: 
key: 708953, value: 
key: 53866, value: 
key: 546492, value: 
key: 328410, value: 
key: 970622, value: 
key: 513630, value: 
key: 372558, value: 
key: 170367, value: 
key: 97956, value: 
key: 538787, value: 
key: 463700, value: 
key: 713957, value: 
key: 962979, value: 
key: 473554, value: 
key: 480596, value: 
key: 62680, value: 
key: 972686, value: 
key: 539443, value: 
key: 893804, value: 
key: 236267, value: 
key: 429623, value: 
key: 994844, value: 
key: 965020, value: 
key: 440178, value: 
key: 948827, value: 
key: 249997, value: 
key: 681933, value: 
key: 187512, value: 
key: 129266, value: 
key: 290357, value: 
key: 147055, value: 
key: 174831, value: 
key: 633604, value: 
key: 635567, value: 
key: 803612, value: 
key: 163846, value: 
key: 696319, value: 
key: 368946, value: 
key: 443551, value: 
key: 3834, value: 
key: 170345, value: 
key: 739557, value: 
key: 100128, value: 
key: 552143, value: 
key: 539926, value: 
key: 401762, value: 
key: 700777, value: 
key: 668967, value: 
key: 705765, value: 
key: 706032, value: 
key: 120270, value: 
key: 930343, value: 
key: 401759, value: 
key: 438081, value: 
key: 875349, value: 
key: 786034, value: 
key: 489203, value: 
key: 392989, value: 
key: 694922, value: 
key: 767671, value: 
key: 192828, value: 
key: 913104, value: 
key: 302131, value: 
key: 952071, value: 
key: 732554, value: 
key: 530334, value: 
key: 308643, value: 
key: 586137, value: 
key: 202129, value: 
key: 819224, value: 
key: 833163, value: 
key: 289427, value: 
key: 825588, value: 
key: 122298, value: 
key: 270940, value: 
key: 872737, value: 
key: 808332, value: 
key: 686620, value: 
key: 488189, value: 
key: 150349, value: 
key: 774662, value: 
key: 907516, value: 
key: 423245, value: 
key: 171391, value: 
key: 515728, value: 
key: 769549, value: 
key: 757579, value: 
key: 981749, value: 
key: 821173, value: 
key: 903637, value: 
key: 535823, value: 
key: 638384, value: 
key: 471831, value: 
key: 354509, value: 
key: 490209, value: 
key: 42352, value: 
key: 639897, value: 
key: 981215, value: 
key: 399320, value: 
key: 15592, value: 
key: 570299, value: 
key: 462545, value: 
key: 83065, value: 
key: 458221, value: 
key: 553977, value: 
key: 542641, value: 
key: 772190, value: 
key: 870773, value: 
key: 869957, value: 
key: 510187, value: 
key: 837912, value: 
key: 352785, value: 
key: 802659, value: 
key: 624246, value: 
key: 803207, value: 
key: 858649, value: 
key: 283593, value: 
key: 792798, value: 
key: 645195, value: 
key: 691147, value: 
key: 68318, value: 
key: 704441, value: 
key: 428127, value: 
key: 558820, value: 
key: 315856, value: 
key: 123525, value: 
key: 956129, value: 
key: 894946, value: 
key: 807074, value: 
key: 498582, value: 
key: 572675, value: 
key: 301019, value: 
key: 692166, value: 
key: 256263, value: 
key: 905332, value: 
key: 358730, value: 
key: 720920, value: 
key: 425768, value: 
key: 149743, value: 
key: 14953, value: 
key: 694104, value: 
key: 863245, value: 
key: 954413, value: 
key: 484941, value: 
key: 910754, value: 
key: 748940, value: 
key: 94078, value: 
key: 712361, value: 
key: 265687, value: 
key: 612339, value: 
key: 457763, value: 
key: 633239, value: 
key: 91181, value: 
key: 843296, value: 
key: 366162, value: 
key: 425405, value: 
key: 468367, value: 
key: 353685, value: 
key: 653303, value: 
key: 294203, value: 
key: 24747, value: 
key: 126524, value: 
key: 817028, value: 
key: 933852, value: 
key: 362917, value: 
key: 547888, value: 
key: 342063, value: 
key: 668990, value: 
key: 753216, value: 
key: 821142, value: 
key: 4381, value: 
key: 771759, value: 
key: 967800, value: 
key: 581345, value: 
key: 210065, value: 
key: 773090, value: 
key: 196471, value: 
key: 464, value: 
key: 287740, value: 
key: 420336, value: 
key: 401005, value: 
key: 558923, value: 
key: 244378, value: 
key: 752592, value: 
key: 549901, value: 
key: 96209, value: 
key: 971744, value: 
key: 106083, value: 
key: 454706, value: 
key: 469867, value: 
key: 229812, value: 
key: 741233, value: 
key: 813233, value: 
key: 404798, value: 
key: 456922, value: 
key: 10708, value: 
key: 717492, value: 
key: 448064, value: 
key: 182434, value: 
key: 284426, value: 
key: 797120, value: 
key: 21377, value: 
key: 179847, value: 
key: 308111, value: 
key: 932907, value: 
key: 177180, value: 
key: 368021, value: 
key: 74937, value: 
key: 460215, value: 
key: 231639, value: 
key: 885643, value: 
key: 510064, value: 
key: 867988, value: 
key: 657352, value: 
key: 216399, value: 
key: 755191, value: 
key: 699950, value: 
key: 877037, value: 
key: 44491, value: 
key: 340814, value: 
key: 706858, value: 
key: 579410, value: 
key: 949695, value: 
key: 44312, value: 
key: 767284, value: 
key: 2075, value: 
key: 128085, value: 
key: 817596, value: 
key: 11291, value: 
key: 639398, value: 
key: 309970, value: 
key: 369521, value: 
key: 116459, value: 
key: 430670, value: 
key: 580007, value: 
key: 103581, value: 
key: 691204, value: 
key: 415965, value: 
key: 893619, value: 
key: 804862, value: 
key: 690722, value: 
key: 58959, value: 
key: 864518, value: 
key: 909303, value: 
key: 859343, value: 
key: 907875, value: 
key: 490481, value: 
key: 328177, value: 
key: 312266, value: 
key: 930792, value: 
key: 28615, value: 
key: 623623, value: 
key: 324250, value: 
key: 839684, value: 
key: 630586, value: 
key: 49434, value: 
key: 572910, value: 
key: 321549, value: 
key: 814179, value: 
key: 485025, value: 
key: 904962, value: 
key: 448299, value: 
key: 233316, value: 
key: 97862, value: 
key: 666417, value: 
key: 259855, value: 
key: 352794, value: 
key: 809540, value: 
key: 155535, value: 
key: 482514, value: 
key: 557414, value: 
key: 791728, value: 
key: 151919, value: 
key: 324300, value: 
key: 51721, value: 
key: 714228, value: 
key: 8923, value: 
key: 915160, value: 
key: 974680, value: 
key: 769088, value: 
key: 309280, value: 
key: 575337, value: 
key: 726414, value: 
key: 970503, value: 
key: 23115, value: 
key: 939238, value: 
key: 694320, value: 
key: 506258, value: 
key: 68468, value: 
key: 161550, value: 
key: 281197, value: 
key: 932211, value: 
key: 964386, value: 
key: 630698, value: 
key: 172983, value: 
key: 644903, value: 
key: 586098, value: 
key: 351027, value: 
key: 697512, value: 
key: 342476, value: 
key: 727042, value: 
key: 480750, value: 
key: 7142, value: 
key: 879284, value: 
key: 881151, value: 
key: 585703, value: 
key: 554983, value: 
key: 77787, value: 
key: 38818, value: 
key: 842583, value: 
key: 971940, value: 
key: 742719, value: 
key: 782012, value: 
key: 620985, value: 
key: 774763, value: 
key: 956891, value: 
key: 488655, value: 
key: 407285, value: 
key: 675912, value: 
key: 962450, value: 
key: 958149, value: 
key: 486983, value: 
key: 996994, value: 
key: 593463, value: 
key: 644679, value: 
key: 387101, value: 
key: 363077, value: 
key: 197498, value: 
key: 679329, value: 
key: 136420, value: 
key: 900069, value: 
key: 50920, value: 
key: 447881, value: 
key: 272766, value: 
key: 609300, value: 
key: 734402, value: 
key: 536343, value: 
key: 516914, value: 
key: 256937, value: 
key: 908014, value: 
key: 446622, value: 
key: 381851, value: 
key: 212210, value: 
key: 657167, value: 
key: 430555, value: 
key: 587349, value: 
key: 905644, value: 
key: 506856, value: 
key: 763097, value: 
key: 536093, value: 
key: 604286, value: 
key: 142261, value: 
key: 578909, value: 
key: 569118, value: 
key: 826406, value: 
key: 563868, value: 
key: 266330, value: 
key: 215734, value: 
key: 957337, value: 
key: 390530, value: 
key: 434858, value: 
key: 570039, value: 
key: 880710, value: 
key: 708520, value: 
key: 748539, value: 
key: 559407, value: 
key: 682143, value: 
key: 727723, value: 
key: 880536, value: 
key: 997960, value: 
key: 305356, value: 
key: 595612, value: 
key: 404796, value: 
key: 966654, value: 
key: 752934, value: 
key: 985682, value: 
key: 413103, value: 
key: 243225, value: 
key: 53396, value: 
key: 193081, value: 
key: 65168, value: 
key: 358905, value: 
key: 383095, value: 
key: 710789, value: 
key: 69728, value: 
key: 340454, value: 
key: 496216, value: 
key: 464712, value: 
key: 820789, value: 
key: 277833, value: 
key: 569613, value: 
key: 552082, value: 
key: 6956, value: 
key: 905350, value: 
key: 544160, value: 
key: 322357, value: 
key: 371339, value: 
key: 271196, value: 
key: 289047, value: 
key: 634647, value: 
key: 659017, value: 
key: 902104, value: 
key: 919203, value: 
key: 20075, value: 
key: 68224, value: 
key: 369284, value: 
key: 667304, value: 
key: 940142, value: 
key: 301475, value: 
key: 211945, value: 
key: 282008, value: 
key: 34045, value: 
key: 928937, value: 
key: 135016, value: 
key: 37215, value: 
key: 585723, value: 
key: 776772, value: 
key: 920809, value: 
key: 541536, value: 
key: 113449, value: 
key: 542382, value: 
key: 490267, value: 
key: 573647, value: 
key: 513317, value: 
key: 220242, value: 
key: 21155, value: 
key: 134978, value: 
key: 546304, value: 
key: 474421, value: 
key: 671163, value: 
key: 910020, value: 
key: 928182, value: 
key: 626158, value: 
key: 355650, value: 
key: 437224, value: 
key: 305578, value: 
key: 474814, value: 
key: 792967, value: 
key: 303684, value: 
key: 101666, value: 
key: 469119, value: 
key: 132325, value: 
key: 915924, value: 
key: 371540, value: 
key: 553018, value: 
key: 734486, value: 
key: 226530, value: 
key: 753447, value: 
key: 290214, value: 
key: 67126, value: 
key: 632269, value: 
key: 618940, value: 
key: 270504, value: 
key: 183745, value: 
key: 262653, value: 
key: 469966, value: 
key: 427481, value: 
key: 20594, value: 
key: 969688, value: 
key: 933971, value: 
key: 626372, value: 
key: 855471, value: 
key: 762603, value: 
key: 897428, value: 
key: 635341, value: 
key: 19473, value: 
key: 874304, value: 
key: 649722, value: 
key: 491400, value: 
key: 269924, value: 
key: 523097, value: 
key: 859877, value: 
key: 872322, value: 
key: 491143, value: 
key: 761594, value: 
key: 580328, value: 
key: 306953, value: 
key: 337755, value: 
key: 603762, value: 
key: 577366, value: 
key: 321754, value: 
key: 342896, value: 
key: 307776, value: 
key: 794019, value: 
key: 982304, value: 
key: 212184, value: 
key: 146924, value: 
key: 216942, value: 
key: 326359, value: 
key: 832803, value: 
key: 336929, value: 
key: 544975, value: 
key: 729879, value: 
key: 606550, value: 
key: 653710, value: 
key: 240413, value: 
key: 946078, value: 
key: 893655, value: 
key: 418638, value: 
key: 455772, value: 
key: 349057, value: 
key: 655149, value: 
key: 10577, value: 
key: 335605, value: 
key: 303275, value: 
key: 200204, value: 
key: 637732, value: 
key: 546892, value: 
key: 5935, value: 
key: 877260, value: 
key: 315773, value: 
key: 812791, value: 
key: 711238, value: 
key: 246079, value: 
key: 777944, value: 
key: 910044, value: 
key: 719847, value: 
key: 892616, value: 
key: 560636, value: 
key: 635907, value: 
key: 224598, value: 
key: 373205, value: 
key: 760285, value: 
key: 512071, value: 
key: 439433, value: 
key: 283502, value: 
key: 472100, value: 
key: 811415, value: 
key: 566715, value: 
key: 16986, value: 
key: 94681, value: 
key: 273837, value: 
key: 370408, value: 
key: 261900, value: 
key: 330013, value: 
key: 71312, value: 
key: 413433, value: 
key: 852144, value: 
key: 37226, value: 
key: 771720, value: 
key: 772000, value: 
key: 293620, value: 
key: 686002, value: 
key: 904142, value: 
key: 827823, value: 
key: 13101, value: 
key: 986009, value: 
key: 75417, value: 
key: 915179, value: 
key: 497107, value: 
key: 385668, value: 
key: 499624, value: 
key: 484428, value: 
key: 907936, value: 
key: 712804, value: 
key: 767255, value: 
key: 551562, value: 
key: 185666, value: 
key: 981282, value: 
key: 418854, value: 
key: 279763, value: 
key: 81621, value: 
key: 878449, value: 
key: 905062, value: 
key: 149244, value: 
key: 848978, value: 
key: 204127, value: 
key: 843111, value: 
key: 656591, value: 
key: 702373, value: 
key: 560607, value: 
key: 269498, value: 
key: 791245, value: 
key: 270070, value: 
key: 177069, value: 
key: 724890, value: 
key: 549538, value: 
key: 409366, value: 
key: 413989, value: 
key: 870652, value: 
key: 773038, value: 
key: 259253, value: 
key: 636304, value: 
key: 76193, value: 
key: 584863, value: 
key: 283368, value: 
key: 776011, value: 
key: 476416, value: 
key: 572406, value: 
key: 826770, value: 
key: 220446, value: 
key: 264262, value: 
key: 168948, value: 
key: 777597, value: 
key: 76698, value: 
key: 132426, value: 
key: 369888, value: 
key: 208503, value: 
key: 422785, value: 
key: 834203, value: 
key: 164360, value: 
key: 128115, value: 
key: 418746, value: 
key: 616317, value: 
key: 679170, value: 
key: 399308, value: 
key: 443962, value: 
key: 315957, value: 
key: 511061, value: 
key: 282422, value: 
key: 109253, value: 
key: 82039, value: 
key: 991267, value: 
key: 81647, value: 
key: 638843, value: 
key: 700577, value: 
key: 519386, value: 
key: 986915, value: 
key: 712545, value: 
key: 791249, value: 
key: 159791, value: 
key: 321718, value: 
key: 304742, value: 
key: 608538, value: 
key: 969974, value: 
key: 500654, value: 
key: 601063, value: 
key: 264028, value: 
key: 585169, value: 
key: 697718, value: 
key: 589699, value: 
key: 695149, value: 
key: 608776, value: 
key: 405021, value: 
key: 9559, value: 
key: 993412, value: 
key: 390444, value: 
key: 800499, value: 
key: 309459, value: 
key: 600138, value: 
key: 886211, value: 
key: 184193, value: 
key: 683018, value: 
key: 706403, value: 
key: 271024, value: 
key: 79923, value: 
key: 595591, value: 
key: 370677, value: 
key: 25328, value: 
key: 575304, value: 
key: 498342, value: 
key: 539870, value: 
key: 901835, value: 
key: 511032, value: 
key: 671808, value: 
key: 760162, value: 
key: 600493, value: 
key: 563781, value: 
key: 821337, value: 
key: 658856, value: 
key: 561905, value: 
key: 454090, value: 
key: 428943, value: 
key: 816953, value: 
key: 786997, value: 
key: 281410, value: 
key: 350633, value: 
key: 447087, value: 
key: 354594, value: 
key: 546672, value: 
key: 769127, value: 
key: 116279, value: 
key: 566216, value: 
key: 981813, value: 
key: 379120, value: 
key: 275136, value: 
key: 921518, value: 
key: 217783, value: 
key: 968296, value: 
key: 961525, value: 
key: 289768, value: 
key: 860046, value: 
key: 742027, value: 
key: 264237, value: 
key: 757850, value: 
key: 450263, value: 
key: 814872, value: 
key: 746942, value: 
key: 373999, value: 
key: 82550, value: 
key: 274027, value: 
key: 795126, value: 
key: 269108, value: 
key: 822042, value: 
key: 798150, value: 
key: 696441, value: 
key: 206198, value: 
key: 288794, value: 
key: 512093, value: 
key: 272702, value: 
key: 918639, value: 
key: 770361, value: 
key: 121365, value: 
key: 254537, value: 
key: 675233, value: 
key: 194187, value: 
key: 73071, value: 
key: 725772, value: 
key: 772718, value: 
key: 655619, value: 
key: 685120, value: 
key: 278287, value: 
key: 829766, value: 
key: 759821, value: 
key: 908144, value: 
key: 313832, value: 
key: 217806, value: 
key: 300474, value: 
key: 119751, value: 
key: 62545, value: 
key: 78528, value: 
key: 135577, value: 
key: 188450, value: 
key: 523196, value: 
key: 299402, value: 
key: 741345, value: 
key: 8503, value: 
key: 237716, value: 
key: 694438, value: 
key: 502768, value: 
key: 641104, value: 
key: 685395, value: 
key: 984643, value: 
key: 488912, value: 
key: 572246, value: 
key: 703815, value: 
key: 993643, value: 
key: 840732, value: 
key: 466882, value: 
key: 618148, value: 
key: 630799, value: 
key: 408637, value: 
key: 287984, value: 
key: 998200, value: 
key: 580807, value: 
key: 734378, value: 
key: 429940, value: 
key: 322898, value: 
key: 326889, value: 
key: 910989, value: 
key: 189530, value: 
key: 257921, value: 
key: 975755, value: 
key: 931137, value: 
key: 99170, value: 
key: 697837, value: 
key: 379995, value: 
key: 157254, value: 
key: 632898, value: 
key: 906825, value: 
key: 267380, value: 
key: 148315, value: 
key: 11068, value: 
key: 925758, value: 
key: 179977, value: 
key: 222334, value: 
key: 422453, value: 
key: 9045, value: 
key: 958736, value: 
key: 374556, value: 
key: 542706, value: 
key: 8945, value: 
key: 847430, value: 
key: 115454, value: 
key: 278645, value: 
key: 556750, value: 
key: 904315, value: 
key: 255949, value: 
key: 12902, value: 
key: 432409, value: 
key: 440246, value: 
key: 436814, value: 
key: 685537, value: 
key: 663201, value: 
key: 565677, value: 
key: 184832, value: 
key: 877938, value: 
key: 578576, value: 
key: 24529, value: 
key: 212542, value: 
key: 76881, value: 
key: 950987, value: 
key: 999463, value: 
key: 789396, value: 
key: 621269, value: 
key: 193700, value: 
key: 42912, value: 
key: 857800, value: 
key: 383284, value: 
key: 733038, value: 
key: 692177, value: 
key: 486871, value: 
key: 43377, value: 
key: 340799, value: 
key: 313645, value: 
key: 601690, value: 
key: 488903, value: 
key: 736460, value: 
key: 159494, value: 
key: 319665, value: 
key: 43117, value: 
key: 117988, value: 
key: 833875, value: 
key: 504955, value: 
key: 368241, value: 
key: 650995, value: 
key: 263728, value: 
key: 534017, value: 
key: 945165, value: 
key: 151144, value: 
key: 768137, value: 
key: 931874, value: 
key: 814973, value: 
key: 932976, value: 
key: 542935, value: 
key: 354080, value: 
key: 932994, value: 
key: 826206, value: 
key: 660370, value: 
key: 259215, value: 
key: 550611, value: 
key: 897808, value: 
key: 889568, value: 
key: 140531, value: 
key: 609481, value: 
key: 322386, value: 
key: 931816, value: 
key: 718750, value: 
key: 453965, value: 
key: 830225, value: 
key: 702201, value: 
key: 384050, value: 
key: 882288, value: 
key: 737544, value: 
key: 583240, value: 
key: 383143, value: 
key: 692515, value: 
key: 332084, value: 
key: 503088, value: 
key: 537865, value: 
key: 540052, value: 
key: 205663, value: 
key: 272014, value: 
key: 504542, value: 
key: 231985, value: 
key: 451927, value: 
key: 828831, value: 
key: 111575, value: 
key: 256900, value: 
key: 903183, value: 
key: 386063, value: 
key: 821908, value: 
key: 753272, value: 
key: 210353, value: 
key: 445027, value: 
key: 177759, value: 
key: 682785, value: 
key: 991740, value: 
key: 907716, value: 
key: 444925, value: 
key: 101347, value: 
key: 364410, value: 
key: 808820, value: 
key: 145567, value: 
key: 466437, value: 
key: 658364, value: 
key: 867832, value: 
key: 358350, value: 
key: 489292, value: 
key: 497116, value: 
key: 944524, value: 
key: 496580, value: 
key: 27139, value: 
key: 247140, value: 
key: 122807, value: 
key: 176509, value: 
key: 922665, value: 
key: 966285, value: 
key: 861478, value: 
key: 56861, value: 
key: 260792, value: 
key: 644158, value: 
key: 6651, value: 
key: 381048, value: 
key: 765064, value: 
key: 902337, value: 
key: 206374, value: 
key: 673208, value: 
key: 186597, value: 
key: 716312, value: 
key: 235291, value: 
key: 344719, value: 
key: 320861, value: 
key: 380267, value: 
key: 502001, value: 
key: 361147, value: 
key: 178231, value: 
key: 439259, value: 
key: 24923, value: 
key: 576833, value: 
key: 392093, value: 
key: 282873, value: 
key: 416780, value: 
key: 869890, value: 
key: 870504, value: 
key: 41799, value: 
key: 688396, value: 
key: 905130, value: 
key: 760452, value: 
key: 751344, value: 
key: 459703, value: 
key: 551713, value: 
key: 132846, value: 
key: 870919, value: 
key: 901907, value: 
key: 427885, value: 
key: 116505, value: 
key: 671529, value: 
key: 673006, value: 
key: 778970, value: 
key: 905305, value: 
key: 65418, value: 
key: 450133, value: 
key: 161330, value: 
key: 30209, value: 
key: 299224, value: 
key: 87164, value: 
key: 907624, value: 
key: 126100, value: 
key: 687168, value: 
key: 157184, value: 
key: 858988, value: 
key: 376617, value: 
key: 380256, value: 
key: 558776, value: 
key: 3047, value: 
key: 730839, value: 
key: 484727, value: 
key: 854744, value: 
key: 161433, value: 
key: 618973, value: 
key: 599991, value: 
key: 489337, value: 
key: 132664, value: 
key: 419806, value: 
key: 23722, value: 
key: 269142, value: 
key: 497820, value: 
key: 793719, value: 
key: 169398, value: 
key: 609508, value: 
key: 693493, value: 
key: 487311, value: 
key: 711607, value: 
key: 895172, value: 
key: 235901, value: 
key: 361260, value: 
key: 507608, value: 
key: 291251, value: 
key: 719878, value: 
key: 381567, value: 
key: 321323, value: 
key: 840497, value: 
key: 668785, value: 
key: 215459, value: 
key: 865803, value: 
key: 767156, value: 
key: 575270, value: 
key: 398709, value: 
key: 691637, value: 
key: 849924, value: 
key: 780898, value: 
key: 596561, value: 
key: 320759, value: 
key: 976314, value: 
key: 803265, value: 
key: 899389, value: 
key: 785718, value: 
key: 421197, value: 
key: 608213, value: 
key: 889801, value: 
key: 40905, value: 
key: 387543, value: 
key: 137195, value: 
key: 788050, value: 
key: 726230, value: 
key: 478959, value: 
key: 516655, value: 
key: 473208, value: 
key: 436379, value: 
key: 414085, value: 
key: 984586, value: 
key: 954912, value: 
key: 745071, value: 
key: 177577, value: 
key: 533041, value: 
key: 872126, value: 
key: 974538, value: 
key: 759863, value: 
key: 808518, value: 
key: 265179, value: 
key: 628774, value: 
key: 948845, value: 
key: 155290, value: 
key: 969165, value: 
key: 683001, value: 
key: 880369, value: 
key: 805650, value: 
key: 350103, value: 
key: 207319, value: 
key: 530219, value: 
key: 696292, value: 
key: 396565, value: 
key: 294733, value: 
key: 88710, value: 
key: 770327, value: 
key: 674953, value: 
key: 296588, value: 
key: 745406, value: 
key: 983275, value: 
key: 591500, value: 
key: 984250, value: 
key: 747440, value: 
key: 907019, value: 
key: 732086, value: 
key: 52591, value: 
key: 89870, value: 
key: 243766, value: 
key: 280680, value: 
key: 919959, value: 
key: 802154, value: 
key: 116615, value: 
key: 621366, value: 
key: 649742, value: 
key: 597438, value: 
key: 748067, value: 
key: 896191, value: 
key: 712833, value: 
key: 916235, value: 
key: 559083, value: 
key: 986153, value: 
key: 73934, value: 
key: 391566, value: 
key: 349693, value: 
key: 77233, value: 
key: 986658, value: 
key: 133632, value: 
key: 834272, value: 
key: 314129, value: 
key: 610793, value: 
key: 792363, value: 
key: 622321, value: 
key: 26910, value: 
key: 317764, value: 
key: 664453, value: 
key: 850070, value: 
key: 528001, value: 
key: 811963, value: 
key: 371308, value: 
key: 857062, value: 
key: 585527, value: 
key: 944654, value: 
key: 236562, value: 
key: 646091, value: 
key: 833693, value: 
key: 995874, value: 
key: 177861, value: 
key: 40585, value: 
key: 915722, value: 
key: 384063, value: 
key: 910071, value: 
key: 777764, value: 
key: 590112, value: 
key: 102704, value: 
key: 279284, value: 
key: 240028, value: 
key: 354547, value: 
key: 148047, value: 
key: 942243, value: 
key: 663496, value: 
key: 438159, value: 
key: 405634, value: 
key: 911713, value: 
key: 932868, value: 
key: 83825, value: 
key: 580155, value: 
key: 795999, value: 
key: 661209, value: 
key: 475176, value: 
key: 807021, value: 
key: 562050, value: 
key: 224226, value: 
key: 956402, value: 
key: 875424, value: 
key: 205012, value: 
key: 333070, value: 
key: 948898, value: 
key: 621278, value: 
key: 524203, value: 
key: 380979, value: 
key: 852478, value: 
key: 929547, value: 
key: 246545, value: 
key: 469520, value: 
key: 507671, value: 
key: 220204, value: 
key: 418452, value: 
key: 28532, value: 
key: 504380, value: 
key: 605997, value: 
key: 440503, value: 
key: 936169, value: 
key: 993308, value: 
key: 972138, value: 
key: 65931, value: 
key: 559102, value: 
key: 413459, value: 
key: 163194, value: 
key: 838090, value: 
key: 19844, value: 
key: 441780, value: 
key: 526685, value: 
key: 255563, value: 
key: 270829, value: 
key: 260934, value: 
key: 524836, value: 
key: 577977, value: 
key: 45700, value: 
key: 246020, value: 
key: 567466, value: 
key: 44541, value: 
key: 668880, value: 
key: 933816, value: 
key: 464426, value: 
key: 316424, value: 
key: 278285, value: 
key: 786724, value: 
key: 309802, value: 
key: 638063, value: 
key: 556413, value: 
key: 377854, value: 
key: 983994, value: 
key: 837062, value: 
key: 841823, value: 
key: 457060, value: 
key: 586665, value: 
key: 481665, value: 
key: 945495, value: 
key: 3081, value: 
key: 734578, value: 
key: 493734, value: 
key: 987983, value: 
key: 54205, value: 
key: 697318, value: 
key: 777087, value: 
key: 689672, value: 
key: 511113, value: 
key: 638366, value: 
key: 627890, value: 
key: 114774, value: 
key: 383622, value: 
key: 454649, value: 
key: 581758, value: 
key: 539939, value: 
key: 497637, value: 
key: 329589, value: 
key: 930518, value: 
key: 551654, value: 
key: 515218, value: 
key: 241872, value: 
key: 153069, value: 
key: 38768, value: 
key: 821227, value: 
key: 102490, value: 
key: 288248, value: 
key: 970651, value: 
key: 785985, value: 
key: 107787, value: 
key: 116561, value: 
key: 374286, value: 
key: 213518, value: 
key: 572637, value: 
key: 817718, value: 
key: 60055, value: 
key: 370136, value: 
key: 583116, value: 
key: 939171, value: 
key: 44028, value: 
key: 623713, value: 
key: 665865, value: 
key: 926252, value: 
key: 843290, value: 
key: 623562, value: 
key: 181398, value: 
key: 396592, value: 
key: 460040, value: 
key: 485773, value: 
key: 907543, value: 
key: 382975, value: 
key: 837080, value: 
key: 972000, value: 
key: 821447, value: 
key: 237158, value: 
key: 491299, value: 
key: 324261, value: 
key: 979892, value: 
key: 491347, value: 
key: 812636, value: 
key: 957908, value: 
key: 28273, value: 
key: 882701, value: 
key: 949558, value: 
key: 450256, value: 
key: 721444, value: 
key: 544441, value: 
key: 623779, value: 
key: 690087, value: 
key: 46257, value: 
key: 520014, value: 
key: 389918, value: 
key: 32504, value: 
key: 579210, value: 
key: 419611, value: 
key: 506476, value: 
key: 921291, value: 
key: 480185, value: 
key: 786384, value: 
key: 832324, value: 
key: 255149, value: 
key: 36670, value: 
key: 209005, value: 
key: 755980, value: 
key: 619053, value: 
key: 571724, value: 
key: 63968, value: 
key: 863647, value: 
key: 196145, value: 
key: 569321, value: 
key: 537173, value: 
key: 936990, value: 
key: 920436, value: 
key: 84826, value: 
key: 915580, value: 
key: 303208, value: 
key: 660301, value: 
key: 988836, value: 
key: 79413, value: 
key: 970167, value: 
key: 417383, value: 
key: 758862, value: 
key: 308296, value: 
key: 734004, value: 
key: 931111, value: 
key: 21623, value: 
key: 595362, value: 
key: 312558, value: 
key: 60978, value: 
key: 802341, value: 
key: 769404, value: 
key: 491842, value: 
key: 397607, value: 
key: 435307, value: 
key: 44109, value: 
key: 41618, value: 
key: 968236, value: 
key: 159287, value: 
key: 473224, value: 
key: 951223, value: 
key: 383365, value: 
key: 284721, value: 
key: 407874, value: 
key: 830397, value: 
key: 966373, value: 
key: 358714, value: 
key: 75125, value: 
key: 538695, value: 
key: 561826, value: 
key: 836353, value: 
key: 306519, value: 
key: 130471, value: 
key: 204439, value: 
key: 631671, value: 
key: 959366, value: 
key: 456119, value: 
key: 134686, value: 
key: 345976, value: 
key: 586867, value: 
key: 874034, value: 
key: 716910, value: 
key: 118026, value: 
key: 459886, value: 
key: 479389, value: 
key: 298070, value: 
key: 524313, value: 
key: 512523, value: 
key: 23759, value: 
key: 7423, value: 
key: 435284, value: 
key: 132316, value: 
key: 204125, value: 
key: 407704, value: 
key: 891219, value: 
key: 349015, value: 
key: 522115, value: 
key: 397528, value: 
key: 608402, value: 
key: 481911, value: 
key: 728658, value: 
key: 418289, value: 
key: 377519, value: 
key: 265876, value: 
key: 762434, value: 
key: 885195, value: 
key: 924113, value: 
key: 505486, value: 
key: 748728, value: 
key: 953571, value: 
key: 300649, value: 
key: 371807, value: 
key: 325309, value: 
key: 68158, value: 
key: 520498, value: 
key: 740832, value: 
key: 423159, value: 
key: 894496, value: 
key: 534859, value: 
key: 976879, value: 
key: 988388, value: 
key: 150736, value: 
key: 813129, value: 
key: 617448, value: 
key: 420338, value: 
key: 708319, value: 
key: 925974, value: 
key: 881823, value: 
key: 510943, value: 
key: 937867, value: 
key: 131438, value: 
key: 199045, value: 
key: 351162, value: 
key: 124601, value: 
key: 683575, value: 
key: 526584, value: 
key: 647515, value: 
key: 707776, value: 
key: 154178, value: 
key: 107341, value: 
key: 258342, value: 
key: 394996, value: 
key: 323505, value: 
key: 292951, value: 
key: 279198, value: 
key: 525970, value: 
key: 398543, value: 
key: 448831, value: 
key: 204484, value: 
key: 622523, value: 
key: 251202, value: 
key: 996488, value: 
key: 141451, value: 
key: 576778, value: 
key: 703055, value: 
key: 520920, value: 
key: 459978, value: 
key: 86673, value: 
key: 122517, value: 
key: 295710, value: 
key: 447407, value: 
key: 228404, value: 
key: 675884, value: 
key: 894005, value: 
key: 817729, value: 
key: 175177, value: 
key: 188201, value: 
key: 43740, value: 
key: 652182, value: 
key: 121729, value: 
key: 74339, value: 
key: 910918, value: 
key: 934493, value: 
key: 72849, value: 
key: 728186, value: 
key: 111816, value: 
key: 476861, value: 
key: 788535, value: 
key: 539742, value: 
key: 12146, value: 
key: 39554, value: 
key: 901639, value: 
key: 219019, value: 
key: 424077, value: 
key: 195052, value: 
key: 893842, value: 
key: 895019, value: 
key: 575506, value: 
key: 395070, value: 
key: 369176, value: 
key: 28912, value: 
key: 802118, value: 
key: 768210, value: 
key: 845997, value: 
key: 191672, value: 
key: 64798, value: 
key: 557102, value: 
key: 382171, value: 
key: 236238, value: 
key: 233037, value: 
key: 137245, value: 
key: 724478, value: 
key: 115737, value: 
key: 274140, value: 
key: 950343, value: 
key: 898421, value: 
key: 97705, value: 
key: 666770, value: 
key: 358600, value: 
key: 196547, value: 
key: 546766, value: 
key: 766641, value: 
key: 58546, value: 
key: 768379, value: 
key: 61735, value: 
key: 647812, value: 
key: 899464, value: 
key: 491967, value: 
key: 284415, value: 
key: 958330, value: 
key: 36951, value: 
key: 727107, value: 
key: 701684, value: 
key: 911625, value: 
key: 533159, value: 
key: 148658, value: 
key: 705941, value: 
key: 204774, value: 
key: 640514, value: 
key: 693684, value: 
key: 347048, value: 
key: 729105, value: 
key: 598284, value: 
key: 369745, value: 
key: 498593, value: 
key: 803418, value: 
key: 88619, value: 
key: 173216, value: 
key: 262082, value: 
key: 632975, value: 
key: 166856, value: 
key: 321332, value: 
key: 943570, value: 
key: 387112, value: 
key: 649063, value: 
key: 526207, value: 
key: 780519, value: 
key: 103262, value: 
key: 161004, value: 
key: 371449, value: 
key: 242480, value: 
key: 4286, value: 
key: 879042, value: 
key: 937663, value: 
key: 701457, value: 
key: 743163, value: 
key: 162740, value: 
key: 183006, value: 
key: 22390, value: 
key: 386524, value: 
key: 609360, value: 
key: 342748, value: 
key: 140142, value: 
key: 883508, value: 
key: 496812, value: 
key: 801045, value: 
key: 81984, value: 
key: 817136, value: 
key: 156284, value: 
key: 728122, value: 
key: 736442, value: 
key: 752314, value: 
key: 112387, value: 
key: 266510, value: 
key: 638702, value: 
key: 667513, value: 
key: 337027, value: 
key: 981936, value: 
key: 295794, value: 
key: 833277, value: 
key: 480367, value: 
key: 676010, value: 
key: 833765, value: 
key: 360311, value: 
key: 768854, value: 
key: 439769, value: 
key: 900090, value: 
key: 727697, value: 
key: 879176, value: 
key: 262219, value: 
key: 887997, value: 
key: 212223, value: 
key: 288956, value: 
key: 75888, value: 
key: 375920, value: 
key: 301446, value: 
key: 82222, value: 
key: 491453, value: 
key: 311836, value: 
key: 657637, value: 
key: 312927, value: 
key: 731957, value: 
key: 927628, value: 
key: 953782, value: 
key: 749118, value: 
key: 277398, value: 
key: 757557, value: 
key: 378532, value: 
key: 936822, value: 
key: 825566, value: 
key: 654038, value: 
key: 444961, value: 
key: 893796, value: 
key: 437499, value: 
key: 181341, value: 
key: 486549, value: 
key: 534527, value: 
key: 405216, value: 
key: 591391, value: 
key: 639934, value: 
key: 601438, value: 
key: 854511, value: 
key: 518093, value: 
key: 102791, value: 
key: 92940, value: 
key: 483245, value: 
key: 243324, value: 
key: 2369, value: 
key: 277747, value: 
key: 456025, value: 
key: 910664, value: 
key: 162368, value: 
key: 855343, value: 
key: 880891, value: 
key: 530114, value: 
key: 748586, value: 
key: 107240, value: 
key: 283438, value: 
key: 738213, value: 
key: 759647, value: 
key: 732921, value: 
key: 91671, value: 
key: 783617, value: 
key: 284167, value: 
key: 304227, value: 
key: 695927, value: 
key: 277460, value: 
key: 270881, value: 
key: 345387, value: 
key: 69890, value: 
key: 726946, value: 
key: 115119, value: 
key: 497905, value: 
key: 829513, value: 
key: 834746, value: 
key: 320487, value: 
key: 284660, value: 
key: 296816, value: 
key: 263764, value: 
key: 210133, value: 
key: 702537, value: 
key: 777159, value: 
key: 726391, value: 
key: 928483, value: 
key: 211156, value: 
key: 481063, value: 
key: 248868, value: 
key: 413691, value: 
key: 681391, value: 
key: 279947, value: 
key: 367329, value: 
key: 348142, value: 
key: 35497, value: 
key: 537331, value: 
key: 308984, value: 
key: 732439, value: 
key: 869827, value: 
key: 173692, value: 
key: 539900, value: 
key: 225304, value: 
key: 241870, value: 
key: 19026, value: 
key: 869436, value: 
key: 296975, value: 
key: 637026, value: 
key: 237750, value: 
key: 938437, value: 
key: 988287, value: 
key: 602172, value: 
key: 28611, value: 
key: 569637, value: 
key: 922836, value: 
key: 359461, value: 
key: 600363, value: 
key: 434627, value: 
key: 422729, value: 
key: 524300, value: 
key: 678993, value: 
key: 872429, value: 
key: 944135, value: 
key: 953254, value: 
key: 556895, value: 
key: 134523, value: 
key: 547808, value: 
key: 121149, value: 
key: 233365, value: 
key: 392459, value: 
key: 437763, value: 
key: 775104, value: 
key: 852496, value: 
key: 158477, value: 
key: 662044, value: 
key: 101910, value: 
key: 632393, value: 
key: 438102, value: 
key: 680189, value: 
key: 814724, value: 
key: 972839, value: 
key: 824011, value: 
key: 872782, value: 
key: 454654, value: 
key: 268091, value: 
key: 442262, value: 
key: 445692, value: 
key: 919696, value: 
key: 261803, value: 
key: 413501, value: 
key: 1461, value: 
key: 673569, value: 
key: 912406, value: 
key: 760263, value: 
key: 333201, value: 
key: 48329, value: 
key: 932901, value: 
key: 350594, value: 
key: 579788, value: 
key: 924892, value: 
key: 972088, value: 
key: 782689, value: 
key: 712318, value: 
key: 421872, value: 
key: 233532, value: 
key: 875633, value: 
key: 608345, value: 
key: 725853, value: 
key: 475475, value: 
key: 151247, value: 
key: 816195, value: 
key: 991292, value: 
key: 745097, value: 
key: 669122, value: 
key: 987440, value: 
key: 909592, value: 
key: 657822, value: 
key: 202646, value: 
key: 908986, value: 
key: 225689, value: 
key: 900050, value: 
key: 833187, value: 
key: 877592, value: 
key: 866705, value: 
key: 214218, value: 
key: 114332, value: 
key: 921891, value: 
key: 76230, value: 
key: 715476, value: 
key: 909077, value: 
key: 466738, value: 
key: 480013, value: 
key: 835277, value: 
key: 508706, value: 
key: 482206, value: 
key: 934695, value: 
key: 157320, value: 
key: 86493, value: 
key: 40550, value: 
key: 462903, value: 
key: 800888, value: 
key: 129510, value: 
key: 865403, value: 
key: 58225, value: 
key: 355973, value: 
key: 103640, value: 
key: 668086, value: 
key: 933092, value: 
key: 949273, value: 
key: 920584, value: 
key: 103185, value: 
key: 717090, value: 
key: 809818, value: 
key: 937959, value: 
key: 395610, value: 
key: 112240, value: 
key: 390266, value: 
key: 831158, value: 
key: 829793, value: 
key: 784623, value: 
key: 998488, value: 
key: 713742, value: 
key: 436702, value: 
key: 3276, value: 
key: 21421, value: 
key: 882202, value: 
key: 891800, value: 
key: 643427, value: 
key: 620161, value: 
key: 570015, value: 
key: 518440, value: 
key: 200008, value: 
key: 54533, value: 
key: 402503, value: 
key: 133005, value: 
key: 937489, value: 
key: 139409, value: 
key: 375241, value: 
key: 766113, value: 
key: 444536, value: 
key: 992002, value: 
key: 373065, value: 
key: 273484, value: 
key: 385116, value: 
key: 135380, value: 
key: 675521, value: 
key: 567831, value: 
key: 347596, value: 
key: 101914, value: 
key: 814779, value: 
key: 494627, value: 
key: 705462, value: 
key: 307822, value: 
key: 91116, value: 
key: 52492, value: 
key: 155337, value: 
key: 415460, value: 
key: 444813, value: 
key: 611402, value: 
key: 630315, value: 
key: 834159, value: 
key: 400741, value: 
key: 448886, value: 
key: 626044, value: 
key: 416432, value: 
key: 994169, value: 
key: 848518, value: 
key: 312712, value: 
key: 91383, value: 
key: 374907, value: 
key: 914756, value: 
key: 128533, value: 
key: 987121, value: 
key: 640730, value: 
key: 651961, value: 
key: 189277, value: 
key: 507019, value: 
key: 922579, value: 
key: 790950, value: 
key: 369112, value: 
key: 400679, value: 
key: 570701, value: 
key: 817398, value: 
key: 789538, value: 
key: 149352, value: 
key: 419493, value: 
key: 673770, value: 
key: 688068, value: 
key: 819116, value: 
key: 971469, value: 
key: 100786, value: 
key: 756318, value: 
key: 273563, value: 
key: 548731, value: 
key: 65696, value: 
key: 763440, value: 
key: 730422, value: 
key: 278751, value: 
key: 146250, value: 
key: 124335, value: 
key: 602819, value: 
key: 706995, value: 
key: 878111, value: 
key: 734495, value: 
key: 737533, value: 
key: 102827, value: 
key: 831363, value: 
key: 197704, value: 
key: 612627, value: 
key: 690227, value: 
key: 47632, value: 
key: 323013, value: 
key: 797124, value: 
key: 311535, value: 
key: 343235, value: 
key: 629818, value: 
key: 174, value: 
key: 83261, value: 
key: 348708, value: 
key: 680499, value: 
key: 145220, value: 
key: 542517, value: 
key: 29102, value: 
key: 237125, value: 
key: 245829, value: 
key: 120328, value: 
key: 213495, value: 
key: 229759, value: 
key: 923244, value: 
key: 476063, value: 
key: 179119, value: 
key: 221049, value: 
key: 869542, value: 
key: 954185, value: 
key: 764407, value: 
key: 847863, value: 
key: 458180, value: 
key: 564072, value: 
key: 624734, value: 
key: 318826, value: 
key: 259514, value: 
key: 152473, value: 
key: 429241, value: 
key: 286624, value: 
key: 499480, value: 
key: 679343, value: 
key: 783095, value: 
key: 398466, value: 
key: 308627, value: 
key: 880521, value: 
key: 534244, value: 
key: 210915, value: 
key: 326140, value: 
key: 259015, value: 
key: 949071, value: 
key: 548056, value: 
key: 675000, value: 
key: 373308, value: 
key: 772707, value: 
key: 833206, value: 
key: 853329, value: 
key: 670641, value: 
key: 373568, value: 
key: 428718, value: 
key: 273662, value: 
key: 954602, value: 
key: 1052, value: 
key: 847328, value: 
key: 921512, value: 
key: 878849, value: 
key: 143925, value: 
key: 666307, value: 
key: 453561, value: 
key: 907707, value: 
key: 207762, value: 
key: 740676, value: 
key: 928188, value: 
key: 58940, value: 
key: 713476, value: 
key: 560944, value: 
key: 923952, value: 
key: 57941, value: 
key: 174835, value: 
key: 187970, value: 
key: 832009, value: 
key: 31552, value: 
key: 331324, value: 
key: 522287, value: 
key: 131445, value: 
key: 711081, value: 
key: 306076, value: 
key: 436393, value: 
key: 551229, value: 
key: 524526, value: 
key: 17196, value: 
key: 10245, value: 
key: 538819, value: 
key: 475710, value: 
key: 328805, value: 
key: 423179, value: 
key: 332800, value: 
key: 430513, value: 
key: 671383, value: 
key: 318662, value: 
key: 229476, value: 
key: 602583, value: 
key: 511957, value: 
key: 249108, value: 
key: 274278, value: 
key: 85290, value: 
key: 947219, value: 
key: 8361, value: 
key: 772903, value: 
key: 425931, value: 
key: 852900, value: 
key: 524146, value: 
key: 15475, value: 
key: 833639, value: 
key: 716826, value: 
key: 747077, value: 
key: 245892, value: 
key: 774031, value: 
key: 201092, value: 
key: 378730, value: 
key: 998477, value: 
key: 515254, value: 
key: 101479, value: 
key: 449616, value: 
key: 28576, value: 
key: 227034, value: 
key: 840543, value: 
key: 561916, value: 
key: 735483, value: 
key: 153137, value: 
key: 667784, value: 
key: 718556, value: 
key: 723363, value: 
key: 628600, value: 
key: 552491, value: 
key: 586988, value: 
key: 204943, value: 
key: 49812, value: 
key: 213408, value: 
key: 664846, value: 
key: 658719, value: 
key: 364982, value: 
key: 38627, value: 
key: 54874, value: 
key: 90847, value: 
key: 346104, value: 
key: 804635, value: 
key: 389350, value: 
key: 786579, value: 
key: 508605, value: 
key: 408820, value: 
key: 229931, value: 
key: 611471, value: 
key: 850968, value: 
key: 80697, value: 
key: 591425, value: 
key: 205270, value: 
key: 186933, value: 
key: 19387, value: 
key: 167477, value: 
key: 638098, value: 
key: 667926, value: 
key: 20503, value: 
key: 657646, value: 
key: 665555, value: 
key: 529808, value: 
key: 112758, value: 
key: 630306, value: 
key: 139708, value: 
key: 912493, value: 
key: 780827, value: 
key: 90421, value: 
key: 964690, value: 
key: 628781, value: 
key: 963004, value: 
key: 83557, value: 
key: 814173, value: 
key: 828167, value: 
key: 559894, value: 
key: 14755, value: 
key: 44921, value: 
key: 254506, value: 
key: 260893, value: 
key: 398512, value: 
key: 403283, value: 
key: 404897, value: 
key: 849658, value: 
key: 106760, value: 
key: 578624, value: 
key: 505310, value: 
key: 502157, value: 
key: 567938, value: 
key: 681070, value: 
key: 285380, value: 
key: 89247, value: 
key: 957359, value: 
key: 199672, value: 
key: 924540, value: 
key: 76906, value: 
key: 924681, value: 
key: 401951, value: 
key: 345998, value: 
key: 626899, value: 
key: 720135, value: 
key: 293981, value: 
key: 682910, value: 
key: 526137, value: 
key: 991779, value: 
key: 651149, value: 
key: 754781, value: 
key: 966070, value: 
key: 164184, value: 
key: 177366, value: 
key: 250265, value: 
key: 824002, value: 
key: 278768, value: 
key: 353232, value: 
key: 737076, value: 
key: 615910, value: 
key: 107048, value: 
key: 94047, value: 
key: 19842, value: 
key: 534802, value: 
key: 676180, value: 
key: 984177, value: 
key: 422837, value: 
key: 929914, value: 
key: 474647, value: 
key: 304380, value: 
key: 856522, value: 
key: 652281, value: 
key: 556448, value: 
key: 762005, value: 
key: 609049, value: 
key: 412128, value: 
key: 706348, value: 
key: 31907, value: 
key: 430739, value: 
key: 921596, value: 
key: 161273, value: 
key: 606837, value: 
key: 430713, value: 
key: 470012, value: 
key: 282794, value: 
key: 544458, value: 
key: 851549, value: 
key: 298889, value: 
key: 41997, value: 
key: 914396, value: 
key: 742177, value: 
key: 657479, value: 
key: 722368, value: 
key: 392611, value: 
key: 290081, value: 
key: 926210, value: 
key: 149998, value: 
key: 445892, value: 
key: 800866, value: 
key: 475464, value: 
key: 604028, value: 
key: 332677, value: 
key: 946111, value: 
key: 171261, value: 
key: 975289, value: 
key: 958633, value: 
key: 834704, value: 
key: 272656, value: 
key: 213264, value: 
key: 24813, value: 
key: 453338, value: 
key: 238681, value: 
key: 577395, value: 
key: 728946, value: 
key: 428099, value: 
key: 226134, value: 
key: 792132, value: 
key: 792079, value: 
key: 520245, value: 
key: 832197, value: 
key: 280042, value: 
key: 301462, value: 
key: 439530, value: 
key: 209887, value: 
key: 516752, value: 
key: 324401, value: 
key: 87142, value: 
key: 513380, value: 
key: 828305, value: 
key: 378264, value: 
key: 456876, value: 
key: 21887, value: 
key: 616359, value: 
key: 298957, value: 
key: 350471, value: 
key: 174356, value: 
key: 703523, value: 
key: 87920, value: 
key: 276201, value: 
key: 260125, value: 
key: 777757, value: 
key: 235877, value: 
key: 632984, value: 
key: 710989, value: 
key: 476807, value: 
key: 419363, value: 
key: 700890, value: 
key: 837569, value: 
key: 388438, value: 
key: 88695, value: 
key: 521235, value: 
key: 380935, value: 
key: 717184, value: 
key: 981280, value: 
key: 38889, value: 
key: 868675, value: 
key: 283830, value: 
key: 596589, value: 
key: 851255, value: 
key: 178091, value: 
key: 91512, value: 
key: 530811, value: 
key: 694313, value: 
key: 347013, value: 
key: 969842, value: 
key: 952815, value: 
key: 507912, value: 
key: 57125, value: 
key: 847384, value: 
key: 637930, value: 
key: 728805, value: 
key: 969275, value: 
key: 732437, value: 
key: 522829, value: 
key: 911102, value: 
key: 697293, value: 
key: 664750, value: 
key: 924687, value: 
key: 985318, value: 
key: 254520, value: 
key: 203874, value: 
key: 150040, value: 
key: 404734, value: 
key: 877259, value: 
key: 615833, value: 
key: 116880, value: 
key: 288064, value: 
key: 365097, value: 
key: 932413, value: 
key: 89627, value: 
key: 85603, value: 
key: 613549, value: 
key: 770125, value: 
key: 275073, value: 
key: 825412, value: 
key: 423258, value: 
key: 382225, value: 
key: 859130, value: 
key: 260547, value: 
key: 568537, value: 
key: 919058, value: 
key: 280411, value: 
key: 402327, value: 
key: 389004, value: 
key: 9894, value: 
key: 864334, value: 
key: 315450, value: 
key: 571421, value: 
key: 240172, value: 
key: 75541, value: 
key: 866864, value: 
key: 503552, value: 
key: 983053, value: 
key: 414513, value: 
key: 229559, value: 
key: 24213, value: 
key: 941127, value: 
key: 453534, value: 
key: 102966, value: 
key: 813208, value: 
key: 472661, value: 
key: 652863, value: 
key: 603968, value: 
key: 583837, value: 
key: 699697, value: 
key: 830348, value: 
key: 575386, value: 
key: 951205, value: 
key: 269975, value: 
key: 457154, value: 
key: 615987, value: 
key: 483984, value: 
key: 778644, value: 
key: 801199, value: 
key: 390424, value: 
key: 637073, value: 
key: 583136, value: 
key: 219794, value: 
key: 636515, value: 
key: 661333, value: 
key: 91473, value: 
key: 342089, value: 
key: 246136, value: 
key: 181150, value: 
key: 877848, value: 
key: 611158, value: 
key: 919632, value: 
key: 125916, value: 
key: 151584, value: 
key: 997821, value: 
key: 905080, value: 
key: 512187, value: 
key: 521307, value: 
key: 672047, value: 
key: 654272, value: 
key: 359081, value: 
key: 969325, value: 
key: 105664, value: 
key: 757768, value: 
key: 882945, value: 
key: 586942, value: 
key: 168373, value: 
key: 649504, value: 
key: 974464, value: 
key: 278120, value: 
key: 44615, value: 
key: 840455, value: 
key: 620411, value: 
key: 338606, value: 
key: 908870, value: 
key: 378035, value: 
key: 34733, value: 
key: 842475, value: 
key: 975698, value: 
key: 344360, value: 
key: 32836, value: 
key: 803021, value: 
key: 874388, value: 
key: 662563, value: 
key: 704641, value: 
key: 976510, value: 
key: 573335, value: 
key: 956727, value: 
key: 958587, value: 
key: 622828, value: 
key: 51950, value: 
key: 820008, value: 
key: 277437, value: 
key: 546401, value: 
key: 99354, value: 
key: 868358, value: 
key: 597104, value: 
key: 430333, value: 
key: 433341, value: 
key: 991258, value: 
key: 29704, value: 
key: 220488, value: 
key: 402136, value: 
key: 257752, value: 
key: 454298, value: 
key: 58348, value: 
key: 743998, value: 
key: 518480, value: 
key: 839433, value: 
key: 705965, value: 
key: 414931, value: 
key: 227339, value: 
key: 831244, value: 
key: 531670, value: 
key: 252010, value: 
key: 102322, value: 
key: 546719, value: 
key: 40187, value: 
key: 331827, value: 
key: 898155, value: 
key: 48671, value: 
key: 640808, value: 
key: 512860, value: 
key: 217392, value: 
key: 54953, value: 
key: 900153, value: 
key: 890621, value: 
key: 291356, value: 
key: 511108, value: 
key: 989365, value: 
key: 916350, value: 
key: 284419, value: 
key: 680912, value: 
key: 298522, value: 
key: 665401, value: 
key: 299932, value: 
key: 385923, value: 
key: 555526, value: 
key: 834106, value: 
key: 715894, value: 
key: 989110, value: 
key: 225906, value: 
key: 78218, value: 
key: 424206, value: 
key: 193812, value: 
key: 552008, value: 
key: 896744, value: 
key: 42068, value: 
key: 211628, value: 
key: 819460, value: 
key: 169332, value: 
key: 550323, value: 
key: 44510, value: 
key: 810139, value: 
key: 47872, value: 
key: 233840, value: 
key: 839156, value: 
key: 677684, value: 
key: 985132, value: 
key: 350338, value: 
key: 382861, value: 
key: 337751, value: 
key: 729226, value: 
key: 103884, value: 
key: 616902, value: 
key: 217635, value: 
key: 596268, value: 
key: 140609, value: 
key: 48422, value: 
key: 89759, value: 
key: 622554, value: 
key: 892829, value: 
key: 701275, value: 
key: 835947, value: 
key: 763701, value: 
key: 770635, value: 
key: 83278, value: 
key: 540825, value: 
key: 452768, value: 
key: 312491, value: 
key: 331980, value: 
key: 790149, value: 
key: 527350, value: 
key: 418588, value: 
key: 582313, value: 
key: 457097, value: 
key: 708311, value: 
key: 332679, value: 
key: 479497, value: 
key: 672979, value: 
key: 487054, value: 
key: 559678, value: 
key: 881021, value: 
key: 828590, value: 
key: 142131, value: 
key: 67597, value: 
key: 677321, value: 
key: 333634, value: 
key: 225025, value: 
key: 421937, value: 
key: 160081, value: 
key: 475835, value: 
key: 674063, value: 
key: 41300, value: 
key: 560467, value: 
key: 55381, value: 
key: 978303, value: 
key: 202527, value: 
key: 957830, value: 
key: 953654, value: 
key: 922872, value: 
key: 70612, value: 
key: 191346, value: 
key: 402200, value: 
key: 478199, value: 
key: 887458, value: 
key: 164230, value: 
key: 610814, value: 
key: 850650, value: 
key: 148674, value: 
key: 417222, value: 
key: 178909, value: 
key: 144636, value: 
key: 266217, value: 
key: 248675, value: 
key: 166342, value: 
key: 671785, value: 
key: 748577, value: 
key: 214461, value: 
key: 775010, value: 
key: 347141, value: 
key: 224965, value: 
key: 510473, value: 
key: 684244, value: 
key: 859462, value: 
key: 16199, value: 
key: 276216, value: 
key: 164025, value: 
key: 794785, value: 
key: 775982, value: 
key: 155362, value: 
key: 158275, value: 
key: 575001, value: 
key: 144922, value: 
key: 337483, value: 
key: 512640, value: 
key: 831996, value: 
key: 388876, value: 
key: 381017, value: 
key: 170170, value: 
key: 802547, value: 
key: 969145, value: 
key: 717083, value: 
key: 858809, value: 
key: 801007, value: 
key: 834058, value: 
key: 102984, value: 
key: 513041, value: 
key: 891024, value: 
key: 430218, value: 
key: 352006, value: 
key: 43746, value: 
key: 851406, value: 
key: 710244, value: 
key: 832272, value: 
key: 529697, value: 
key: 383268, value: 
key: 814225, value: 
key: 482006, value: 
key: 968726, value: 
key: 457297, value: 
key: 453202, value: 
key: 80503, value: 
key: 459826, value: 
key: 152509, value: 
key: 726306, value: 
key: 184636, value: 
key: 610414, value: 
key: 123275, value: 
key: 562843, value: 
key: 53101, value: 
key: 346797, value: 
key: 422534, value: 
key: 60769, value: 
key: 448958, value: 
key: 77451, value: 
key: 668499, value: 
key: 1650, value: 
key: 37839, value: 
key: 948784, value: 
key: 402103, value: 
key: 218524, value: 
key: 107578, value: 
key: 289661, value: 
key: 59044, value: 
key: 86055, value: 
key: 837084, value: 
key: 949491, value: 
key: 40411, value: 
key: 539094, value: 
key: 893723, value: 
key: 299466, value: 
key: 717223, value: 
key: 967473, value: 
key: 799618, value: 
key: 115887, value: 
key: 247461, value: 
key: 936428, value: 
key: 869533, value: 
key: 565367, value: 
key: 765857, value: 
key: 651950, value: 
key: 349145, value: 
key: 141422, value: 
key: 165202, value: 
key: 212528, value: 
key: 468361, value: 
key: 589815, value: 
key: 724692, value: 
key: 771199, value: 
key: 887678, value: 
key: 536460, value: 
key: 587381, value: 
key: 157399, value: 
key: 790444, value: 
key: 919243, value: 
key: 263643, value: 
key: 203809, value: 
key: 744984, value: 
key: 73565, value: 
key: 770400, value: 
key: 509990, value: 
key: 696467, value: 
key: 608185, value: 
key: 978275, value: 
key: 498531, value: 
key: 459327, value: 
key: 246608, value: 
key: 988630, value: 
key: 814652, value: 
key: 617147, value: 
key: 844729, value: 
key: 607195, value: 
key: 889870, value: 
key: 922472, value: 
key: 122814, value: 
key: 916356, value: 
key: 193308, value: 
key: 921172, value: 
key: 207645, value: 
key: 509758, value: 
key: 894423, value: 
key: 301413, value: 
key: 956383, value: 
key: 238119, value: 
key: 497293, value: 
key: 298407, value: 
key: 604163, value: 
key: 651381, value: 
key: 52269, value: 
key: 258331, value: 
key: 978024, value: 
key: 266169, value: 
key: 474043, value: 
key: 201036, value: 
key: 143666, value: 
key: 524515, value: 
key: 279787, value: 
key: 184458, value: 
key: 336378, value: 
key: 175658, value: 
key: 726991, value: 
key: 409380, value: 
key: 641449, value: 
key: 271, value: 
key: 51712, value: 
key: 960748, value: 
key: 557377, value: 
key: 817859, value: 
key: 120432, value: 
key: 954565, value: 
key: 946229, value: 
key: 691271, value: 
key: 811989, value: 
key: 393812, value: 
key: 866455, value: 
key: 622545, value: 
key: 764500, value: 
key: 308797, value: 
key: 50144, value: 
key: 707077, value: 
key: 688774, value: 
key: 113203, value: 
key: 387910, value: 
key: 645711, value: 
key: 897046, value: 
key: 146043, value: 
key: 900661, value: 
key: 85296, value: 
key: 846736, value: 
key: 40929, value: 
key: 686457, value: 
key: 577991, value: 
key: 535092, value: 
key: 84835, value: 
key: 652812, value: 
key: 368175, value: 
key: 694166, value: 
key: 382331, value: 
key: 501279, value: 
key: 687937, value: 
key: 231185, value: 
key: 776561, value: 
key: 106814, value: 
key: 239976, value: 
key: 385127, value: 
key: 530255, value: 
key: 203142, value: 
key: 773072, value: 
key: 238012, value: 
key: 498171, value: 
key: 342274, value: 
key: 266794, value: 
key: 674175, value: 
key: 557719, value: 
key: 137948, value: 
key: 88002, value: 
key: 392543, value: 
key: 957524, value: 
key: 748366, value: 
key: 407946, value: 
key: 832386, value: 
key: 225658, value: 
key: 2943, value: 
key: 573467, value: 
key: 807432, value: 
key: 928043, value: 
key: 980241, value: 
key: 552208, value: 
key: 288910, value: 
key: 819860, value: 
key: 713401, value: 
key: 511971, value: 
key: 34269, value: 
key: 280198, value: 
key: 887777, value: 
key: 7788, value: 
key: 286598, value: 
key: 155452, value: 
key: 563723, value: 
key: 867803, value: 
key: 321350, value: 
key: 927895, value: 
key: 667157, value: 
key: 33680, value: 
key: 981600, value: 
key: 73866, value: 
key: 626224, value: 
key: 855329, value: 
key: 316888, value: 
key: 344012, value: 
key: 971713, value: 
key: 299020, value: 
key: 163374, value: 
key: 366993, value: 
key: 768135, value: 
key: 283276, value: 
key: 27393, value: 
key: 436713, value: 
key: 726405, value: 
key: 485852, value: 
key: 524797, value: 
key: 736549, value: 
key: 894355, value: 
key: 552675, value: 
key: 985084, value: 
key: 146717, value: 
key: 715946, value: 
key: 725958, value: 
key: 140892, value: 
key: 414735, value: 
key: 231853, value: 
key: 380564, value: 
key: 656780, value: 
key: 404440, value: 
key: 466352, value: 
key: 716385, value: 
key: 484992, value: 
key: 615314, value: 
key: 262958, value: 
key: 565433, value: 
key: 16315, value: 
key: 116925, value: 
key: 798235, value: 
key: 774806, value: 
key: 99271, value: 
key: 27175, value: 
key: 269298, value: 
key: 664628, value: 
key: 705158, value: 
key: 778989, value: 
key: 256445, value: 
key: 528205, value: 
key: 738916, value: 
key: 559317, value: 
key: 46220, value: 
key: 456588, value: 
key: 563440, value: 
key: 490410, value: 
key: 314042, value: 
key: 560959, value: 
key: 32849, value: 
key: 741774, value: 
key: 890360, value: 
key: 351821, value: 
key: 50502, value: 
key: 32595, value: 
key: 740243, value: 
key: 394824, value: 
key: 87029, value: 
key: 758415, value: 
key: 741613, value: 
key: 80589, value: 
key: 460402, value: 
key: 543035, value: 
key: 952262, value: 
key: 345864, value: 
key: 561589, value: 
key: 38216, value: 
key: 225618, value: 
key: 631073, value: 
key: 67573, value: 
key: 893772, value: 
key: 49450, value: 
key: 633181, value: 
key: 479633, value: 
key: 307927, value: 
key: 300827, value: 
key: 870849, value: 
key: 186315, value: 
key: 300955, value: 
key: 468644, value: 
key: 221885, value: 
key: 851602, value: 
key: 437606, value: 
key: 107754, value: 
key: 923088, value: 
key: 439361, value: 
key: 306311, value: 
key: 868394, value: 
key: 393681, value: 
key: 244185, value: 
key: 945138, value: 
key: 274920, value: 
key: 620042, value: 
key: 465553, value: 
key: 647270, value: 
key: 609052, value: 
key: 73480, value: 
key: 272623, value: 
key: 953452, value: 
key: 164823, value: 
key: 208215, value: 
key: 901084, value: 
key: 380072, value: 
key: 178466, value: 
key: 170888, value: 
key: 712934, value: 
key: 144616, value: 
key: 984797, value: 
key: 735425, value: 
key: 650353, value: 
key: 375638, value: 
key: 128775, value: 
key: 950969, value: 
key: 445896, value: 
key: 777052, value: 
key: 456377, value: 
key: 669522, value: 
key: 499970, value: 
key: 69010, value: 
key: 736600, value: 
key: 460521, value: 
key: 611952, value: 
key: 850423, value: 
key: 67128, value: 
key: 227092, value: 
key: 375788, value: 
key: 798954, value: 
key: 72892, value: 
key: 676566, value: 
key: 875895, value: 
key: 43047, value: 
key: 795539, value: 
key: 343086, value: 
key: 812164, value: 
key: 498845, value: 
key: 848680, value: 
key: 150369, value: 
key: 278690, value: 
key: 710217, value: 
key: 851143, value: 
key: 888222, value: 
key: 613655, value: 
key: 536721, value: 
key: 881913, value: 
key: 293833, value: 
key: 765013, value: 
key: 363424, value: 
key: 52568, value: 
key: 722430, value: 
key: 830009, value: 
key: 619792, value: 
key: 506467, value: 
key: 816272, value: 
key: 842440, value: 
key: 249281, value: 
key: 884459, value: 
key: 882152, value: 
key: 577074, value: 
key: 629524, value: 
key: 718651, value: 
key: 839592, value: 
key: 546520, value: 
key: 914451, value: 
key: 251235, value: 
key: 512246, value: 
key: 19170, value: 
key: 705028, value: 
key: 843700, value: 
key: 560496, value: 
key: 107211, value: 
key: 181569, value: 
key: 504854, value: 
key: 306733, value: 
key: 834526, value: 
key: 274311, value: 
key: 602453, value: 
key: 906342, value: 
key: 112233, value: 
key: 678337, value: 
key: 911043, value: 
key: 885724, value: 
key: 964355, value: 
key: 704528, value: 
key: 635172, value: 
key: 325763, value: 
key: 330620, value: 
key: 449289, value: 
key: 725608, value: 
key: 332578, value: 
key: 293316, value: 
key: 157366, value: 
key: 509446, value: 
key: 608822, value: 
key: 572394, value: 
key: 387073, value: 
key: 702234, value: 
key: 605016, value: 
key: 774242, value: 
key: 358699, value: 
key: 801698, value: 
key: 925385, value: 
key: 902089, value: 
key: 915348, value: 
key: 980571, value: 
key: 39088, value: 
key: 916866, value: 
key: 483274, value: 
key: 850867, value: 
key: 14636, value: 
key: 852504, value: 
key: 296250, value: 
key: 622525, value: 
key: 263597, value: 
key: 85818, value: 
key: 663047, value: 
key: 2062, value: 
key: 429636, value: 
key: 579087, value: 
key: 864927, value: 
key: 693541, value: 
key: 286420, value: 
key: 638452, value: 
key: 36076, value: 
key: 819703, value: 
key: 46839, value: 
key: 520553, value: 
key: 293523, value: 
key: 975939, value: 
key: 43492, value: 
key: 214818, value: 
key: 419420, value: 
key: 863113, value: 
key: 275909, value: 
key: 354095, value: 
key: 539757, value: 
key: 153700, value: 
key: 187817, value: 
key: 233518, value: 
key: 728560, value: 
key: 990491, value: 
key: 983075, value: 
key: 305011, value: 
key: 645904, value: 
key: 632920, value: 
key: 382355, value: 
key: 51352, value: 
key: 827896, value: 
key: 569158, value: 
key: 426260, value: 
key: 501765, value: 
key: 792291, value: 
key: 426600, value: 
key: 767651, value: 
key: 475930, value: 
key: 292108, value: 
key: 159533, value: 
key: 132987, value: 
key: 151429, value: 
key: 115607, value: 
key: 934798, value: 
key: 829018, value: 
key: 195847, value: 
key: 360713, value: 
key: 998103, value: 
key: 336394, value: 
key: 950943, value: 
key: 148744, value: 
key: 92757, value: 
key: 921950, value: 
key: 263526, value: 
key: 104641, value: 
key: 241010, value: 
key: 52102, value: 
key: 332860, value: 
key: 312703, value: 
key: 379089, value: 
key: 8749, value: 
key: 143606, value: 
key: 153412, value: 
key: 765602, value: 
key: 83636, value: 
key: 65322, value: 
key: 914444, value: 
key: 43654, value: 
key: 209120, value: 
key: 968551, value: 
key: 408031, value: 
key: 803421, value: 
key: 334491, value: 
key: 26688, value: 
key: 948605, value: 
key: 245287, value: 
key: 275158, value: 
key: 640905, value: 
key: 792413, value: 
key: 461065, value: 
key: 606361, value: 
key: 454173, value: 
key: 215857, value: 
key: 565749, value: 
key: 878333, value: 
key: 752222, value: 
key: 758239, value: 
key: 688295, value: 
key: 108458, value: 
key: 30470, value: 
key: 512978, value: 
key: 18333, value: 
key: 410665, value: 
key: 779797, value: 
key: 333353, value: 
key: 608569, value: 
key: 430058, value: 
key: 87401, value: 
key: 939324, value: 
key: 218528, value: 
key: 108014, value: 
key: 722715, value: 
key: 583433, value: 
key: 209140, value: 
key: 552482, value: 
key: 9403, value: 
key: 758840, value: 
key: 790600, value: 
key: 567349, value: 
key: 55244, value: 
key: 351050, value: 
key: 472405, value: 
key: 698090, value: 
key: 659141, value: 
key: 493903, value: 
key: 837213, value: 
key: 164777, value: 
key: 194716, value: 
key: 959656, value: 
key: 441902, value: 
key: 724735, value: 
key: 493626, value: 
key: 668592, value: 
key: 634618, value: 
key: 48107, value: 
key: 244431, value: 
key: 305996, value: 
key: 194215, value: 
key: 203434, value: 
key: 910743, value: 
key: 765231, value: 
key: 403052, value: 
key: 960610, value: 
key: 899736, value: 
key: 427450, value: 
key: 997261, value: 
key: 351762, value: 
key: 746740, value: 
key: 71006, value: 
key: 108865, value: 
key: 908847, value: 
key: 961299, value: 
key: 786146, value: 
key: 236715, value: 
key: 177339, value: 
key: 340148, value: 
key: 963615, value: 
key: 473932, value: 
key: 856298, value: 
key: 776679, value: 
key: 499136, value: 
key: 587233, value: 
key: 856812, value: 
key: 669380, value: 
key: 923220, value: 
key: 891206, value: 
key: 162128, value: 
key: 716651, value: 
key: 429890, value: 
key: 470942, value: 
key: 560302, value: 
key: 684314, value: 
key: 303488, value: 
key: 16331, value: 
key: 764656, value: 
key: 481092, value: 
key: 451176, value: 
key: 365851, value: 
key: 512343, value: 
key: 431916, value: 
key: 126915, value: 
key: 489883, value: 
key: 888682, value: 
key: 92986, value: 
key: 828776, value: 
key: 761927, value: 
key: 26998, value: 
key: 259839, value: 
key: 243942, value: 
key: 821360, value: 
key: 196491, value: 
key: 135366, value: 
key: 42495, value: 
key: 234689, value: 
key: 598686, value: 
key: 981105, value: 
key: 775812, value: 
key: 818795, value: 
key: 484060, value: 
key: 934336, value: 
key: 317861, value: 
key: 776071, value: 
key: 56203, value: 
key: 579001, value: 
key: 240868, value: 
key: 591193, value: 
key: 59051, value: 
key: 240820, value: 
key: 681700, value: 
key: 545853, value: 
key: 136466, value: 
key: 266457, value: 
key: 807863, value: 
key: 772048, value: 
key: 692838, value: 
key: 860143, value: 
key: 673118, value: 
key: 996284, value: 
key: 126106, value: 
key: 734745, value: 
key: 359504, value: 
key: 633949, value: 
key: 949620, value: 
key: 365365, value: 
key: 756178, value: 
key: 68923, value: 
key: 777605, value: 
key: 876829, value: 
key: 792129, value: 
key: 859721, value: 
key: 480325, value: 
key: 818461, value: 
key: 729004, value: 
key: 273954, value: 
key: 67920, value: 
key: 238089, value: 
key: 87861, value: 
key: 684134, value: 
key: 365833, value: 
key: 824381, value: 
key: 93330, value: 
key: 4174, value: 
key: 227311, value: 
key: 902986, value: 
key: 870977, value: 
key: 552295, value: 
key: 977423, value: 
key: 725178, value: 
key: 676472, value: 
key: 643177, value: 
key: 672560, value: 
key: 854278, value: 
key: 140474, value: 
key: 299334, value: 
key: 604105, value: 
key: 355184, value: 
key: 271668, value: 
key: 118275, value: 
key: 621001, value: 
key: 849074, value: 
key: 65601, value: 
key: 379029, value: 
key: 113294, value: 
key: 887487, value: 
key: 427889, value: 
key: 547459, value: 
key: 94654, value: 
key: 636878, value: 
key: 633613, value: 
key: 831703, value: 
key: 493086, value: 
key: 525651, value: 
key: 144720, value: 
key: 555472, value: 
key: 903208, value: 
key: 954020, value: 
key: 914521, value: 
key: 664729, value: 
key: 748759, value: 
key: 105200, value: 
key: 251192, value: 
key: 526878, value: 
key: 413664, value: 
key: 254753, value: 
key: 247010, value: 
key: 337902, value: 
key: 304229, value: 
key: 405706, value: 
key: 126410, value: 
key: 645182, value: 
key: 668147, value: 
key: 370329, value: 
key: 931157, value: 
key: 819400, value: 
key: 985202, value: 
key: 459574, value: 
key: 419893, value: 
key: 43665, value: 
key: 90214, value: 
key: 437923, value: 
key: 446909, value: 
key: 126627, value: 
key: 199067, value: 
key: 723129, value: 
key: 97372, value: 
key: 239668, value: 
key: 235228, value: 
key: 628695, value: 
key: 284992, value: 
key: 85399, value: 
key: 118734, value: 
key: 338767, value: 
key: 781624, value: 
key: 846493, value: 
key: 520164, value: 
key: 804697, value: 
key: 115689, value: 
key: 485902, value: 
key: 654313, value: 
key: 343000, value: 
key: 428242, value: 
key: 232775, value: 
key: 963868, value: 
key: 1933, value: 
key: 182634, value: 
key: 159300, value: 
key: 904300, value: 
key: 301338, value: 
key: 752495, value: 
key: 470265, value: 
key: 171681, value: 
key: 690487, value: 
key: 797427, value: 
key: 492418, value: 
key: 678067, value: 
key: 719360, value: 
key: 987408, value: 
key: 150934, value: 
key: 908186, value: 
key: 280158, value: 
key: 305352, value: 
key: 160980, value: 
key: 226055, value: 
key: 650302, value: 
key: 495181, value: 
key: 743981, value: 
key: 359900, value: 
key: 24585, value: 
key: 256627, value: 
key: 996600, value: 
key: 685878, value: 
key: 925282, value: 
key: 10913, value: 
key: 274380, value: 
key: 787516, value: 
key: 865812, value: 
key: 354837, value: 
key: 55385, value: 
key: 130499, value: 
key: 626983, value: 
key: 236658, value: 
key: 197003, value: 
key: 662637, value: 
key: 454249, value: 
key: 952633, value: 
key: 287016, value: 
key: 972820, value: 
key: 318750, value: 
key: 787167, value: 
key: 555993, value: 
key: 968715, value: 
key: 771782, value: 
get/s 0.00
put/s 0.00
aborts/s 0.00
ops/s 0.00

key: 92627, value: 
key: 252823, value: 
key: 439251, value: 
key: 585800, value: 
key: 283962, value: 
key: 858900, value: 
key: 276467, value: 
key: 223937, value: 
key: 455981, value: 
key: 161725, value: 
key: 83748, value: 
key: 813237, value: 
key: 849115, value: 
key: 822323, value: 
key: 176262, value: 
key: 327936, value: 
key: 61351, value: 
key: 416917, value: 
key: 179678, value: 
key: 636627, value: 
key: 677035, value: 
key: 35143, value: 
key: 397243, value: 
key: 474254, value: 
key: 196482, value: 
key: 486062, value: 
key: 864116, value: 
key: 101042, value: 
key: 67106, value: 
key: 944881, value: 
key: 536556, value: 
key: 762364, value: 
key: 480183, value: 
key: 532596, value: 
key: 11446, value: 
key: 491282, value: 
key: 920375, value: 
key: 677082, value: 
key: 375883, value: 
key: 841166, value: 
key: 22369, value: 
key: 849162, value: 
key: 351728, value: 
key: 10571, value: 
key: 735232, value: 
key: 533618, value: 
key: 743246, value: 
key: 569949, value: 
key: 933708, value: 
key: 134510, value: 
key: 858616, value: 
key: 322452, value: 
key: 776893, value: 
key: 96182, value: 
key: 166393, value: 
key: 181761, value: 
key: 313762, value: 
key: 249096, value: 
key: 180078, value: 
key: 892746, value: 
key: 670298, value: 
key: 63658, value: 
key: 38603, value: 
key: 161080, value: 
key: 881344, value: 
key: 103697, value: 
key: 444134, value: 
key: 647733, value: 
key: 394237, value: 
key: 635996, value: 
key: 40497, value: 
key: 38766, value: 
key: 540122, value: 
key: 996969, value: 
key: 487337, value: 
key: 135793, value: 
key: 671547, value: 
key: 993908, value: 
key: 626734, value: 
key: 300366, value: 
key: 446936, value: 
key: 828460, value: 
key: 531609, value: 
key: 325079, value: 
key: 96982, value: 
key: 917126, value: 
key: 847511, value: 
key: 774486, value: 
key: 494850, value: 
key: 510370, value: 
key: 772464, value: 
key: 51455, value: 
key: 644343, value: 
key: 19804, value: 
key: 703596, value: 
key: 82525, value: 
key: 508061, value: 
key: 257374, value: 
key: 333928, value: 
key: 283607, value: 
key: 393973, value: 
key: 89236, value: 
key: 725828, value: 
key: 897145, value: 
key: 132990, value: 
key: 503978, value: 
key: 859039, value: 
key: 401432, value: 
key: 7845, value: 
key: 295, value: 
key: 325369, value: 
key: 184058, value: 
key: 979216, value: 
key: 756129, value: 
key: 709242, value: 
key: 272663, value: 
key: 480141, value: 
key: 761574, value: 
key: 602756, value: 
key: 579610, value: 
key: 393056, value: 
key: 306081, value: 
key: 36708, value: 
key: 523118, value: 
key: 105284, value: 
key: 470984, value: 
key: 788616, value: 
key: 96454, value: 
key: 962102, value: 
key: 443009, value: 
key: 165093, value: 
key: 878722, value: 
key: 353766, value: 
key: 841922, value: 
key: 287117, value: 
key: 549581, value: 
key: 309343, value: 
key: 958868, value: 
key: 977742, value: 
key: 629764, value: 
key: 249009, value: 
key: 710844, value: 
key: 258993, value: 
key: 403441, value: 
key: 524960, value: 
key: 307501, value: 
key: 87331, value: 
key: 320883, value: 
key: 590918, value: 
key: 252418, value: 
key: 37286, value: 
key: 629692, value: 
key: 788160, value: 
key: 189880, value: 
key: 806219, value: 
key: 419592, value: 
key: 305691, value: 
key: 878715, value: 
key: 233095, value: 
key: 210575, value: 
key: 960683, value: 
key: 279006, value: 
key: 986139, value: 
key: 825944, value: 
key: 301426, value: 
key: 83263, value: 
key: 607434, value: 
key: 775681, value: 
key: 570657, value: 
key: 148036, value: 
key: 440543, value: 
key: 268374, value: 
key: 261656, value: 
key: 783967, value: 
key: 369839, value: 
key: 246516, value: 
key: 276366, value: 
key: 381237, value: 
key: 272878, value: 
key: 512677, value: 
key: 674216, value: 
key: 238120, value: 
key: 912132, value: 
key: 163183, value: 
key: 356107, value: 
key: 400387, value: 
key: 643643, value: 
key: 544827, value: 
key: 923394, value: 
key: 760663, value: 
key: 682776, value: 
key: 16753, value: 
key: 294102, value: 
key: 145497, value: 
key: 231107, value: 
key: 483090, value: 
key: 845636, value: 
key: 427368, value: 
key: 240169, value: 
key: 518732, value: 
key: 556538, value: 
key: 942902, value: 
key: 770530, value: 
key: 141460, value: 
key: 657606, value: 
key: 542531, value: 
key: 87519, value: 
key: 845122, value: 
key: 895011, value: 
key: 525062, value: 
key: 502560, value: 
key: 214146, value: 
key: 888639, value: 
key: 341370, value: 
key: 164799, value: 
key: 715562, value: 
key: 912396, value: 
key: 560816, value: 
key: 379135, value: 
key: 234630, value: 
key: 616995, value: 
key: 493882, value: 
key: 617381, value: 
key: 326995, value: 
key: 720768, value: 
key: 282231, value: 
key: 582579, value: 
key: 836272, value: 
key: 469133, value: 
key: 956822, value: 
key: 645306, value: 
key: 440552, value: 
key: 951889, value: 
key: 262170, value: 
key: 718899, value: 
key: 210687, value: 
key: 913023, value: 
key: 831404, value: 
key: 703932, value: 
key: 73336, value: 
key: 578792, value: 
key: 49290, value: 
key: 709149, value: 
key: 80619, value: 
key: 450807, value: 
key: 908252, value: 
key: 921592, value: 
key: 441993, value: 
key: 22709, value: 
key: 958985, value: 
key: 348470, value: 
key: 486909, value: 
key: 950361, value: 
key: 366351, value: 
key: 521442, value: 
key: 790903, value: 
key: 848550, value: 
key: 689609, value: 
key: 657042, value: 
key: 582432, value: 
key: 22646, value: 
key: 347381, value: 
key: 275499, value: 
key: 338244, value: 
key: 594819, value: 
key: 823694, value: 
key: 713674, value: 
key: 986063, value: 
key: 196253, value: 
key: 316486, value: 
key: 334459, value: 
key: 522470, value: 
key: 50359, value: 
key: 36201, value: 
key: 797757, value: 
key: 586186, value: 
key: 467515, value: 
key: 573104, value: 
key: 673684, value: 
key: 590642, value: 
key: 77460, value: 
key: 868169, value: 
key: 107774, value: 
key: 891837, value: 
key: 609762, value: 
key: 920753, value: 
key: 233619, value: 
key: 229412, value: 
key: 340180, value: 
key: 189554, value: 
key: 107718, value: 
key: 741044, value: 
key: 847911, value: 
key: 815804, value: 
key: 350826, value: 
key: 210867, value: 
key: 113308, value: 
key: 339089, value: 
key: 919629, value: 
key: 55622, value: 
key: 352950, value: 
key: 489553, value: 
key: 490913, value: 
key: 34133, value: 
key: 255437, value: 
key: 547640, value: 
key: 306207, value: 
key: 665887, value: 
key: 683065, value: 
key: 636355, value: 
key: 284123, value: 
key: 734943, value: 
key: 877293, value: 
key: 433862, value: 
key: 383297, value: 
key: 141990, value: 
key: 346973, value: 
key: 702865, value: 
key: 852470, value: 
key: 994989, value: 
key: 664532, value: 
key: 234830, value: 
key: 476672, value: 
key: 879040, value: 
key: 863131, value: 
key: 786120, value: 
key: 6187, value: 
key: 468808, value: 
key: 825469, value: 
key: 485342, value: 
key: 586975, value: 
key: 495479, value: 
key: 11141, value: 
key: 882774, value: 
key: 511067, value: 
key: 521545, value: 
key: 40806, value: 
key: 390730, value: 
key: 81975, value: 
key: 833899, value: 
key: 184849, value: 
key: 340539, value: 
key: 162041, value: 
key: 39570, value: 
key: 821676, value: 
key: 473842, value: 
key: 43287, value: 
key: 157168, value: 
key: 170471, value: 
key: 483746, value: 
key: 652416, value: 
key: 429087, value: 
key: 272450, value: 
key: 530206, value: 
key: 227340, value: 
key: 146128, value: 
key: 286268, value: 
key: 766324, value: 
key: 621740, value: 
key: 625832, value: 
key: 540737, value: 
key: 971489, value: 
key: 597773, value: 
key: 857082, value: 
key: 879651, value: 
key: 554600, value: 
key: 39730, value: 
key: 925912, value: 
key: 777553, value: 
key: 811419, value: 
key: 816959, value: 
key: 188483, value: 
key: 74542, value: 
key: 644547, value: 
key: 668093, value: 
key: 914152, value: 
key: 392275, value: 
key: 636052, value: 
key: 328371, value: 
key: 796369, value: 
key: 538743, value: 
key: 101211, value: 
key: 33374, value: 
key: 713276, value: 
key: 433459, value: 
key: 991661, value: 
key: 516413, value: 
key: 754051, value: 
key: 230218, value: 
key: 256810, value: 
key: 278463, value: 
key: 177252, value: 
key: 688923, value: 
key: 866765, value: 
key: 478809, value: 
key: 83607, value: 
key: 923882, value: 
key: 981785, value: 
key: 538017, value: 
key: 565813, value: 
key: 39172, value: 
key: 13521, value: 
key: 888518, value: 
key: 489520, value: 
key: 867621, value: 
key: 201153, value: 
key: 701680, value: 
key: 934257, value: 
key: 522034, value: 
key: 414218, value: 
key: 928821, value: 
key: 751038, value: 
key: 245100, value: 
key: 757878, value: 
key: 108117, value: 
key: 861098, value: 
key: 645265, value: 
key: 790965, value: 
key: 862758, value: 
key: 216069, value: 
key: 671671, value: 
key: 901321, value: 
key: 38326, value: 
key: 727248, value: 
key: 769026, value: 
key: 181343, value: 
key: 250861, value: 
key: 890001, value: 
key: 370859, value: 
key: 690506, value: 
key: 193496, value: 
key: 361963, value: 
key: 185596, value: 
key: 776750, value: 
key: 617118, value: 
key: 132183, value: 
key: 753072, value: 
key: 538145, value: 
key: 311876, value: 
key: 568030, value: 
key: 504980, value: 
key: 398930, value: 
key: 614333, value: 
key: 81412, value: 
key: 993719, value: 
key: 204996, value: 
key: 474384, value: 
key: 545879, value: 
key: 581473, value: 
key: 565587, value: 
key: 41973, value: 
key: 239134, value: 
key: 754462, value: 
key: 366337, value: 
key: 721680, value: 
key: 498991, value: 
key: 714257, value: 
key: 125149, value: 
key: 131412, value: 
key: 216834, value: 
key: 163521, value: 
key: 963750, value: 
key: 365369, value: 
key: 982726, value: 
key: 689735, value: 
key: 884107, value: 
key: 201618, value: 
key: 407795, value: 
key: 176710, value: 
key: 316293, value: 
key: 771737, value: 
key: 601993, value: 
key: 316138, value: 
key: 810566, value: 
key: 840301, value: 
key: 698793, value: 
key: 615365, value: 
key: 644567, value: 
key: 661858, value: 
key: 541862, value: 
key: 753719, value: 
key: 160113, value: 
key: 965293, value: 
key: 592938, value: 
key: 195913, value: 
key: 238999, value: 
key: 9182, value: 
key: 886688, value: 
key: 532587, value: 
key: 884039, value: 
key: 884400, value: 
key: 984746, value: 
key: 546250, value: 
key: 569062, value: 
key: 557155, value: 
key: 908344, value: 
key: 254070, value: 
key: 87937, value: 
key: 115069, value: 
key: 544342, value: 
key: 917092, value: 
key: 652937, value: 
key: 326911, value: 
key: 947200, value: 
key: 68594, value: 
key: 797782, value: 
key: 840246, value: 
key: 680684, value: 
key: 958781, value: 
key: 701983, value: 
key: 161499, value: 
key: 324843, value: 
key: 530174, value: 
key: 126795, value: 
key: 115852, value: 
key: 846444, value: 
key: 462837, value: 
key: 464936, value: 
key: 86215, value: 
key: 124157, value: 
key: 498092, value: 
key: 290300, value: 
key: 566506, value: 
key: 462493, value: 
key: 785457, value: 
key: 87823, value: 
key: 120061, value: 
key: 74401, value: 
key: 347442, value: 
key: 660390, value: 
key: 48639, value: 
key: 366140, value: 
key: 633059, value: 
key: 213082, value: 
key: 612081, value: 
