Starting KVS server on :8080
get/s 0.00
put/s 0.00
aborts/s 0.00
ops/s 0.00

get/s 0.00
put/s 0.00
aborts/s 0.00
ops/s 0.00

get/s 0.00
put/s 0.00
aborts/s 0.00
ops/s 0.00

get/s 0.00
put/s 0.00
aborts/s 0.00
ops/s 0.00

get/s 14573.10
put/s 283.94
aborts/s 1554.69
ops/s 14857.05

get/s 36185.81
put/s 446.95
aborts/s 2577.70
ops/s 36632.76

get/s 35666.14
put/s 472.94
aborts/s 2717.63
ops/s 36139.08

get/s 35088.56
put/s 366.95
aborts/s 2616.67
ops/s 35455.51

get/s 36413.53
put/s 371.96
aborts/s 2646.75
ops/s 36785.49

get/s 35109.92
put/s 349.90
aborts/s 2584.10
ops/s 35459.82

get/s 36278.90
put/s 325.75
aborts/s 2704.63
ops/s 36604.65

get/s 34068.68
put/s 371.96
aborts/s 2773.73
ops/s 34440.65

get/s 37553.67
put/s 338.96
aborts/s 3136.64
ops/s 37892.63

get/s 36076.21
put/s 318.98
aborts/s 2961.77
ops/s 36395.19

get/s 18015.02
put/s 173.97
aborts/s 1630.73
ops/s 18188.99


Shutting down server...
key: 596403, value: 
key: 73252, value: 
key: 75293, value: 
key: 13469, value: 
key: 4851, value: 
key: 473806, value: 
key: 5436, value: 
key: 820642, value: 
key: 5652, value: 
key: 503697, value: 
key: 47215, value: 
key: 242777, value: 
key: 67122, value: 
key: 44294, value: 
key: 308519, value: 
key: 170504, value: 
key: 113502, value: 
key: 217, value: 
key: 13164, value: 
key: 2880, value: 
key: 2559, value: 
key: 1077, value: 
key: 76620, value: 
key: 110775, value: 
key: 92331, value: 
key: 52131, value: 
key: 3833, value: 
key: 112093, value: 
key: 28306, value: 
key: 58979, value: 
key: 499, value: 
key: 12201, value: 
key: 1102, value: 
key: 10786, value: 
key: 13571, value: 
key: 34911, value: 
key: 1532, value: 
key: 643703, value: 
key: 12407, value: 
key: 36476, value: 
key: 44715, value: 
key: 71059, value: 
key: 31231, value: 
key: 1197, value: 
key: 15160, value: 
key: 231067, value: 
key: 1715, value: 
key: 56010, value: 
key: 2212, value: 
key: 73544, value: 
key: 13556, value: 
key: 21631, value: 
key: 10918, value: 
key: 43339, value: 
key: 9831, value: 
key: 736, value: 
key: 16128, value: 
key: 150821, value: 
key: 2620, value: 
key: 404267, value: 
key: 20941, value: 
key: 44501, value: 
key: 6602, value: 
key: 916, value: 
key: 10945, value: 
key: 916845, value: 
key: 5789, value: 
key: 1361, value: 
key: 40489, value: 
key: 234601, value: 
key: 78115, value: 
key: 2155, value: 
key: 3452, value: 
key: 100467, value: 
key: 200, value: 
key: 1322, value: 
key: 12041, value: 
key: 115128, value: 
key: 825, value: 
key: 798132, value: 
key: 212003, value: 
key: 738129, value: 
key: 2973, value: 
key: 90644, value: 
key: 157777, value: 
key: 1020, value: 
key: 999, value: 
key: 628669, value: 
key: 159367, value: 
key: 842, value: 
key: 61758, value: 
key: 580, value: 
key: 336729, value: 
key: 431649, value: 
key: 809, value: 
key: 7583, value: 
key: 62, value: 
key: 2889, value: 
key: 762, value: 
key: 26640, value: 
key: 2803, value: 
key: 10249, value: 
key: 479268, value: 
key: 1672, value: 
key: 955, value: 
key: 39850, value: 
key: 105704, value: 
key: 19203, value: 
key: 176144, value: 
key: 182587, value: 
key: 392039, value: 
key: 132672, value: 
key: 2794, value: 
key: 239, value: 
key: 113823, value: 
key: 80792, value: 
key: 561999, value: 
key: 380060, value: 
key: 218038, value: 
key: 215575, value: 
key: 6577, value: 
key: 494257, value: 
key: 1305, value: 
key: 8543, value: 
key: 2192, value: 
key: 89845, value: 
key: 8733, value: 
key: 1401, value: 
key: 360159, value: 
key: 17706, value: 
key: 161460, value: 
key: 12384, value: 
key: 3590, value: 
key: 64303, value: 
key: 5178, value: 
key: 760619, value: 
key: 99351, value: 
key: 3293, value: 
key: 3419, value: 
key: 1616, value: 
key: 208467, value: 
key: 112243, value: 
key: 2080, value: 
key: 6886, value: 
key: 9076, value: 
key: 384873, value: 
key: 7427, value: 
key: 1981, value: 
key: 342330, value: 
key: 1290, value: 
key: 115534, value: 
key: 956822, value: 
key: 114703, value: 
key: 450603, value: 
key: 30286, value: 
key: 50521, value: 
key: 267140, value: 
key: 66864, value: 
key: 1641, value: 
key: 89303, value: 
key: 387989, value: 
key: 846635, value: 
key: 492300, value: 
key: 361, value: 
key: 40296, value: 
key: 20232, value: 
key: 21011, value: 
key: 53743, value: 
key: 4430, value: 
key: 319562, value: 
key: 1086, value: 
key: 1452, value: 
key: 9001, value: 
key: 28531, value: 
key: 95496, value: 
key: 233409, value: 
key: 48277, value: 
key: 11132, value: 
key: 168459, value: 
key: 60294, value: 
key: 18036, value: 
key: 116863, value: 
key: 55049, value: 
key: 3650, value: 
key: 88, value: 
key: 753528, value: 
key: 590953, value: 
key: 34328, value: 
key: 702073, value: 
key: 136, value: 
key: 6490, value: 
key: 115875, value: 
key: 54992, value: 
key: 24725, value: 
key: 316604, value: 
key: 27653, value: 
key: 82912, value: 
key: 805533, value: 
key: 687, value: 
key: 8665, value: 
key: 30777, value: 
key: 4168, value: 
key: 366, value: 
key: 76916, value: 
key: 456014, value: 
key: 67492, value: 
key: 1571, value: 
key: 102487, value: 
key: 16812, value: 
key: 425193, value: 
key: 15574, value: 
key: 594407, value: 
key: 88920, value: 
key: 11518, value: 
key: 42191, value: 
key: 2048, value: 
key: 150382, value: 
key: 75170, value: 
key: 283350, value: 
key: 189194, value: 
key: 116250, value: 
key: 1203, value: 
key: 309121, value: 
key: 49790, value: 
key: 48375, value: 
key: 60986, value: 
key: 5318, value: 
key: 337631, value: 
key: 13941, value: 
key: 181971, value: 
key: 546982, value: 
key: 1663, value: 
key: 289815, value: 
key: 1678, value: 
key: 760508, value: 
key: 16761, value: 
key: 501333, value: 
key: 7747, value: 
key: 21754, value: 
key: 15434, value: 
key: 676893, value: 
key: 18270, value: 
key: 19978, value: 
key: 3909, value: 
key: 30738, value: 
key: 39744, value: 
key: 238216, value: 
key: 96, value: 
key: 177186, value: 
key: 46050, value: 
key: 647769, value: 
key: 571, value: 
key: 935673, value: 
key: 8502, value: 
key: 1905, value: 
key: 7050, value: 
key: 11417, value: 
key: 165558, value: 
key: 11325, value: 
key: 102983, value: 
key: 256675, value: 
key: 189281, value: 
key: 275300, value: 
key: 3749, value: 
key: 41037, value: 
key: 9431, value: 
key: 4294, value: 
key: 1033, value: 
key: 21456, value: 
key: 5105, value: 
key: 12579, value: 
key: 499226, value: 
key: 22577, value: 
key: 96872, value: 
key: 2436, value: 
key: 123446, value: 
key: 5971, value: 
key: 929, value: 
key: 57936, value: 
key: 29359, value: 
key: 686710, value: 
key: 619, value: 
key: 6445, value: 
key: 2306, value: 
key: 6796, value: 
key: 95744, value: 
key: 467274, value: 
key: 6121, value: 
key: 14430, value: 
key: 502753, value: 
key: 157, value: 
key: 74852, value: 
key: 1186, value: 
key: 1135, value: 
key: 113, value: 
key: 6720, value: 
key: 805633, value: 
key: 2398, value: 
key: 3696, value: 
key: 169616, value: 
key: 539, value: 
key: 6380, value: 
key: 99596, value: 
key: 14104, value: 
key: 4518, value: 
key: 6144, value: 
key: 16001, value: 
key: 85993, value: 
key: 565257, value: 
key: 77044, value: 
key: 4165, value: 
key: 900574, value: 
key: 419870, value: 
key: 22463, value: 
key: 231614, value: 
key: 482460, value: 
key: 226072, value: 
key: 55856, value: 
key: 26675, value: 
key: 96692, value: 
key: 20692, value: 
key: 55750, value: 
key: 563436, value: 
key: 17447, value: 
key: 334083, value: 
key: 31468, value: 
key: 8812, value: 
key: 4115, value: 
key: 26161, value: 
key: 296881, value: 
key: 135669, value: 
key: 886, value: 
key: 6270, value: 
key: 518582, value: 
key: 832673, value: 
key: 3282, value: 
key: 7031, value: 
key: 444625, value: 
key: 4426, value: 
key: 333366, value: 
key: 157468, value: 
key: 7038, value: 
key: 1302, value: 
key: 19265, value: 
key: 1838, value: 
key: 5807, value: 
key: 7680, value: 
key: 102554, value: 
key: 27174, value: 
key: 919134, value: 
key: 82593, value: 
key: 52750, value: 
key: 2217, value: 
key: 6694, value: 
key: 63233, value: 
key: 2220, value: 
key: 497424, value: 
key: 21596, value: 
key: 258, value: 
key: 387424, value: 
key: 4282, value: 
key: 8464, value: 
key: 7509, value: 
key: 17608, value: 
key: 2690, value: 
key: 1636, value: 
key: 601903, value: 
key: 124875, value: 
key: 34503, value: 
key: 328351, value: 
key: 2651, value: 
key: 12468, value: 
key: 977639, value: 
key: 127858, value: 
key: 11893, value: 
key: 966234, value: 
key: 22627, value: 
key: 90122, value: 
key: 82492, value: 
key: 219833, value: 
key: 10727, value: 
key: 19024, value: 
key: 22459, value: 
key: 77464, value: 
key: 22221, value: 
key: 31132, value: 
key: 177797, value: 
key: 103770, value: 
key: 34956, value: 
key: 703990, value: 
key: 504806, value: 
key: 35116, value: 
key: 2550, value: 
key: 329670, value: 
key: 487, value: 
key: 107122, value: 
key: 119042, value: 
key: 481, value: 
key: 429184, value: 
key: 2295, value: 
key: 948, value: 
key: 571589, value: 
key: 101504, value: 
key: 3136, value: 
key: 572, value: 
key: 378942, value: 
key: 96415, value: 
key: 79315, value: 
key: 123604, value: 
key: 45174, value: 
key: 12392, value: 
key: 115144, value: 
key: 65994, value: 
key: 208660, value: 
key: 56857, value: 
key: 5895, value: 
key: 66918, value: 
key: 2316, value: 
key: 7886, value: 
key: 466117, value: 
key: 1130, value: 
key: 269136, value: 
key: 1408, value: 
key: 437, value: 
key: 338, value: 
key: 256910, value: 
key: 28956, value: 
key: 168855, value: 
key: 29404, value: 
key: 44665, value: 
key: 201907, value: 
key: 242177, value: 
key: 8817, value: 
key: 106277, value: 
key: 5090, value: 
key: 7606, value: 
key: 9631, value: 
key: 35768, value: 
key: 4258, value: 
key: 497394, value: 
key: 381546, value: 
key: 55, value: 
key: 23, value: 
key: 107297, value: 
key: 88942, value: 
key: 528, value: 
key: 261027, value: 
key: 1633, value: 
key: 351414, value: 
key: 83673, value: 
key: 4671, value: 
key: 124592, value: 
key: 10854, value: 
key: 49218, value: 
key: 125871, value: 
key: 110747, value: 
key: 8627, value: 
key: 101488, value: 
key: 24095, value: 
key: 2429, value: 
key: 60847, value: 
key: 194810, value: 
key: 7342, value: 
key: 26522, value: 
key: 111871, value: 
key: 5226, value: 
key: 6404, value: 
key: 971514, value: 
key: 5573, value: 
key: 200952, value: 
key: 11152, value: 
key: 752259, value: 
key: 115972, value: 
key: 398168, value: 
key: 24749, value: 
key: 55834, value: 
key: 7617, value: 
key: 879676, value: 
key: 4197, value: 
key: 80285, value: 
key: 58142, value: 
key: 175486, value: 
key: 58481, value: 
key: 401857, value: 
key: 16280, value: 
key: 861601, value: 
key: 348854, value: 
key: 20929, value: 
key: 59165, value: 
key: 38718, value: 
key: 6901, value: 
key: 75308, value: 
key: 47766, value: 
key: 10465, value: 
key: 12934, value: 
key: 2737, value: 
key: 124141, value: 
key: 73997, value: 
key: 19263, value: 
key: 156130, value: 
key: 39857, value: 
key: 178567, value: 
key: 94796, value: 
key: 58966, value: 
key: 9397, value: 
key: 2444, value: 
key: 16896, value: 
key: 19650, value: 
key: 74960, value: 
key: 46649, value: 
key: 3279, value: 
key: 268113, value: 
key: 115982, value: 
key: 53461, value: 
key: 94041, value: 
key: 1425, value: 
key: 88265, value: 
key: 122370, value: 
key: 713219, value: 
key: 191604, value: 
key: 2270, value: 
key: 4521, value: 
key: 190549, value: 
key: 105443, value: 
key: 292276, value: 
key: 1543, value: 
key: 123902, value: 
key: 10199, value: 
key: 269906, value: 
key: 2980, value: 
key: 44132, value: 
key: 53590, value: 
key: 440, value: 
key: 4740, value: 
key: 1868, value: 
key: 17296, value: 
key: 39132, value: 
key: 905156, value: 
key: 166970, value: 
key: 9536, value: 
key: 40288, value: 
key: 769050, value: 
key: 967476, value: 
key: 27166, value: 
key: 6467, value: 
key: 11906, value: 
key: 1167, value: 
key: 109579, value: 
key: 101612, value: 
key: 27310, value: 
key: 146951, value: 
key: 189090, value: 
key: 25195, value: 
key: 402950, value: 
key: 3816, value: 
key: 132206, value: 
key: 112182, value: 
key: 103897, value: 
key: 7115, value: 
key: 101914, value: 
key: 161729, value: 
key: 2547, value: 
key: 10003, value: 
key: 735726, value: 
key: 70411, value: 
key: 2321, value: 
key: 24194, value: 
key: 536, value: 
key: 9026, value: 
key: 461, value: 
key: 368733, value: 
key: 74744, value: 
key: 459631, value: 
key: 10849, value: 
key: 1557, value: 
key: 2146, value: 
key: 25931, value: 
key: 2989, value: 
key: 7453, value: 
key: 5785, value: 
key: 341449, value: 
key: 81889, value: 
key: 205607, value: 
key: 65586, value: 
key: 38794, value: 
key: 337640, value: 
key: 12709, value: 
key: 316081, value: 
key: 126932, value: 
key: 2448, value: 
key: 347054, value: 
key: 530925, value: 
key: 50949, value: 
key: 462654, value: 
key: 406813, value: 
key: 56368, value: 
key: 460241, value: 
key: 431954, value: 
key: 40032, value: 
key: 11265, value: 
key: 176966, value: 
key: 11098, value: 
key: 268, value: 
key: 71377, value: 
key: 207438, value: 
key: 23587, value: 
key: 70838, value: 
key: 8902, value: 
key: 273087, value: 
key: 123037, value: 
key: 296866, value: 
key: 4986, value: 
key: 26174, value: 
key: 32086, value: 
key: 458, value: 
key: 49072, value: 
key: 349711, value: 
key: 191775, value: 
key: 765158, value: 
key: 5869, value: 
key: 57992, value: 
key: 88628, value: 
key: 35282, value: 
key: 102955, value: 
key: 455052, value: 
key: 185538, value: 
key: 428, value: 
key: 236219, value: 
key: 182645, value: 
key: 35733, value: 
key: 152491, value: 
key: 7547, value: 
key: 14573, value: 
key: 18655, value: 
key: 146903, value: 
key: 4667, value: 
key: 524379, value: 
key: 100392, value: 
key: 296942, value: 
key: 19915, value: 
key: 2942, value: 
key: 41784, value: 
key: 94219, value: 
key: 49503, value: 
key: 132668, value: 
key: 9999, value: 
key: 49973, value: 
key: 113091, value: 
key: 66505, value: 
key: 20082, value: 
key: 23338, value: 
key: 3040, value: 
key: 999165, value: 
key: 181178, value: 
key: 872191, value: 
key: 61035, value: 
key: 381234, value: 
key: 654361, value: 
key: 903121, value: 
key: 16849, value: 
key: 7603, value: 
key: 5912, value: 
key: 488236, value: 
key: 44390, value: 
key: 4000, value: 
key: 108138, value: 
key: 30, value: 
key: 730697, value: 
key: 48803, value: 
key: 818845, value: 
key: 249913, value: 
key: 276339, value: 
key: 11925, value: 
key: 476414, value: 
key: 24265, value: 
key: 79534, value: 
key: 159998, value: 
key: 26, value: 
key: 224152, value: 
key: 2384, value: 
key: 305, value: 
key: 68450, value: 
key: 159878, value: 
key: 7662, value: 
key: 119466, value: 
key: 230587, value: 
key: 21900, value: 
key: 651320, value: 
key: 277, value: 
key: 13824, value: 
key: 29789, value: 
key: 1627, value: 
key: 17692, value: 
key: 20581, value: 
key: 77550, value: 
key: 17293, value: 
key: 25527, value: 
key: 35586, value: 
key: 8486, value: 
key: 9955, value: 
key: 313124, value: 
key: 47927, value: 
key: 175046, value: 
key: 9924, value: 
key: 127463, value: 
key: 4721, value: 
key: 10222, value: 
key: 766333, value: 
key: 53870, value: 
key: 8722, value: 
key: 73190, value: 
key: 51827, value: 
key: 30732, value: 
key: 111000, value: 
key: 88780, value: 
key: 8773, value: 
key: 323562, value: 
key: 20328, value: 
key: 1237, value: 
key: 181, value: 
key: 507, value: 
key: 346211, value: 
key: 109908, value: 
key: 2161, value: 
key: 10089, value: 
key: 8639, value: 
key: 166582, value: 
key: 220995, value: 
key: 725588, value: 
key: 20105, value: 
key: 32833, value: 
key: 19237, value: 
key: 338494, value: 
key: 16228, value: 
key: 519109, value: 
key: 128836, value: 
key: 6543, value: 
key: 171646, value: 
key: 622013, value: 
key: 711059, value: 
key: 13398, value: 
key: 311820, value: 
key: 1112, value: 
key: 74210, value: 
key: 1183, value: 
key: 1885, value: 
key: 95683, value: 
key: 1970, value: 
key: 2041, value: 
key: 113272, value: 
key: 3362, value: 
key: 285, value: 
key: 36494, value: 
key: 463186, value: 
key: 423548, value: 
key: 58654, value: 
key: 731836, value: 
key: 12054, value: 
key: 61213, value: 
key: 20200, value: 
key: 20207, value: 
key: 139713, value: 
key: 230, value: 
key: 708125, value: 
key: 249577, value: 
key: 48894, value: 
key: 439589, value: 
key: 14590, value: 
key: 245147, value: 
key: 647797, value: 
key: 135162, value: 
key: 399265, value: 
key: 360576, value: 
key: 105341, value: 
key: 86816, value: 
key: 652708, value: 
key: 51919, value: 
key: 967, value: 
key: 118042, value: 
key: 62482, value: 
key: 286789, value: 
key: 19879, value: 
key: 687335, value: 
key: 121180, value: 
key: 435201, value: 
key: 264191, value: 
key: 120215, value: 
key: 244259, value: 
key: 18909, value: 
key: 756232, value: 
key: 249060, value: 
key: 2136, value: 
key: 29724, value: 
key: 259591, value: 
key: 73572, value: 
key: 33346, value: 
key: 808344, value: 
key: 32104, value: 
key: 7019, value: 
key: 3705, value: 
key: 20874, value: 
key: 91888, value: 
key: 83323, value: 
key: 3329, value: 
key: 47665, value: 
key: 109654, value: 
key: 39943, value: 
key: 171141, value: 
key: 83301, value: 
key: 624, value: 
key: 434, value: 
key: 2011, value: 
key: 904625, value: 
key: 1218, value: 
key: 2544, value: 
key: 999007, value: 
key: 49726, value: 
key: 30171, value: 
key: 40818, value: 
key: 168756, value: 
key: 8887, value: 
key: 435316, value: 
key: 179, value: 
key: 58337, value: 
key: 56005, value: 
key: 7489, value: 
key: 37029, value: 
key: 15742, value: 
key: 25087, value: 
key: 8275, value: 
key: 259177, value: 
key: 156796, value: 
key: 5062, value: 
key: 31781, value: 
key: 254164, value: 
key: 17694, value: 
key: 39570, value: 
key: 157925, value: 
key: 209983, value: 
key: 41942, value: 
key: 682939, value: 
key: 290415, value: 
key: 36872, value: 
key: 116, value: 
key: 94137, value: 
key: 562, value: 
key: 349360, value: 
key: 380533, value: 
key: 12113, value: 
key: 923271, value: 
key: 105119, value: 
key: 185023, value: 
key: 56526, value: 
key: 91, value: 
key: 4093, value: 
key: 314, value: 
key: 205066, value: 
key: 41173, value: 
key: 77875, value: 
key: 26156, value: 
key: 307313, value: 
key: 757789, value: 
key: 143, value: 
key: 19317, value: 
key: 21120, value: 
key: 195556, value: 
key: 356273, value: 
key: 69550, value: 
key: 85452, value: 
key: 25938, value: 
key: 1862, value: 
key: 48441, value: 
key: 450326, value: 
key: 370402, value: 
key: 1601, value: 
key: 38202, value: 
key: 491993, value: 
key: 258871, value: 
key: 133, value: 
key: 30469, value: 
key: 282963, value: 
key: 146554, value: 
key: 13389, value: 
key: 40961, value: 
key: 596386, value: 
key: 7842, value: 
key: 2532, value: 
key: 8535, value: 
key: 20507, value: 
key: 1879, value: 
key: 46854, value: 
key: 597364, value: 
key: 3738, value: 
key: 28709, value: 
key: 1315, value: 
key: 15111, value: 
key: 17577, value: 
key: 13470, value: 
key: 27634, value: 
key: 565451, value: 
key: 44975, value: 
key: 661236, value: 
key: 162095, value: 
key: 572942, value: 
key: 28093, value: 
key: 9959, value: 
key: 84877, value: 
key: 167, value: 
key: 3875, value: 
key: 19972, value: 
key: 48630, value: 
key: 1114, value: 
key: 98210, value: 
key: 24059, value: 
key: 6401, value: 
key: 135, value: 
key: 654425, value: 
key: 3210, value: 
key: 1098, value: 
key: 141146, value: 
key: 206644, value: 
key: 514, value: 
key: 15020, value: 
key: 241063, value: 
key: 398, value: 
key: 10296, value: 
key: 129537, value: 
key: 16949, value: 
key: 3974, value: 
key: 59866, value: 
key: 502165, value: 
key: 10992, value: 
key: 8715, value: 
key: 902411, value: 
key: 1470, value: 
key: 83312, value: 
key: 355377, value: 
key: 22094, value: 
key: 115768, value: 
key: 5925, value: 
key: 16169, value: 
key: 8744, value: 
key: 10397, value: 
key: 193907, value: 
key: 40, value: 
key: 795253, value: 
key: 41160, value: 
key: 3391, value: 
key: 416, value: 
key: 117334, value: 
key: 32194, value: 
key: 356094, value: 
key: 165266, value: 
key: 569661, value: 
key: 22742, value: 
key: 13170, value: 
key: 397790, value: 
key: 1007, value: 
key: 8172, value: 
key: 46500, value: 
key: 10012, value: 
key: 18033, value: 
key: 4070, value: 
key: 4696, value: 
key: 6323, value: 
key: 2162, value: 
key: 49713, value: 
key: 128, value: 
key: 587185, value: 
key: 177600, value: 
key: 240963, value: 
key: 72045, value: 
key: 10322, value: 
key: 106049, value: 
key: 229915, value: 
key: 8188, value: 
key: 167243, value: 
key: 1659, value: 
key: 2870, value: 
key: 239937, value: 
key: 286447, value: 
key: 43146, value: 
key: 11670, value: 
key: 4228, value: 
key: 668, value: 
key: 18383, value: 
key: 11272, value: 
key: 22126, value: 
key: 2648, value: 
key: 21889, value: 
key: 747, value: 
key: 291, value: 
key: 613186, value: 
key: 3536, value: 
key: 34780, value: 
key: 77499, value: 
key: 281654, value: 
key: 10235, value: 
key: 100102, value: 
key: 313725, value: 
key: 994980, value: 
key: 9734, value: 
key: 54157, value: 
key: 662715, value: 
key: 43212, value: 
key: 27984, value: 
key: 515376, value: 
key: 11683, value: 
key: 625815, value: 
key: 41042, value: 
key: 54024, value: 
key: 37985, value: 
key: 14297, value: 
key: 25814, value: 
key: 132985, value: 
key: 6859, value: 
key: 455298, value: 
key: 133948, value: 
key: 8021, value: 
key: 903679, value: 
key: 11086, value: 
key: 80316, value: 
key: 413763, value: 
key: 62070, value: 
key: 318698, value: 
key: 63240, value: 
key: 1677, value: 
key: 288070, value: 
key: 35545, value: 
key: 74501, value: 
key: 57501, value: 
key: 25159, value: 
key: 7957, value: 
key: 136670, value: 
key: 242741, value: 
key: 72801, value: 
key: 2350, value: 
key: 217397, value: 
key: 1973, value: 
key: 811060, value: 
key: 3763, value: 
key: 6212, value: 
key: 13056, value: 
key: 54306, value: 
key: 302126, value: 
key: 68763, value: 
key: 42446, value: 
key: 23107, value: 
key: 17680, value: 
key: 5776, value: 
key: 5376, value: 
key: 11582, value: 
key: 9749, value: 
key: 95032, value: 
key: 307118, value: 
key: 96080, value: 
key: 414768, value: 
key: 482574, value: 
key: 768, value: 
key: 75889, value: 
key: 879267, value: 
key: 96697, value: 
key: 10041, value: 
key: 71841, value: 
key: 16748, value: 
key: 121814, value: 
key: 13710, value: 
key: 196837, value: 
key: 70800, value: 
key: 522320, value: 
key: 288706, value: 
key: 18185, value: 
key: 108265, value: 
key: 2549, value: 
key: 13259, value: 
key: 16787, value: 
key: 684, value: 
key: 32262, value: 
key: 264, value: 
key: 15096, value: 
key: 106181, value: 
key: 21134, value: 
key: 11618, value: 
key: 594, value: 
key: 611353, value: 
key: 10569, value: 
key: 35239, value: 
key: 1153, value: 
key: 22990, value: 
key: 288062, value: 
key: 478807, value: 
key: 194475, value: 
key: 6054, value: 
key: 54571, value: 
key: 33709, value: 
key: 504, value: 
key: 49961, value: 
key: 10648, value: 
key: 11193, value: 
key: 457107, value: 
key: 827769, value: 
key: 22353, value: 
key: 631123, value: 
key: 10115, value: 
key: 15257, value: 
key: 986454, value: 
key: 492845, value: 
key: 418097, value: 
key: 613008, value: 
key: 6929, value: 
key: 22477, value: 
key: 64711, value: 
key: 7010, value: 
key: 327, value: 
key: 27883, value: 
key: 1310, value: 
key: 544589, value: 
key: 80599, value: 
key: 2116, value: 
key: 366129, value: 
key: 4698, value: 
key: 344293, value: 
key: 452336, value: 
key: 888, value: 
key: 13689, value: 
key: 72548, value: 
key: 832286, value: 
key: 421885, value: 
key: 30508, value: 
key: 379870, value: 
key: 23550, value: 
key: 782774, value: 
key: 7658, value: 
key: 19205, value: 
key: 944551, value: 
key: 25884, value: 
key: 24730, value: 
key: 35877, value: 
key: 303195, value: 
key: 26221, value: 
key: 8713, value: 
key: 944831, value: 
key: 13903, value: 
key: 668576, value: 
key: 526635, value: 
key: 192713, value: 
key: 2413, value: 
key: 230554, value: 
key: 350980, value: 
key: 3327, value: 
key: 7333, value: 
key: 246093, value: 
key: 688545, value: 
key: 43429, value: 
key: 164820, value: 
key: 47640, value: 
key: 450699, value: 
key: 1912, value: 
key: 429001, value: 
key: 795188, value: 
key: 233630, value: 
key: 18375, value: 
key: 912509, value: 
key: 1420, value: 
key: 16645, value: 
key: 43969, value: 
key: 435885, value: 
key: 178177, value: 
key: 343509, value: 
key: 25773, value: 
key: 1949, value: 
key: 12122, value: 
key: 57410, value: 
key: 547002, value: 
key: 993770, value: 
key: 6008, value: 
key: 927, value: 
key: 161299, value: 
key: 587486, value: 
key: 29839, value: 
key: 167811, value: 
key: 617821, value: 
key: 8767, value: 
key: 254623, value: 
key: 368, value: 
key: 72620, value: 
key: 24270, value: 
key: 69979, value: 
key: 1517, value: 
key: 4506, value: 
key: 737708, value: 
key: 100730, value: 
key: 883, value: 
key: 856475, value: 
key: 16125, value: 
key: 343, value: 
key: 15873, value: 
key: 71293, value: 
key: 641, value: 
key: 39408, value: 
key: 195, value: 
key: 138653, value: 
key: 14174, value: 
key: 25695, value: 
key: 485043, value: 
key: 409349, value: 
key: 40841, value: 
key: 2442, value: 
key: 20116, value: 
key: 4767, value: 
key: 6737, value: 
key: 15730, value: 
key: 79700, value: 
key: 6567, value: 
key: 37060, value: 
key: 7544, value: 
key: 200634, value: 
key: 21732, value: 
key: 67549, value: 
key: 25415, value: 
key: 4136, value: 
key: 69458, value: 
key: 54975, value: 
key: 586419, value: 
key: 2819, value: 
key: 541, value: 
key: 952554, value: 
key: 211770, value: 
key: 214, value: 
key: 41141, value: 
key: 488, value: 
key: 226611, value: 
key: 325636, value: 
key: 899927, value: 
key: 93626, value: 
key: 2309, value: 
key: 106281, value: 
key: 170848, value: 
key: 19711, value: 
key: 5184, value: 
key: 670, value: 
key: 98134, value: 
key: 6890, value: 
key: 348389, value: 
key: 13863, value: 
key: 693614, value: 
key: 830818, value: 
key: 176565, value: 
key: 250442, value: 
key: 2660, value: 
key: 80257, value: 
key: 124485, value: 
key: 482, value: 
key: 2263, value: 
key: 2953, value: 
key: 286275, value: 
key: 9117, value: 
key: 5462, value: 
key: 350228, value: 
key: 922366, value: 
key: 754543, value: 
key: 11801, value: 
key: 217921, value: 
key: 58776, value: 
key: 12013, value: 
key: 19572, value: 
key: 1108, value: 
key: 838839, value: 
key: 393733, value: 
key: 57561, value: 
key: 9548, value: 
key: 11777, value: 
key: 745232, value: 
key: 212524, value: 
key: 17277, value: 
key: 74240, value: 
key: 49180, value: 
key: 307947, value: 
key: 111759, value: 
key: 1276, value: 
key: 6160, value: 
key: 3836, value: 
key: 66893, value: 
key: 603, value: 
key: 80429, value: 
key: 208426, value: 
key: 634850, value: 
key: 806, value: 
key: 144116, value: 
key: 989224, value: 
key: 8032, value: 
key: 8283, value: 
key: 117901, value: 
key: 907889, value: 
key: 23864, value: 
key: 647540, value: 
key: 20351, value: 
key: 78664, value: 
key: 1932, value: 
key: 464756, value: 
key: 911638, value: 
key: 71011, value: 
key: 754, value: 
key: 3222, value: 
key: 405850, value: 
key: 29270, value: 
key: 19299, value: 
key: 839353, value: 
key: 148885, value: 
key: 277944, value: 
key: 11961, value: 
key: 67585, value: 
key: 286483, value: 
key: 561580, value: 
key: 191506, value: 
key: 196427, value: 
key: 2039, value: 
key: 11396, value: 
key: 8111, value: 
key: 2324, value: 
key: 2792, value: 
key: 8205, value: 
key: 87999, value: 
key: 1991, value: 
key: 7280, value: 
key: 26289, value: 
key: 279887, value: 
key: 1211, value: 
key: 138565, value: 
key: 44941, value: 
key: 790687, value: 
key: 341197, value: 
key: 2985, value: 
key: 76173, value: 
key: 378945, value: 
key: 79329, value: 
key: 43665, value: 
key: 3968, value: 
key: 424482, value: 
key: 98573, value: 
key: 539776, value: 
key: 67315, value: 
key: 29523, value: 
key: 178588, value: 
key: 655423, value: 
key: 29180, value: 
key: 708036, value: 
key: 25238, value: 
key: 64428, value: 
key: 307998, value: 
key: 1926, value: 
key: 105299, value: 
key: 953, value: 
key: 195117, value: 
key: 142682, value: 
key: 4629, value: 
key: 121757, value: 
key: 858464, value: 
key: 89023, value: 
key: 986, value: 
key: 45644, value: 
key: 18055, value: 
key: 1773, value: 
key: 289863, value: 
key: 11644, value: 
key: 350, value: 
key: 385533, value: 
key: 47107, value: 
key: 111579, value: 
key: 18320, value: 
key: 8550, value: 
key: 47298, value: 
key: 125706, value: 
key: 1861, value: 
key: 123683, value: 
key: 5882, value: 
key: 4604, value: 
key: 564, value: 
key: 162719, value: 
key: 284967, value: 
key: 11057, value: 
key: 109822, value: 
key: 68133, value: 
key: 36147, value: 
key: 841616, value: 
key: 7645, value: 
key: 21605, value: 
key: 874807, value: 
key: 3538, value: 
key: 254217, value: 
key: 266183, value: 
key: 193939, value: 
key: 94299, value: 
key: 30390, value: 
key: 14020, value: 
key: 1539, value: 
key: 342276, value: 
key: 4047, value: 
key: 120072, value: 
key: 574, value: 
key: 66203, value: 
key: 102611, value: 
key: 10166, value: 
key: 117602, value: 
key: 1801, value: 
key: 261966, value: 
key: 124176, value: 
key: 105210, value: 
key: 18746, value: 
key: 111856, value: 
key: 727, value: 
key: 3314, value: 
key: 41798, value: 
key: 7298, value: 
key: 5538, value: 
key: 85793, value: 
key: 17309, value: 
key: 40392, value: 
key: 57632, value: 
key: 23835, value: 
key: 20939, value: 
key: 1336, value: 
key: 16442, value: 
key: 324670, value: 
key: 864781, value: 
key: 33077, value: 
key: 8781, value: 
key: 2150, value: 
key: 326264, value: 
key: 142112, value: 
key: 2026, value: 
key: 11691, value: 
key: 115327, value: 
key: 9825, value: 
key: 33494, value: 
key: 10511, value: 
key: 5672, value: 
key: 1190, value: 
key: 213833, value: 
key: 447, value: 
key: 35488, value: 
key: 159027, value: 
key: 42981, value: 
key: 51299, value: 
key: 47675, value: 
key: 616952, value: 
key: 122693, value: 
key: 68836, value: 
key: 255475, value: 
key: 13930, value: 
key: 526050, value: 
key: 243202, value: 
key: 6139, value: 
key: 348, value: 
key: 2887, value: 
key: 4371, value: 
key: 340992, value: 
key: 325812, value: 
key: 4887, value: 
key: 375323, value: 
key: 164555, value: 
key: 74583, value: 
key: 560014, value: 
key: 246404, value: 
key: 12531, value: 
key: 77882, value: 
key: 311222, value: 
key: 15903, value: 
key: 2159, value: 
key: 866215, value: 
key: 40592, value: 
key: 246001, value: 
key: 4324, value: 
key: 742466, value: 
key: 885859, value: 
key: 401463, value: 
key: 11074, value: 
key: 426172, value: 
key: 14010, value: 
key: 263298, value: 
key: 9444, value: 
key: 45597, value: 
key: 5678, value: 
key: 1735, value: 
key: 972520, value: 
key: 8389, value: 
key: 71434, value: 
key: 52618, value: 
key: 108, value: 
key: 59297, value: 
key: 92668, value: 
key: 295455, value: 
key: 35802, value: 
key: 26896, value: 
key: 137651, value: 
key: 300038, value: 
key: 5852, value: 
key: 314859, value: 
key: 80290, value: 
key: 37349, value: 
key: 110, value: 
key: 281922, value: 
key: 206216, value: 
key: 32348, value: 
key: 110539, value: 
key: 16886, value: 
key: 2609, value: 
key: 969055, value: 
key: 6615, value: 
key: 32548, value: 
key: 162, value: 
key: 56418, value: 
key: 104, value: 
key: 7778, value: 
key: 8252, value: 
key: 2095, value: 
key: 166043, value: 
key: 1488, value: 
key: 1223, value: 
key: 600545, value: 
key: 6904, value: 
key: 332999, value: 
key: 2612, value: 
key: 40499, value: 
key: 51506, value: 
key: 59531, value: 
key: 777124, value: 
key: 282432, value: 
key: 544316, value: 
key: 149603, value: 
key: 4129, value: 
key: 10557, value: 
key: 4788, value: 
key: 11024, value: 
key: 52684, value: 
key: 3373, value: 
key: 854134, value: 
key: 223661, value: 
key: 25388, value: 
key: 40282, value: 
key: 192, value: 
key: 3017, value: 
key: 27829, value: 
key: 842731, value: 
key: 3554, value: 
key: 47805, value: 
key: 53901, value: 
key: 484006, value: 
key: 2441, value: 
key: 108589, value: 
key: 696423, value: 
key: 27561, value: 
key: 26552, value: 
key: 110713, value: 
key: 291677, value: 
key: 225, value: 
key: 21417, value: 
key: 1859, value: 
key: 110116, value: 
key: 26942, value: 
key: 796488, value: 
key: 154, value: 
key: 869, value: 
key: 324148, value: 
key: 2699, value: 
key: 33675, value: 
key: 2424, value: 
key: 627479, value: 
key: 507762, value: 
key: 3005, value: 
key: 62447, value: 
key: 549212, value: 
key: 32924, value: 
key: 1010, value: 
key: 1892, value: 
key: 5557, value: 
key: 108518, value: 
key: 543507, value: 
key: 16056, value: 
key: 555, value: 
key: 195310, value: 
key: 324966, value: 
key: 69469, value: 
key: 102195, value: 
key: 15281, value: 
key: 48324, value: 
key: 5435, value: 
key: 5736, value: 
key: 11126, value: 
key: 98216, value: 
key: 61914, value: 
key: 2290, value: 
key: 39715, value: 
key: 13779, value: 
key: 16171, value: 
key: 50634, value: 
key: 45697, value: 
key: 853622, value: 
key: 648234, value: 
key: 7875, value: 
key: 68609, value: 
key: 16574, value: 
key: 656, value: 
key: 389086, value: 
key: 1622, value: 
key: 13229, value: 
key: 10127, value: 
key: 10863, value: 
key: 825083, value: 
key: 9762, value: 
key: 42030, value: 
key: 682, value: 
key: 24001, value: 
key: 933, value: 
key: 12419, value: 
key: 507913, value: 
key: 10179, value: 
key: 87561, value: 
key: 5682, value: 
key: 207808, value: 
key: 243137, value: 
key: 5948, value: 
key: 724, value: 
key: 30269, value: 
key: 456, value: 
key: 18798, value: 
key: 84812, value: 
key: 5134, value: 
key: 27260, value: 
key: 795551, value: 
key: 265783, value: 
key: 240651, value: 
key: 366195, value: 
key: 8491, value: 
key: 448870, value: 
key: 7841, value: 
key: 296230, value: 
key: 389, value: 
key: 962, value: 
key: 57087, value: 
key: 2104, value: 
key: 1362, value: 
key: 135950, value: 
key: 205413, value: 
key: 440810, value: 
key: 146853, value: 
key: 73983, value: 
key: 44292, value: 
key: 1806, value: 
key: 1482, value: 
key: 900938, value: 
key: 30371, value: 
key: 6320, value: 
key: 733, value: 
key: 173276, value: 
key: 108907, value: 
key: 106852, value: 
key: 3463, value: 
key: 28243, value: 
key: 376705, value: 
key: 129465, value: 
key: 2909, value: 
key: 609, value: 
key: 830325, value: 
key: 38148, value: 
key: 933697, value: 
key: 63003, value: 
key: 2784, value: 
key: 188257, value: 
key: 519403, value: 
key: 3743, value: 
key: 588550, value: 
key: 2018, value: 
key: 22119, value: 
key: 775768, value: 
key: 223683, value: 
key: 12127, value: 
key: 1346, value: 
key: 18327, value: 
key: 441888, value: 
key: 351912, value: 
key: 42922, value: 
key: 71428, value: 
key: 36902, value: 
key: 1288, value: 
key: 2706, value: 
key: 1642, value: 
key: 19209, value: 
key: 2521, value: 
key: 542288, value: 
key: 1992, value: 
key: 78851, value: 
key: 32689, value: 
key: 127923, value: 
key: 210604, value: 
key: 5176, value: 
key: 9781, value: 
key: 773, value: 
key: 1094, value: 
key: 3765, value: 
key: 13795, value: 
key: 219, value: 
key: 57583, value: 
key: 317278, value: 
key: 77912, value: 
key: 12618, value: 
key: 10077, value: 
key: 332580, value: 
key: 78957, value: 
key: 299604, value: 
key: 13249, value: 
key: 657150, value: 
key: 1004, value: 
key: 107454, value: 
key: 43, value: 
key: 304468, value: 
key: 384, value: 
key: 11228, value: 
key: 391, value: 
key: 841513, value: 
key: 61638, value: 
key: 605, value: 
key: 13503, value: 
key: 8940, value: 
key: 476, value: 
key: 377, value: 
key: 1855, value: 
key: 176148, value: 
key: 9552, value: 
key: 1604, value: 
key: 30300, value: 
key: 1459, value: 
key: 12908, value: 
key: 43915, value: 
key: 7142, value: 
key: 6022, value: 
key: 377393, value: 
key: 648, value: 
key: 236912, value: 
key: 597354, value: 
key: 120000, value: 
key: 147260, value: 
key: 251978, value: 
key: 35693, value: 
key: 7027, value: 
key: 448416, value: 
key: 564785, value: 
key: 3434, value: 
key: 17777, value: 
key: 24729, value: 
key: 662827, value: 
key: 113068, value: 
key: 303848, value: 
key: 14517, value: 
key: 111764, value: 
key: 11078, value: 
key: 1188, value: 
key: 5964, value: 
key: 13188, value: 
key: 24248, value: 
key: 602507, value: 
key: 6260, value: 
key: 9143, value: 
key: 35493, value: 
key: 7227, value: 
key: 202798, value: 
key: 29652, value: 
key: 682867, value: 
key: 454218, value: 
key: 22988, value: 
key: 596941, value: 
key: 3800, value: 
key: 136488, value: 
key: 745129, value: 
key: 827139, value: 
key: 818396, value: 
key: 41621, value: 
key: 312304, value: 
key: 110369, value: 
key: 448286, value: 
key: 1173, value: 
key: 80679, value: 
key: 38588, value: 
key: 16571, value: 
key: 7630, value: 
key: 22859, value: 
key: 1647, value: 
key: 2498, value: 
key: 3142, value: 
key: 694338, value: 
key: 6561, value: 
key: 153657, value: 
key: 580450, value: 
key: 802044, value: 
key: 46581, value: 
key: 5738, value: 
key: 26143, value: 
key: 8203, value: 
key: 34930, value: 
key: 460131, value: 
key: 2014, value: 
key: 638, value: 
key: 6397, value: 
key: 12464, value: 
key: 76264, value: 
key: 87384, value: 
key: 2310, value: 
key: 797, value: 
key: 719797, value: 
key: 123746, value: 
key: 16118, value: 
key: 3953, value: 
key: 59426, value: 
key: 10984, value: 
key: 30997, value: 
key: 4304, value: 
key: 13821, value: 
key: 121474, value: 
key: 6980, value: 
key: 20489, value: 
key: 303248, value: 
key: 959346, value: 
key: 25715, value: 
key: 3955, value: 
key: 27072, value: 
key: 3008, value: 
key: 14551, value: 
key: 5418, value: 
key: 2059, value: 
key: 3546, value: 
key: 7380, value: 
key: 942, value: 
key: 157897, value: 
key: 14260, value: 
key: 134425, value: 
key: 29754, value: 
key: 832294, value: 
key: 11486, value: 
key: 34852, value: 
key: 106030, value: 
key: 392, value: 
key: 1162, value: 
key: 75463, value: 
key: 162888, value: 
key: 5183, value: 
key: 364282, value: 
key: 80150, value: 
key: 4762, value: 
key: 67, value: 
key: 90241, value: 
key: 2492, value: 
key: 7758, value: 
key: 43881, value: 
key: 108648, value: 
key: 41058, value: 
key: 184239, value: 
key: 2680, value: 
key: 270211, value: 
key: 12512, value: 
key: 72387, value: 
key: 29257, value: 
key: 264415, value: 
key: 392018, value: 
key: 27847, value: 
key: 2683, value: 
key: 5284, value: 
key: 35867, value: 
key: 455351, value: 
key: 228208, value: 
key: 7131, value: 
key: 2475, value: 
key: 2030, value: 
key: 47562, value: 
key: 27116, value: 
key: 167926, value: 
key: 1072, value: 
key: 1624, value: 
key: 526949, value: 
key: 803586, value: 
key: 2626, value: 
key: 37274, value: 
key: 62751, value: 
key: 8974, value: 
key: 632235, value: 
key: 127547, value: 
key: 769215, value: 
key: 71771, value: 
key: 90010, value: 
key: 12500, value: 
key: 104877, value: 
key: 41613, value: 
key: 95903, value: 
key: 44990, value: 
key: 454818, value: 
key: 300806, value: 
key: 11814, value: 
key: 214856, value: 
key: 54417, value: 
key: 368604, value: 
key: 5231, value: 
key: 9311, value: 
key: 1234, value: 
key: 22672, value: 
key: 20077, value: 
key: 425674, value: 
key: 238056, value: 
key: 539642, value: 
key: 524, value: 
key: 137009, value: 
key: 306651, value: 
key: 15714, value: 
key: 76863, value: 
key: 252156, value: 
key: 53607, value: 
key: 44486, value: 
key: 17943, value: 
key: 25212, value: 
key: 278182, value: 
key: 31091, value: 
key: 962381, value: 
key: 90053, value: 
key: 992, value: 
key: 428326, value: 
key: 13765, value: 
key: 38322, value: 
key: 37033, value: 
key: 43510, value: 
key: 10031, value: 
key: 157198, value: 
key: 786420, value: 
key: 3830, value: 
key: 95104, value: 
key: 873, value: 
key: 14744, value: 
key: 30316, value: 
key: 17130, value: 
key: 167143, value: 
key: 6470, value: 
key: 18254, value: 
key: 62766, value: 
key: 2764, value: 
key: 47703, value: 
key: 6200, value: 
key: 658099, value: 
key: 453684, value: 
key: 2053, value: 
key: 13677, value: 
key: 30451, value: 
key: 65273, value: 
key: 61423, value: 
key: 581424, value: 
key: 494377, value: 
key: 150444, value: 
key: 4139, value: 
key: 18077, value: 
key: 141275, value: 
key: 580626, value: 
key: 20272, value: 
key: 651871, value: 
key: 15462, value: 
key: 10332, value: 
key: 29, value: 
key: 2020, value: 
key: 16534, value: 
key: 160416, value: 
key: 1523, value: 
key: 93053, value: 
key: 8126, value: 
key: 79300, value: 
key: 203824, value: 
key: 758, value: 
key: 300, value: 
key: 234071, value: 
key: 4452, value: 
key: 962938, value: 
key: 10091, value: 
key: 3213, value: 
key: 32650, value: 
key: 31373, value: 
key: 37, value: 
key: 3091, value: 
key: 1951, value: 
key: 468418, value: 
key: 14013, value: 
key: 2299, value: 
key: 25033, value: 
key: 39432, value: 
key: 179914, value: 
key: 801376, value: 
key: 637065, value: 
key: 537480, value: 
key: 227658, value: 
key: 21085, value: 
key: 913, value: 
key: 15663, value: 
key: 51417, value: 
key: 55947, value: 
key: 120177, value: 
key: 17028, value: 
key: 515106, value: 
key: 367824, value: 
key: 527279, value: 
key: 25180, value: 
key: 29230, value: 
key: 205382, value: 
key: 257583, value: 
key: 10966, value: 
key: 312644, value: 
key: 803, value: 
key: 14530, value: 
key: 10398, value: 
key: 60769, value: 
key: 616735, value: 
key: 203, value: 
key: 455, value: 
key: 227699, value: 
key: 36183, value: 
key: 51980, value: 
key: 4792, value: 
key: 77, value: 
key: 37204, value: 
key: 34224, value: 
key: 4761, value: 
key: 7066, value: 
key: 347909, value: 
key: 319040, value: 
key: 87679, value: 
key: 16618, value: 
key: 1692, value: 
key: 7126, value: 
key: 86802, value: 
key: 3551, value: 
key: 175746, value: 
key: 2721, value: 
key: 233951, value: 
key: 1567, value: 
key: 32431, value: 
key: 533427, value: 
key: 3383, value: 
key: 13426, value: 
key: 671519, value: 
key: 1232, value: 
key: 390187, value: 
key: 95754, value: 
key: 136481, value: 
key: 9175, value: 
key: 165453, value: 
key: 25143, value: 
key: 464697, value: 
key: 58158, value: 
key: 28281, value: 
key: 335376, value: 
key: 10064, value: 
key: 790, value: 
key: 7006, value: 
key: 26292, value: 
key: 4414, value: 
key: 410087, value: 
key: 20687, value: 
key: 30315, value: 
key: 408, value: 
key: 563188, value: 
key: 70938, value: 
key: 47228, value: 
key: 725511, value: 
key: 19816, value: 
key: 1226, value: 
key: 18595, value: 
key: 913048, value: 
key: 152173, value: 
key: 1067, value: 
key: 76701, value: 
key: 278762, value: 
key: 8582, value: 
key: 5326, value: 
key: 101079, value: 
key: 29550, value: 
key: 46325, value: 
key: 5045, value: 
key: 106079, value: 
key: 1133, value: 
key: 65087, value: 
key: 3313, value: 
key: 14252, value: 
key: 11763, value: 
key: 313, value: 
key: 777434, value: 
key: 12664, value: 
key: 82331, value: 
key: 404, value: 
key: 7341, value: 
key: 141734, value: 
key: 21569, value: 
key: 839205, value: 
key: 13663, value: 
key: 5017, value: 
key: 291549, value: 
key: 24022, value: 
key: 5168, value: 
key: 3660, value: 
key: 26283, value: 
key: 3375, value: 
key: 2513, value: 
key: 19296, value: 
key: 41324, value: 
key: 90045, value: 
key: 791427, value: 
key: 28526, value: 
key: 1674, value: 
key: 14805, value: 
key: 98252, value: 
key: 6019, value: 
key: 29729, value: 
key: 16551, value: 
key: 22031, value: 
key: 15867, value: 
key: 63962, value: 
key: 125732, value: 
key: 5349, value: 
key: 1545, value: 
key: 419601, value: 
key: 10710, value: 
key: 4299, value: 
key: 492519, value: 
key: 704815, value: 
key: 51883, value: 
key: 40662, value: 
key: 19103, value: 
key: 146905, value: 
key: 2033, value: 
key: 194938, value: 
key: 165402, value: 
key: 26863, value: 
key: 75506, value: 
key: 3666, value: 
key: 90039, value: 
key: 3215, value: 
key: 309098, value: 
key: 65517, value: 
key: 5079, value: 
key: 27251, value: 
key: 47131, value: 
key: 224440, value: 
key: 13545, value: 
key: 17, value: 
key: 37224, value: 
key: 181276, value: 
key: 594589, value: 
key: 12647, value: 
key: 241739, value: 
key: 10121, value: 
key: 126568, value: 
key: 118041, value: 
key: 259365, value: 
key: 944238, value: 
key: 233051, value: 
key: 32605, value: 
key: 33314, value: 
key: 459974, value: 
key: 13769, value: 
key: 22592, value: 
key: 23072, value: 
key: 51323, value: 
key: 150249, value: 
key: 24833, value: 
key: 225001, value: 
key: 8925, value: 
key: 689, value: 
key: 833, value: 
key: 32199, value: 
key: 223905, value: 
key: 16396, value: 
key: 69814, value: 
key: 49302, value: 
key: 109991, value: 
key: 10672, value: 
key: 101009, value: 
key: 6510, value: 
key: 978665, value: 
key: 164232, value: 
key: 55517, value: 
key: 362459, value: 
key: 14442, value: 
key: 95066, value: 
key: 101307, value: 
key: 689099, value: 
key: 52828, value: 
key: 113990, value: 
key: 8060, value: 
key: 119670, value: 
key: 9667, value: 
key: 51190, value: 
key: 39176, value: 
key: 20691, value: 
key: 14030, value: 
key: 2240, value: 
key: 36904, value: 
key: 1477, value: 
key: 528433, value: 
key: 890786, value: 
key: 20177, value: 
key: 19617, value: 
key: 623, value: 
key: 8404, value: 
key: 355717, value: 
key: 3583, value: 
key: 13939, value: 
key: 57428, value: 
key: 12291, value: 
key: 4584, value: 
key: 790916, value: 
key: 4920, value: 
key: 92427, value: 
key: 63397, value: 
key: 1373, value: 
key: 7894, value: 
key: 24692, value: 
key: 229569, value: 
key: 140524, value: 
key: 13176, value: 
key: 192387, value: 
key: 46527, value: 
key: 98952, value: 
key: 213213, value: 
key: 269659, value: 
key: 52811, value: 
key: 195920, value: 
key: 6965, value: 
key: 39137, value: 
key: 364674, value: 
key: 659221, value: 
key: 19941, value: 
key: 29639, value: 
key: 21871, value: 
key: 999893, value: 
key: 19916, value: 
key: 2937, value: 
key: 5610, value: 
key: 146809, value: 
key: 53695, value: 
key: 121900, value: 
key: 47174, value: 
key: 299403, value: 
key: 121, value: 
key: 37912, value: 
key: 4383, value: 
key: 16289, value: 
key: 492210, value: 
key: 14918, value: 
key: 648682, value: 
key: 43439, value: 
key: 81, value: 
key: 85297, value: 
key: 451240, value: 
key: 777700, value: 
key: 6773, value: 
key: 2096, value: 
key: 391280, value: 
key: 865526, value: 
key: 293390, value: 
key: 397850, value: 
key: 6633, value: 
key: 325459, value: 
key: 2473, value: 
key: 79753, value: 
key: 131575, value: 
key: 85210, value: 
key: 17656, value: 
key: 8654, value: 
key: 1248, value: 
key: 68259, value: 
key: 20388, value: 
key: 1394, value: 
key: 197864, value: 
key: 76240, value: 
key: 1062, value: 
key: 83719, value: 
key: 9606, value: 
key: 191912, value: 
key: 228355, value: 
key: 105702, value: 
key: 2897, value: 
key: 9427, value: 
key: 363116, value: 
key: 57709, value: 
key: 405440, value: 
key: 30832, value: 
key: 257014, value: 
key: 91940, value: 
key: 6440, value: 
key: 144971, value: 
key: 3892, value: 
key: 186497, value: 
key: 60448, value: 
key: 1045, value: 
key: 157675, value: 
key: 2402, value: 
key: 158, value: 
key: 1608, value: 
key: 204407, value: 
key: 90954, value: 
key: 5939, value: 
key: 149539, value: 
key: 156777, value: 
key: 55236, value: 
key: 306, value: 
key: 212363, value: 
key: 144868, value: 
key: 44144, value: 
key: 74548, value: 
key: 212, value: 
key: 1050, value: 
key: 164823, value: 
key: 949428, value: 
key: 51471, value: 
key: 7105, value: 
key: 6, value: 
key: 21340, value: 
key: 50412, value: 
key: 1873, value: 
key: 45401, value: 
key: 9739, value: 
key: 963239, value: 
key: 251708, value: 
key: 11455, value: 
key: 4758, value: 
key: 1835, value: 
key: 978865, value: 
key: 7144, value: 
key: 35014, value: 
key: 248983, value: 
key: 5306, value: 
key: 3737, value: 
key: 125389, value: 
key: 822049, value: 
key: 4983, value: 
key: 147146, value: 
key: 145528, value: 
key: 121735, value: 
key: 8351, value: 
key: 739, value: 
key: 2847, value: 
key: 113158, value: 
key: 365897, value: 
key: 1267, value: 
key: 27615, value: 
key: 2852, value: 
key: 17104, value: 
key: 168302, value: 
key: 8217, value: 
key: 157058, value: 
key: 2806, value: 
key: 791512, value: 
key: 2368, value: 
key: 26468, value: 
key: 3050, value: 
key: 822, value: 
key: 329228, value: 
key: 22915, value: 
key: 18915, value: 
key: 635746, value: 
key: 12598, value: 
key: 9907, value: 
key: 25117, value: 
key: 212136, value: 
key: 936, value: 
key: 32078, value: 
key: 696, value: 
key: 533193, value: 
key: 442939, value: 
key: 105939, value: 
key: 1220, value: 
key: 112728, value: 
key: 186261, value: 
key: 160421, value: 
key: 18739, value: 
key: 599425, value: 
key: 43025, value: 
key: 18460, value: 
key: 43685, value: 
key: 134718, value: 
key: 7804, value: 
key: 8710, value: 
key: 556432, value: 
key: 49505, value: 
key: 176777, value: 
key: 512, value: 
key: 3256, value: 
key: 27154, value: 
key: 277701, value: 
key: 9211, value: 
key: 16720, value: 
key: 48015, value: 
key: 211685, value: 
key: 80835, value: 
key: 9502, value: 
key: 558, value: 
key: 203838, value: 
key: 52287, value: 
key: 116084, value: 
key: 12252, value: 
key: 4738, value: 
key: 23422, value: 
key: 27627, value: 
key: 1465, value: 
key: 1055, value: 
key: 16767, value: 
key: 1962, value: 
key: 157021, value: 
key: 11069, value: 
key: 27961, value: 
key: 5208, value: 
key: 324246, value: 
key: 161711, value: 
key: 3726, value: 
key: 2491, value: 
key: 174, value: 
key: 889211, value: 
key: 42783, value: 
key: 22317, value: 
key: 915871, value: 
key: 14301, value: 
key: 2439, value: 
key: 81480, value: 
key: 22049, value: 
key: 30641, value: 
key: 1441, value: 
key: 41506, value: 
key: 213546, value: 
key: 56571, value: 
key: 599076, value: 
key: 891703, value: 
key: 253052, value: 
key: 25034, value: 
key: 799, value: 
key: 41078, value: 
key: 25220, value: 
key: 115945, value: 
key: 140538, value: 
key: 876, value: 
key: 751583, value: 
key: 300257, value: 
key: 981843, value: 
key: 494818, value: 
key: 4463, value: 
key: 1736, value: 
key: 851, value: 
key: 74592, value: 
key: 3209, value: 
key: 2497, value: 
key: 248619, value: 
key: 629, value: 
key: 38989, value: 
key: 139334, value: 
key: 51791, value: 
key: 218753, value: 
key: 133280, value: 
key: 2728, value: 
key: 6657, value: 
key: 11571, value: 
key: 139414, value: 
key: 142663, value: 
key: 118003, value: 
key: 179593, value: 
key: 64309, value: 
key: 485596, value: 
key: 126149, value: 
key: 66039, value: 
key: 7628, value: 
key: 280432, value: 
key: 21261, value: 
key: 3408, value: 
key: 89001, value: 
key: 163937, value: 
key: 862649, value: 
key: 180762, value: 
key: 17493, value: 
key: 19120, value: 
key: 583, value: 
key: 283751, value: 
key: 978, value: 
key: 58, value: 
key: 1666, value: 
key: 9169, value: 
key: 35011, value: 
key: 9681, value: 
key: 16905, value: 
key: 5957, value: 
key: 4330, value: 
key: 78127, value: 
key: 840863, value: 
key: 61623, value: 
key: 18094, value: 
key: 29793, value: 
key: 523, value: 
key: 1283, value: 
key: 110066, value: 
key: 110580, value: 
key: 1602, value: 
key: 168647, value: 
key: 3493, value: 
key: 31870, value: 
key: 39839, value: 
key: 111981, value: 
key: 29290, value: 
key: 451189, value: 
key: 1309, value: 
key: 519594, value: 
key: 552595, value: 
key: 77704, value: 
key: 239932, value: 
key: 807844, value: 
key: 1752, value: 
key: 240167, value: 
key: 29600, value: 
key: 600876, value: 
key: 23694, value: 
key: 215049, value: 
key: 17299, value: 
key: 9204, value: 
key: 435503, value: 
key: 45069, value: 
key: 14492, value: 
key: 4419, value: 
key: 15243, value: 
key: 6259, value: 
key: 3518, value: 
key: 49499, value: 
key: 31845, value: 
key: 238616, value: 
key: 510052, value: 
key: 32390, value: 
key: 62144, value: 
key: 128001, value: 
key: 626092, value: 
key: 228237, value: 
key: 14626, value: 
key: 9773, value: 
key: 896025, value: 
key: 3859, value: 
key: 12455, value: 
key: 30053, value: 
key: 45880, value: 
key: 9322, value: 
key: 11421, value: 
key: 19841, value: 
key: 113765, value: 
key: 542675, value: 
key: 302312, value: 
key: 852, value: 
key: 2930, value: 
key: 1374, value: 
key: 7848, value: 
key: 89790, value: 
key: 99535, value: 
key: 36718, value: 
key: 885564, value: 
key: 3717, value: 
key: 137613, value: 
key: 184394, value: 
key: 116013, value: 
key: 12359, value: 
key: 1518, value: 
key: 217954, value: 
key: 11543, value: 
key: 23672, value: 
key: 17862, value: 
key: 3670, value: 
key: 7898, value: 
key: 780307, value: 
key: 145700, value: 
key: 20664, value: 
key: 28267, value: 
key: 16859, value: 
key: 1284, value: 
key: 15379, value: 
key: 943775, value: 
key: 10602, value: 
key: 24770, value: 
key: 3475, value: 
key: 52860, value: 
key: 259471, value: 
key: 165498, value: 
key: 34753, value: 
key: 770, value: 
key: 862, value: 
key: 174409, value: 
key: 77340, value: 
key: 698969, value: 
key: 745718, value: 
key: 265453, value: 
key: 5099, value: 
key: 161957, value: 
key: 82407, value: 
key: 85213, value: 
key: 18067, value: 
key: 88167, value: 
key: 287697, value: 
key: 118752, value: 
key: 17631, value: 
key: 3910, value: 
key: 503124, value: 
key: 14942, value: 
key: 24608, value: 
key: 57693, value: 
key: 7061, value: 
key: 12, value: 
key: 2974, value: 
key: 107249, value: 
key: 4500, value: 
key: 56543, value: 
key: 336372, value: 
key: 180635, value: 
key: 205234, value: 
key: 32387, value: 
key: 37346, value: 
key: 902, value: 
key: 767806, value: 
key: 7473, value: 
key: 41029, value: 
key: 21006, value: 
key: 21575, value: 
key: 294880, value: 
key: 24537, value: 
key: 51012, value: 
key: 189704, value: 
key: 8315, value: 
key: 44423, value: 
key: 68950, value: 
key: 5483, value: 
key: 736040, value: 
key: 12037, value: 
key: 147352, value: 
key: 157744, value: 
key: 36309, value: 
key: 55684, value: 
key: 99972, value: 
key: 42658, value: 
key: 2569, value: 
key: 502960, value: 
key: 5508, value: 
key: 22957, value: 
key: 741, value: 
key: 40753, value: 
key: 897045, value: 
key: 26812, value: 
key: 247072, value: 
key: 34814, value: 
key: 105496, value: 
key: 15248, value: 
key: 2573, value: 
key: 256318, value: 
key: 567795, value: 
key: 812105, value: 
key: 57348, value: 
key: 709111, value: 
key: 11639, value: 
key: 61614, value: 
key: 886868, value: 
key: 1466, value: 
key: 58669, value: 
key: 220187, value: 
key: 321545, value: 
key: 183673, value: 
key: 908604, value: 
key: 29199, value: 
key: 111613, value: 
key: 43355, value: 
key: 13050, value: 
key: 22713, value: 
key: 431959, value: 
key: 327625, value: 
key: 107763, value: 
key: 1435, value: 
key: 9514, value: 
key: 1718, value: 
key: 888124, value: 
key: 200277, value: 
key: 1503, value: 
key: 227531, value: 
key: 175715, value: 
key: 58386, value: 
key: 17714, value: 
key: 146139, value: 
key: 69040, value: 
key: 10897, value: 
key: 1701, value: 
key: 16332, value: 
key: 134754, value: 
key: 35603, value: 
key: 841979, value: 
key: 9318, value: 
key: 23924, value: 
key: 1097, value: 
key: 170188, value: 
key: 47583, value: 
key: 136775, value: 
key: 524644, value: 
key: 841, value: 
key: 12338, value: 
key: 22968, value: 
key: 7255, value: 
key: 966102, value: 
key: 1091, value: 
key: 100739, value: 
key: 313074, value: 
key: 5073, value: 
key: 80907, value: 
key: 933663, value: 
key: 383440, value: 
key: 263, value: 
key: 159250, value: 
key: 191266, value: 
key: 966425, value: 
key: 18916, value: 
key: 1179, value: 
key: 851361, value: 
key: 151547, value: 
key: 402795, value: 
key: 20410, value: 
key: 2531, value: 
key: 977520, value: 
key: 46978, value: 
key: 851689, value: 
key: 1296, value: 
key: 122, value: 
key: 6310, value: 
key: 548114, value: 
key: 90902, value: 
key: 8891, value: 
key: 343339, value: 
key: 543476, value: 
key: 142279, value: 
key: 10695, value: 
key: 1591, value: 
key: 5795, value: 
key: 764385, value: 
key: 58076, value: 
key: 3067, value: 
key: 45, value: 
key: 15385, value: 
key: 910683, value: 
key: 464, value: 
key: 5417, value: 
key: 4505, value: 
key: 6646, value: 
key: 531701, value: 
key: 7483, value: 
key: 645791, value: 
key: 527533, value: 
key: 129044, value: 
key: 4639, value: 
key: 152530, value: 
key: 389438, value: 
key: 36270, value: 
key: 25084, value: 
key: 81790, value: 
key: 145479, value: 
key: 340253, value: 
key: 46910, value: 
key: 250526, value: 
key: 321176, value: 
key: 4548, value: 
key: 37599, value: 
key: 13750, value: 
key: 945, value: 
key: 7854, value: 
key: 58152, value: 
key: 1351, value: 
key: 31891, value: 
key: 400148, value: 
key: 24947, value: 
key: 343440, value: 
key: 15687, value: 
key: 104699, value: 
key: 51472, value: 
key: 178491, value: 
key: 134069, value: 
key: 11384, value: 
key: 360969, value: 
key: 18309, value: 
key: 7208, value: 
key: 121606, value: 
key: 32011, value: 
key: 955380, value: 
key: 211552, value: 
key: 86094, value: 
key: 430491, value: 
key: 6765, value: 
key: 16481, value: 
key: 50988, value: 
key: 26427, value: 
key: 37979, value: 
key: 16033, value: 
key: 452271, value: 
key: 64895, value: 
key: 110287, value: 
key: 14850, value: 
key: 30863, value: 
key: 119190, value: 
key: 8132, value: 
key: 5718, value: 
key: 32289, value: 
key: 1264, value: 
key: 42270, value: 
key: 622918, value: 
key: 65255, value: 
key: 66884, value: 
key: 22611, value: 
key: 29770, value: 
key: 3276, value: 
key: 386116, value: 
key: 360784, value: 
key: 24701, value: 
key: 13240, value: 
key: 294657, value: 
key: 210833, value: 
key: 88258, value: 
key: 364625, value: 
key: 136839, value: 
key: 11818, value: 
key: 16208, value: 
key: 13027, value: 
key: 39952, value: 
key: 371, value: 
key: 538241, value: 
key: 231480, value: 
key: 30711, value: 
key: 2542, value: 
key: 84132, value: 
key: 670123, value: 
key: 555400, value: 
key: 9611, value: 
key: 175777, value: 
key: 4779, value: 
key: 17316, value: 
key: 4409, value: 
key: 23923, value: 
key: 471549, value: 
key: 251183, value: 
key: 108554, value: 
key: 229434, value: 
key: 551315, value: 
key: 87990, value: 
key: 19074, value: 
key: 796853, value: 
key: 10643, value: 
key: 728789, value: 
key: 333958, value: 
key: 8988, value: 
key: 59936, value: 
key: 316524, value: 
key: 1561, value: 
key: 525701, value: 
key: 353802, value: 
key: 11665, value: 
key: 67523, value: 
key: 197160, value: 
key: 667106, value: 
key: 5445, value: 
key: 191052, value: 
key: 61408, value: 
key: 336, value: 
key: 1270, value: 
key: 406152, value: 
key: 1845, value: 
key: 30513, value: 
key: 3397, value: 
key: 212124, value: 
key: 534437, value: 
key: 1313, value: 
key: 17605, value: 
key: 104707, value: 
key: 723908, value: 
key: 1754, value: 
key: 863298, value: 
key: 907, value: 
key: 1592, value: 
key: 311745, value: 
key: 1694, value: 
key: 3653, value: 
key: 1786, value: 
key: 2851, value: 
key: 11004, value: 
key: 58199, value: 
key: 651, value: 
key: 14, value: 
key: 1529, value: 
key: 361489, value: 
key: 14997, value: 
key: 27007, value: 
key: 711422, value: 
key: 55545, value: 
key: 131853, value: 
key: 220248, value: 
key: 5826, value: 
key: 108023, value: 
key: 31663, value: 
key: 789, value: 
key: 83526, value: 
key: 8595, value: 
key: 637, value: 
key: 3639, value: 
key: 5811, value: 
key: 135000, value: 
key: 2452, value: 
key: 2502, value: 
key: 410, value: 
key: 122915, value: 
key: 29387, value: 
key: 369223, value: 
key: 481623, value: 
key: 40043, value: 
key: 445730, value: 
key: 32886, value: 
key: 81562, value: 
key: 7468, value: 
key: 88161, value: 
key: 453, value: 
key: 29435, value: 
key: 683545, value: 
key: 115383, value: 
key: 48689, value: 
key: 345, value: 
key: 987011, value: 
key: 44557, value: 
key: 69710, value: 
key: 979212, value: 
key: 188983, value: 
key: 640874, value: 
key: 2791, value: 
key: 142344, value: 
key: 117071, value: 
key: 60513, value: 
key: 122874, value: 
key: 7695, value: 
key: 62638, value: 
key: 903066, value: 
key: 35812, value: 
key: 449963, value: 
key: 20150, value: 
key: 16153, value: 
key: 231663, value: 
key: 212849, value: 
key: 52174, value: 
key: 666, value: 
key: 228711, value: 
key: 385282, value: 
key: 663, value: 
key: 29820, value: 
key: 87962, value: 
key: 52843, value: 
key: 8286, value: 
key: 1964, value: 
key: 2582, value: 
key: 31062, value: 
key: 372598, value: 
key: 83966, value: 
key: 942191, value: 
key: 20894, value: 
key: 166431, value: 
key: 167461, value: 
key: 196973, value: 
key: 728263, value: 
key: 357, value: 
key: 277985, value: 
key: 109847, value: 
key: 757796, value: 
key: 661319, value: 
key: 61372, value: 
key: 302079, value: 
key: 165921, value: 
key: 90791, value: 
key: 405377, value: 
key: 55538, value: 
key: 16908, value: 
key: 998109, value: 
key: 67501, value: 
key: 4611, value: 
key: 10116, value: 
key: 9467, value: 
key: 151256, value: 
key: 312974, value: 
key: 79366, value: 
key: 924443, value: 
key: 16548, value: 
key: 641303, value: 
key: 424564, value: 
key: 719, value: 
key: 34923, value: 
key: 965417, value: 
key: 15983, value: 
key: 67326, value: 
key: 98552, value: 
key: 136083, value: 
key: 15704, value: 
key: 10546, value: 
key: 659089, value: 
key: 60909, value: 
key: 2383, value: 
key: 54015, value: 
key: 6412, value: 
key: 450873, value: 
key: 890477, value: 
key: 35696, value: 
key: 468932, value: 
key: 904, value: 
key: 1185, value: 
key: 5009, value: 
key: 179518, value: 
key: 26546, value: 
key: 23257, value: 
key: 169702, value: 
key: 70910, value: 
key: 859490, value: 
key: 1741, value: 
key: 304787, value: 
key: 491786, value: 
key: 911615, value: 
key: 421, value: 
key: 71383, value: 
key: 883928, value: 
key: 214389, value: 
key: 16401, value: 
key: 140237, value: 
key: 45790, value: 
key: 1511, value: 
key: 1053, value: 
key: 785375, value: 
key: 687864, value: 
key: 8272, value: 
key: 448957, value: 
key: 38651, value: 
key: 52875, value: 
key: 73863, value: 
key: 755880, value: 
key: 827063, value: 
key: 40048, value: 
key: 6572, value: 
key: 24376, value: 
key: 32730, value: 
key: 271477, value: 
key: 91333, value: 
key: 613961, value: 
key: 22092, value: 
key: 269124, value: 
key: 93660, value: 
key: 612, value: 
key: 11427, value: 
key: 146303, value: 
key: 7776, value: 
key: 658773, value: 
key: 108030, value: 
key: 526965, value: 
key: 795829, value: 
key: 45234, value: 
key: 209625, value: 
key: 159458, value: 
key: 2107, value: 
key: 3006, value: 
key: 7015, value: 
key: 3770, value: 
key: 914969, value: 
key: 1241, value: 
key: 79954, value: 
key: 19389, value: 
key: 2258, value: 
key: 3021, value: 
key: 133080, value: 
key: 569442, value: 
key: 8376, value: 
key: 2264, value: 
key: 124822, value: 
key: 4972, value: 
key: 65009, value: 
key: 37352, value: 
key: 4352, value: 
key: 1463, value: 
key: 1776, value: 
key: 83225, value: 
key: 155946, value: 
key: 12264, value: 
key: 2842, value: 
key: 6895, value: 
key: 19170, value: 
key: 3985, value: 
key: 85071, value: 
key: 264374, value: 
key: 2331, value: 
key: 3487, value: 
key: 122003, value: 
key: 247304, value: 
key: 116967, value: 
key: 318, value: 
key: 11869, value: 
key: 12945, value: 
key: 1582, value: 
key: 509234, value: 
key: 1104, value: 
key: 151147, value: 
key: 34283, value: 
key: 70231, value: 
key: 105100, value: 
key: 4170, value: 
key: 9226, value: 
key: 1613, value: 
key: 20848, value: 
key: 378989, value: 
key: 2596, value: 
key: 27784, value: 
key: 13459, value: 
key: 16177, value: 
key: 2451, value: 
key: 301187, value: 
key: 9029, value: 
key: 89674, value: 
key: 1818, value: 
key: 88677, value: 
key: 5945, value: 
key: 103371, value: 
key: 15584, value: 
key: 9887, value: 
key: 166353, value: 
key: 467009, value: 
key: 52846, value: 
key: 1170, value: 
key: 6918, value: 
key: 8881, value: 
key: 411568, value: 
key: 30591, value: 
key: 3478, value: 
key: 219130, value: 
key: 395136, value: 
key: 5888, value: 
key: 208456, value: 
key: 8705, value: 
key: 36959, value: 
key: 101943, value: 
key: 100104, value: 
key: 32494, value: 
key: 5923, value: 
key: 504330, value: 
key: 263961, value: 
key: 195693, value: 
key: 1147, value: 
key: 159802, value: 
key: 37363, value: 
key: 3037, value: 
key: 58312, value: 
key: 144435, value: 
key: 3879, value: 
key: 243670, value: 
key: 435164, value: 
key: 10411, value: 
key: 61334, value: 
key: 3078, value: 
key: 21671, value: 
key: 3295, value: 
key: 145809, value: 
key: 2397, value: 
key: 71020, value: 
key: 157594, value: 
key: 138699, value: 
key: 27667, value: 
key: 26112, value: 
key: 93413, value: 
key: 9301, value: 
key: 175000, value: 
key: 181706, value: 
key: 16696, value: 
key: 313226, value: 
key: 200584, value: 
key: 38514, value: 
key: 5675, value: 
key: 4648, value: 
key: 50250, value: 
key: 7541, value: 
key: 352046, value: 
key: 20296, value: 
key: 13869, value: 
key: 1029, value: 
key: 376210, value: 
key: 38414, value: 
key: 119220, value: 
key: 218590, value: 
key: 907135, value: 
key: 7439, value: 
key: 24765, value: 
key: 25806, value: 
key: 90794, value: 
key: 471118, value: 
key: 88746, value: 
key: 78390, value: 
key: 70999, value: 
key: 222088, value: 
key: 84212, value: 
key: 214853, value: 
key: 7446, value: 
key: 285874, value: 
key: 120855, value: 
key: 74196, value: 
key: 683973, value: 
key: 263597, value: 
key: 3983, value: 
key: 42816, value: 
key: 699225, value: 
key: 23932, value: 
key: 10228, value: 
key: 629286, value: 
key: 4096, value: 
key: 990702, value: 
key: 105972, value: 
key: 465589, value: 
key: 487963, value: 
key: 2670, value: 
key: 333299, value: 
key: 15885, value: 
key: 11461, value: 
key: 285175, value: 
key: 3330, value: 
key: 46890, value: 
key: 3535, value: 
key: 110379, value: 
key: 3847, value: 
key: 365584, value: 
key: 6816, value: 
key: 124, value: 
key: 91412, value: 
key: 260411, value: 
key: 4029, value: 
key: 38567, value: 
key: 6142, value: 
key: 2505, value: 
key: 12522, value: 
key: 18646, value: 
key: 3180, value: 
key: 909807, value: 
key: 173, value: 
key: 272774, value: 
key: 625539, value: 
key: 9066, value: 
key: 49409, value: 
key: 11981, value: 
key: 3964, value: 
key: 307404, value: 
key: 309, value: 
key: 629033, value: 
key: 18810, value: 
key: 252, value: 
key: 393896, value: 
key: 5918, value: 
key: 27987, value: 
key: 715356, value: 
key: 43214, value: 
key: 20404, value: 
key: 888266, value: 
key: 1952, value: 
key: 40632, value: 
key: 9, value: 
key: 55911, value: 
key: 35219, value: 
key: 6726, value: 
key: 333657, value: 
key: 338259, value: 
key: 628646, value: 
key: 1081, value: 
key: 2348, value: 
key: 1002, value: 
key: 823309, value: 
key: 2185, value: 
key: 40755, value: 
key: 166853, value: 
key: 9103, value: 
key: 559072, value: 
key: 19229, value: 
key: 1455, value: 
key: 8066, value: 
key: 180084, value: 
key: 33655, value: 
key: 931022, value: 
key: 23845, value: 
key: 7445, value: 
key: 53836, value: 
key: 19328, value: 
key: 13655, value: 
key: 21640, value: 
key: 507590, value: 
key: 9863, value: 
key: 8291, value: 
key: 181208, value: 
key: 501, value: 
key: 775, value: 
key: 113462, value: 
key: 76483, value: 
key: 54837, value: 
key: 49825, value: 
key: 9814, value: 
key: 22529, value: 
key: 112495, value: 
key: 1354, value: 
key: 13564, value: 
key: 993968, value: 
key: 4687, value: 
key: 3049, value: 
key: 18797, value: 
key: 48902, value: 
key: 25163, value: 
key: 335131, value: 
key: 988446, value: 
key: 40188, value: 
key: 442981, value: 
key: 65750, value: 
key: 1988, value: 
key: 255, value: 
key: 3341, value: 
key: 361726, value: 
key: 665222, value: 
key: 107941, value: 
key: 3240, value: 
key: 8822, value: 
key: 317281, value: 
key: 23379, value: 
key: 11508, value: 
key: 999482, value: 
key: 61653, value: 
key: 16712, value: 
key: 75029, value: 
key: 1013, value: 
key: 14738, value: 
key: 172882, value: 
key: 36296, value: 
key: 783935, value: 
key: 1404, value: 
key: 14214, value: 
key: 269248, value: 
key: 395215, value: 
key: 4158, value: 
key: 520449, value: 
key: 15555, value: 
key: 323412, value: 
key: 7570, value: 
key: 10285, value: 
key: 493, value: 
key: 875121, value: 
key: 215563, value: 
key: 21083, value: 
key: 458520, value: 
key: 34089, value: 
key: 12634, value: 
key: 8750, value: 
key: 81132, value: 
key: 71315, value: 
key: 663664, value: 
key: 10484, value: 
key: 293903, value: 
key: 20656, value: 
key: 3990, value: 
key: 110250, value: 
key: 31245, value: 
key: 164355, value: 
key: 158892, value: 
key: 162564, value: 
key: 831128, value: 
key: 10512, value: 
key: 67976, value: 
key: 923410, value: 
key: 13637, value: 
key: 3465, value: 
key: 19087, value: 
key: 8984, value: 
key: 18524, value: 
key: 14710, value: 
key: 11555, value: 
key: 110530, value: 
key: 10113, value: 
key: 65721, value: 
key: 3046, value: 
key: 862799, value: 
key: 139338, value: 
key: 24802, value: 
key: 10267, value: 
key: 590706, value: 
key: 72074, value: 
key: 102, value: 
key: 388178, value: 
key: 25174, value: 
key: 11317, value: 
key: 2389, value: 
key: 46265, value: 
key: 18629, value: 
key: 920636, value: 
key: 15665, value: 
key: 242824, value: 
key: 3231, value: 
key: 23163, value: 
key: 1698, value: 
key: 5552, value: 
key: 29970, value: 
key: 1615, value: 
key: 30018, value: 
key: 446397, value: 
key: 15487, value: 
key: 10286, value: 
key: 2830, value: 
key: 550932, value: 
key: 453912, value: 
key: 13066, value: 
key: 9373, value: 
key: 3606, value: 
key: 2776, value: 
key: 164710, value: 
key: 41727, value: 
key: 573653, value: 
key: 160217, value: 
key: 506449, value: 
key: 1757, value: 
key: 903289, value: 
key: 119826, value: 
key: 104632, value: 
key: 147900, value: 
key: 152680, value: 
key: 314808, value: 
key: 314331, value: 
key: 44798, value: 
key: 4654, value: 
key: 54278, value: 
key: 65487, value: 
key: 1525, value: 
key: 769299, value: 
key: 30090, value: 
key: 456187, value: 
key: 842340, value: 
key: 475361, value: 
key: 283398, value: 
key: 24242, value: 
key: 71088, value: 
key: 27414, value: 
key: 232692, value: 
key: 908545, value: 
key: 67921, value: 
key: 2835, value: 
key: 79188, value: 
key: 25346, value: 
key: 243, value: 
key: 13613, value: 
key: 97176, value: 
key: 151625, value: 
key: 45785, value: 
key: 10520, value: 
key: 3125, value: 
key: 18541, value: 
key: 311171, value: 
key: 138413, value: 
key: 677293, value: 
key: 830, value: 
key: 282, value: 
key: 84365, value: 
key: 52827, value: 
key: 433591, value: 
key: 224187, value: 
key: 49476, value: 
key: 217322, value: 
key: 586, value: 
key: 68335, value: 
key: 89270, value: 
key: 912811, value: 
key: 241160, value: 
key: 315845, value: 
key: 311191, value: 
key: 61, value: 
key: 93345, value: 
key: 1918, value: 
key: 551405, value: 
key: 307112, value: 
key: 625913, value: 
key: 94222, value: 
key: 4967, value: 
key: 378182, value: 
key: 217333, value: 
key: 223, value: 
key: 4911, value: 
key: 10468, value: 
key: 59485, value: 
key: 6786, value: 
key: 880249, value: 
key: 37221, value: 
key: 1485, value: 
key: 13746, value: 
key: 4372, value: 
key: 347005, value: 
key: 92340, value: 
key: 459011, value: 
key: 14668, value: 
key: 89052, value: 
key: 57641, value: 
key: 11629, value: 
key: 21869, value: 
key: 104508, value: 
key: 16283, value: 
key: 429278, value: 
key: 44425, value: 
key: 2093, value: 
key: 1397, value: 
key: 2489, value: 
key: 683422, value: 
key: 67397, value: 
key: 197623, value: 
key: 39189, value: 
key: 13581, value: 
key: 15696, value: 
key: 125822, value: 
key: 2907, value: 
key: 6036, value: 
key: 471771, value: 
key: 74184, value: 
key: 213308, value: 
key: 5735, value: 
key: 364743, value: 
key: 207550, value: 
key: 39646, value: 
key: 2995, value: 
key: 483192, value: 
key: 2468, value: 
key: 186, value: 
key: 70142, value: 
key: 837379, value: 
key: 4271, value: 
key: 149587, value: 
key: 212519, value: 
key: 631, value: 
key: 7046, value: 
key: 11401, value: 
key: 35327, value: 
key: 149756, value: 
key: 49331, value: 
key: 423222, value: 
key: 31731, value: 
key: 426, value: 
key: 33794, value: 
key: 2179, value: 
key: 4003, value: 
key: 251625, value: 
key: 99387, value: 
key: 24244, value: 
key: 172417, value: 
key: 784513, value: 
key: 39100, value: 
key: 25400, value: 
key: 756588, value: 
key: 28745, value: 
key: 601474, value: 
key: 2965, value: 
key: 191512, value: 
key: 2230, value: 
key: 200700, value: 
key: 440431, value: 
key: 6941, value: 
key: 16047, value: 
key: 1392, value: 
key: 1446, value: 
key: 22741, value: 
key: 1581, value: 
key: 6303, value: 
key: 1204, value: 
key: 811, value: 
key: 801220, value: 
key: 552363, value: 
key: 37898, value: 
key: 41270, value: 
key: 139865, value: 
key: 5114, value: 
key: 150001, value: 
key: 155895, value: 
key: 3822, value: 
key: 15294, value: 
key: 366140, value: 
key: 75644, value: 
key: 91907, value: 
key: 392974, value: 
key: 162594, value: 
key: 46344, value: 
key: 24302, value: 
key: 79462, value: 
key: 759168, value: 
key: 193735, value: 
key: 4939, value: 
key: 49953, value: 
key: 136727, value: 
key: 13462, value: 
key: 525817, value: 
key: 111650, value: 
key: 263124, value: 
key: 65321, value: 
key: 806479, value: 
key: 1853, value: 
key: 202067, value: 
key: 60870, value: 
key: 32132, value: 
key: 6178, value: 
key: 257593, value: 
key: 571854, value: 
key: 40747, value: 
key: 72027, value: 
key: 6520, value: 
key: 8208, value: 
key: 373870, value: 
key: 198, value: 
key: 198271, value: 
key: 1759, value: 
key: 451139, value: 
key: 138180, value: 
key: 24042, value: 
key: 12568, value: 
key: 592666, value: 
key: 11949, value: 
key: 1341, value: 
key: 22089, value: 
key: 3150, value: 
key: 672300, value: 
key: 115324, value: 
key: 43617, value: 
key: 737096, value: 
key: 44395, value: 
key: 161012, value: 
key: 51440, value: 
key: 980180, value: 
key: 38109, value: 
key: 21766, value: 
key: 50060, value: 
key: 7803, value: 
key: 38138, value: 
key: 7295, value: 
key: 20078, value: 
key: 84, value: 
key: 138980, value: 
key: 1957, value: 
key: 914288, value: 
key: 680003, value: 
key: 172961, value: 
key: 7863, value: 
key: 981, value: 
key: 3751, value: 
key: 30625, value: 
key: 29097, value: 
key: 4695, value: 
key: 7933, value: 
key: 209056, value: 
key: 235863, value: 
key: 144738, value: 
key: 327805, value: 
key: 79655, value: 
key: 732332, value: 
key: 33512, value: 
key: 3863, value: 
key: 15825, value: 
key: 14489, value: 
key: 83638, value: 
key: 609537, value: 
key: 194613, value: 
key: 9017, value: 
key: 112576, value: 
key: 237, value: 
key: 7236, value: 
key: 53137, value: 
key: 86405, value: 
key: 448047, value: 
key: 3250, value: 
key: 2462, value: 
key: 190738, value: 
key: 19692, value: 
key: 451044, value: 
key: 597, value: 
key: 959984, value: 
key: 46323, value: 
key: 3676, value: 
key: 323765, value: 
key: 131011, value: 
key: 79621, value: 
key: 101374, value: 
key: 3575, value: 
key: 121080, value: 
key: 157616, value: 
key: 8101, value: 
key: 7353, value: 
key: 3365, value: 
key: 8144, value: 
key: 22520, value: 
key: 560768, value: 
key: 8962, value: 
key: 5141, value: 
key: 607728, value: 
key: 69229, value: 
key: 15432, value: 
key: 318493, value: 
key: 64021, value: 
key: 12172, value: 
key: 882397, value: 
key: 4336, value: 
key: 58097, value: 
key: 5567, value: 
key: 404166, value: 
key: 291262, value: 
key: 22824, value: 
key: 749586, value: 
key: 90688, value: 
key: 129455, value: 
key: 8544, value: 
key: 1061, value: 
key: 3010, value: 
key: 352385, value: 
key: 4175, value: 
key: 139356, value: 
key: 2167, value: 
key: 355393, value: 
key: 264923, value: 
key: 618184, value: 
key: 28743, value: 
key: 79610, value: 
key: 1252, value: 
key: 203006, value: 
key: 70980, value: 
key: 5932, value: 
key: 3458, value: 
key: 290589, value: 
key: 186333, value: 
key: 526555, value: 
key: 428249, value: 
key: 5865, value: 
key: 85196, value: 
key: 377944, value: 
key: 12042, value: 
key: 72398, value: 
key: 783, value: 
key: 320761, value: 
key: 523707, value: 
key: 46256, value: 
key: 962625, value: 
key: 551848, value: 
key: 580832, value: 
key: 191607, value: 
key: 311565, value: 
key: 18483, value: 
key: 4875, value: 
key: 10857, value: 
key: 11238, value: 
key: 143733, value: 
key: 457436, value: 
key: 17642, value: 
key: 101652, value: 
key: 20860, value: 
key: 213758, value: 
key: 3232, value: 
key: 22247, value: 
key: 19, value: 
key: 75595, value: 
key: 41575, value: 
key: 8769, value: 
key: 8159, value: 
key: 43898, value: 
key: 36544, value: 
key: 4361, value: 
key: 4713, value: 
key: 48164, value: 
key: 49024, value: 
key: 967382, value: 
key: 347597, value: 
key: 189448, value: 
key: 8518, value: 
key: 3420, value: 
key: 1368, value: 
key: 7879, value: 
key: 20146, value: 
key: 243052, value: 
key: 133586, value: 
key: 2615, value: 
key: 575924, value: 
key: 15166, value: 
key: 185929, value: 
key: 1814, value: 
key: 1324, value: 
key: 200322, value: 
key: 401881, value: 
key: 35096, value: 
key: 40837, value: 
key: 107, value: 
key: 182604, value: 
key: 654007, value: 
key: 187462, value: 
key: 245125, value: 
key: 647663, value: 
key: 670228, value: 
key: 106147, value: 
key: 127962, value: 
key: 4752, value: 
key: 34103, value: 
key: 27239, value: 
key: 912028, value: 
key: 198755, value: 
key: 5197, value: 
key: 1920, value: 
key: 5455, value: 
key: 58642, value: 
key: 4513, value: 
key: 213427, value: 
key: 32717, value: 
key: 546, value: 
key: 70902, value: 
key: 12237, value: 
key: 64286, value: 
key: 53655, value: 
key: 431, value: 
key: 53725, value: 
key: 143425, value: 
key: 919, value: 
key: 10507, value: 
key: 232917, value: 
key: 26038, value: 
key: 710190, value: 
key: 120637, value: 
key: 547121, value: 
key: 21412, value: 
key: 5694, value: 
key: 57408, value: 
key: 374, value: 
key: 197570, value: 
key: 2708, value: 
key: 565329, value: 
key: 26387, value: 
key: 10693, value: 
key: 10347, value: 
key: 90649, value: 
key: 290256, value: 
key: 186127, value: 
key: 4531, value: 
key: 1358, value: 
key: 138106, value: 
key: 81157, value: 
key: 3813, value: 
key: 11252, value: 
key: 50419, value: 
key: 40517, value: 
key: 828, value: 
key: 33186, value: 
key: 6536, value: 
key: 243509, value: 
key: 995, value: 
key: 25497, value: 
key: 157577, value: 
key: 533282, value: 
key: 119756, value: 
key: 15417, value: 
key: 29743, value: 
key: 153476, value: 
key: 89673, value: 
key: 313040, value: 
key: 16138, value: 
key: 246187, value: 
key: 9475, value: 
key: 5863, value: 
key: 122359, value: 
key: 141237, value: 
key: 817564, value: 
key: 6591, value: 
key: 10884, value: 
key: 315802, value: 
key: 201536, value: 
key: 79290, value: 
key: 550073, value: 
key: 8978, value: 
key: 403077, value: 
key: 195424, value: 
key: 263012, value: 
key: 587222, value: 
key: 93585, value: 
key: 46147, value: 
key: 84240, value: 
key: 208488, value: 
key: 221650, value: 
key: 37089, value: 
key: 21825, value: 
key: 861930, value: 
key: 351740, value: 
key: 64974, value: 
key: 1895, value: 
key: 46280, value: 
key: 2829, value: 
key: 74205, value: 
key: 916535, value: 
key: 152, value: 
key: 1426, value: 
key: 195144, value: 
key: 21328, value: 
key: 8051, value: 
key: 217579, value: 
key: 141207, value: 
key: 4722, value: 
key: 404277, value: 
key: 435476, value: 
key: 127854, value: 
key: 559786, value: 
key: 54038, value: 
key: 19854, value: 
key: 91722, value: 
key: 1295, value: 
key: 4602, value: 
key: 80117, value: 
key: 984413, value: 
key: 93729, value: 
key: 79245, value: 
key: 1176, value: 
key: 409594, value: 
key: 154066, value: 
key: 548595, value: 
key: 745911, value: 
key: 17597, value: 
key: 530, value: 
key: 18053, value: 
key: 7171, value: 
key: 152507, value: 
key: 8983, value: 
key: 5022, value: 
key: 44925, value: 
key: 240, value: 
key: 256037, value: 
key: 15856, value: 
key: 12729, value: 
key: 86744, value: 
key: 3160, value: 
key: 1817, value: 
key: 7077, value: 
key: 519, value: 
key: 495726, value: 
key: 204896, value: 
key: 876692, value: 
key: 5537, value: 
key: 96361, value: 
key: 229491, value: 
key: 32035, value: 
key: 21907, value: 
key: 4841, value: 
key: 378969, value: 
key: 397, value: 
key: 20944, value: 
key: 15675, value: 
key: 28922, value: 
key: 605155, value: 
key: 651830, value: 
key: 614968, value: 
key: 226197, value: 
key: 582505, value: 
key: 18357, value: 
key: 1430, value: 
key: 5276, value: 
key: 236374, value: 
key: 25818, value: 
key: 147098, value: 
key: 1367, value: 
key: 8325, value: 
key: 8265, value: 
key: 69875, value: 
key: 433148, value: 
key: 7268, value: 
key: 28641, value: 
key: 4203, value: 
key: 25448, value: 
key: 2910, value: 
key: 15571, value: 
key: 1009, value: 
key: 530488, value: 
key: 55579, value: 
key: 9583, value: 
key: 2635, value: 
key: 2589, value: 
key: 37662, value: 
key: 2927, value: 
key: 576835, value: 
key: 1158, value: 
key: 3259, value: 
key: 246718, value: 
key: 147694, value: 
key: 308557, value: 
key: 14473, value: 
key: 32643, value: 
key: 5192, value: 
key: 85531, value: 
key: 2750, value: 
key: 71969, value: 
key: 282469, value: 
key: 7706, value: 
key: 3601, value: 
key: 199451, value: 
key: 34024, value: 
key: 131460, value: 
key: 25020, value: 
key: 34109, value: 
key: 24241, value: 
key: 11366, value: 
key: 563312, value: 
key: 766318, value: 
key: 173981, value: 
key: 158004, value: 
key: 3403, value: 
key: 171661, value: 
key: 67098, value: 
key: 2781, value: 
key: 994060, value: 
key: 164075, value: 
key: 9956, value: 
key: 9421, value: 
key: 3026, value: 
key: 88694, value: 
key: 2470, value: 
key: 14243, value: 
key: 5271, value: 
key: 20284, value: 
key: 32784, value: 
key: 701394, value: 
key: 123688, value: 
key: 4063, value: 
key: 10961, value: 
key: 1630, value: 
key: 974, value: 
key: 52, value: 
key: 242576, value: 
key: 59398, value: 
key: 21779, value: 
key: 102828, value: 
key: 97142, value: 
key: 564050, value: 
key: 344222, value: 
key: 75573, value: 
key: 368982, value: 
key: 58851, value: 
key: 120649, value: 
key: 416257, value: 
key: 602038, value: 
key: 3920, value: 
key: 2374, value: 
key: 6060, value: 
key: 39259, value: 
key: 28435, value: 
key: 935, value: 
key: 532747, value: 
key: 1357, value: 
key: 346252, value: 
key: 3732, value: 
key: 2343, value: 
key: 375918, value: 
key: 331, value: 
key: 50136, value: 
key: 18397, value: 
key: 5903, value: 
key: 873306, value: 
key: 17383, value: 
key: 29757, value: 
key: 2001, value: 
key: 328523, value: 
key: 3579, value: 
key: 8393, value: 
key: 63598, value: 
key: 2054, value: 
key: 3309, value: 
key: 495405, value: 
key: 6340, value: 
key: 30209, value: 
key: 12922, value: 
key: 105957, value: 
key: 18394, value: 
key: 75207, value: 
key: 7519, value: 
key: 330381, value: 
key: 10577, value: 
key: 11142, value: 
key: 196548, value: 
key: 3971, value: 
key: 9282, value: 
key: 550315, value: 
key: 20632, value: 
key: 139613, value: 
key: 716, value: 
key: 8844, value: 
key: 18419, value: 
key: 591617, value: 
key: 162954, value: 
key: 225630, value: 
key: 207888, value: 
key: 599383, value: 
key: 17502, value: 
key: 15533, value: 
key: 885, value: 
key: 7250, value: 
key: 170539, value: 
key: 29276, value: 
key: 414225, value: 
key: 11048, value: 
key: 7911, value: 
key: 45139, value: 
key: 27456, value: 
key: 1111, value: 
key: 66786, value: 
key: 74556, value: 
key: 72125, value: 
key: 47003, value: 
key: 3773, value: 
key: 157423, value: 
key: 17697, value: 
key: 49052, value: 
key: 597112, value: 
key: 9476, value: 
key: 88494, value: 
key: 320431, value: 
key: 37718, value: 
key: 1728, value: 
key: 8953, value: 
key: 72, value: 
key: 102536, value: 
key: 284839, value: 
key: 592449, value: 
key: 12185, value: 
key: 11945, value: 
key: 632929, value: 
key: 158157, value: 
key: 829908, value: 
key: 4952, value: 
key: 68680, value: 
key: 19341, value: 
key: 495734, value: 
key: 113878, value: 
key: 12670, value: 
key: 964647, value: 
key: 771473, value: 
key: 150406, value: 
key: 749890, value: 
key: 29902, value: 
key: 33487, value: 
key: 7636, value: 
key: 368056, value: 
key: 91228, value: 
key: 885970, value: 
key: 122855, value: 
key: 3145, value: 
key: 9841, value: 
key: 26970, value: 
key: 703707, value: 
key: 161030, value: 
key: 814, value: 
key: 45032, value: 
key: 8411, value: 
key: 97673, value: 
key: 84711, value: 
key: 11613, value: 
key: 20500, value: 
key: 338065, value: 
key: 2245, value: 
key: 102173, value: 
key: 22496, value: 
key: 1125, value: 
key: 12690, value: 
key: 115828, value: 
key: 602261, value: 
key: 23104, value: 
key: 420897, value: 
key: 4423, value: 
key: 96708, value: 
key: 4472, value: 
key: 56071, value: 
key: 7635, value: 
key: 8907, value: 
key: 707, value: 
key: 229066, value: 
key: 3723, value: 
key: 7624, value: 
key: 34861, value: 
key: 359246, value: 
key: 135865, value: 
key: 785, value: 
key: 863088, value: 
key: 708803, value: 
key: 24017, value: 
key: 919996, value: 
key: 65644, value: 
key: 812, value: 
key: 622453, value: 
key: 771463, value: 
key: 212160, value: 
key: 1564, value: 
key: 25328, value: 
key: 3114, value: 
key: 452945, value: 
key: 15174, value: 
key: 684683, value: 
key: 14036, value: 
key: 10739, value: 
key: 656247, value: 
key: 92849, value: 
key: 168490, value: 
key: 350076, value: 
key: 15418, value: 
key: 170974, value: 
key: 162002, value: 
key: 153914, value: 
key: 29072, value: 
key: 249953, value: 
key: 2454, value: 
key: 973, value: 
key: 136871, value: 
key: 3902, value: 
key: 228188, value: 
key: 124469, value: 
key: 3972, value: 
key: 476678, value: 
key: 376156, value: 
key: 69618, value: 
key: 51975, value: 
key: 2759, value: 
key: 896543, value: 
key: 29669, value: 
key: 1867, value: 
key: 125140, value: 
key: 60434, value: 
key: 325444, value: 
key: 141109, value: 
key: 2556, value: 
key: 73905, value: 
key: 9565, value: 
key: 19067, value: 
key: 939, value: 
key: 941477, value: 
key: 124597, value: 
key: 215272, value: 
key: 5043, value: 
key: 572080, value: 
key: 13190, value: 
key: 16466, value: 
key: 677, value: 
key: 42785, value: 
key: 730, value: 
key: 347636, value: 
key: 3685, value: 
key: 8749, value: 
key: 461418, value: 
key: 38379, value: 
key: 64828, value: 
key: 1550, value: 
key: 8968, value: 
key: 87833, value: 
key: 8181, value: 
key: 83100, value: 
key: 1244, value: 
key: 25135, value: 
key: 535, value: 
key: 24327, value: 
key: 21765, value: 
key: 6286, value: 
key: 11257, value: 
key: 89086, value: 
key: 358330, value: 
key: 183582, value: 
key: 226504, value: 
key: 2817, value: 
key: 161946, value: 
key: 238860, value: 
key: 23165, value: 
key: 5228, value: 
key: 443033, value: 
key: 161681, value: 
key: 9272, value: 
key: 883340, value: 
key: 2289, value: 
key: 2227, value: 
key: 106090, value: 
key: 234205, value: 
key: 729, value: 
key: 97343, value: 
key: 89990, value: 
key: 15062, value: 
key: 335278, value: 
key: 188869, value: 
key: 14847, value: 
key: 160121, value: 
key: 3758, value: 
key: 98422, value: 
key: 578498, value: 
key: 353753, value: 
key: 829888, value: 
key: 6473, value: 
key: 191734, value: 
key: 331254, value: 
key: 27289, value: 
key: 206, value: 
key: 38478, value: 
key: 599785, value: 
key: 236244, value: 
key: 2087, value: 
key: 29439, value: 
key: 14879, value: 
key: 1660, value: 
key: 665, value: 
key: 410191, value: 
key: 805, value: 
key: 289443, value: 
key: 608738, value: 
key: 166575, value: 
key: 315283, value: 
key: 95909, value: 
key: 35578, value: 
key: 1576, value: 
key: 45629, value: 
key: 526774, value: 
key: 1036, value: 
key: 202841, value: 
key: 3243, value: 
key: 403, value: 
key: 20026, value: 
key: 1914, value: 
key: 2483, value: 
key: 170652, value: 
key: 9876, value: 
key: 11144, value: 
key: 2465, value: 
key: 4231, value: 
key: 407452, value: 
key: 333501, value: 
key: 94899, value: 
key: 1387, value: 
key: 5335, value: 
key: 517221, value: 
key: 153120, value: 
key: 232703, value: 
key: 9346, value: 
key: 56843, value: 
key: 388855, value: 
key: 5165, value: 
key: 112136, value: 
key: 31506, value: 
key: 61181, value: 
key: 561, value: 
key: 1509, value: 
key: 28495, value: 
key: 12959, value: 
key: 23079, value: 
key: 40273, value: 
key: 25484, value: 
key: 9482, value: 
key: 157298, value: 
key: 312892, value: 
key: 35790, value: 
key: 2042, value: 
key: 626254, value: 
key: 84635, value: 
key: 123146, value: 
key: 454541, value: 
key: 3576, value: 
key: 4662, value: 
key: 41169, value: 
key: 61396, value: 
key: 4808, value: 
key: 7187, value: 
key: 451806, value: 
key: 887235, value: 
key: 125639, value: 
key: 7410, value: 
key: 226, value: 
key: 20711, value: 
key: 25753, value: 
key: 25, value: 
key: 321, value: 
key: 24254, value: 
key: 66763, value: 
key: 127999, value: 
key: 384080, value: 
key: 3118, value: 
key: 373647, value: 
key: 2693, value: 
key: 42753, value: 
key: 615, value: 
key: 48874, value: 
key: 1898, value: 
key: 173896, value: 
key: 1217, value: 
key: 4985, value: 
key: 5380, value: 
key: 601757, value: 
key: 731777, value: 
key: 1820, value: 
key: 209, value: 
key: 37580, value: 
key: 33185, value: 
key: 14798, value: 
key: 256815, value: 
key: 51429, value: 
key: 10477, value: 
key: 11073, value: 
key: 67828, value: 
key: 1262, value: 
key: 56222, value: 
key: 196497, value: 
key: 5076, value: 
key: 33044, value: 
key: 583040, value: 
key: 1967, value: 
key: 446800, value: 
key: 190692, value: 
key: 229186, value: 
key: 7809, value: 
key: 834137, value: 
key: 14093, value: 
key: 25296, value: 
key: 23189, value: 
key: 230005, value: 
key: 1384, value: 
key: 266620, value: 
key: 300268, value: 
key: 37714, value: 
key: 110994, value: 
key: 405591, value: 
key: 690, value: 
key: 247064, value: 
key: 722, value: 
key: 38576, value: 
key: 643955, value: 
key: 5356, value: 
key: 169347, value: 
key: 225862, value: 
key: 821795, value: 
key: 6992, value: 
key: 63838, value: 
key: 489935, value: 
key: 49098, value: 
key: 28158, value: 
key: 4464, value: 
key: 125069, value: 
key: 3322, value: 
key: 178924, value: 
key: 364132, value: 
key: 29572, value: 
key: 21414, value: 
key: 11083, value: 
key: 14773, value: 
key: 22144, value: 
key: 15848, value: 
key: 1209, value: 
key: 6085, value: 
key: 108879, value: 
key: 359419, value: 
key: 11294, value: 
key: 709332, value: 
key: 61890, value: 
key: 12706, value: 
key: 8964, value: 
key: 1681, value: 
key: 175019, value: 
key: 5291, value: 
key: 970878, value: 
key: 4255, value: 
key: 264647, value: 
key: 514374, value: 
key: 5438, value: 
key: 25166, value: 
key: 318012, value: 
key: 553788, value: 
key: 18480, value: 
key: 12796, value: 
key: 644, value: 
key: 3, value: 
key: 146, value: 
key: 409476, value: 
key: 835, value: 
key: 19548, value: 
key: 60924, value: 
key: 10572, value: 
key: 183420, value: 
key: 3757, value: 
key: 600835, value: 
key: 2833, value: 
key: 10097, value: 
key: 21731, value: 
key: 18310, value: 
key: 4482, value: 
key: 38639, value: 
key: 310407, value: 
key: 160291, value: 
key: 1016, value: 
key: 8478, value: 
key: 467, value: 
key: 1321, value: 
key: 653920, value: 
key: 600, value: 
key: 346, value: 
key: 2778, value: 
key: 1335, value: 
key: 275863, value: 
key: 389271, value: 
key: 3630, value: 
key: 71, value: 
key: 4477, value: 
key: 309414, value: 
key: 673318, value: 
key: 28273, value: 
key: 505569, value: 
key: 23746, value: 
key: 23332, value: 
key: 6503, value: 
key: 1778, value: 
key: 5258, value: 
key: 83076, value: 
key: 8097, value: 
key: 48538, value: 
key: 6776, value: 
key: 138261, value: 
key: 111286, value: 
key: 40262, value: 
key: 261693, value: 
key: 275168, value: 
key: 70645, value: 
key: 62704, value: 
key: 438676, value: 
key: 5453, value: 
key: 790539, value: 
key: 552, value: 
key: 140355, value: 
key: 44177, value: 
key: 7764, value: 
key: 39065, value: 
key: 370591, value: 
key: 653950, value: 
key: 707523, value: 
key: 683260, value: 
key: 5360, value: 
key: 245, value: 
key: 238573, value: 
key: 989663, value: 
key: 414853, value: 
key: 216012, value: 
key: 3336, value: 
key: 780779, value: 
key: 36925, value: 
key: 415, value: 
key: 9351, value: 
key: 249419, value: 
key: 3511, value: 
key: 125597, value: 
key: 330582, value: 
key: 61557, value: 
key: 39887, value: 
key: 45107, value: 
key: 8439, value: 
key: 1407, value: 
key: 662398, value: 
key: 104549, value: 
key: 3516, value: 
key: 6030, value: 
key: 3200, value: 
key: 8382, value: 
key: 419, value: 
key: 4545, value: 
key: 168, value: 
key: 471, value: 
key: 3444, value: 
key: 60584, value: 
key: 553344, value: 
key: 798889, value: 
key: 243394, value: 
key: 522969, value: 
key: 10259, value: 
key: 370703, value: 
key: 83056, value: 
key: 554316, value: 
key: 275872, value: 
key: 3429, value: 
key: 112278, value: 
key: 25310, value: 
key: 3942, value: 
key: 40826, value: 
key: 288107, value: 
key: 5893, value: 
key: 693999, value: 
key: 1628, value: 
key: 5604, value: 
key: 114139, value: 
key: 25907, value: 
key: 1827, value: 
key: 3848, value: 
key: 4425, value: 
key: 72932, value: 
key: 385478, value: 
key: 33421, value: 
key: 30766, value: 
key: 55717, value: 
key: 41979, value: 
key: 4736, value: 
key: 9714, value: 
key: 1883, value: 
key: 128660, value: 
key: 5162, value: 
key: 28350, value: 
key: 20738, value: 
key: 4398, value: 
key: 5237, value: 
key: 155461, value: 
key: 548, value: 
key: 115724, value: 
key: 20308, value: 
key: 48830, value: 
key: 6872, value: 
key: 105500, value: 
key: 114679, value: 
key: 251897, value: 
key: 140265, value: 
key: 303068, value: 
key: 11684, value: 
key: 3034, value: 
key: 5634, value: 
key: 140, value: 
key: 268543, value: 
key: 2685, value: 
key: 244225, value: 
key: 7220, value: 
key: 38113, value: 
key: 958411, value: 
key: 296, value: 
key: 28605, value: 
key: 588333, value: 
key: 20920, value: 
key: 625215, value: 
key: 464455, value: 
key: 193165, value: 
key: 90441, value: 
key: 4902, value: 
key: 507071, value: 
key: 17815, value: 
key: 478, value: 
key: 634044, value: 
key: 9682, value: 
key: 134813, value: 
key: 632, value: 
key: 383, value: 
key: 274885, value: 
key: 151877, value: 
key: 272, value: 
key: 41521, value: 
key: 36415, value: 
key: 8117, value: 
key: 59500, value: 
key: 77783, value: 
key: 952123, value: 
key: 11054, value: 
key: 103820, value: 
key: 93811, value: 
key: 20396, value: 
key: 574521, value: 
key: 120978, value: 
key: 753, value: 
key: 60415, value: 
key: 639917, value: 
key: 401102, value: 
key: 2876, value: 
key: 4287, value: 
key: 40308, value: 
key: 2527, value: 
key: 177110, value: 
key: 161, value: 
key: 63192, value: 
key: 6738, value: 
key: 743929, value: 
key: 12917, value: 
key: 243119, value: 
key: 1512, value: 
key: 31915, value: 
key: 84303, value: 
key: 10638, value: 
key: 18000, value: 
key: 6847, value: 
key: 17205, value: 
key: 6364, value: 
key: 45715, value: 
key: 39350, value: 
key: 6080, value: 
key: 306469, value: 
key: 517, value: 
key: 70121, value: 
key: 14822, value: 
key: 44624, value: 
key: 3938, value: 
key: 19730, value: 
key: 3267, value: 
key: 41555, value: 
key: 103626, value: 
key: 63467, value: 
key: 2705, value: 
key: 2070, value: 
key: 1938, value: 
key: 50198, value: 
key: 398713, value: 
key: 18450, value: 
key: 105056, value: 
key: 449027, value: 
key: 185106, value: 
key: 1169, value: 
key: 37027, value: 
key: 8414, value: 
key: 68771, value: 
key: 810545, value: 
key: 485727, value: 
key: 74431, value: 
key: 346782, value: 
key: 699, value: 
key: 283303, value: 
key: 52663, value: 
key: 865571, value: 
key: 1842, value: 
key: 3285, value: 
key: 7312, value: 
key: 18400, value: 
key: 965493, value: 
key: 320048, value: 
key: 12165, value: 
key: 362718, value: 
key: 16910, value: 
key: 439623, value: 
key: 9589, value: 
key: 1399, value: 
key: 86202, value: 
key: 592, value: 
key: 48468, value: 
key: 910, value: 
key: 2047, value: 
key: 497664, value: 
key: 306054, value: 
key: 8129, value: 
key: 16484, value: 
key: 955915, value: 
key: 557738, value: 
key: 569401, value: 
key: 620588, value: 
key: 875065, value: 
key: 11698, value: 
key: 50423, value: 
key: 823069, value: 
key: 862184, value: 
key: 8260, value: 
key: 5395, value: 
key: 225934, value: 
key: 210757, value: 
key: 3916, value: 
key: 92169, value: 
key: 63023, value: 
key: 5, value: 
key: 31117, value: 
key: 102276, value: 
key: 857, value: 
key: 791733, value: 
key: 257070, value: 
key: 15883, value: 
key: 103683, value: 
key: 597184, value: 
key: 4288, value: 
key: 59037, value: 
key: 325084, value: 
key: 4307, value: 
key: 221098, value: 
key: 72543, value: 
key: 755879, value: 
key: 4988, value: 
key: 229938, value: 
key: 1254, value: 
key: 709558, value: 
key: 4538, value: 
key: 920568, value: 
key: 2484, value: 
key: 897, value: 
key: 1381, value: 
key: 21205, value: 
key: 961, value: 
key: 5292, value: 
key: 118166, value: 
key: 131664, value: 
key: 2553, value: 
key: 33831, value: 
key: 106709, value: 
key: 970416, value: 
key: 3708, value: 
key: 5551, value: 
key: 457586, value: 
key: 5511, value: 
key: 56309, value: 
key: 847, value: 
key: 938817, value: 
key: 67693, value: 
key: 1493, value: 
key: 74820, value: 
key: 17087, value: 
key: 23654, value: 
key: 32303, value: 
key: 172470, value: 
key: 145762, value: 
key: 37186, value: 
key: 39901, value: 
key: 25856, value: 
key: 81103, value: 
key: 42181, value: 
key: 4901, value: 
key: 15305, value: 
key: 167950, value: 
key: 112884, value: 
key: 713, value: 
key: 17313, value: 
key: 239422, value: 
key: 10644, value: 
key: 1141, value: 
key: 271, value: 
key: 22193, value: 
key: 137789, value: 
key: 43983, value: 
key: 244665, value: 
key: 63170, value: 
key: 2168, value: 
key: 12453, value: 
key: 5603, value: 
key: 25647, value: 
key: 4397, value: 
key: 806816, value: 
key: 579727, value: 
key: 6297, value: 
key: 3442, value: 
key: 243293, value: 
key: 182029, value: 
key: 12296, value: 
key: 95547, value: 
key: 156766, value: 
key: 43444, value: 
key: 319501, value: 
key: 616058, value: 
key: 458525, value: 
key: 12864, value: 
key: 2338, value: 
key: 4509, value: 
key: 431105, value: 
key: 2567, value: 
key: 188, value: 
key: 598, value: 
key: 81777, value: 
key: 14700, value: 
key: 7486, value: 
key: 4386, value: 
key: 58315, value: 
key: 786, value: 
key: 6874, value: 
key: 230599, value: 
key: 44086, value: 
key: 52493, value: 
key: 6203, value: 
key: 61218, value: 
key: 59724, value: 
key: 765, value: 
key: 84114, value: 
key: 9252, value: 
key: 8449, value: 
key: 37008, value: 
key: 353100, value: 
key: 1035, value: 
key: 216540, value: 
key: 11784, value: 
key: 444462, value: 
key: 14025, value: 
key: 98735, value: 
key: 482417, value: 
key: 453670, value: 
key: 882953, value: 
key: 136119, value: 
key: 235384, value: 
key: 260973, value: 
key: 284030, value: 
key: 54928, value: 
key: 896369, value: 
key: 198636, value: 
key: 218848, value: 
key: 43572, value: 
key: 5820, value: 
key: 68415, value: 
key: 29805, value: 
key: 117797, value: 
key: 18956, value: 
key: 233952, value: 
key: 33881, value: 
key: 7134, value: 
key: 6699, value: 
key: 14542, value: 
key: 2361, value: 
key: 33854, value: 
key: 16206, value: 
key: 49093, value: 
key: 5498, value: 
key: 229, value: 
key: 228738, value: 
key: 732887, value: 
key: 525169, value: 
key: 344847, value: 
key: 498741, value: 
key: 92814, value: 
key: 364782, value: 
key: 504627, value: 
key: 145241, value: 
key: 700, value: 
key: 436181, value: 
key: 59445, value: 
key: 1691, value: 
key: 182534, value: 
key: 70472, value: 
key: 63843, value: 
key: 47848, value: 
key: 715, value: 
key: 387567, value: 
key: 39, value: 
key: 551326, value: 
key: 8028, value: 
key: 4496, value: 
key: 13572, value: 
key: 742, value: 
key: 394250, value: 
key: 667062, value: 
key: 373771, value: 
key: 236724, value: 
key: 699147, value: 
key: 153854, value: 
key: 38806, value: 
key: 32103, value: 
key: 7475, value: 
key: 97610, value: 
key: 138, value: 
key: 901446, value: 
key: 3275, value: 
key: 310210, value: 
key: 37700, value: 
key: 6675, value: 
key: 12491, value: 
key: 7844, value: 
key: 398490, value: 
key: 28668, value: 
key: 2820, value: 
key: 324, value: 
key: 5816, value: 
key: 289, value: 
key: 129238, value: 
key: 47118, value: 
key: 415307, value: 
key: 844942, value: 
key: 8155, value: 
key: 157839, value: 
key: 358848, value: 
key: 120288, value: 
key: 34199, value: 
key: 475247, value: 
key: 262083, value: 
key: 25313, value: 
key: 7880, value: 
key: 2198, value: 
key: 95699, value: 
key: 87, value: 
key: 1019, value: 
key: 1212, value: 
key: 27183, value: 
key: 912363, value: 
key: 1042, value: 
key: 357001, value: 
key: 1469, value: 
key: 725882, value: 
key: 652909, value: 
key: 32978, value: 
key: 309386, value: 
key: 117996, value: 
key: 21570, value: 
key: 1379, value: 
key: 9237, value: 
key: 22323, value: 
key: 8806, value: 
key: 5920, value: 
key: 100817, value: 
key: 109223, value: 
key: 24544, value: 
key: 932740, value: 
key: 65360, value: 
key: 53575, value: 
key: 235911, value: 
key: 6110, value: 
key: 469731, value: 
key: 827090, value: 
key: 1684, value: 
key: 29448, value: 
key: 545507, value: 
key: 3807, value: 
key: 3203, value: 
key: 332481, value: 
key: 695408, value: 
key: 76581, value: 
key: 13490, value: 
key: 535365, value: 
key: 454989, value: 
key: 15498, value: 
key: 830071, value: 
key: 318117, value: 
key: 20527, value: 
key: 1767, value: 
key: 38181, value: 
key: 5369, value: 
key: 139093, value: 
key: 477467, value: 
key: 52620, value: 
key: 219993, value: 
key: 30504, value: 
key: 3627, value: 
key: 20311, value: 
