Starting KVS server on :8080
get/s 0.00
put/s 0.00
aborts/s 0.00
ops/s 0.00

get/s 0.00
put/s 0.00
aborts/s 0.00
ops/s 0.00

get/s 0.00
put/s 0.00
aborts/s 0.00
ops/s 0.00

get/s 13527.45
put/s 233.99
aborts/s 1126.95
ops/s 13761.44

get/s 37298.11
put/s 405.96
aborts/s 2363.75
ops/s 37704.07

get/s 36671.70
put/s 410.76
aborts/s 2553.52
ops/s 37082.46

get/s 37270.80
put/s 352.95
aborts/s 2452.66
ops/s 37623.75

get/s 36871.21
put/s 322.95
aborts/s 2487.61
ops/s 37194.16

get/s 37140.13
put/s 344.95
aborts/s 2463.61
ops/s 37485.07

get/s 37871.42
put/s 342.98
aborts/s 2613.82
ops/s 38214.39

get/s 35394.17
put/s 324.96
aborts/s 2600.65
ops/s 35719.13

get/s 38904.20
put/s 353.97
aborts/s 2860.79
ops/s 39258.17

get/s 36621.16
put/s 323.96
aborts/s 2685.65
ops/s 36945.12

get/s 19440.91
put/s 171.91
aborts/s 1395.28
ops/s 19612.82

get/s 0.00
put/s 0.00
aborts/s 0.00
ops/s 0.00


Shutting down server...
key: 7127, value: 
key: 979, value: 
key: 119605, value: 
key: 43138, value: 
key: 64307, value: 
key: 195080, value: 
key: 9388, value: 
key: 12330, value: 
key: 36714, value: 
key: 391323, value: 
key: 58193, value: 
key: 164139, value: 
key: 90709, value: 
key: 981130, value: 
key: 3270, value: 
key: 14126, value: 
key: 9679, value: 
key: 192225, value: 
key: 437892, value: 
key: 275237, value: 
key: 857735, value: 
key: 9156, value: 
key: 341, value: 
key: 1748, value: 
key: 23509, value: 
key: 412422, value: 
key: 79995, value: 
key: 157678, value: 
key: 280, value: 
key: 75205, value: 
key: 17179, value: 
key: 16093, value: 
key: 3154, value: 
key: 386528, value: 
key: 169583, value: 
key: 24453, value: 
key: 186121, value: 
key: 85488, value: 
key: 2538, value: 
key: 157219, value: 
key: 18572, value: 
key: 15042, value: 
key: 454, value: 
key: 111018, value: 
key: 603780, value: 
key: 1979, value: 
key: 75727, value: 
key: 86203, value: 
key: 10268, value: 
key: 413688, value: 
key: 123958, value: 
key: 893, value: 
key: 14082, value: 
key: 14527, value: 
key: 65827, value: 
key: 3369, value: 
key: 39184, value: 
key: 297079, value: 
key: 6434, value: 
key: 71401, value: 
key: 25828, value: 
key: 15593, value: 
key: 162215, value: 
key: 510703, value: 
key: 853462, value: 
key: 34081, value: 
key: 30353, value: 
key: 35553, value: 
key: 560165, value: 
key: 32032, value: 
key: 1400, value: 
key: 3320, value: 
key: 18914, value: 
key: 438616, value: 
key: 425040, value: 
key: 106509, value: 
key: 630, value: 
key: 393, value: 
key: 42962, value: 
key: 22203, value: 
key: 577117, value: 
key: 235587, value: 
key: 31080, value: 
key: 128043, value: 
key: 542860, value: 
key: 731, value: 
key: 23653, value: 
key: 4188, value: 
key: 10174, value: 
key: 193658, value: 
key: 2005, value: 
key: 1139, value: 
key: 405126, value: 
key: 562253, value: 
key: 20165, value: 
key: 8597, value: 
key: 130111, value: 
key: 2472, value: 
key: 1326, value: 
key: 142864, value: 
key: 18175, value: 
key: 427, value: 
key: 48966, value: 
key: 143533, value: 
key: 623771, value: 
key: 82, value: 
key: 41215, value: 
key: 655, value: 
key: 6909, value: 
key: 585, value: 
key: 54625, value: 
key: 69234, value: 
key: 11695, value: 
key: 580986, value: 
key: 861899, value: 
key: 324807, value: 
key: 760256, value: 
key: 2932, value: 
key: 667195, value: 
key: 45489, value: 
key: 1762, value: 
key: 340146, value: 
key: 1669, value: 
key: 23054, value: 
key: 30906, value: 
key: 353439, value: 
key: 448952, value: 
key: 17573, value: 
key: 338631, value: 
key: 859, value: 
key: 2611, value: 
key: 509623, value: 
key: 406654, value: 
key: 750, value: 
key: 395457, value: 
key: 127830, value: 
key: 298552, value: 
key: 26388, value: 
key: 205027, value: 
key: 388, value: 
key: 178312, value: 
key: 142109, value: 
key: 357612, value: 
key: 15215, value: 
key: 9401, value: 
key: 1187, value: 
key: 72529, value: 
key: 23545, value: 
key: 26206, value: 
key: 145284, value: 
key: 655073, value: 
key: 13120, value: 
key: 11516, value: 
key: 782, value: 
key: 68702, value: 
key: 41766, value: 
key: 13606, value: 
key: 2381, value: 
key: 6912, value: 
key: 15912, value: 
key: 320961, value: 
key: 399865, value: 
key: 157327, value: 
key: 188405, value: 
key: 5353, value: 
key: 158040, value: 
key: 6656, value: 
key: 3359, value: 
key: 176, value: 
key: 4205, value: 
key: 2326, value: 
key: 60349, value: 
key: 31536, value: 
key: 365857, value: 
key: 152678, value: 
key: 788, value: 
key: 1132, value: 
key: 1662, value: 
key: 2676, value: 
key: 2149, value: 
key: 4848, value: 
key: 548917, value: 
key: 226985, value: 
key: 219964, value: 
key: 68531, value: 
key: 11407, value: 
key: 79771, value: 
key: 247623, value: 
key: 2963, value: 
key: 3799, value: 
key: 430646, value: 
key: 2601, value: 
key: 31449, value: 
key: 549369, value: 
key: 211108, value: 
key: 11309, value: 
key: 349099, value: 
key: 72466, value: 
key: 314379, value: 
key: 110149, value: 
key: 5921, value: 
key: 20254, value: 
key: 151932, value: 
key: 916613, value: 
key: 354, value: 
key: 167337, value: 
key: 3556, value: 
key: 260, value: 
key: 23240, value: 
key: 198235, value: 
key: 15159, value: 
key: 48501, value: 
key: 4343, value: 
key: 73869, value: 
key: 265955, value: 
key: 90627, value: 
key: 628309, value: 
key: 407117, value: 
key: 214033, value: 
key: 40794, value: 
key: 62968, value: 
key: 1235, value: 
key: 19332, value: 
key: 561253, value: 
key: 974732, value: 
key: 9381, value: 
key: 450892, value: 
key: 80895, value: 
key: 1189, value: 
key: 3263, value: 
key: 132038, value: 
key: 2010, value: 
key: 55852, value: 
key: 11685, value: 
key: 1887, value: 
key: 384042, value: 
key: 436, value: 
key: 10842, value: 
key: 521630, value: 
key: 653235, value: 
key: 8081, value: 
key: 604105, value: 
key: 395252, value: 
key: 163891, value: 
key: 4303, value: 
key: 398908, value: 
key: 838851, value: 
key: 47611, value: 
key: 308, value: 
key: 342287, value: 
key: 2928, value: 
key: 17098, value: 
key: 550, value: 
key: 29500, value: 
key: 446573, value: 
key: 2958, value: 
key: 7, value: 
key: 260227, value: 
key: 3121, value: 
key: 22476, value: 
key: 71332, value: 
key: 35781, value: 
key: 556, value: 
key: 28936, value: 
key: 25771, value: 
key: 617, value: 
key: 41425, value: 
key: 4766, value: 
key: 9115, value: 
key: 134299, value: 
key: 1756, value: 
key: 9758, value: 
key: 117329, value: 
key: 434230, value: 
key: 6525, value: 
key: 456018, value: 
key: 73409, value: 
key: 236745, value: 
key: 41629, value: 
key: 3093, value: 
key: 602471, value: 
key: 85, value: 
key: 237243, value: 
key: 51140, value: 
key: 1844, value: 
key: 8843, value: 
key: 37882, value: 
key: 25650, value: 
key: 318517, value: 
key: 6631, value: 
key: 95574, value: 
key: 141167, value: 
key: 31619, value: 
key: 190202, value: 
key: 3164, value: 
key: 42886, value: 
key: 105737, value: 
key: 6814, value: 
key: 250583, value: 
key: 32976, value: 
key: 319, value: 
key: 22471, value: 
key: 27806, value: 
key: 5374, value: 
key: 384813, value: 
key: 545, value: 
key: 544443, value: 
key: 210997, value: 
key: 6818, value: 
key: 58198, value: 
key: 5049, value: 
key: 2645, value: 
key: 27442, value: 
key: 817, value: 
key: 340327, value: 
key: 1599, value: 
key: 82884, value: 
key: 1555, value: 
key: 4181, value: 
key: 1037, value: 
key: 194738, value: 
key: 668544, value: 
key: 89266, value: 
key: 1472, value: 
key: 73807, value: 
key: 54507, value: 
key: 67301, value: 
key: 4298, value: 
key: 8797, value: 
key: 17076, value: 
key: 672751, value: 
key: 3296, value: 
key: 67863, value: 
key: 19662, value: 
key: 667, value: 
key: 808012, value: 
key: 89525, value: 
key: 341214, value: 
key: 2661, value: 
key: 1306, value: 
key: 69085, value: 
key: 357123, value: 
key: 49866, value: 
key: 8998, value: 
key: 275601, value: 
key: 3430, value: 
key: 398462, value: 
key: 1634, value: 
key: 101899, value: 
key: 26507, value: 
key: 2363, value: 
key: 2352, value: 
key: 50618, value: 
key: 43533, value: 
key: 749, value: 
key: 47886, value: 
key: 454965, value: 
key: 804022, value: 
key: 1549, value: 
key: 902190, value: 
key: 32461, value: 
key: 20194, value: 
key: 153902, value: 
key: 11002, value: 
key: 74402, value: 
key: 149246, value: 
key: 84912, value: 
key: 376475, value: 
key: 27252, value: 
key: 17006, value: 
key: 12055, value: 
key: 1363, value: 
key: 90704, value: 
key: 53148, value: 
key: 1847, value: 
key: 8157, value: 
key: 533151, value: 
key: 8343, value: 
key: 4159, value: 
key: 44421, value: 
key: 3158, value: 
key: 3561, value: 
key: 220948, value: 
key: 119237, value: 
key: 39673, value: 
key: 42277, value: 
key: 246, value: 
key: 94021, value: 
key: 22754, value: 
key: 7130, value: 
key: 2457, value: 
key: 674587, value: 
key: 138264, value: 
key: 81008, value: 
key: 281706, value: 
key: 429, value: 
key: 15996, value: 
key: 130543, value: 
key: 983528, value: 
key: 865436, value: 
key: 11404, value: 
key: 47301, value: 
key: 36748, value: 
key: 255490, value: 
key: 906530, value: 
key: 177184, value: 
key: 145, value: 
key: 577273, value: 
key: 434030, value: 
key: 81964, value: 
key: 2028, value: 
key: 301888, value: 
key: 18511, value: 
key: 652055, value: 
key: 330470, value: 
key: 340517, value: 
key: 27425, value: 
key: 7559, value: 
key: 612873, value: 
key: 65861, value: 
key: 4578, value: 
key: 23024, value: 
key: 4984, value: 
key: 10081, value: 
key: 95, value: 
key: 201057, value: 
key: 161546, value: 
key: 1950, value: 
key: 31543, value: 
key: 7455, value: 
key: 89867, value: 
key: 442, value: 
key: 25980, value: 
key: 5724, value: 
key: 61682, value: 
key: 17051, value: 
key: 86453, value: 
key: 46853, value: 
key: 2815, value: 
key: 207, value: 
key: 45224, value: 
key: 8429, value: 
key: 29561, value: 
key: 1129, value: 
key: 16479, value: 
key: 154528, value: 
key: 136294, value: 
key: 2156, value: 
key: 11865, value: 
key: 4427, value: 
key: 233, value: 
key: 21365, value: 
key: 4963, value: 
key: 247566, value: 
key: 23811, value: 
key: 42163, value: 
key: 43737, value: 
key: 2145, value: 
key: 2649, value: 
key: 265806, value: 
key: 38029, value: 
key: 11283, value: 
key: 256597, value: 
key: 44389, value: 
key: 12713, value: 
key: 10747, value: 
key: 163040, value: 
key: 114211, value: 
key: 23100, value: 
key: 16977, value: 
key: 1506, value: 
key: 3587, value: 
key: 264814, value: 
key: 160, value: 
key: 203709, value: 
key: 987612, value: 
key: 120724, value: 
key: 740742, value: 
key: 48189, value: 
key: 347129, value: 
key: 6064, value: 
key: 31832, value: 
key: 462536, value: 
key: 6023, value: 
key: 10040, value: 
key: 5898, value: 
key: 52261, value: 
key: 183747, value: 
key: 906458, value: 
key: 196945, value: 
key: 776, value: 
key: 880504, value: 
key: 19902, value: 
key: 20509, value: 
key: 124741, value: 
key: 46723, value: 
key: 17217, value: 
key: 14140, value: 
key: 2968, value: 
key: 3205, value: 
key: 1342, value: 
key: 897483, value: 
key: 146945, value: 
key: 1621, value: 
key: 708, value: 
key: 45283, value: 
key: 19791, value: 
key: 527, value: 
key: 3234, value: 
key: 67551, value: 
key: 19842, value: 
key: 848, value: 
key: 81851, value: 
key: 227613, value: 
key: 27590, value: 
key: 51495, value: 
key: 13758, value: 
key: 870949, value: 
key: 61959, value: 
key: 452, value: 
key: 202124, value: 
key: 427025, value: 
key: 39615, value: 
key: 369600, value: 
key: 340826, value: 
key: 631564, value: 
key: 621455, value: 
key: 679461, value: 
key: 759, value: 
key: 332247, value: 
key: 367850, value: 
key: 92179, value: 
key: 2662, value: 
key: 191612, value: 
key: 1233, value: 
key: 4599, value: 
key: 8170, value: 
key: 60516, value: 
key: 23300, value: 
key: 237515, value: 
key: 13284, value: 
key: 103260, value: 
key: 31665, value: 
key: 5965, value: 
key: 784585, value: 
key: 69989, value: 
key: 37042, value: 
key: 4345, value: 
key: 42996, value: 
key: 1258, value: 
key: 101, value: 
key: 441, value: 
key: 15741, value: 
key: 122439, value: 
key: 52191, value: 
key: 39297, value: 
key: 346031, value: 
key: 7478, value: 
key: 2445, value: 
key: 72196, value: 
key: 1607, value: 
key: 10164, value: 
key: 100342, value: 
key: 78386, value: 
key: 844782, value: 
key: 2655, value: 
key: 2479, value: 
key: 22456, value: 
key: 458879, value: 
key: 7412, value: 
key: 111, value: 
key: 167154, value: 
key: 205656, value: 
key: 188880, value: 
key: 71556, value: 
key: 106481, value: 
key: 1474, value: 
key: 6806, value: 
key: 284300, value: 
key: 2993, value: 
key: 5333, value: 
key: 5038, value: 
key: 209588, value: 
key: 24217, value: 
key: 489, value: 
key: 1412, value: 
key: 53763, value: 
key: 856, value: 
key: 13502, value: 
key: 48140, value: 
key: 62513, value: 
key: 1999, value: 
key: 12228, value: 
key: 28156, value: 
key: 9635, value: 
key: 35344, value: 
key: 175, value: 
key: 25525, value: 
key: 9772, value: 
key: 326, value: 
key: 756, value: 
key: 119843, value: 
key: 106, value: 
key: 439498, value: 
key: 1144, value: 
key: 326970, value: 
key: 951, value: 
key: 889, value: 
key: 174631, value: 
key: 5136, value: 
key: 35910, value: 
key: 266, value: 
key: 225080, value: 
key: 60827, value: 
key: 44150, value: 
key: 75860, value: 
key: 502343, value: 
key: 110268, value: 
key: 26254, value: 
key: 80793, value: 
key: 16633, value: 
key: 150, value: 
key: 446032, value: 
key: 40787, value: 
key: 191927, value: 
key: 318542, value: 
key: 324820, value: 
key: 59043, value: 
key: 107982, value: 
key: 873452, value: 
key: 561622, value: 
key: 5837, value: 
key: 2800, value: 
key: 149752, value: 
key: 337712, value: 
key: 125733, value: 
key: 4802, value: 
key: 47558, value: 
key: 16287, value: 
key: 1213, value: 
key: 7218, value: 
key: 35826, value: 
key: 492469, value: 
key: 21421, value: 
key: 612431, value: 
key: 193230, value: 
key: 31676, value: 
key: 242247, value: 
key: 16929, value: 
key: 20887, value: 
key: 266799, value: 
key: 23283, value: 
key: 206117, value: 
key: 105108, value: 
key: 66112, value: 
key: 6043, value: 
key: 19831, value: 
key: 54272, value: 
key: 256140, value: 
key: 59720, value: 
key: 89031, value: 
key: 4825, value: 
key: 22421, value: 
key: 961927, value: 
key: 56692, value: 
key: 5255, value: 
key: 287129, value: 
key: 120349, value: 
key: 51839, value: 
key: 495987, value: 
key: 14763, value: 
key: 3970, value: 
key: 1271, value: 
key: 852676, value: 
key: 234019, value: 
key: 288099, value: 
key: 375, value: 
key: 414, value: 
key: 107599, value: 
key: 8872, value: 
key: 13928, value: 
key: 431526, value: 
key: 151791, value: 
key: 946323, value: 
key: 18239, value: 
key: 185017, value: 
key: 127982, value: 
key: 5850, value: 
key: 123990, value: 
key: 10531, value: 
key: 4206, value: 
key: 924312, value: 
key: 13567, value: 
key: 16349, value: 
key: 19683, value: 
key: 41307, value: 
key: 624627, value: 
key: 599396, value: 
key: 2199, value: 
key: 801981, value: 
key: 2342, value: 
key: 10283, value: 
key: 6714, value: 
key: 1884, value: 
key: 412935, value: 
key: 19761, value: 
key: 810, value: 
key: 2372, value: 
key: 8686, value: 
key: 262045, value: 
key: 2387, value: 
key: 3311, value: 
key: 5005, value: 
key: 1893, value: 
key: 343182, value: 
key: 21941, value: 
key: 21788, value: 
key: 134351, value: 
key: 128941, value: 
key: 54406, value: 
key: 77389, value: 
key: 853988, value: 
key: 338753, value: 
key: 556644, value: 
key: 73261, value: 
key: 20, value: 
key: 2548, value: 
key: 865, value: 
key: 12924, value: 
key: 141965, value: 
key: 194015, value: 
key: 244819, value: 
key: 49213, value: 
key: 5765, value: 
key: 79615, value: 
key: 16410, value: 
key: 76, value: 
key: 679, value: 
key: 405, value: 
key: 450644, value: 
key: 22029, value: 
key: 78951, value: 
key: 390153, value: 
key: 843, value: 
key: 991148, value: 
key: 12852, value: 
key: 390078, value: 
key: 428813, value: 
key: 2057, value: 
key: 5934, value: 
key: 46346, value: 
key: 33439, value: 
key: 602872, value: 
key: 260595, value: 
key: 296747, value: 
key: 94127, value: 
key: 22740, value: 
key: 11963, value: 
key: 394349, value: 
key: 14426, value: 
key: 2332, value: 
key: 44921, value: 
key: 879566, value: 
key: 192882, value: 
key: 115057, value: 
key: 148853, value: 
key: 224612, value: 
key: 10250, value: 
key: 140873, value: 
key: 1896, value: 
key: 161696, value: 
key: 100488, value: 
key: 296990, value: 
key: 18253, value: 
key: 7637, value: 
key: 1526, value: 
key: 5466, value: 
key: 4504, value: 
key: 83933, value: 
key: 715543, value: 
key: 173840, value: 
key: 1714, value: 
key: 34273, value: 
key: 549870, value: 
key: 9782, value: 
key: 4191, value: 
key: 45030, value: 
key: 258821, value: 
key: 302221, value: 
key: 769076, value: 
key: 990, value: 
key: 457782, value: 
key: 26840, value: 
key: 316458, value: 
key: 41704, value: 
key: 29495, value: 
key: 5536, value: 
key: 158400, value: 
key: 64268, value: 
key: 34299, value: 
key: 396070, value: 
key: 269403, value: 
key: 23711, value: 
key: 251155, value: 
key: 39475, value: 
key: 35748, value: 
key: 19976, value: 
key: 184348, value: 
key: 13427, value: 
key: 30400, value: 
key: 16726, value: 
key: 532402, value: 
key: 12278, value: 
key: 96233, value: 
key: 975265, value: 
key: 2738, value: 
key: 37628, value: 
key: 496895, value: 
key: 7667, value: 
key: 1240, value: 
key: 18594, value: 
key: 10038, value: 
key: 66650, value: 
key: 1398, value: 
key: 59285, value: 
key: 81068, value: 
key: 102656, value: 
key: 274512, value: 
key: 10558, value: 
key: 741173, value: 
key: 6848, value: 
key: 134167, value: 
key: 75686, value: 
key: 133074, value: 
key: 18099, value: 
key: 327518, value: 
key: 13309, value: 
key: 14903, value: 
key: 275676, value: 
key: 293677, value: 
key: 73592, value: 
key: 54798, value: 
key: 67860, value: 
key: 32866, value: 
key: 85567, value: 
key: 54501, value: 
key: 4322, value: 
key: 61560, value: 
key: 182991, value: 
key: 687968, value: 
key: 142203, value: 
key: 355917, value: 
key: 831199, value: 
key: 12068, value: 
key: 476157, value: 
key: 7437, value: 
key: 1047, value: 
key: 100258, value: 
key: 2190, value: 
key: 680865, value: 
key: 1253, value: 
key: 216751, value: 
key: 14385, value: 
key: 695296, value: 
key: 5607, value: 
key: 3407, value: 
key: 11454, value: 
key: 685, value: 
key: 205112, value: 
key: 55588, value: 
key: 423258, value: 
key: 20700, value: 
key: 9161, value: 
key: 1105, value: 
key: 137103, value: 
key: 6193, value: 
key: 21088, value: 
key: 44033, value: 
key: 406, value: 
key: 15324, value: 
key: 370258, value: 
key: 76132, value: 
key: 11638, value: 
key: 9359, value: 
key: 127840, value: 
key: 382614, value: 
key: 887, value: 
key: 735879, value: 
key: 66796, value: 
key: 294327, value: 
key: 195043, value: 
key: 6423, value: 
key: 409935, value: 
key: 5583, value: 
key: 397310, value: 
key: 83902, value: 
key: 160067, value: 
key: 130, value: 
key: 150497, value: 
key: 488423, value: 
key: 19031, value: 
key: 479144, value: 
key: 15126, value: 
key: 11577, value: 
key: 111976, value: 
key: 88298, value: 
key: 33, value: 
key: 573, value: 
key: 305658, value: 
key: 660374, value: 
key: 4973, value: 
key: 369029, value: 
key: 2024, value: 
key: 1851, value: 
key: 307849, value: 
key: 19500, value: 
key: 546169, value: 
key: 188346, value: 
key: 5310, value: 
key: 193966, value: 
key: 8816, value: 
key: 19400, value: 
key: 964844, value: 
key: 116630, value: 
key: 2184, value: 
key: 316, value: 
key: 31577, value: 
key: 53462, value: 
key: 21285, value: 
key: 136272, value: 
key: 182316, value: 
key: 91133, value: 
key: 57829, value: 
key: 750976, value: 
key: 7840, value: 
key: 7017, value: 
key: 38211, value: 
key: 31863, value: 
key: 342, value: 
key: 202139, value: 
key: 70671, value: 
key: 30473, value: 
key: 7968, value: 
key: 1438, value: 
key: 7276, value: 
key: 64927, value: 
key: 622764, value: 
key: 606, value: 
key: 7332, value: 
key: 137260, value: 
key: 79450, value: 
key: 1945, value: 
key: 1152, value: 
key: 4681, value: 
key: 88524, value: 
key: 425520, value: 
key: 261587, value: 
key: 17585, value: 
key: 92847, value: 
key: 74301, value: 
key: 2675, value: 
key: 175601, value: 
key: 626, value: 
key: 17734, value: 
key: 14717, value: 
key: 497, value: 
key: 23773, value: 
key: 112160, value: 
key: 70688, value: 
key: 209107, value: 
key: 103187, value: 
key: 258251, value: 
key: 206862, value: 
key: 89894, value: 
key: 8864, value: 
key: 75216, value: 
key: 1983, value: 
key: 1990, value: 
key: 811285, value: 
key: 898454, value: 
key: 406725, value: 
key: 1369, value: 
key: 68, value: 
key: 13489, value: 
key: 100287, value: 
key: 240691, value: 
key: 2408, value: 
key: 616606, value: 
key: 1126, value: 
key: 60944, value: 
key: 601671, value: 
key: 2091, value: 
key: 367012, value: 
key: 348493, value: 
key: 64586, value: 
key: 30788, value: 
key: 591335, value: 
key: 507820, value: 
key: 209846, value: 
key: 4563, value: 
key: 186472, value: 
key: 14985, value: 
key: 1041, value: 
key: 270315, value: 
key: 216121, value: 
key: 3893, value: 
key: 190362, value: 
key: 136149, value: 
key: 16845, value: 
key: 41413, value: 
key: 424, value: 
key: 442393, value: 
key: 161242, value: 
key: 14451, value: 
key: 7751, value: 
key: 205271, value: 
key: 13971, value: 
key: 22206, value: 
key: 50535, value: 
key: 27532, value: 
key: 2925, value: 
key: 290, value: 
key: 51, value: 
key: 2236, value: 
key: 17109, value: 
key: 3669, value: 
key: 589, value: 
key: 15037, value: 
key: 806496, value: 
key: 27240, value: 
key: 82571, value: 
key: 8852, value: 
key: 106364, value: 
key: 611, value: 
key: 14923, value: 
key: 877196, value: 
key: 772626, value: 
key: 158327, value: 
key: 9081, value: 
key: 2341, value: 
key: 7724, value: 
key: 2855, value: 
key: 731124, value: 
key: 4131, value: 
key: 8590, value: 
key: 4356, value: 
key: 21389, value: 
key: 2988, value: 
key: 303125, value: 
key: 17877, value: 
key: 43167, value: 
key: 11487, value: 
key: 276, value: 
key: 6507, value: 
key: 259368, value: 
key: 74493, value: 
key: 4092, value: 
key: 141570, value: 
key: 104448, value: 
key: 1584, value: 
key: 400121, value: 
key: 31742, value: 
key: 105558, value: 
key: 1481, value: 
key: 643361, value: 
key: 100011, value: 
key: 5304, value: 
key: 427332, value: 
key: 47690, value: 
key: 18256, value: 
key: 89148, value: 
key: 43664, value: 
key: 834083, value: 
key: 1764, value: 
key: 78842, value: 
key: 154694, value: 
key: 2075, value: 
key: 13880, value: 
key: 523446, value: 
key: 12970, value: 
key: 369733, value: 
key: 49196, value: 
key: 96101, value: 
key: 1025, value: 
key: 18, value: 
key: 38145, value: 
key: 262740, value: 
key: 577238, value: 
key: 663432, value: 
key: 112989, value: 
key: 4872, value: 
key: 17245, value: 
key: 51098, value: 
key: 287274, value: 
key: 39834, value: 
key: 2938, value: 
key: 238, value: 
key: 30359, value: 
key: 335847, value: 
key: 6158, value: 
key: 705, value: 
key: 4137, value: 
key: 1431, value: 
key: 79, value: 
key: 149104, value: 
key: 356958, value: 
key: 11, value: 
key: 10503, value: 
key: 74459, value: 
key: 611339, value: 
key: 887625, value: 
key: 438643, value: 
key: 114209, value: 
key: 19756, value: 
key: 4991, value: 
key: 218878, value: 
key: 24013, value: 
key: 20510, value: 
key: 999510, value: 
key: 2518, value: 
key: 18384, value: 
key: 32929, value: 
key: 39366, value: 
key: 88180, value: 
key: 38935, value: 
key: 8050, value: 
key: 9233, value: 
key: 4776, value: 
key: 153468, value: 
key: 9572, value: 
key: 83386, value: 
key: 907680, value: 
key: 507241, value: 
key: 57058, value: 
key: 26278, value: 
key: 247604, value: 
key: 92181, value: 
key: 17997, value: 
key: 207073, value: 
key: 44924, value: 
key: 304379, value: 
key: 2114, value: 
key: 19466, value: 
key: 540, value: 
key: 271698, value: 
key: 107366, value: 
key: 2702, value: 
key: 804061, value: 
key: 555370, value: 
key: 130710, value: 
key: 37643, value: 
key: 23662, value: 
key: 8949, value: 
key: 34120, value: 
key: 20638, value: 
key: 76896, value: 
key: 16971, value: 
key: 78889, value: 
key: 116247, value: 
key: 29678, value: 
key: 99241, value: 
key: 492422, value: 
key: 77233, value: 
key: 235, value: 
key: 334327, value: 
key: 23410, value: 
key: 121005, value: 
key: 34770, value: 
key: 467550, value: 
key: 84235, value: 
key: 169062, value: 
key: 8620, value: 
key: 112572, value: 
key: 184371, value: 
key: 62597, value: 
key: 21252, value: 
key: 146116, value: 
key: 6962, value: 
key: 10796, value: 
key: 460135, value: 
key: 146585, value: 
key: 14333, value: 
key: 378, value: 
key: 7522, value: 
key: 23230, value: 
key: 470939, value: 
key: 100509, value: 
key: 9295, value: 
key: 257375, value: 
key: 853664, value: 
key: 726, value: 
key: 151629, value: 
key: 50533, value: 
key: 1848, value: 
key: 245518, value: 
key: 9280, value: 
key: 12020, value: 
key: 334, value: 
key: 73268, value: 
key: 345388, value: 
key: 357890, value: 
key: 4834, value: 
key: 438631, value: 
key: 19933, value: 
key: 4315, value: 
key: 37778, value: 
key: 428222, value: 
key: 5623, value: 
key: 9201, value: 
key: 7287, value: 
key: 1569, value: 
key: 3931, value: 
key: 4035, value: 
key: 738723, value: 
key: 763701, value: 
key: 5160, value: 
key: 38519, value: 
key: 207130, value: 
key: 3435, value: 
key: 4164, value: 
key: 9434, value: 
key: 61354, value: 
key: 85054, value: 
key: 5731, value: 
key: 238676, value: 
key: 8746, value: 
key: 38815, value: 
key: 216, value: 
key: 1538, value: 
key: 23305, value: 
key: 3186, value: 
key: 344931, value: 
key: 2769, value: 
key: 8754, value: 
key: 878826, value: 
key: 9270, value: 
key: 566874, value: 
key: 703, value: 
key: 119338, value: 
key: 695, value: 
key: 36641, value: 
key: 4310, value: 
key: 66966, value: 
key: 217022, value: 
key: 5244, value: 
key: 1921, value: 
key: 13573, value: 
key: 826, value: 
key: 75168, value: 
key: 6035, value: 
key: 63558, value: 
key: 880972, value: 
key: 513, value: 
key: 103601, value: 
key: 840603, value: 
key: 4783, value: 
key: 572123, value: 
key: 485299, value: 
key: 582174, value: 
key: 85852, value: 
key: 139, value: 
key: 71534, value: 
key: 11438, value: 
key: 1440, value: 
key: 269, value: 
key: 5056, value: 
key: 16338, value: 
key: 534609, value: 
key: 24940, value: 
key: 35937, value: 
key: 10306, value: 
key: 438749, value: 
key: 2274, value: 
key: 9535, value: 
key: 3095, value: 
key: 19421, value: 
key: 366926, value: 
key: 108945, value: 
key: 1491, value: 
key: 1890, value: 
key: 128254, value: 
key: 201197, value: 
key: 32231, value: 
key: 37868, value: 
key: 221344, value: 
key: 185257, value: 
key: 640514, value: 
key: 184241, value: 
key: 2592, value: 
key: 27129, value: 
key: 33577, value: 
key: 3162, value: 
key: 156664, value: 
key: 15891, value: 
key: 426983, value: 
key: 24615, value: 
key: 599, value: 
key: 766797, value: 
key: 329844, value: 
key: 149431, value: 
key: 15045, value: 
key: 1565, value: 
key: 236, value: 
key: 87697, value: 
key: 619387, value: 
key: 3940, value: 
key: 663206, value: 
key: 586683, value: 
key: 23901, value: 
key: 36568, value: 
key: 22703, value: 
key: 2881, value: 
key: 598237, value: 
key: 40159, value: 
key: 485664, value: 
key: 6004, value: 
key: 4155, value: 
key: 31100, value: 
key: 831729, value: 
key: 470773, value: 
key: 5430, value: 
key: 108186, value: 
key: 77660, value: 
key: 1180, value: 
key: 8255, value: 
key: 89110, value: 
key: 2485, value: 
key: 8424, value: 
key: 26965, value: 
key: 20033, value: 
key: 351620, value: 
key: 815104, value: 
key: 4227, value: 
key: 5527, value: 
key: 10697, value: 
key: 161096, value: 
key: 652496, value: 
key: 208091, value: 
key: 6262, value: 
key: 799607, value: 
key: 23445, value: 
key: 589708, value: 
key: 465799, value: 
key: 26748, value: 
key: 132484, value: 
key: 7008, value: 
key: 188862, value: 
key: 413394, value: 
key: 61084, value: 
key: 260370, value: 
key: 31901, value: 
key: 566509, value: 
key: 94250, value: 
key: 73687, value: 
key: 105427, value: 
key: 1510, value: 
key: 46850, value: 
key: 79299, value: 
key: 260035, value: 
key: 247664, value: 
key: 294026, value: 
key: 4966, value: 
key: 28986, value: 
key: 1819, value: 
key: 76914, value: 
key: 2944, value: 
key: 863, value: 
key: 448, value: 
key: 7305, value: 
key: 83873, value: 
key: 4862, value: 
key: 6771, value: 
key: 5797, value: 
key: 593588, value: 
key: 75798, value: 
key: 12549, value: 
key: 5067, value: 
key: 635, value: 
key: 28756, value: 
key: 41397, value: 
key: 48176, value: 
key: 683, value: 
key: 3171, value: 
key: 1610, value: 
key: 52413, value: 
key: 3266, value: 
key: 7199, value: 
key: 5077, value: 
key: 10593, value: 
key: 85812, value: 
key: 24179, value: 
key: 388793, value: 
key: 1300, value: 
key: 22239, value: 
key: 3455, value: 
key: 55068, value: 
key: 2798, value: 
key: 1225, value: 
key: 6029, value: 
key: 505810, value: 
key: 3594, value: 
key: 137, value: 
key: 35010, value: 
key: 257308, value: 
key: 484909, value: 
key: 405885, value: 
key: 14447, value: 
key: 15362, value: 
key: 975760, value: 
key: 309617, value: 
key: 5640, value: 
key: 20262, value: 
key: 271153, value: 
key: 11680, value: 
key: 50933, value: 
key: 112246, value: 
key: 29980, value: 
key: 12756, value: 
key: 92327, value: 
key: 39421, value: 
key: 164411, value: 
key: 529884, value: 
key: 214245, value: 
key: 889846, value: 
key: 24274, value: 
key: 89514, value: 
key: 1707, value: 
key: 31051, value: 
key: 238238, value: 
key: 92744, value: 
key: 6867, value: 
key: 2297, value: 
key: 1900, value: 
key: 636615, value: 
key: 1702, value: 
key: 74141, value: 
key: 1406, value: 
key: 592354, value: 
key: 12159, value: 
key: 3134, value: 
key: 574205, value: 
key: 38407, value: 
key: 12738, value: 
key: 22256, value: 
key: 79040, value: 
key: 118, value: 
key: 256467, value: 
key: 342896, value: 
key: 2117, value: 
key: 19929, value: 
key: 9466, value: 
key: 4737, value: 
key: 1214, value: 
key: 65022, value: 
key: 29735, value: 
key: 11402, value: 
key: 20956, value: 
key: 16846, value: 
key: 160816, value: 
key: 282367, value: 
key: 30220, value: 
key: 176648, value: 
key: 320879, value: 
key: 221775, value: 
key: 451, value: 
key: 9731, value: 
key: 23070, value: 
key: 389863, value: 
key: 5665, value: 
key: 31780, value: 
key: 121201, value: 
key: 9693, value: 
key: 801720, value: 
key: 441960, value: 
key: 9009, value: 
key: 129500, value: 
key: 3335, value: 
key: 90110, value: 
key: 19334, value: 
key: 8871, value: 
key: 12424, value: 
key: 105337, value: 
key: 732678, value: 
key: 41161, value: 
key: 520210, value: 
key: 10686, value: 
key: 906, value: 
key: 891550, value: 
key: 1771, value: 
key: 462805, value: 
key: 30947, value: 
key: 278022, value: 
key: 10810, value: 
key: 2072, value: 
key: 113728, value: 
key: 908, value: 
key: 12593, value: 
key: 2051, value: 
key: 44939, value: 
key: 7991, value: 
key: 8266, value: 
key: 8235, value: 
key: 9774, value: 
key: 33531, value: 
key: 419147, value: 
key: 323796, value: 
key: 383600, value: 
key: 131980, value: 
key: 595, value: 
key: 731386, value: 
key: 62403, value: 
key: 369713, value: 
key: 180439, value: 
key: 29658, value: 
key: 1247, value: 
key: 1328, value: 
key: 36571, value: 
key: 6050, value: 
key: 192660, value: 
key: 255166, value: 
key: 237798, value: 
key: 4251, value: 
key: 117605, value: 
key: 989802, value: 
key: 11894, value: 
key: 79140, value: 
key: 693743, value: 
key: 765841, value: 
key: 174322, value: 
key: 347749, value: 
key: 77098, value: 
key: 366741, value: 
key: 5633, value: 
key: 17921, value: 
key: 89400, value: 
key: 855290, value: 
key: 701073, value: 
key: 33935, value: 
key: 18283, value: 
key: 576205, value: 
key: 2899, value: 
key: 26773, value: 
key: 1110, value: 
key: 40191, value: 
key: 8084, value: 
key: 12352, value: 
key: 791, value: 
key: 111481, value: 
key: 95972, value: 
key: 3641, value: 
key: 28185, value: 
key: 26788, value: 
key: 10428, value: 
key: 69042, value: 
key: 411455, value: 
key: 5010, value: 
key: 260580, value: 
key: 576194, value: 
key: 14584, value: 
key: 342060, value: 
key: 874529, value: 
key: 81341, value: 
key: 73647, value: 
key: 20683, value: 
key: 17844, value: 
key: 14559, value: 
key: 30767, value: 
key: 68647, value: 
key: 766502, value: 
key: 947498, value: 
key: 3360, value: 
key: 19798, value: 
key: 9949, value: 
key: 687332, value: 
key: 9508, value: 
key: 1997, value: 
key: 1655, value: 
key: 5560, value: 
key: 23858, value: 
key: 55925, value: 
key: 43622, value: 
key: 117162, value: 
key: 2459, value: 
key: 139586, value: 
key: 1338, value: 
key: 837, value: 
key: 8328, value: 
key: 8859, value: 
key: 43723, value: 
key: 9768, value: 
key: 238796, value: 
key: 4688, value: 
key: 2598, value: 
key: 45681, value: 
key: 301739, value: 
key: 2844, value: 
key: 261731, value: 
key: 15849, value: 
key: 139831, value: 
key: 537, value: 
key: 293499, value: 
key: 221362, value: 
key: 502041, value: 
key: 147682, value: 
key: 4499, value: 
key: 4248, value: 
key: 611258, value: 
key: 21861, value: 
key: 8072, value: 
key: 7961, value: 
key: 48849, value: 
key: 299035, value: 
key: 755, value: 
key: 7088, value: 
key: 995124, value: 
key: 373735, value: 
key: 9125, value: 
key: 35673, value: 
key: 27222, value: 
key: 498472, value: 
key: 1165, value: 
key: 305510, value: 
key: 4711, value: 
key: 160535, value: 
key: 1356, value: 
key: 555758, value: 
key: 164333, value: 
key: 1687, value: 
key: 736278, value: 
key: 4241, value: 
key: 576, value: 
key: 83507, value: 
key: 3157, value: 
key: 552841, value: 
key: 313612, value: 
key: 87427, value: 
key: 224019, value: 
key: 112076, value: 
key: 29254, value: 
key: 5555, value: 
key: 21101, value: 
key: 1860, value: 
key: 1531, value: 
key: 645, value: 
key: 99635, value: 
key: 275, value: 
key: 21168, value: 
key: 896247, value: 
key: 25155, value: 
key: 1940, value: 
key: 10480, value: 
key: 13153, value: 
key: 46298, value: 
key: 669896, value: 
key: 6082, value: 
key: 292340, value: 
key: 1445, value: 
key: 868862, value: 
key: 33083, value: 
key: 104749, value: 
key: 16981, value: 
key: 37578, value: 
key: 5419, value: 
key: 115869, value: 
key: 12299, value: 
key: 45701, value: 
key: 167615, value: 
key: 4171, value: 
key: 9197, value: 
key: 582265, value: 
key: 623283, value: 
key: 34601, value: 
key: 408334, value: 
key: 1927, value: 
key: 36377, value: 
key: 324265, value: 
key: 17492, value: 
key: 131131, value: 
key: 401109, value: 
key: 1617, value: 
key: 6087, value: 
key: 3440, value: 
key: 199, value: 
key: 85075, value: 
key: 292303, value: 
key: 70, value: 
key: 593461, value: 
key: 3174, value: 
key: 30253, value: 
key: 2339, value: 
key: 20041, value: 
key: 70138, value: 
key: 273570, value: 
key: 44229, value: 
key: 222702, value: 
key: 146528, value: 
key: 143317, value: 
key: 193156, value: 
key: 139369, value: 
key: 3625, value: 
key: 13757, value: 
key: 533003, value: 
key: 73358, value: 
key: 110564, value: 
key: 40370, value: 
key: 553, value: 
key: 24203, value: 
key: 2052, value: 
key: 278689, value: 
key: 403468, value: 
key: 8982, value: 
key: 3225, value: 
key: 8010, value: 
key: 24734, value: 
key: 59360, value: 
key: 100060, value: 
key: 1266, value: 
key: 70587, value: 
key: 385193, value: 
key: 618308, value: 
key: 299327, value: 
key: 92592, value: 
key: 1787, value: 
key: 71868, value: 
key: 64230, value: 
key: 588239, value: 
key: 844803, value: 
key: 728810, value: 
key: 6691, value: 
key: 203623, value: 
key: 1151, value: 
key: 211719, value: 
key: 5173, value: 
key: 15095, value: 
key: 859964, value: 
key: 121727, value: 
key: 119454, value: 
key: 409421, value: 
key: 819111, value: 
key: 210700, value: 
key: 1058, value: 
key: 734, value: 
key: 340913, value: 
key: 210027, value: 
key: 63488, value: 
key: 716645, value: 
key: 5487, value: 
key: 63777, value: 
key: 63, value: 
key: 1312, value: 
key: 583969, value: 
key: 15170, value: 
key: 14966, value: 
key: 32923, value: 
key: 1645, value: 
key: 5170, value: 
key: 382608, value: 
key: 482547, value: 
key: 100266, value: 
key: 75785, value: 
key: 4809, value: 
key: 704297, value: 
key: 429875, value: 
key: 133962, value: 
key: 394, value: 
key: 3547, value: 
key: 9420, value: 
key: 80089, value: 
key: 64746, value: 
key: 96515, value: 
key: 21977, value: 
key: 37624, value: 
key: 11934, value: 
key: 165132, value: 
key: 15708, value: 
key: 75132, value: 
key: 9669, value: 
key: 31561, value: 
key: 88512, value: 
key: 192452, value: 
key: 418430, value: 
key: 576453, value: 
key: 2715, value: 
key: 962815, value: 
key: 952950, value: 
key: 829615, value: 
key: 231587, value: 
key: 30179, value: 
key: 670277, value: 
key: 33858, value: 
key: 99604, value: 
key: 8720, value: 
key: 2463, value: 
key: 398141, value: 
key: 552380, value: 
key: 22794, value: 
key: 6668, value: 
key: 222905, value: 
key: 723497, value: 
key: 70631, value: 
key: 404506, value: 
key: 5546, value: 
key: 4534, value: 
key: 80681, value: 
key: 187657, value: 
key: 325458, value: 
key: 465908, value: 
key: 10855, value: 
key: 117045, value: 
key: 76881, value: 
key: 11162, value: 
key: 188358, value: 
key: 2688, value: 
key: 326779, value: 
key: 193, value: 
key: 3992, value: 
key: 9590, value: 
key: 317900, value: 
key: 17158, value: 
key: 6856, value: 
key: 108481, value: 
key: 6580, value: 
key: 179108, value: 
key: 527226, value: 
key: 8957, value: 
key: 22013, value: 
key: 98636, value: 
key: 30560, value: 
key: 49651, value: 
key: 400, value: 
key: 127, value: 
key: 439, value: 
key: 4885, value: 
key: 11866, value: 
key: 292632, value: 
key: 2094, value: 
key: 1303, value: 
key: 124084, value: 
key: 1500, value: 
key: 108487, value: 
key: 841028, value: 
key: 317944, value: 
key: 170, value: 
key: 166363, value: 
key: 51300, value: 
key: 7858, value: 
key: 34579, value: 
key: 13720, value: 
key: 141968, value: 
key: 928462, value: 
key: 31840, value: 
key: 74204, value: 
key: 2311, value: 
key: 249704, value: 
key: 11924, value: 
key: 14059, value: 
key: 1443, value: 
key: 120243, value: 
key: 323504, value: 
key: 35, value: 
key: 820, value: 
key: 11918, value: 
key: 2477, value: 
key: 110361, value: 
key: 5973, value: 
key: 10985, value: 
key: 8509, value: 
key: 69661, value: 
key: 37320, value: 
key: 295624, value: 
key: 441325, value: 
key: 2588, value: 
key: 376322, value: 
key: 300144, value: 
key: 15031, value: 
key: 12569, value: 
key: 1689, value: 
key: 1222, value: 
key: 732223, value: 
key: 56038, value: 
key: 7054, value: 
key: 173759, value: 
key: 798529, value: 
key: 129779, value: 
key: 5321, value: 
key: 2166, value: 
key: 786345, value: 
key: 99903, value: 
key: 88722, value: 
key: 11023, value: 
key: 317873, value: 
key: 3574, value: 
key: 882996, value: 
key: 100078, value: 
key: 5250, value: 
key: 145747, value: 
key: 120615, value: 
key: 69133, value: 
key: 871944, value: 
key: 291542, value: 
key: 47816, value: 
key: 870420, value: 
key: 159578, value: 
key: 144686, value: 
key: 5760, value: 
key: 6931, value: 
key: 788575, value: 
key: 154053, value: 
key: 622235, value: 
key: 190172, value: 
key: 2861, value: 
key: 3447, value: 
key: 575025, value: 
key: 46, value: 
key: 279, value: 
key: 87977, value: 
key: 450784, value: 
key: 7405, value: 
key: 6327, value: 
key: 979991, value: 
key: 104493, value: 
key: 639046, value: 
key: 3963, value: 
key: 1201, value: 
key: 63478, value: 
key: 4927, value: 
key: 273975, value: 
key: 187996, value: 
key: 904785, value: 
key: 3172, value: 
key: 229763, value: 
key: 4603, value: 
key: 848647, value: 
key: 69918, value: 
key: 574900, value: 
key: 57595, value: 
key: 24007, value: 
key: 13521, value: 
key: 16580, value: 
key: 800911, value: 
key: 710, value: 
key: 1626, value: 
key: 71129, value: 
key: 719372, value: 
key: 10007, value: 
key: 10153, value: 
key: 39246, value: 
key: 790040, value: 
key: 2832, value: 
key: 4399, value: 
key: 889273, value: 
key: 4273, value: 
key: 6410, value: 
key: 180528, value: 
key: 69752, value: 
key: 9962, value: 
key: 1805, value: 
key: 179943, value: 
key: 918412, value: 
key: 731012, value: 
key: 113711, value: 
key: 48250, value: 
key: 52537, value: 
key: 14262, value: 
key: 465713, value: 
key: 976, value: 
key: 106570, value: 
key: 782940, value: 
key: 14265, value: 
key: 42772, value: 
key: 4660, value: 
key: 109144, value: 
key: 25052, value: 
key: 41095, value: 
key: 234657, value: 
key: 520867, value: 
key: 86296, value: 
key: 13697, value: 
key: 18614, value: 
key: 212898, value: 
key: 162568, value: 
key: 582420, value: 
key: 387, value: 
key: 162664, value: 
key: 422770, value: 
key: 66438, value: 
key: 4706, value: 
key: 1207, value: 
key: 967599, value: 
key: 38590, value: 
key: 1085, value: 
key: 27490, value: 
key: 14692, value: 
key: 43578, value: 
key: 22589, value: 
key: 485188, value: 
key: 423276, value: 
key: 16318, value: 
key: 8039, value: 
key: 720841, value: 
key: 12774, value: 
key: 25548, value: 
key: 940442, value: 
key: 55922, value: 
key: 19959, value: 
key: 14782, value: 
key: 133521, value: 
key: 5629, value: 
key: 107740, value: 
key: 16015, value: 
key: 2501, value: 
key: 849178, value: 
key: 486107, value: 
key: 10355, value: 
key: 33161, value: 
key: 73507, value: 
key: 745, value: 
key: 6496, value: 
key: 57106, value: 
key: 878, value: 
key: 2337, value: 
key: 409104, value: 
key: 916219, value: 
key: 181865, value: 
key: 163043, value: 
key: 68168, value: 
key: 514522, value: 
key: 9384, value: 
key: 119972, value: 
key: 940668, value: 
key: 9585, value: 
key: 3197, value: 
key: 30207, value: 
key: 80659, value: 
key: 63103, value: 
key: 29963, value: 
key: 372, value: 
key: 4268, value: 
key: 15549, value: 
key: 838192, value: 
key: 87399, value: 
key: 96954, value: 
key: 169514, value: 
key: 143612, value: 
key: 23120, value: 
key: 675820, value: 
key: 17538, value: 
key: 16, value: 
key: 14785, value: 
key: 161684, value: 
key: 12798, value: 
key: 30140, value: 
key: 108145, value: 
key: 802713, value: 
key: 522, value: 
key: 1725, value: 
key: 16749, value: 
key: 2541, value: 
key: 1556, value: 
key: 3803, value: 
key: 62649, value: 
key: 7226, value: 
key: 4457, value: 
key: 4117, value: 
key: 50605, value: 
key: 86740, value: 
key: 2490, value: 
key: 9116, value: 
key: 1761, value: 
key: 57084, value: 
key: 50097, value: 
key: 5565, value: 
key: 980017, value: 
key: 157552, value: 
key: 224515, value: 
key: 408975, value: 
key: 2118, value: 
key: 6887, value: 
key: 64, value: 
key: 329, value: 
key: 41745, value: 
key: 53990, value: 
key: 180371, value: 
key: 23393, value: 
key: 121365, value: 
key: 7337, value: 
key: 869804, value: 
key: 42564, value: 
key: 8695, value: 
key: 289290, value: 
key: 13194, value: 
key: 429688, value: 
key: 5499, value: 
key: 59497, value: 
key: 9696, value: 
key: 16805, value: 
key: 1175, value: 
key: 202930, value: 
key: 7962, value: 
key: 180497, value: 
key: 28013, value: 
key: 12677, value: 
key: 176785, value: 
key: 781788, value: 
key: 201257, value: 
key: 560553, value: 
key: 3218, value: 
key: 130086, value: 
key: 62849, value: 
key: 69002, value: 
key: 173785, value: 
key: 169892, value: 
key: 118508, value: 
key: 220540, value: 
key: 15138, value: 
key: 5509, value: 
key: 121260, value: 
key: 40415, value: 
key: 16116, value: 
key: 5279, value: 
key: 117289, value: 
key: 500, value: 
key: 15016, value: 
key: 8290, value: 
key: 1056, value: 
key: 1134, value: 
key: 3459, value: 
key: 88944, value: 
key: 8452, value: 
key: 2996, value: 
key: 222089, value: 
key: 2394, value: 
key: 4918, value: 
key: 690180, value: 
key: 382970, value: 
key: 5831, value: 
key: 11305, value: 
key: 19479, value: 
key: 76728, value: 
key: 576110, value: 
key: 348714, value: 
key: 112459, value: 
key: 15032, value: 
key: 199317, value: 
key: 31086, value: 
key: 114434, value: 
key: 14361, value: 
key: 45286, value: 
key: 16909, value: 
key: 322101, value: 
key: 8122, value: 
key: 520555, value: 
key: 20357, value: 
key: 2060, value: 
key: 1909, value: 
key: 20933, value: 
key: 27978, value: 
key: 328414, value: 
key: 235639, value: 
key: 172558, value: 
key: 19047, value: 
key: 192484, value: 
key: 263781, value: 
key: 727147, value: 
key: 2027, value: 
key: 9613, value: 
key: 28738, value: 
key: 220, value: 
key: 32000, value: 
key: 363425, value: 
key: 284946, value: 
key: 148705, value: 
key: 293519, value: 
key: 3080, value: 
key: 37010, value: 
key: 19224, value: 
key: 292739, value: 
key: 3480, value: 
key: 6273, value: 
key: 20112, value: 
key: 165, value: 
key: 20619, value: 
key: 105960, value: 
key: 41, value: 
key: 29162, value: 
key: 26994, value: 
key: 766562, value: 
key: 234401, value: 
key: 9859, value: 
key: 371006, value: 
key: 1095, value: 
key: 206290, value: 
key: 34606, value: 
key: 7306, value: 
key: 514023, value: 
key: 226973, value: 
key: 590, value: 
key: 535967, value: 
key: 39728, value: 
key: 203504, value: 
key: 148979, value: 
key: 7701, value: 
key: 595215, value: 
key: 4810, value: 
key: 3473, value: 
key: 859328, value: 
key: 2360, value: 
key: 2557, value: 
key: 15613, value: 
key: 43504, value: 
key: 381696, value: 
key: 600020, value: 
key: 5107, value: 
key: 5195, value: 
key: 182658, value: 
key: 55262, value: 
key: 12090, value: 
key: 2165, value: 
key: 18367, value: 
key: 43382, value: 
key: 9286, value: 
key: 1119, value: 
key: 937640, value: 
key: 111784, value: 
key: 364107, value: 
key: 3573, value: 
key: 445799, value: 
key: 6739, value: 
key: 16540, value: 
key: 492, value: 
key: 4632, value: 
key: 651779, value: 
key: 48292, value: 
key: 35532, value: 
key: 3249, value: 
key: 439010, value: 
key: 3559, value: 
key: 340183, value: 
key: 244625, value: 
key: 2751, value: 
key: 904350, value: 
key: 22936, value: 
key: 13816, value: 
key: 184909, value: 
key: 11764, value: 
key: 34180, value: 
key: 817098, value: 
key: 111373, value: 
key: 892514, value: 
key: 196232, value: 
key: 156919, value: 
key: 204293, value: 
key: 9964, value: 
key: 71320, value: 
key: 174570, value: 
key: 26230, value: 
key: 160233, value: 
key: 855, value: 
key: 34117, value: 
key: 104945, value: 
key: 34824, value: 
key: 33639, value: 
key: 20449, value: 
key: 56179, value: 
key: 9041, value: 
key: 9296, value: 
key: 357873, value: 
key: 2008, value: 
key: 30380, value: 
key: 126155, value: 
key: 1073, value: 
key: 392005, value: 
key: 818829, value: 
key: 166, value: 
key: 1030, value: 
key: 4819, value: 
key: 3143, value: 
key: 26697, value: 
key: 161638, value: 
key: 6701, value: 
key: 7801, value: 
key: 2534, value: 
key: 69351, value: 
key: 834, value: 
key: 625827, value: 
key: 1011, value: 
key: 1498, value: 
key: 1065, value: 
key: 9601, value: 
key: 360, value: 
key: 4283, value: 
key: 2266, value: 
key: 5034, value: 
key: 113548, value: 
key: 27831, value: 
key: 473948, value: 
key: 126539, value: 
key: 1505, value: 
key: 141576, value: 
key: 6125, value: 
key: 761, value: 
key: 376924, value: 
key: 30376, value: 
key: 50740, value: 
key: 41759, value: 
key: 5220, value: 
key: 261845, value: 
key: 2895, value: 
key: 38, value: 
key: 48337, value: 
key: 401744, value: 
key: 281432, value: 
key: 8334, value: 
key: 298241, value: 
key: 7814, value: 
key: 148788, value: 
key: 98801, value: 
key: 634223, value: 
key: 3632, value: 
key: 224309, value: 
key: 112336, value: 
key: 221808, value: 
key: 474089, value: 
key: 849301, value: 
key: 510, value: 
key: 13478, value: 
key: 35537, value: 
key: 35145, value: 
key: 271179, value: 
key: 490010, value: 
key: 38100, value: 
key: 6105, value: 
key: 19738, value: 
key: 184230, value: 
key: 162548, value: 
key: 776091, value: 
key: 3453, value: 
key: 592207, value: 
key: 5169, value: 
key: 5123, value: 
key: 578175, value: 
key: 6756, value: 
key: 783762, value: 
key: 252862, value: 
key: 6530, value: 
key: 123954, value: 
key: 6972, value: 
key: 3949, value: 
key: 898961, value: 
key: 5926, value: 
key: 14279, value: 
key: 34836, value: 
key: 5008, value: 
key: 18470, value: 
key: 40124, value: 
key: 148054, value: 
key: 100720, value: 
key: 1899, value: 
key: 899, value: 
key: 553619, value: 
key: 1453, value: 
key: 247672, value: 
key: 86925, value: 
key: 451642, value: 
key: 578830, value: 
key: 1028, value: 
key: 475, value: 
key: 506512, value: 
key: 459540, value: 
key: 103052, value: 
key: 97644, value: 
key: 105382, value: 
key: 63013, value: 
key: 20246, value: 
key: 1291, value: 
key: 549247, value: 
key: 301350, value: 
key: 288381, value: 
key: 427633, value: 
key: 120386, value: 
key: 166651, value: 
key: 257427, value: 
key: 3522, value: 
key: 1963, value: 
key: 16775, value: 
key: 117553, value: 
key: 3332, value: 
key: 305939, value: 
key: 113223, value: 
key: 413652, value: 
key: 73626, value: 
key: 548949, value: 
key: 160809, value: 
key: 110264, value: 
key: 326133, value: 
key: 515317, value: 
key: 47578, value: 
key: 63663, value: 
key: 614564, value: 
key: 514483, value: 
key: 20545, value: 
key: 1137, value: 
key: 32925, value: 
key: 16563, value: 
key: 4883, value: 
key: 277582, value: 
key: 855914, value: 
key: 37622, value: 
key: 6154, value: 
key: 97405, value: 
key: 4975, value: 
key: 71182, value: 
key: 6937, value: 
key: 152808, value: 
key: 703342, value: 
key: 22705, value: 
key: 284318, value: 
key: 70372, value: 
key: 363, value: 
key: 19953, value: 
key: 3584, value: 
key: 55439, value: 
key: 13907, value: 
key: 112809, value: 
key: 613910, value: 
key: 344, value: 
key: 64017, value: 
key: 19894, value: 
key: 11611, value: 
key: 3731, value: 
key: 245565, value: 
key: 17190, value: 
key: 33873, value: 
key: 112549, value: 
key: 50346, value: 
key: 107729, value: 
key: 1673, value: 
key: 291451, value: 
key: 6764, value: 
key: 3999, value: 
key: 10195, value: 
key: 701893, value: 
key: 7973, value: 
key: 17488, value: 
key: 5728, value: 
key: 1590, value: 
key: 486209, value: 
key: 12301, value: 
key: 96238, value: 
key: 3724, value: 
key: 994268, value: 
key: 4309, value: 
key: 427796, value: 
key: 121784, value: 
key: 4759, value: 
key: 298479, value: 
key: 201251, value: 
key: 17065, value: 
key: 554598, value: 
key: 9663, value: 
key: 49210, value: 
key: 141246, value: 
key: 2280, value: 
key: 74249, value: 
key: 37222, value: 
key: 658416, value: 
key: 769354, value: 
key: 22350, value: 
key: 2038, value: 
key: 3345, value: 
key: 8185, value: 
key: 13910, value: 
key: 1865, value: 
key: 1423, value: 
key: 27319, value: 
key: 627120, value: 
key: 22296, value: 
key: 58653, value: 
key: 7443, value: 
key: 18314, value: 
key: 105649, value: 
key: 14414, value: 
key: 591220, value: 
key: 143362, value: 
key: 464713, value: 
key: 729004, value: 
key: 152361, value: 
key: 470785, value: 
key: 5510, value: 
key: 626634, value: 
key: 7190, value: 
key: 9315, value: 
key: 97691, value: 
key: 11547, value: 
key: 951805, value: 
key: 761959, value: 
key: 168115, value: 
key: 441291, value: 
key: 618818, value: 
key: 39647, value: 
key: 151783, value: 
key: 39188, value: 
key: 3401, value: 
key: 13558, value: 
key: 365, value: 
key: 16813, value: 
key: 7351, value: 
key: 6282, value: 
key: 2032, value: 
key: 112321, value: 
key: 13893, value: 
key: 568439, value: 
key: 460778, value: 
key: 765140, value: 
key: 19492, value: 
key: 92155, value: 
key: 4067, value: 
key: 20117, value: 
key: 173581, value: 
key: 174305, value: 
key: 283910, value: 
key: 12931, value: 
key: 3291, value: 
key: 1975, value: 
key: 62135, value: 
key: 87903, value: 
key: 3317, value: 
key: 59145, value: 
key: 108613, value: 
key: 24304, value: 
key: 66315, value: 
key: 145268, value: 
key: 22386, value: 
key: 9708, value: 
key: 162608, value: 
key: 602317, value: 
key: 1876, value: 
key: 476122, value: 
key: 544484, value: 
key: 118769, value: 
key: 1986, value: 
key: 192696, value: 
key: 73716, value: 
key: 16276, value: 
key: 221967, value: 
key: 292910, value: 
key: 2796, value: 
key: 14788, value: 
key: 3486, value: 
key: 412355, value: 
key: 107566, value: 
key: 1163, value: 
key: 3597, value: 
key: 4684, value: 
key: 213763, value: 
key: 3709, value: 
key: 39500, value: 
key: 340135, value: 
key: 768708, value: 
key: 244842, value: 
key: 44215, value: 
key: 7491, value: 
key: 27, value: 
key: 41457, value: 
key: 4222, value: 
key: 4581, value: 
key: 123737, value: 
key: 549478, value: 
key: 31294, value: 
key: 12627, value: 
key: 218, value: 
key: 3719, value: 
key: 24066, value: 
key: 34983, value: 
key: 121514, value: 
key: 34419, value: 
key: 31156, value: 
key: 9446, value: 
key: 128500, value: 
key: 42473, value: 
key: 144297, value: 
key: 513039, value: 
key: 3855, value: 
key: 3605, value: 
key: 9604, value: 
key: 165328, value: 
key: 401721, value: 
key: 41142, value: 
key: 28660, value: 
key: 21620, value: 
key: 2843, value: 
key: 837370, value: 
key: 4523, value: 
key: 10088, value: 
key: 35176, value: 
key: 197200, value: 
key: 2747, value: 
key: 160733, value: 
key: 119541, value: 
key: 9737, value: 
key: 717, value: 
key: 21054, value: 
key: 4587, value: 
key: 4045, value: 
key: 36546, value: 
key: 311780, value: 
key: 169152, value: 
key: 481122, value: 
key: 362210, value: 
key: 582219, value: 
key: 3014, value: 
key: 549293, value: 
key: 380045, value: 
key: 231446, value: 
key: 253465, value: 
key: 409, value: 
key: 437795, value: 
key: 730595, value: 
key: 3562, value: 
key: 19860, value: 
key: 31267, value: 
key: 243124, value: 
key: 649, value: 
key: 850, value: 
key: 366869, value: 
key: 42334, value: 
key: 1051, value: 
key: 19949, value: 
key: 92594, value: 
key: 535230, value: 
key: 23575, value: 
key: 28396, value: 
key: 3363, value: 
key: 7338, value: 
key: 257, value: 
key: 158255, value: 
key: 10903, value: 
key: 1830, value: 
key: 42492, value: 
key: 40969, value: 
key: 4466, value: 
key: 666229, value: 
key: 77028, value: 
key: 674810, value: 
key: 909403, value: 
key: 3550, value: 
key: 2130, value: 
key: 34665, value: 
key: 583029, value: 
key: 844834, value: 
key: 8463, value: 
key: 55809, value: 
key: 513016, value: 
key: 10729, value: 
key: 162117, value: 
key: 4663, value: 
key: 684326, value: 
key: 387609, value: 
key: 2504, value: 
key: 418, value: 
key: 9902, value: 
key: 79567, value: 
key: 11471, value: 
key: 27694, value: 
key: 423271, value: 
key: 170665, value: 
key: 128210, value: 
key: 3750, value: 
key: 1196, value: 
key: 660, value: 
key: 42125, value: 
key: 32037, value: 
key: 265, value: 
key: 58211, value: 
key: 491872, value: 
key: 271778, value: 
key: 565097, value: 
key: 78996, value: 
key: 69175, value: 
key: 10521, value: 
key: 69407, value: 
key: 211116, value: 
key: 578885, value: 
key: 433, value: 
key: 34909, value: 
key: 145742, value: 
key: 192015, value: 
key: 1219, value: 
key: 7910, value: 
key: 17813, value: 
key: 105306, value: 
key: 695821, value: 
key: 4331, value: 
key: 750218, value: 
key: 187739, value: 
key: 74496, value: 
key: 4161, value: 
key: 445608, value: 
key: 620854, value: 
key: 1318, value: 
key: 29168, value: 
key: 6800, value: 
key: 147723, value: 
key: 1955, value: 
key: 74855, value: 
key: 45695, value: 
key: 308601, value: 
key: 102146, value: 
key: 284049, value: 
key: 675, value: 
key: 86630, value: 
key: 7414, value: 
key: 26228, value: 
key: 1790, value: 
key: 2049, value: 
key: 767895, value: 
key: 428012, value: 
key: 4233, value: 
key: 669, value: 
key: 609655, value: 
key: 465440, value: 
key: 838570, value: 
key: 589780, value: 
key: 885025, value: 
key: 190783, value: 
key: 369587, value: 
key: 5133, value: 
key: 614340, value: 
key: 5340, value: 
key: 81361, value: 
key: 9119, value: 
key: 362253, value: 
key: 78222, value: 
key: 12115, value: 
key: 79740, value: 
key: 754794, value: 
key: 41816, value: 
key: 841530, value: 
key: 297929, value: 
key: 105874, value: 
key: 93664, value: 
key: 39165, value: 
key: 11190, value: 
key: 3254, value: 
key: 203116, value: 
key: 997198, value: 
key: 2617, value: 
key: 75331, value: 
key: 59658, value: 
key: 3396, value: 
key: 34504, value: 
key: 52458, value: 
key: 118111, value: 
key: 184763, value: 
key: 559994, value: 
key: 43110, value: 
key: 59028, value: 
key: 153545, value: 
key: 10636, value: 
key: 559, value: 
key: 44146, value: 
key: 202485, value: 
key: 16085, value: 
key: 11236, value: 
key: 476478, value: 
key: 17518, value: 
key: 915091, value: 
key: 116070, value: 
key: 199856, value: 
key: 515, value: 
key: 8826, value: 
key: 2896, value: 
key: 74155, value: 
key: 268389, value: 
key: 26386, value: 
key: 750267, value: 
key: 29941, value: 
key: 581061, value: 
key: 177387, value: 
key: 58046, value: 
key: 34370, value: 
key: 19669, value: 
key: 34441, value: 
key: 2003, value: 
key: 84986, value: 
key: 2566, value: 
key: 7034, value: 
key: 74730, value: 
key: 969, value: 
key: 593, value: 
key: 11408, value: 
key: 174545, value: 
key: 578407, value: 
key: 78077, value: 
key: 13934, value: 
key: 18628, value: 
key: 360375, value: 
key: 2151, value: 
key: 57917, value: 
key: 2872, value: 
key: 3077, value: 
key: 468, value: 
key: 162554, value: 
key: 1471, value: 
key: 320, value: 
key: 4020, value: 
key: 6778, value: 
key: 163656, value: 
key: 50695, value: 
key: 95154, value: 
key: 12938, value: 
key: 68536, value: 
key: 11255, value: 
key: 8438, value: 
key: 20853, value: 
key: 14616, value: 
key: 12410, value: 
key: 23217, value: 
key: 915542, value: 
key: 1745, value: 
key: 733646, value: 
key: 698, value: 
key: 141673, value: 
key: 17561, value: 
key: 51482, value: 
key: 224213, value: 
key: 57839, value: 
key: 219967, value: 
key: 13841, value: 
key: 48115, value: 
key: 544219, value: 
key: 1120, value: 
key: 260565, value: 
key: 1931, value: 
key: 5204, value: 
key: 17143, value: 
key: 194330, value: 
key: 5705, value: 
key: 182081, value: 
key: 914, value: 
key: 14932, value: 
key: 800, value: 
key: 1841, value: 
key: 956601, value: 
key: 3837, value: 
key: 155186, value: 
key: 285401, value: 
key: 1424, value: 
key: 14691, value: 
key: 54980, value: 
key: 1450, value: 
key: 116546, value: 
key: 4332, value: 
key: 857192, value: 
key: 970997, value: 
key: 53536, value: 
key: 21121, value: 
key: 67264, value: 
key: 16450, value: 
key: 300214, value: 
key: 413175, value: 
key: 993, value: 
key: 93008, value: 
key: 46601, value: 
key: 96709, value: 
key: 7564, value: 
key: 17704, value: 
key: 107258, value: 
key: 629873, value: 
key: 6358, value: 
key: 586775, value: 
key: 23053, value: 
key: 8416, value: 
key: 22753, value: 
key: 198172, value: 
key: 344779, value: 
key: 718748, value: 
key: 830461, value: 
key: 26323, value: 
key: 91217, value: 
key: 10227, value: 
key: 93893, value: 
key: 85941, value: 
key: 40976, value: 
key: 974097, value: 
key: 9787, value: 
key: 292131, value: 
key: 114, value: 
key: 370355, value: 
key: 21397, value: 
key: 77369, value: 
key: 14963, value: 
key: 55195, value: 
key: 24397, value: 
key: 28263, value: 
key: 587290, value: 
key: 221126, value: 
key: 231079, value: 
key: 191622, value: 
key: 47598, value: 
key: 13921, value: 
key: 15822, value: 
key: 6958, value: 
key: 274396, value: 
key: 25504, value: 
key: 54486, value: 
key: 366707, value: 
key: 13839, value: 
key: 3133, value: 
key: 265161, value: 
key: 6634, value: 
key: 3664, value: 
key: 53748, value: 
key: 17464, value: 
key: 70366, value: 
key: 1325, value: 
key: 1521, value: 
key: 856680, value: 
key: 542791, value: 
key: 2947, value: 
key: 18636, value: 
key: 547994, value: 
key: 978383, value: 
key: 6603, value: 
key: 54, value: 
key: 80129, value: 
key: 611736, value: 
key: 21380, value: 
key: 6284, value: 
key: 11164, value: 
key: 77718, value: 
key: 236814, value: 
key: 899481, value: 
key: 383460, value: 
key: 37297, value: 
key: 20823, value: 
key: 45924, value: 
key: 206802, value: 
key: 303, value: 
key: 1417, value: 
key: 121225, value: 
key: 142127, value: 
key: 713966, value: 
key: 4149, value: 
key: 73994, value: 
key: 414532, value: 
key: 91316, value: 
key: 51905, value: 
key: 3846, value: 
key: 880, value: 
key: 29355, value: 
key: 37460, value: 
key: 6876, value: 
key: 2082, value: 
key: 743494, value: 
key: 22804, value: 
key: 71445, value: 
key: 364878, value: 
key: 69755, value: 
key: 1277, value: 
key: 438371, value: 
key: 289295, value: 
key: 18139, value: 
key: 7321, value: 
key: 4727, value: 
key: 483, value: 
key: 59129, value: 
key: 126945, value: 
key: 649390, value: 
key: 3011, value: 
key: 941, value: 
key: 7979, value: 
key: 12250, value: 
key: 614, value: 
key: 80259, value: 
key: 485039, value: 
key: 17688, value: 
key: 16658, value: 
key: 5988, value: 
key: 239520, value: 
key: 1066, value: 
key: 4643, value: 
key: 152735, value: 
key: 219231, value: 
key: 743608, value: 
key: 569, value: 
key: 1195, value: 
key: 497181, value: 
key: 783111, value: 
key: 544156, value: 
key: 390129, value: 
key: 947, value: 
key: 54010, value: 
key: 56762, value: 
key: 180, value: 
key: 645479, value: 
key: 39424, value: 
key: 21161, value: 
key: 100282, value: 
key: 578598, value: 
key: 38562, value: 
key: 274457, value: 
key: 43553, value: 
key: 7082, value: 
key: 8352, value: 
key: 71642, value: 
key: 148756, value: 
key: 185652, value: 
key: 365915, value: 
key: 14319, value: 
key: 766396, value: 
key: 4930, value: 
key: 5346, value: 
key: 169689, value: 
key: 5871, value: 
key: 351367, value: 
key: 127093, value: 
key: 30320, value: 
key: 186777, value: 
key: 23830, value: 
key: 207767, value: 
key: 16595, value: 
key: 56757, value: 
key: 173277, value: 
key: 254, value: 
key: 10147, value: 
key: 524397, value: 
key: 188197, value: 
key: 97377, value: 
key: 87559, value: 
key: 136940, value: 
key: 31215, value: 
key: 84753, value: 
key: 78551, value: 
key: 5490, value: 
key: 65964, value: 
key: 72979, value: 
key: 843412, value: 
key: 958, value: 
key: 32385, value: 
key: 940392, value: 
key: 5322, value: 
key: 465, value: 
key: 4073, value: 
key: 82303, value: 
key: 289557, value: 
key: 141838, value: 
key: 6098, value: 
key: 42931, value: 
key: 310995, value: 
key: 223849, value: 
key: 10654, value: 
key: 24576, value: 
key: 245088, value: 
key: 385458, value: 
key: 381, value: 
key: 51493, value: 
key: 1793, value: 
key: 120896, value: 
key: 732345, value: 
key: 100017, value: 
key: 46546, value: 
key: 29423, value: 
key: 10848, value: 
key: 137077, value: 
key: 9574, value: 
key: 253639, value: 
key: 27025, value: 
key: 30662, value: 
key: 11250, value: 
key: 152897, value: 
key: 672249, value: 
key: 103196, value: 
key: 293384, value: 
key: 35550, value: 
key: 15827, value: 
key: 62330, value: 
key: 10325, value: 
key: 5042, value: 
key: 25661, value: 
key: 3063, value: 
key: 26042, value: 
key: 10187, value: 
key: 823204, value: 
key: 398229, value: 
key: 3146, value: 
key: 2193, value: 
key: 6755, value: 
key: 27928, value: 
key: 361211, value: 
key: 56208, value: 
key: 806659, value: 
key: 147902, value: 
key: 3880, value: 
key: 164518, value: 
key: 778602, value: 
key: 3629, value: 
key: 1656, value: 
key: 7659, value: 
key: 2511, value: 
key: 971814, value: 
key: 3806, value: 
key: 827195, value: 
key: 2546, value: 
key: 74031, value: 
key: 499667, value: 
key: 676, value: 
key: 203532, value: 
key: 3979, value: 
key: 228323, value: 
key: 746, value: 
key: 94282, value: 
key: 225036, value: 
key: 196203, value: 
key: 93718, value: 
key: 51489, value: 
key: 9145, value: 
key: 3127, value: 
key: 213048, value: 
key: 3096, value: 
key: 142446, value: 
key: 161173, value: 
key: 83122, value: 
key: 1449, value: 
key: 679413, value: 
key: 90373, value: 
key: 39906, value: 
key: 2908, value: 
key: 61245, value: 
key: 108698, value: 
key: 148556, value: 
key: 3626, value: 
key: 63955, value: 
key: 187092, value: 
key: 15732, value: 
key: 84223, value: 
key: 840577, value: 
key: 10193, value: 
key: 16455, value: 
key: 4861, value: 
key: 101765, value: 
key: 58373, value: 
key: 139003, value: 
key: 64150, value: 
key: 188263, value: 
key: 1208, value: 
key: 430, value: 
key: 1960, value: 
key: 437262, value: 
key: 510467, value: 
key: 24629, value: 
key: 3307, value: 
key: 10515, value: 
key: 925, value: 
key: 2260, value: 
key: 29606, value: 
key: 5186, value: 
key: 977058, value: 
key: 33566, value: 
key: 66508, value: 
key: 206401, value: 
key: 247112, value: 
key: 509, value: 
key: 46887, value: 
key: 6472, value: 
key: 313942, value: 
key: 7819, value: 
key: 21527, value: 
key: 30204, value: 
key: 306747, value: 
key: 521, value: 
key: 59480, value: 
key: 721806, value: 
key: 43828, value: 
key: 2375, value: 
key: 513740, value: 
key: 44319, value: 
key: 781, value: 
key: 4529, value: 
key: 91919, value: 
key: 19453, value: 
key: 124016, value: 
key: 417865, value: 
key: 24286, value: 
key: 7324, value: 
key: 6606, value: 
key: 960, value: 
key: 39450, value: 
key: 300340, value: 
key: 3592, value: 
key: 2303, value: 
key: 91190, value: 
key: 312019, value: 
key: 48, value: 
key: 2816, value: 
key: 13964, value: 
key: 106227, value: 
key: 141815, value: 
key: 495903, value: 
key: 3087, value: 
key: 352, value: 
key: 16864, value: 
key: 473449, value: 
key: 34293, value: 
key: 990555, value: 
key: 437664, value: 
key: 14960, value: 
key: 323442, value: 
key: 675712, value: 
key: 68516, value: 
key: 38750, value: 
key: 70868, value: 
key: 521264, value: 
key: 286, value: 
key: 188218, value: 
key: 6566, value: 
key: 15807, value: 
key: 43332, value: 
key: 543, value: 
key: 53571, value: 
key: 84867, value: 
key: 76995, value: 
key: 145720, value: 
key: 6229, value: 
key: 1516, value: 
key: 313036, value: 
key: 2834, value: 
key: 18463, value: 
key: 617120, value: 
key: 1540, value: 
key: 19003, value: 
key: 404158, value: 
key: 4353, value: 
key: 16550, value: 
key: 5663, value: 
key: 97843, value: 
key: 39974, value: 
key: 936357, value: 
key: 1774, value: 
key: 2403, value: 
key: 481878, value: 
key: 49793, value: 
key: 13709, value: 
key: 67788, value: 
key: 1080, value: 
key: 44561, value: 
key: 2211, value: 
key: 155163, value: 
key: 120373, value: 
key: 5959, value: 
key: 56758, value: 
key: 38241, value: 
key: 9651, value: 
key: 1537, value: 
key: 17009, value: 
key: 7729, value: 
key: 35992, value: 
key: 3515, value: 
key: 49989, value: 
key: 105775, value: 
key: 122924, value: 
key: 6791, value: 
key: 5845, value: 
key: 30445, value: 
key: 1889, value: 
key: 69037, value: 
key: 899947, value: 
key: 587277, value: 
key: 579771, value: 
key: 4418, value: 
key: 444, value: 
key: 353118, value: 
key: 66937, value: 
key: 19463, value: 
key: 184700, value: 
key: 742174, value: 
key: 113873, value: 
key: 99763, value: 
key: 17960, value: 
key: 299476, value: 
key: 4126, value: 
key: 2320, value: 
key: 340379, value: 
key: 149, value: 
key: 13136, value: 
key: 168525, value: 
key: 149547, value: 
key: 18543, value: 
key: 192432, value: 
key: 67076, value: 
key: 20340, value: 
key: 3181, value: 
key: 588126, value: 
key: 87615, value: 
key: 13294, value: 
key: 18764, value: 
key: 2982, value: 
key: 280494, value: 
key: 1292, value: 
key: 852146, value: 
key: 979831, value: 
key: 55061, value: 
key: 2787, value: 
key: 155, value: 
key: 25993, value: 
key: 16686, value: 
key: 1060, value: 
key: 211168, value: 
key: 526387, value: 
key: 15607, value: 
key: 983719, value: 
key: 28906, value: 
key: 807, value: 
key: 326810, value: 
key: 498, value: 
key: 814481, value: 
key: 64951, value: 
key: 196, value: 
key: 728176, value: 
key: 491, value: 
key: 24496, value: 
key: 330218, value: 
key: 182359, value: 
key: 948832, value: 
key: 944, value: 
key: 151300, value: 
key: 9846, value: 
key: 694482, value: 
key: 4360, value: 
key: 69173, value: 
key: 33814, value: 
key: 3301, value: 
key: 12445, value: 
key: 140114, value: 
key: 3826, value: 
key: 49458, value: 
key: 117215, value: 
key: 4994, value: 
key: 351494, value: 
key: 2450, value: 
key: 31044, value: 
key: 618, value: 
key: 52439, value: 
key: 96220, value: 
key: 27952, value: 
key: 9448, value: 
key: 36470, value: 
key: 50600, value: 
key: 167027, value: 
key: 527281, value: 
key: 503, value: 
key: 308277, value: 
key: 10986, value: 
key: 41184, value: 
key: 2044, value: 
key: 27607, value: 
key: 432120, value: 
key: 1600, value: 
key: 5201, value: 
key: 137564, value: 
key: 76143, value: 
key: 13986, value: 
key: 936018, value: 
key: 55583, value: 
key: 1287, value: 
key: 24147, value: 
key: 110117, value: 
key: 6432, value: 
key: 4896, value: 
key: 715311, value: 
key: 270, value: 
key: 176210, value: 
key: 27510, value: 
key: 7644, value: 
key: 11377, value: 
key: 286304, value: 
key: 4262, value: 
key: 600532, value: 
key: 648101, value: 
key: 3395, value: 
key: 10196, value: 
key: 54522, value: 
key: 64762, value: 
key: 36485, value: 
key: 12191, value: 
key: 84613, value: 
key: 2218, value: 
key: 57863, value: 
key: 297402, value: 
key: 913710, value: 
key: 11354, value: 
key: 2827, value: 
key: 428431, value: 
key: 849578, value: 
key: 58214, value: 
key: 51126, value: 
key: 747778, value: 
key: 2979, value: 
key: 181195, value: 
key: 702975, value: 
key: 94870, value: 
key: 79686, value: 
key: 188016, value: 
key: 468425, value: 
key: 7296, value: 
key: 11994, value: 
key: 2486, value: 
key: 293328, value: 
key: 16532, value: 
key: 11008, value: 
key: 31925, value: 
key: 8725, value: 
key: 200091, value: 
key: 29338, value: 
key: 65148, value: 
key: 11209, value: 
key: 231450, value: 
key: 21336, value: 
key: 210751, value: 
key: 261899, value: 
key: 257513, value: 
key: 74825, value: 
key: 521290, value: 
key: 123799, value: 
key: 21410, value: 
key: 7109, value: 
key: 7317, value: 
key: 3534, value: 
key: 181880, value: 
key: 5868, value: 
key: 504595, value: 
key: 31279, value: 
key: 456375, value: 
key: 4140, value: 
key: 3462, value: 
key: 838650, value: 
key: 2563, value: 
key: 5647, value: 
key: 225335, value: 
key: 11026, value: 
key: 90801, value: 
key: 10284, value: 
key: 77121, value: 
key: 311627, value: 
key: 43497, value: 
key: 13788, value: 
key: 41681, value: 
key: 2848, value: 
key: 56373, value: 
key: 801912, value: 
key: 1372, value: 
key: 117, value: 
key: 282037, value: 
key: 2423, value: 
key: 121731, value: 
key: 99009, value: 
key: 36172, value: 
key: 145729, value: 
key: 318876, value: 
key: 30839, value: 
key: 59176, value: 
key: 343095, value: 
key: 334930, value: 
key: 877452, value: 
key: 484, value: 
key: 1078, value: 
key: 17574, value: 
key: 300967, value: 
key: 39819, value: 
key: 775724, value: 
key: 6642, value: 
key: 111463, value: 
key: 10221, value: 
key: 46004, value: 
key: 6045, value: 
key: 596220, value: 
key: 2742, value: 
key: 50140, value: 
key: 4829, value: 
key: 9985, value: 
key: 2139, value: 
key: 11625, value: 
key: 5248, value: 
key: 665698, value: 
key: 3542, value: 
key: 6813, value: 
key: 150671, value: 
key: 33073, value: 
key: 7464, value: 
key: 6392, value: 
key: 620, value: 
key: 6828, value: 
key: 5589, value: 
key: 172931, value: 
key: 1350, value: 
key: 14065, value: 
key: 129491, value: 
key: 759247, value: 
key: 383758, value: 
key: 2412, value: 
key: 1429, value: 
key: 1331, value: 
key: 51673, value: 
key: 91754, value: 
key: 58768, value: 
key: 293, value: 
key: 127856, value: 
key: 317536, value: 
key: 23582, value: 
key: 10642, value: 
key: 50924, value: 
key: 35352, value: 
key: 2777, value: 
key: 22250, value: 
key: 3238, value: 
key: 24732, value: 
key: 90550, value: 
key: 998634, value: 
key: 49132, value: 
key: 6650, value: 
key: 170125, value: 
key: 293277, value: 
key: 1650, value: 
key: 21082, value: 
key: 4085, value: 
key: 1103, value: 
key: 325139, value: 
key: 36148, value: 
key: 38416, value: 
key: 60366, value: 
key: 323816, value: 
key: 366297, value: 
key: 36, value: 
key: 2069, value: 
key: 7051, value: 
key: 764, value: 
key: 152156, value: 
key: 1377, value: 
key: 284382, value: 
key: 6841, value: 
key: 79260, value: 
key: 209350, value: 
key: 56575, value: 
key: 177428, value: 
key: 29951, value: 
key: 76956, value: 
key: 53803, value: 
key: 471342, value: 
key: 167594, value: 
key: 10874, value: 
key: 493311, value: 
key: 3281, value: 
key: 188179, value: 
key: 839, value: 
key: 1344, value: 
key: 5975, value: 
key: 12380, value: 
key: 196461, value: 
key: 19996, value: 
key: 1256, value: 
key: 96098, value: 
key: 14625, value: 
key: 80103, value: 
key: 33252, value: 
key: 8808, value: 
key: 33464, value: 
key: 2621, value: 
key: 671368, value: 
key: 45491, value: 
key: 3043, value: 
key: 355591, value: 
key: 122193, value: 
key: 163619, value: 
key: 38819, value: 
key: 911351, value: 
key: 45798, value: 
key: 146859, value: 
key: 357744, value: 
key: 130083, value: 
key: 771, value: 
key: 23590, value: 
key: 118095, value: 
key: 6288, value: 
key: 13676, value: 
key: 1008, value: 
key: 917, value: 
key: 983, value: 
key: 8230, value: 
key: 659, value: 
key: 226120, value: 
key: 8604, value: 
key: 36976, value: 
key: 66538, value: 
key: 948393, value: 
key: 313016, value: 
key: 159588, value: 
key: 27487, value: 
key: 9704, value: 
key: 351, value: 
key: 282900, value: 
key: 380100, value: 
key: 29858, value: 
key: 35950, value: 
key: 6560, value: 
key: 352832, value: 
key: 40736, value: 
key: 462, value: 
key: 68966, value: 
key: 3152, value: 
key: 34744, value: 
key: 3694, value: 
key: 323, value: 
key: 8650, value: 
key: 787524, value: 
key: 4833, value: 
key: 76120, value: 
key: 610149, value: 
key: 881483, value: 
key: 260233, value: 
key: 2182, value: 
key: 3810, value: 
key: 704531, value: 
key: 268951, value: 
key: 8981, value: 
key: 211, value: 
key: 583570, value: 
key: 52694, value: 
key: 12909, value: 
key: 8741, value: 
key: 15862, value: 
key: 615255, value: 
key: 339, value: 
key: 519835, value: 
key: 68234, value: 
key: 22455, value: 
key: 106798, value: 
key: 25752, value: 
key: 44903, value: 
key: 10243, value: 
key: 278607, value: 
key: 14725, value: 
key: 41763, value: 
key: 22487, value: 
key: 38030, value: 
key: 231710, value: 
key: 27079, value: 
key: 12267, value: 
key: 896886, value: 
key: 91789, value: 
key: 1696, value: 
key: 618295, value: 
key: 2399, value: 
key: 3312, value: 
key: 1579, value: 
key: 14364, value: 
key: 177663, value: 
key: 7823, value: 
key: 141685, value: 
key: 30057, value: 
key: 143958, value: 
key: 593194, value: 
key: 28791, value: 
key: 901, value: 
key: 172736, value: 
key: 11709, value: 
key: 2142, value: 
key: 735795, value: 
key: 7518, value: 
key: 111037, value: 
key: 92397, value: 
key: 57150, value: 
key: 985, value: 
key: 12395, value: 
key: 68597, value: 
key: 29965, value: 
key: 239917, value: 
key: 8113, value: 
key: 8625, value: 
key: 2298, value: 
key: 7459, value: 
key: 7996, value: 
key: 6094, value: 
key: 79365, value: 
key: 14877, value: 
key: 138062, value: 
key: 9269, value: 
key: 5829, value: 
key: 356865, value: 
key: 26828, value: 
key: 91552, value: 
key: 227, value: 
key: 364720, value: 
key: 11948, value: 
key: 96332, value: 
key: 9922, value: 
key: 73216, value: 
key: 194609, value: 
key: 1202, value: 
key: 59700, value: 
key: 2443, value: 
key: 252996, value: 
key: 29462, value: 
key: 147629, value: 
key: 153, value: 
key: 154386, value: 
key: 12943, value: 
key: 46143, value: 
key: 1199, value: 
key: 3528, value: 
key: 189199, value: 
key: 266587, value: 
key: 8680, value: 
key: 937, value: 
key: 18264, value: 
key: 1729, value: 
key: 259121, value: 
key: 46136, value: 
key: 9021, value: 
key: 6374, value: 
key: 9122, value: 
key: 3615, value: 
key: 1074, value: 
key: 673, value: 
key: 39059, value: 
key: 74932, value: 
key: 72047, value: 
key: 59328, value: 
key: 29802, value: 
key: 324703, value: 
key: 130265, value: 
key: 126185, value: 
key: 23009, value: 
key: 67039, value: 
key: 601087, value: 
key: 8893, value: 
key: 22330, value: 
key: 313413, value: 
key: 29769, value: 
key: 671592, value: 
key: 3603, value: 
key: 680, value: 
key: 496076, value: 
key: 80515, value: 
key: 22100, value: 
key: 3140, value: 
key: 726038, value: 
key: 276394, value: 
key: 49457, value: 
key: 767, value: 
key: 12342, value: 
key: 6385, value: 
key: 8845, value: 
key: 31075, value: 
key: 17131, value: 
key: 989, value: 
key: 2732, value: 
key: 134145, value: 
key: 26516, value: 
key: 1675, value: 
key: 39017, value: 
key: 10292, value: 
key: 35280, value: 
key: 28946, value: 
key: 33733, value: 
key: 19802, value: 
key: 13767, value: 
key: 449768, value: 
key: 83464, value: 
key: 48593, value: 
key: 2034, value: 
key: 14168, value: 
key: 7608, value: 
key: 461787, value: 
key: 20083, value: 
key: 2642, value: 
key: 4134, value: 
key: 874673, value: 
key: 2286, value: 
key: 496766, value: 
key: 26751, value: 
key: 996408, value: 
key: 99699, value: 
key: 100314, value: 
key: 148101, value: 
key: 230068, value: 
key: 2265, value: 
key: 20264, value: 
key: 9815, value: 
key: 153950, value: 
key: 12830, value: 
key: 6409, value: 
key: 77045, value: 
key: 1924, value: 
key: 171111, value: 
key: 7876, value: 
key: 134917, value: 
key: 1734, value: 
key: 602749, value: 
key: 18109, value: 
key: 414115, value: 
key: 474716, value: 
key: 5931, value: 
key: 6302, value: 
key: 102480, value: 
key: 118653, value: 
key: 6102, value: 
key: 30505, value: 
key: 4236, value: 
key: 473371, value: 
key: 291374, value: 
key: 3098, value: 
key: 166138, value: 
key: 14543, value: 
key: 631364, value: 
key: 10021, value: 
key: 148599, value: 
key: 1534, value: 
key: 709280, value: 
key: 582, value: 
key: 10368, value: 
key: 226773, value: 
key: 49838, value: 
key: 270761, value: 
key: 670252, value: 
key: 6296, value: 
key: 295369, value: 
key: 531, value: 
key: 51749, value: 
key: 12653, value: 
key: 515983, value: 
key: 6256, value: 
key: 956, value: 
key: 6855, value: 
key: 932079, value: 
key: 20144, value: 
key: 10911, value: 
key: 228371, value: 
key: 16431, value: 
key: 539837, value: 
key: 301991, value: 
key: 67652, value: 
key: 328038, value: 
key: 188987, value: 
key: 789921, value: 
key: 345341, value: 
key: 224568, value: 
key: 672057, value: 
key: 170359, value: 
key: 62901, value: 
key: 189381, value: 
key: 14980, value: 
key: 9477, value: 
key: 0, value: 
key: 1559, value: 
key: 281668, value: 
key: 980772, value: 
key: 491718, value: 
key: 188697, value: 
key: 7534, value: 
key: 17103, value: 
key: 74401, value: 
key: 4242, value: 
key: 3505, value: 
key: 13042, value: 
key: 38732, value: 
key: 64470, value: 
key: 3915, value: 
key: 926, value: 
key: 473406, value: 
key: 8541, value: 
key: 594468, value: 
key: 211435, value: 
key: 344270, value: 
key: 654944, value: 
key: 5722, value: 
key: 521239, value: 
key: 4826, value: 
key: 127018, value: 
key: 11423, value: 
key: 8303, value: 
key: 4465, value: 
key: 734459, value: 
key: 183, value: 
key: 16519, value: 
key: 32183, value: 
key: 26167, value: 
key: 5556, value: 
key: 3074, value: 
key: 212896, value: 
key: 484364, value: 
key: 287926, value: 
key: 77011, value: 
key: 170533, value: 
key: 32982, value: 
key: 55253, value: 
key: 84662, value: 
key: 12559, value: 
key: 17655, value: 
key: 2273, value: 
key: 6048, value: 
key: 450733, value: 
key: 6025, value: 
key: 706, value: 
key: 11672, value: 
key: 5599, value: 
key: 821839, value: 
key: 403557, value: 
key: 583007, value: 
key: 197745, value: 
key: 251, value: 
key: 4224, value: 
key: 5409, value: 
key: 788133, value: 
key: 4755, value: 
key: 14986, value: 
key: 3220, value: 
key: 5659, value: 
key: 429935, value: 
key: 52462, value: 
key: 46300, value: 
key: 476887, value: 
key: 852542, value: 
key: 784, value: 
key: 105076, value: 
key: 25193, value: 
key: 21554, value: 
key: 819, value: 
key: 31422, value: 
key: 2716, value: 
key: 29617, value: 
key: 190, value: 
key: 5120, value: 
key: 8616, value: 
key: 106158, value: 
key: 11954, value: 
key: 154691, value: 
key: 7718, value: 
key: 733730, value: 
key: 86764, value: 
key: 280321, value: 
key: 74934, value: 
key: 1391, value: 
key: 223301, value: 
key: 2850, value: 
key: 158663, value: 
key: 164977, value: 
key: 135931, value: 
key: 480642, value: 
key: 7179, value: 
key: 38507, value: 
key: 10478, value: 
key: 117771, value: 
key: 1796, value: 
key: 126512, value: 
key: 1178, value: 
key: 201616, value: 
key: 15175, value: 
key: 283, value: 
key: 832, value: 
key: 3110, value: 
key: 1679, value: 
key: 2176, value: 
key: 287441, value: 
key: 970, value: 
key: 3479, value: 
key: 27210, value: 
key: 152952, value: 
key: 2304, value: 
key: 27139, value: 
key: 131211, value: 
key: 3513, value: 
key: 57899, value: 
key: 672699, value: 
key: 17893, value: 
key: 92208, value: 
key: 33222, value: 
key: 788467, value: 
key: 7615, value: 
key: 21959, value: 
key: 623094, value: 
key: 40942, value: 
key: 65180, value: 
key: 8830, value: 
key: 56961, value: 
key: 444568, value: 
key: 38768, value: 
key: 1784, value: 
key: 10973, value: 
key: 50454, value: 
key: 42202, value: 
key: 7545, value: 
key: 92285, value: 
key: 540006, value: 
key: 61977, value: 
key: 64106, value: 
key: 1484, value: 
key: 4404, value: 
key: 23196, value: 
key: 844, value: 
key: 19249, value: 
key: 13150, value: 
key: 16313, value: 
key: 594837, value: 
key: 84276, value: 
key: 1382, value: 
key: 8507, value: 
key: 370409, value: 
key: 114903, value: 
key: 6244, value: 
key: 585543, value: 
key: 3113, value: 
key: 980, value: 
key: 64664, value: 
key: 5881, value: 
key: 5465, value: 
key: 808148, value: 
key: 77396, value: 
key: 19753, value: 
key: 5695, value: 
key: 99354, value: 
key: 10819, value: 
key: 253945, value: 
key: 25270, value: 
key: 36208, value: 
key: 90, value: 
key: 28889, value: 
key: 351062, value: 
key: 5287, value: 
key: 632768, value: 
key: 209810, value: 
key: 8542, value: 
key: 457833, value: 
key: 899552, value: 
key: 7293, value: 
key: 978031, value: 
key: 186168, value: 
key: 885026, value: 
key: 1829, value: 
key: 301670, value: 
key: 923, value: 
key: 55914, value: 
key: 22288, value: 
key: 600072, value: 
key: 332, value: 
key: 700007, value: 
key: 2554, value: 
key: 66674, value: 
key: 18331, value: 
key: 31355, value: 
key: 1788, value: 
key: 777728, value: 
key: 108391, value: 
key: 7948, value: 
key: 11219, value: 
key: 440736, value: 
key: 3211, value: 
key: 244042, value: 
key: 4770, value: 
key: 31567, value: 
key: 45564, value: 
key: 6258, value: 
key: 1866, value: 
key: 7913, value: 
key: 55698, value: 
key: 161418, value: 
key: 753684, value: 
key: 15283, value: 
key: 338856, value: 
key: 507617, value: 
key: 337903, value: 
key: 14897, value: 
key: 537531, value: 
key: 34934, value: 
key: 19098, value: 
key: 1583, value: 
key: 184065, value: 
key: 794, value: 
key: 14515, value: 
key: 5211, value: 
key: 571711, value: 
key: 1083, value: 
key: 12363, value: 
key: 2065, value: 
key: 293531, value: 
key: 691108, value: 
key: 348495, value: 
key: 16031, value: 
key: 73410, value: 
key: 692, value: 
key: 15184, value: 
key: 778, value: 
key: 96575, value: 
key: 772759, value: 
key: 34738, value: 
key: 461109, value: 
key: 5984, value: 
key: 6612, value: 
key: 87993, value: 
key: 4469, value: 
key: 393401, value: 
key: 36271, value: 
key: 14313, value: 
key: 34706, value: 
key: 46510, value: 
key: 4359, value: 
key: 48911, value: 
key: 101177, value: 
key: 20169, value: 
key: 811525, value: 
key: 6945, value: 
key: 625695, value: 
key: 242611, value: 
key: 34493, value: 
key: 4915, value: 
key: 109139, value: 
key: 7004, value: 
key: 241, value: 
key: 738291, value: 
key: 63958, value: 
key: 43370, value: 
key: 21778, value: 
key: 904963, value: 
key: 1006, value: 
key: 1562, value: 
key: 221069, value: 
key: 11290, value: 
key: 30410, value: 
key: 3797, value: 
key: 73200, value: 
key: 417877, value: 
key: 178126, value: 
key: 2774, value: 
key: 1631, value: 
key: 23958, value: 
key: 55320, value: 
key: 637950, value: 
key: 800321, value: 
key: 42899, value: 
key: 94760, value: 
key: 33110, value: 
key: 641832, value: 
key: 34005, value: 
key: 9259, value: 
key: 997127, value: 
key: 45509, value: 
key: 237993, value: 
key: 9071, value: 
key: 175574, value: 
key: 7230, value: 
key: 444041, value: 
key: 43542, value: 
key: 35414, value: 
key: 89, value: 
key: 281776, value: 
key: 55233, value: 
key: 17639, value: 
key: 33137, value: 
key: 18402, value: 
key: 52566, value: 
key: 425685, value: 
key: 790737, value: 
key: 5334, value: 
key: 141399, value: 
key: 244011, value: 
key: 470336, value: 
key: 4313, value: 
key: 165211, value: 
key: 310, value: 
key: 639274, value: 
key: 16377, value: 
key: 2698, value: 
key: 172272, value: 
key: 827084, value: 
key: 8062, value: 
key: 258697, value: 
key: 2446, value: 
key: 47802, value: 
key: 11899, value: 
key: 16446, value: 
key: 2975, value: 
key: 41402, value: 
key: 473, value: 
key: 41601, value: 
key: 3862, value: 
key: 55241, value: 
key: 157537, value: 
key: 457973, value: 
key: 21857, value: 
key: 2772, value: 
key: 12819, value: 
key: 7408, value: 
key: 9470, value: 
key: 248, value: 
key: 32511, value: 
key: 4076, value: 
key: 33375, value: 
key: 966025, value: 
key: 22226, value: 
key: 634303, value: 
key: 2970, value: 
key: 3789, value: 
key: 623933, value: 
key: 205009, value: 
key: 93, value: 
key: 304166, value: 
key: 523172, value: 
key: 737407, value: 
key: 693436, value: 
key: 6241, value: 
key: 6788, value: 
key: 177823, value: 
key: 155701, value: 
key: 8150, value: 
key: 33390, value: 
key: 260476, value: 
key: 42091, value: 
key: 1575, value: 
key: 98688, value: 
key: 119021, value: 
key: 41688, value: 
key: 299, value: 
key: 50007, value: 
key: 92511, value: 
key: 5794, value: 
key: 66925, value: 
key: 768594, value: 
key: 145273, value: 
key: 523033, value: 
key: 12009, value: 
key: 448962, value: 
key: 25986, value: 
key: 752513, value: 
key: 903396, value: 
key: 230077, value: 
key: 18490, value: 
key: 20343, value: 
key: 256837, value: 
key: 32562, value: 
key: 779916, value: 
key: 206968, value: 
key: 71901, value: 
key: 38630, value: 
key: 210154, value: 
key: 3467, value: 
key: 295, value: 
key: 300424, value: 
key: 693114, value: 
key: 606412, value: 
key: 26687, value: 
key: 431553, value: 
key: 250773, value: 
key: 10452, value: 
key: 40522, value: 
key: 1317, value: 
key: 24113, value: 
key: 541896, value: 
key: 169039, value: 
key: 108323, value: 
key: 203615, value: 
key: 6708, value: 
key: 186778, value: 
key: 9623, value: 
key: 84907, value: 
key: 17269, value: 
key: 1803, value: 
key: 594165, value: 
key: 578203, value: 
key: 16522, value: 
key: 54385, value: 
key: 124751, value: 
key: 435732, value: 
key: 802144, value: 
key: 230853, value: 
key: 196567, value: 
key: 1347, value: 
key: 438310, value: 
key: 271562, value: 
key: 3918, value: 
key: 25440, value: 
key: 819136, value: 
key: 262785, value: 
key: 810498, value: 
key: 2507, value: 
key: 467447, value: 
key: 4551, value: 
key: 358, value: 
key: 99447, value: 
key: 49680, value: 
key: 383717, value: 
key: 134986, value: 
key: 441771, value: 
key: 3476, value: 
key: 399, value: 
key: 19517, value: 
key: 10768, value: 
key: 801258, value: 
key: 563350, value: 
key: 14040, value: 
key: 821327, value: 
key: 140757, value: 
key: 829, value: 
key: 53651, value: 
key: 270060, value: 
key: 1323, value: 
key: 974401, value: 
key: 2411, value: 
key: 119223, value: 
key: 112194, value: 
key: 58260, value: 
key: 2901, value: 
key: 601, value: 
key: 7792, value: 
key: 47365, value: 
key: 746599, value: 
key: 697807, value: 
key: 649559, value: 
key: 5686, value: 
key: 1812, value: 
key: 1099, value: 
key: 59736, value: 
key: 98586, value: 
key: 18926, value: 
key: 969895, value: 
key: 29741, value: 
key: 171964, value: 
key: 31490, value: 
key: 3766, value: 
key: 456115, value: 
key: 129518, value: 
key: 306695, value: 
key: 315, value: 
key: 752389, value: 
key: 1619, value: 
key: 7588, value: 
key: 5915, value: 
key: 308901, value: 
key: 381065, value: 
key: 632054, value: 
key: 104412, value: 
key: 52747, value: 
key: 310857, value: 
key: 186363, value: 
key: 101234, value: 
key: 349746, value: 
key: 3895, value: 
key: 56987, value: 
key: 94261, value: 
key: 619046, value: 
key: 48217, value: 
key: 37710, value: 
key: 151407, value: 
key: 125757, value: 
key: 24311, value: 
key: 934840, value: 
key: 9113, value: 
key: 16340, value: 
key: 1255, value: 
key: 28670, value: 
key: 187952, value: 
key: 31789, value: 
key: 1123, value: 
key: 31555, value: 
key: 2204, value: 
key: 197850, value: 
key: 4617, value: 
key: 694928, value: 
key: 935743, value: 
key: 32895, value: 
key: 786238, value: 
key: 27757, value: 
key: 5423, value: 
key: 1432, value: 
key: 443067, value: 
key: 52139, value: 
key: 40168, value: 
key: 25883, value: 
key: 119848, value: 
key: 576401, value: 
key: 964890, value: 
key: 2017, value: 
key: 2906, value: 
key: 6201, value: 
key: 6899, value: 
key: 5990, value: 
key: 580734, value: 
key: 1353, value: 
key: 9031, value: 
key: 867939, value: 
key: 42366, value: 
key: 530844, value: 
key: 356126, value: 
key: 174400, value: 
key: 579, value: 
key: 462819, value: 
key: 23045, value: 
key: 4050, value: 
key: 44104, value: 
key: 43577, value: 
key: 2278, value: 
key: 985111, value: 
key: 6747, value: 
key: 8877, value: 
key: 994575, value: 
key: 745160, value: 
key: 919080, value: 
key: 389630, value: 
key: 245301, value: 
key: 11525, value: 
key: 4252, value: 
key: 16779, value: 
key: 28329, value: 
key: 6188, value: 
key: 88571, value: 
key: 3567, value: 
key: 13515, value: 
key: 190639, value: 
key: 792, value: 
key: 2283, value: 
key: 30962, value: 
key: 1193, value: 
key: 4900, value: 
key: 304, value: 
key: 25613, value: 
key: 1239, value: 
key: 39662, value: 
key: 474026, value: 
key: 13062, value: 
key: 108695, value: 
key: 659864, value: 
key: 4890, value: 
key: 2673, value: 
key: 48955, value: 
key: 42636, value: 
key: 19284, value: 
key: 426896, value: 
key: 328678, value: 
key: 9088, value: 
key: 191262, value: 
key: 24249, value: 
key: 9746, value: 
key: 636, value: 
key: 84674, value: 
key: 43596, value: 
key: 7631, value: 
key: 149449, value: 
key: 472737, value: 
key: 1314, value: 
key: 159425, value: 
key: 390725, value: 
key: 13764, value: 
key: 159916, value: 
key: 2101, value: 
key: 104067, value: 
key: 94534, value: 
key: 737450, value: 
key: 206580, value: 
key: 7328, value: 
key: 4300, value: 
key: 235208, value: 
key: 766597, value: 
key: 721, value: 
key: 14707, value: 
key: 405068, value: 
key: 159, value: 
key: 179569, value: 
key: 3899, value: 
key: 5489, value: 
key: 23519, value: 
key: 122409, value: 
key: 2129, value: 
key: 385868, value: 
key: 8305, value: 
key: 56548, value: 
key: 740, value: 
key: 279888, value: 
key: 98217, value: 
key: 11969, value: 
key: 175817, value: 
key: 361204, value: 
key: 233644, value: 
key: 44710, value: 
key: 610115, value: 
key: 10835, value: 
key: 253278, value: 
key: 1875, value: 
key: 24971, value: 
key: 966, value: 
key: 80965, value: 
key: 5545, value: 
key: 20587, value: 
key: 10787, value: 
key: 8801, value: 
key: 50599, value: 
key: 25216, value: 
key: 61209, value: 
key: 210135, value: 
key: 69946, value: 
key: 37353, value: 
key: 50092, value: 
key: 689946, value: 
key: 18981, value: 
key: 2650, value: 
key: 55871, value: 
key: 2351, value: 
key: 9044, value: 
key: 7621, value: 
key: 8786, value: 
key: 3922, value: 
key: 165226, value: 
key: 11371, value: 
key: 7984, value: 
key: 729227, value: 
key: 1553, value: 
key: 50772, value: 
key: 1825, value: 
key: 50332, value: 
key: 24260, value: 
key: 224393, value: 
key: 121721, value: 
key: 528794, value: 
key: 27228, value: 
key: 41167, value: 
key: 118648, value: 
key: 123641, value: 
key: 478682, value: 
key: 8061, value: 
key: 303976, value: 
key: 623999, value: 
key: 576115, value: 
key: 5685, value: 
key: 974518, value: 
key: 896, value: 
key: 2713, value: 
key: 1143, value: 
key: 817533, value: 
key: 243216, value: 
key: 15004, value: 
key: 65129, value: 
key: 2824, value: 
key: 13997, value: 
key: 986546, value: 
key: 262692, value: 
key: 295895, value: 
key: 788859, value: 
key: 410796, value: 
key: 10317, value: 
key: 830216, value: 
key: 16107, value: 
key: 19718, value: 
key: 2106, value: 
key: 169047, value: 
key: 1001, value: 
key: 296327, value: 
key: 10619, value: 
key: 207375, value: 
key: 81179, value: 
key: 14841, value: 
key: 15338, value: 
key: 4868, value: 
key: 65754, value: 
key: 142, value: 
key: 6135, value: 
key: 74189, value: 
key: 7642, value: 
key: 14801, value: 
key: 5780, value: 
key: 560825, value: 
key: 1711, value: 
key: 1640, value: 
key: 7170, value: 
key: 85690, value: 
key: 2248, value: 
key: 115927, value: 
key: 1972, value: 
key: 18984, value: 
key: 5371, value: 
key: 15009, value: 
key: 489855, value: 
key: 928698, value: 
key: 996, value: 
key: 33131, value: 
key: 782516, value: 
key: 170156, value: 
key: 1069, value: 
key: 23680, value: 
key: 12715, value: 
key: 39170, value: 
key: 11772, value: 
key: 33752, value: 
key: 479302, value: 
key: 169845, value: 
key: 1117, value: 
key: 53065, value: 
key: 272848, value: 
key: 642, value: 
key: 83399, value: 
key: 4753, value: 
key: 60297, value: 
key: 108572, value: 
key: 142523, value: 
key: 274210, value: 
key: 817779, value: 
key: 6352, value: 
key: 668558, value: 
key: 5050, value: 
key: 3838, value: 
key: 43481, value: 
key: 51618, value: 
key: 472673, value: 
key: 337686, value: 
key: 506, value: 
key: 21441, value: 
key: 34953, value: 
key: 361678, value: 
key: 572559, value: 
key: 46576, value: 
key: 779665, value: 
key: 16621, value: 
key: 271351, value: 
key: 2187, value: 
key: 171439, value: 
key: 337435, value: 
key: 645732, value: 
key: 81255, value: 
key: 4214, value: 
key: 276160, value: 
key: 8313, value: 
key: 640583, value: 
key: 13422, value: 
key: 142802, value: 
key: 367149, value: 
key: 456526, value: 
key: 65248, value: 
key: 12314, value: 
key: 10537, value: 
key: 625, value: 
key: 178734, value: 
key: 10777, value: 
key: 902318, value: 
key: 911, value: 
key: 37313, value: 
key: 123278, value: 
key: 94114, value: 
key: 18686, value: 
key: 3783, value: 
key: 19599, value: 
key: 922276, value: 
key: 98192, value: 
key: 204, value: 
key: 30259, value: 
key: 560, value: 
key: 73040, value: 
key: 404999, value: 
key: 622527, value: 
key: 2196, value: 
key: 113344, value: 
key: 32246, value: 
key: 1742, value: 
key: 567, value: 
key: 5088, value: 
key: 136348, value: 
key: 4030, value: 
key: 97508, value: 
key: 36835, value: 
key: 365214, value: 
key: 3671, value: 
key: 292790, value: 
key: 22210, value: 
key: 392590, value: 
key: 95798, value: 
key: 1910, value: 
key: 2235, value: 
key: 212500, value: 
key: 119895, value: 
key: 2866, value: 
key: 361832, value: 
key: 160017, value: 
key: 11643, value: 
key: 173926, value: 
key: 30326, value: 
key: 9222, value: 
key: 476665, value: 
key: 4620, value: 
key: 19990, value: 
key: 65768, value: 
key: 51985, value: 
key: 4075, value: 
key: 438302, value: 
key: 83732, value: 
key: 18172, value: 
key: 251563, value: 
key: 4820, value: 
key: 2701, value: 
key: 558148, value: 
key: 1596, value: 
key: 1646, value: 
key: 1229, value: 
key: 895, value: 
key: 153612, value: 
key: 198664, value: 
key: 892154, value: 
key: 95826, value: 
key: 80228, value: 
key: 10839, value: 
key: 731090, value: 
key: 3715, value: 
key: 91493, value: 
key: 125403, value: 
key: 210617, value: 
key: 8040, value: 
key: 273363, value: 
key: 19292, value: 
key: 99, value: 
key: 34451, value: 
key: 75, value: 
key: 4669, value: 
key: 114460, value: 
key: 15100, value: 
key: 255217, value: 
key: 20094, value: 
key: 688428, value: 
key: 13148, value: 
key: 16585, value: 
key: 53980, value: 
key: 203107, value: 
key: 32945, value: 
key: 515339, value: 
key: 355082, value: 
key: 81130, value: 
key: 110692, value: 
key: 20662, value: 
key: 6116, value: 
key: 63266, value: 
key: 12494, value: 
key: 314750, value: 
key: 14458, value: 
key: 27523, value: 
key: 570491, value: 
key: 5111, value: 
key: 52704, value: 
key: 7352, value: 
key: 65028, value: 
key: 11604, value: 
key: 62720, value: 
key: 22099, value: 
key: 65731, value: 
key: 6057, value: 
key: 721281, value: 
key: 1106, value: 
key: 229177, value: 
key: 650, value: 
key: 321662, value: 
key: 7675, value: 
key: 35339, value: 
key: 728, value: 
key: 20432, value: 
key: 1017, value: 
key: 203705, value: 
key: 96163, value: 
key: 16589, value: 
key: 3001, value: 
key: 12097, value: 
key: 207573, value: 
key: 19545, value: 
key: 218295, value: 
key: 48295, value: 
key: 470, value: 
key: 227835, value: 
key: 432900, value: 
key: 19277, value: 
key: 5778, value: 
key: 812165, value: 
key: 22920, value: 
key: 926636, value: 
key: 131710, value: 
key: 557114, value: 
key: 260994, value: 
key: 6687, value: 
key: 41271, value: 
key: 2241, value: 
key: 556238, value: 
key: 883555, value: 
key: 14171, value: 
key: 11372, value: 
key: 565401, value: 
key: 8397, value: 
key: 25012, value: 
key: 247073, value: 
key: 982592, value: 
key: 153403, value: 
key: 7595, value: 
key: 67319, value: 
key: 188677, value: 
key: 493978, value: 
key: 46479, value: 
key: 467646, value: 
key: 2238, value: 
key: 20198, value: 
key: 184254, value: 
key: 220430, value: 
key: 326690, value: 
key: 1720, value: 
key: 2221, value: 
key: 823, value: 
key: 44133, value: 
key: 312659, value: 
key: 25657, value: 
key: 373391, value: 
key: 103091, value: 
key: 29055, value: 
key: 797442, value: 
key: 120, value: 
key: 236353, value: 
key: 340431, value: 
key: 714597, value: 
key: 108058, value: 
key: 45973, value: 
key: 88651, value: 
key: 163064, value: 
key: 34627, value: 
key: 9441, value: 
key: 21724, value: 
key: 36932, value: 
key: 4593, value: 
key: 103442, value: 
key: 27415, value: 
key: 7868, value: 
key: 99704, value: 
key: 36811, value: 
key: 134946, value: 
key: 552293, value: 
key: 9928, value: 
key: 26110, value: 
key: 68583, value: 
key: 6861, value: 
key: 12064, value: 
key: 3020, value: 
key: 482107, value: 
key: 8354, value: 
key: 1726, value: 
key: 9992, value: 
key: 3684, value: 
key: 671690, value: 
key: 285012, value: 
key: 35865, value: 
key: 6251, value: 
key: 618107, value: 
key: 192164, value: 
key: 12937, value: 
key: 13466, value: 
key: 192050, value: 
key: 22413, value: 
key: 800011, value: 
key: 32398, value: 
key: 4379, value: 
key: 928, value: 
key: 683128, value: 
key: 12968, value: 
key: 293590, value: 
key: 33176, value: 
key: 879425, value: 
key: 39025, value: 
key: 525379, value: 
key: 4209, value: 
key: 10067, value: 
key: 47241, value: 
key: 393142, value: 
key: 118724, value: 
key: 926709, value: 
key: 413, value: 
key: 8233, value: 
key: 158812, value: 
key: 1907, value: 
key: 10008, value: 
key: 208489, value: 
key: 532, value: 
key: 180480, value: 
key: 43464, value: 
key: 9032, value: 
key: 16592, value: 
key: 884153, value: 
key: 1023, value: 
key: 17406, value: 
key: 26158, value: 
key: 38771, value: 
key: 4369, value: 
key: 497417, value: 
key: 2088, value: 
key: 948168, value: 
key: 51519, value: 
key: 75143, value: 
key: 26529, value: 
key: 17545, value: 
key: 34595, value: 
key: 84952, value: 
key: 9702, value: 
key: 413498, value: 
key: 10483, value: 
key: 35686, value: 
key: 426891, value: 
key: 12179, value: 
key: 160463, value: 
key: 44599, value: 
key: 82760, value: 
key: 908985, value: 
key: 105433, value: 
key: 6276, value: 
key: 11463, value: 
key: 50723, value: 
key: 85862, value: 
key: 51532, value: 
key: 337, value: 
key: 257273, value: 
key: 7163, value: 
key: 653, value: 
key: 162158, value: 
key: 975, value: 
key: 61556, value: 
key: 47299, value: 
key: 10455, value: 
key: 57, value: 
key: 495431, value: 
key: 24769, value: 
key: 1680, value: 
key: 122251, value: 
key: 1092, value: 
key: 7752, value: 
key: 70997, value: 
key: 3386, value: 
key: 317645, value: 
key: 30106, value: 
key: 37494, value: 
key: 558007, value: 
key: 82742, value: 
key: 2438, value: 
key: 655075, value: 
key: 931083, value: 
key: 6684, value: 
key: 621485, value: 
key: 92792, value: 
key: 996523, value: 
key: 2526, value: 
key: 1403, value: 
key: 270116, value: 
key: 373699, value: 
key: 36529, value: 
key: 5517, value: 
key: 737, value: 
key: 450649, value: 
key: 7783, value: 
key: 422, value: 
key: 8043, value: 
key: 34185, value: 
key: 8792, value: 
key: 185, value: 
key: 140223, value: 
key: 667459, value: 
key: 11215, value: 
key: 201, value: 
key: 183665, value: 
key: 1637, value: 
key: 872, value: 
key: 9871, value: 
key: 31249, value: 
key: 3755, value: 
